"Date","Post ID","Network","Post Type","Content Type","Profile","Link","Post","Linked Content","Public Engagements","Reactions","Comments","Shares"
"8/31/2026 6:53 pm","222712320927404_122310146516216507","Facebook","Post","Link","The Urban Center","https://www.facebook.com/122209075502216507/posts/122310146516216507","Illinois’ $768 million Meta settlement should help children and families harmed by social media addiction, not another bailout for Chicago Public Schools’ recurring deficits.
One-time money cannot fix years of unsustainable budgeting. Springfield should keep these funds focused on their intended purpose, while CPS and CTU confront the district’s fiscal reality. #CTU #CommonSense #Meta #Chicago
Read more:

","https://www.chicagotribune.com/2026/08/31/ctu-ift-meta-stacy-davis-gates-jb-pritzker-lawsuit/","0","0","0","0"
"8/31/2026 2:37 pm","196842483717237_1607902784686265","Facebook","Post","Photo","Communities In Schools of Chicago","https://www.facebook.com/681023914040828/posts/1607902784686265","From decorating the hallways and creating comfortable student spaces to participating in back-to-school bashes, our team members are active, engaged members in their school communities.

Here are some photos from back-to-school festivities at one of our West Side schools, where Ms. Meredith Awalt serves as Student Supports Manager:","https://www.facebook.com/681023914040828/posts/1607902784686265","0","0","0","0"
"8/31/2026 1:31 pm","221488995515_1750552830406823","Facebook","Post","Photo","Advance Illinois","https://www.facebook.com/414749720653814/posts/1750552830406823","We're hiring! Advance Illinois is looking for a Director of Development to join our team. We’re seeking a strategic thinker committed to strengthening public education statewide and growing our impact. Please share with your networks and apply today: https://hubs.la/Q04v-bbD0

#JobOpportunity #development #hiring #Illinois #education
#fundraising","https://www.facebook.com/photo.php?fbid=1750552773740162&set=a.414661447329308&type=3","0","0","0","0"
"8/31/2026 1:07 pm","713783478485460_122186997380926733","Facebook","Post","Link","Chicago Education Alliance","https://www.facebook.com/122160216644926733/posts/122186997380926733","CEA is hiring an inaugural Director of Policy! We’re looking for a seasoned policy leader to help shape and advance a student-centered policy agenda for Chicago. This leader will turn research and community priorities into action, build alignment across a diverse education ecosystem, and represent CEA in critical policy conversations across the city and state. 

If you’re a strategic thinker, coalition builder, and policy expert committed to expanding opportunity for Chicago students—especially those furthest from opportunity—we’d love to hear from you. 

Learn more: https://www.chicagoeducationalliance.org/joinourteam

#ChicagoEducation #EducationPolicy #EducationEquity #hiring","https://www.chicagoeducationalliance.org/joinourteam","0","0","0","0"
"8/31/2026 11:41 am","9961411679_1507101878116295","Facebook","Post","Link","City Year","https://www.facebook.com/642274284599063/posts/1507101878116295","Ready to serve? Here are 5 things every future City Year AmeriCorps member should know, from benefits and support to professional development. #AmeriCorps #Education #studentsuccess

Read more here: https://bit.ly/3VCur2a","https://www.cityyear.org/national/stories/benefits-resources/five-things-you-should-know-before-applying/","1","1","0","0"
"8/31/2026 9:45 am","232693460103788_1509327847892507","Facebook","Post","Photo","A Better Chicago","https://www.facebook.com/324620916363212/posts/1509327847892507","Last month,  Braven, an A Better Chicago portfolio organization, participated at UNCF’s UNITE 2026 conference in Atlanta.

Their founder and CEO Aimée Eubanks Davis joined national leaders in education and economic mobility to discuss how HBCUs and employers can build stronger pathways.

We’re proud to support their work alongside higher education institutions, employers and communities to expand those pathways for the next generation.","https://www.facebook.com/324620916363212/posts/1509327847892507","2","1","0","1"
"8/31/2026 9:00 am","2094424982751178877","X","Post","Photo","_abetterchicago","https://twitter.com/_abetterchicago/status/2094424982751178877","Last month, @BeBraven participated at the UNITE conference. CEO Aimée Eubanks Davis joined leaders in education and economic mobility to discuss how HBCUs and employers can build stronger pathways. We’re proud to support them in expanding opportunities for the next generation. https://t.co/54EfCIwXbX","","0","0","0","0"
"8/28/2026 5:00 pm","133607023351110_1526767159480556","Facebook","Post","Link","Stand for Children Illinois","https://www.facebook.com/557328906424391/posts/1526767159480556","We know the #FederalScholarshipTaxCredit program wasn't made with educational equity in mind, but we can design a system that can! 🎓✨

Read the latest Chalkbeat Chicago article to hear from education advocates who believe this could benefit public school students: ","https://www.chalkbeat.org/chicago/2026/08/27/chicago-education-advocates-call-on-pritzker-to-opt-into-federal-tax-credit-scholarship-program/","2","1","1","0"
"8/28/2026 2:07 pm","100765022373940_1042628695064565","Facebook","Post","Video","Hope Chicago","https://www.facebook.com/reel/1136199462200007/","#Debtfree #HopeChicago alumni coming back to where it all started five years ago to welcome in a new class of Hope Scholars and Hope Parent Scholars. 🥹

Cycles of Hope are coming together. 

Class of 2027, welcome to the Hope Chicago family! 🧡💙

Al Raby High School, Benito Juarez Community Academy, Farragut Career Academy, Morgan Park High School, Johnson College Prep, Chicago Public Schools","https://www.facebook.com/reel/1136199462200007/","5","4","0","1"
"8/28/2026 12:30 pm","232693460103788_1506774408147851","Facebook","Post","Photo","A Better Chicago","https://www.facebook.com/324620916363212/posts/1506774408147851","Thank you Fox 32 Chicago’s Good Day Chicago for inviting A Better Chicago Portfolio Manager Jaureese Gaines and David Rojas Jr. of The Alliance 98 to discuss Every Day Counts, our chronic absenteeism initiative. 
 
We shared more about our innovative approach to reducing absenteeism citywide—and why partnering with communities is critical to making a lasting impact.

Watch the conversation to learn more about what’s driving chronic absenteeism: https://www.youtube.com/live/aCytFTZZkFE?si=6JbuhdAGaaxGbVP3&t=2364","https://www.facebook.com/photo.php?fbid=1506774391481186&set=a.321187470039890&type=3","2","2","0","0"
"8/28/2026 12:30 pm","2093390657562014024","X","Post","Photo","_abetterchicago","https://twitter.com/_abetterchicago/status/2093390657562014024","Thank you FOX 32 Chicago’s Good Day Chicago for inviting A Better Chicago Portfolio Manager Jaureese Gaines and David Rojas Jr. of The Alliance 98 to discuss Every Day Counts, our chronic absenteeism initiative.

Watch the conversation: https://t.co/Qe78rGlKcG https://t.co/h0NBQHE8Cs","","0","0","0","0"
"8/28/2026 10:45 am","232693460103788_1506703634821595","Facebook","Post","Photo","A Better Chicago","https://www.facebook.com/324620916363212/posts/1506703634821595","Major student loan changes are here, and millions of borrowers will be affected.

In a recent interview on @wttwchicago’s Chicago Tonight, Jennifer Reid Davis, executive director of @bottomlinechi, an A Better Chicago portfolio organization, joined a conversation about changes to the federal student loan system and what they could mean for students and families.

We’re grateful to Jennifer for bringing her expertise and a student-centered perspective to this important conversation.

Major student loan changes are here, and millions of borrowers will be affected.

Watch the full interview: https://news.wttw.com/2026/08/04/sweeping-changes-student-loans-recently-took-effect-here-s-what-know","https://www.facebook.com/photo.php?fbid=1506703608154931&set=a.321187470039890&type=3","0","0","0","0"
"8/28/2026 10:31 am","222712320927404_122309590148216507","Facebook","Post","Photo","The Urban Center","https://www.facebook.com/122209075502216507/posts/122309590148216507","The Urban Center thanks mayoral candidate Susana A. Mendoza  for kicking off our Mayoral Roundtable Discussion Series.

Yesterday’s conversation brought together community leaders and donors who are committed to “taking back our city” through common sense policies and actions. 

We look forward to continuing this series and ensuring that our community’s voice is heard in shaping Chicago’s future.

Next up: Congressman Mike Quigley. 
#TheUrbanCenter #Chicago #CommunityLeadership #MayoralRoundtable","https://www.facebook.com/photo.php?fbid=122309590082216507&set=a.122102655386216507&type=3","5","1","1","3"
"8/28/2026 10:00 am","9961411679_1504386588387824","Facebook","Post","Photo","City Year","https://www.facebook.com/642274284599063/posts/1504386588387824","The best way to grow is by helping others grow. Join City Year and support students in reaching their full potential. https://bit.ly/4hc8nqt

#StudentSuccess #LeadershipDevelopment #ServeWithCityYear","https://www.facebook.com/photo.php?fbid=1504386555054494&set=a.642264387933386&type=3","2","2","0","0"
"8/28/2026 9:30 am","2093345359112421813","X","Post","Photo","_abetterchicago","https://twitter.com/_abetterchicago/status/2093345359112421813","In a recent interview on @wttw, Jennifer Reid Davis, executive director of @BottomLine_Chi joined a conversation about changes to the federal student loan system and what they could mean for students and families.

Watch the full interview: https://t.co/1CM28A2Dir https://t.co/qrYZ2PjUjD","","0","0","0","0"
"8/27/2026 4:00 pm","221488995515_1746470907481682","Facebook","Post","Photo","Advance Illinois","https://www.facebook.com/414749720653814/posts/1746470907481682","There is still work to do to ensure that all eligible children and families have access to affordable early care and learning opportunities. Of 189 school district regions classified as pre-K deserts (a gap of 15 or more seats), over 50% were identified as areas with 100% need, or where there are as many needed slots as there are priority eligible children. 
 
While the state distributed additional funding to these regions and added 5,800 pre-K slots under the Smart Start initiative, the high cost of pre-K and staffing shortages have forced providers to decline slots, perpetuating inequities in access for families. #ECECIsEssential #ECEC","https://www.facebook.com/photo.php?fbid=1746470830815023&set=a.414661447329308&type=3","0","0","0","0"
"8/27/2026 2:12 pm","133607023351110_1525658212924784","Facebook","Post","Video","Stand for Children Illinois","https://www.facebook.com/reel/4686571868289657/","What did you love the most about Dolly Parton?

For us, it was her Imagination Library 💕📚🥹
#dollyslibrary","https://www.facebook.com/reel/4686571868289657/","3","3","0","0"
"8/27/2026 1:53 pm","196842483717237_1604271565049387","Facebook","Post","Photo","Communities In Schools of Chicago","https://www.facebook.com/681023914040828/posts/1604271565049387","Our school-based team is welcoming students back this week with safe, relaxing, colorful spaces of support!

At one of our schools on the West Side, Senior Student Supports Manager Ms. Diamond fills her space with student artwork and photos. She has bean bag chairs for them to do their school work, decompress, and meet with her one-on-one to discuss their day. 

On the back wall, the ""Wall of Ownership"" poster features different ways that students are owning their lives, their choices, and their future!","https://www.facebook.com/photo.php?fbid=1604271418382735&set=a.594004809409406&type=3","2","1","0","1"
"8/27/2026 11:45 am","188187514534378_1620216392799117","Facebook","Post","Photo","MacArthur Foundation","https://www.facebook.com/805236477630450/posts/1620216392799117","Save the date! On Tuesday, September 29, we will announce the 2026 MacArthur Fellows. 

Sign up for our newsletter to be one of the first to receive the news!
🔗 https://bit.ly/4hWPyYU","https://www.facebook.com/photo.php?fbid=1620216356132454&set=a.805215204299244&type=3","18","15","1","2"
"8/27/2026 9:00 am","133607023351110_1525437939613478","Facebook","Post","Photo","Stand for Children Illinois","https://www.facebook.com/557328906424391/posts/1525437939613478","Stepping away from our desks to map out the big picture. Our team had a great time during our campaign planning retreat. We can't wait to get started with our new goals for the FY27! ✨ 💡 #TeamRetreat","https://www.facebook.com/photo.php?fbid=1525437832946822&set=a.476579651165984&type=3","1","1","0","0"
"8/27/2026 8:00 am","221488995515_1746093010852805","Facebook","Post","Photo","Advance Illinois","https://www.facebook.com/414749720653814/posts/1746093010852805","For updates and developments on federal actions in education and care, and their impacts on Illinois families, students, and children, visit: https://hubs.la/Q04vhlnT0

#EducationWatch #FederalEducation #IllinoisEducation","https://www.facebook.com/photo.php?fbid=1746092960852810&set=a.414661447329308&type=3","0","0","0","0"
"8/27/2026 7:37 am","9961411679_1503312241828592","Facebook","Post","Video","City Year","https://www.facebook.com/reel/1773412200353282/","Empowering students daily, our dedicated #studentsuccess coaches foster strong connections to help every student thrive.","https://www.facebook.com/reel/1773412200353282/","4","3","0","1"
"8/27/2026 6:42 am","125302627796_1532209348934752","Facebook","Post","Link","The Chicago Community Trust","https://www.facebook.com/620686893420340/posts/1532209348934752","""Chicago has always helped shape the national conversation about work. From the labor movement to today’s minimum wage increase, this city has repeatedly asked what workers deserve. I believe the next chapter of that conversation asks an equally important question: once someone has the job, how do we design work so that employment becomes the foundation for lasting stability?""

More in Crain's Chicago Business from Julian Posada of LiftUp Enterprises: ","https://www.chicagobusiness.com/opinion/commentary/ccb-chicago-minimum-wage-opinion-20260811/","3","2","0","1"
"8/26/2026 4:35 pm","125302627796_1531705615651792","Facebook","Post","Link","The Chicago Community Trust","https://www.facebook.com/620686893420340/posts/1531705615651792","The Center for Better Aging, a Trust grant recipient, works to improve the health and wellness of Chicago's aging adults on the South Side. The organization's executive director Estrellita Harmon shares more in this WGN feature: ","https://bit.ly/4xV6ofa","6","4","1","1"
"8/26/2026 4:30 pm","221488995515_1745445967584176","Facebook","Post","Photo","Advance Illinois","https://www.facebook.com/414749720653814/posts/1745445967584176","Factors including Head Start program's ability to reach eligible families and conversion of slots to Early Head Start placements have contributed to enrollment trends, highlighting that there is still work to do to ensure our youngest learners have access to high-quality early learning. #ECECIsEssential #ECEC","https://www.facebook.com/photo.php?fbid=1745445914250848&set=a.414661447329308&type=3","0","0","0","0"
"8/26/2026 2:24 pm","9961411679_1502715541888262","Facebook","Post","Link","City Year","https://www.facebook.com/642274284599063/posts/1502715541888262","Looking for a meaningful gap year? Serve students, build career-ready skills, earn education benefits, and join a team committed to making a difference. ❤️💛 #GapYear #studentsuccess 

https://bit.ly/3Lic8JE","https://www.cityyear.org/national/stories/benefits-resources/city-year-offers-a-fantastic-gap-year-experience/","2","0","1","1"
"8/26/2026 1:10 pm","221488995515_1745192807609492","Facebook","Post","Photo","Advance Illinois","https://www.facebook.com/414749720653814/posts/1745192807609492","What’s happening across Illinois in education and beyond? Stay informed on the latest news and developments from early childhood education and care through higher education. Subscribe to This Week in Review: https://hubs.la/Q04vp2wQ0 #EdChat #ECEC #K12 #higherEd","https://www.facebook.com/photo.php?fbid=1745192754276164&set=a.414661447329308&type=3","0","0","0","0"
"8/26/2026 10:30 am","232693460103788_1504802535011705","Facebook","Post","Photo","A Better Chicago","https://www.facebook.com/324620916363212/posts/1504802535011705","“For 15 years, we have invested in bold ideas and the future of Chicago’s youth — and we look forward to building on that impact for years to come.”

2025 was one for the books. We’re so thrilled to look back and see the impact we’ve made through over $5.6 million invested dollars. 

Read our full investor report here: https://www.abetterchicago.org/wp-content/uploads/ABC_InvestorReport_2025.pdf","https://www.facebook.com/photo.php?fbid=1504802508345041&set=a.321187470039890&type=3","3","2","1","0"
"8/26/2026 10:00 am","221488995515_1744984854296954","Facebook","Post","Photo","Advance Illinois","https://www.facebook.com/414749720653814/posts/1744984854296954","Low enrollment in CCAP and Head Start programs may point to gaps in Illinois’ early childhood funding system, including limited awareness of CCAP among families, reimbursement rates that have not kept pace with provider costs, and insufficient financial support for families who need care. #ECECIsEssential #ECEC","https://www.facebook.com/photo.php?fbid=1744984747630298&set=a.414661447329308&type=3","0","0","0","0"
"8/26/2026 9:46 am","2092624792725733718","X","Post","Photo","_abetterchicago","https://twitter.com/_abetterchicago/status/2092624792725733718","“For 15 years, we have invested in bold ideas and the future of Chicago’s youth — and we look forward to building on that impact for years to come.”

Read our full investor report here: https://t.co/BjmSQYQpgm https://t.co/gQdE5319vT","","0","0","0","0"
"8/26/2026 8:00 am","133607023351110_1524455429711729","Facebook","Post","Photo","Stand for Children Illinois","https://www.facebook.com/557328906424391/posts/1524455429711729","Today, we honor Dolly Parton's Imagination Library and her legacy in promoting literacy. This program has helped millions of children access books at an early age. We hope to continue Dolly's vision of a world where all children love reading. 💙

#DollysLibrary","https://www.facebook.com/photo.php?fbid=1524455393045066&set=a.476579651165984&type=3","2","2","0","0"
"8/25/2026 4:30 pm","221488995515_1744002031061903","Facebook","Post","Photo","Advance Illinois","https://www.facebook.com/414749720653814/posts/1744002031061903","As students across the state return to school, Advance Illinois intern and The University of Chicago senior Nathaniel Rodwell-Simon spoke with School District U-46 Superintendent Suzanne Johnson about working with community members, administrators, and advocacy organizations to foster trusting relationships and help ensure students feel safe and comfortable attending school in the aftermath of federal immigration enforcement activities in the area last year.

https://hubs.la/Q04vhgS-0

#fedactions #immigration #illinois","https://www.facebook.com/photo.php?fbid=1744001971061909&set=a.414661447329308&type=3","0","0","0","0"
"8/25/2026 4:00 pm","221488995515_1743974344398005","Facebook","Post","Photo","Advance Illinois","https://www.facebook.com/414749720653814/posts/1743974344398005","Although Child Care Assistance Program (CCAP) enrollment rates have rebounded substantially from the COVID-era decline, they have not returned to pre-pandemic levels. The gap may reflect the mismatch between high provider costs and low CCAP reimbursement rates, which can leave some families to cover the difference. Ensuring these programs have the resources they need is an investment in families, and our youngest learners. #ECECIsEssential #ECEC","https://www.facebook.com/photo.php?fbid=1743974304398009&set=a.414661447329308&type=3","0","0","0","0"
"8/25/2026 2:32 pm","221488995515_1743893547739418","Facebook","Post","Photo","Advance Illinois","https://www.facebook.com/414749720653814/posts/1743893547739418","","https://www.facebook.com/photo.php?fbid=1486225306876753&set=a.267713178727978&type=3","0","0","0","0"
"8/25/2026 11:57 am","9961411679_1501667708659712","Facebook","Post","Video","City Year","https://www.facebook.com/reel/1067159682353257/","Start your school year strong! Check out these top back-to-school tips to make your year of service a success.","https://www.facebook.com/reel/1067159682353257/","1","1","0","0"
"8/25/2026 11:12 am","232693460103788_1503929771765648","Facebook","Post","Video","A Better Chicago","https://www.facebook.com/reel/1774807736877058/","As a new school year gets underway, we’re proud to be featured on WTTW - Chicago PBS’s Chicago Tonight to talk about Every Day Counts, our initiative to address chronic absenteeism. 

Our Chief Investment Officer Nataly Barrera joined Vero Ortiz of Enlace Chicago  and Bradly Johnson of BUILD Chicago  to discuss the barriers that can keep young people from attending school.

Through Every Day Counts, this school year, we hope to reach 400+ students across 12 partner schools on Chicago’s South and West sides and help recover an estimated 2,600 days of missed school. 

Watch the full segment here: https://news.wttw.com/2026/08/24/how-4-organizations-are-working-reduce-chronic-absenteeism-chicago-public-schools","https://www.facebook.com/reel/1774807736877058/","6","6","0","0"
"8/25/2026 11:01 am","2092281153235337716","X","Post","Video","_abetterchicago","https://twitter.com/_abetterchicago/status/2092281153235337716","As a new school year gets underway, we’re proud to be featured on @wttw's Chicago Tonight to talk about Every Day Counts, our address chronic absenteeism initiative.

Watch the full segment here: https://t.co/k6aCDZLnQH https://t.co/22pCHhNOkI","","0","0","0","0"
"8/25/2026 10:00 am","221488995515_1743657107763062","Facebook","Post","Photo","Advance Illinois","https://www.facebook.com/414749720653814/posts/1743657107763062","📣 Illinoisans: Your Education Story Matters

We’re collecting personal stories from people across Illinois about how federal education policies have shaped your or your family’s access to and experience in education — from early childhood programs through college and beyond.

Whether it’s Head Start, IDEA, Title I, Pell Grants, FAFSA, school nutrition programs, or other federal initiatives — we want to hear how these policies have impacted real lives, not just statistics.

✅ You can share anonymously
✅ All experiences welcome — positive, challenging, or somewhere in between

Share your story here: https://hubs.la/Q04t_X0j0

Your voice can help illuminate the real impact of federal education policy in Illinois. Thank you for contributing to this important conversation!
#education #policy #storiesofimpact #stories","https://www.facebook.com/photo.php?fbid=1743657064429733&set=a.414661447329308&type=3","0","0","0","0"
"8/25/2026 9:52 am","221488995515_1743649211097185","Facebook","Post","Photo","Advance Illinois","https://www.facebook.com/414749720653814/posts/1743649211097185","This week, we're taking a look at the latest early childhood education and care enrollment data for Illinois to gain a better understanding of the extent to which families can access early childhood opportunities and see where inequities persist. 

While full-day pre-K became an option for Illinois families in 2017, the outsized growth in enrollment may reflect both increased state investment to expand access to high-quality pre-K and a heightened need for care among families. 

#ECECIsEssential #ECEC","https://www.facebook.com/photo.php?fbid=1743649174430522&set=a.414661447329308&type=3","0","0","0","0"
"8/25/2026 9:24 am","125302627796_1530509582438062","Facebook","Post","Link","The Chicago Community Trust","https://www.facebook.com/620686893420340/posts/1530509582438062","Through the Together Fund, a participatory grantmaking pilot from The Chicago Community Trust, 20 Chicago residents (""community advisors"") spent nearly a year together designing an RFP and building the scoring rubric. 

The result? The distribution of $1.6 million across 12 grant recipients from 200 applicants to help West Side and South Side neighborhoods recover from the pandemic—most of whom had never sought funding from the Trust before.

Learn how experiences like this one are reshaping how philanthropy gets done, via Council on Foundations: ","https://cof.org/blogs/blog/2026-08-24/how-20-chicagoans-came-together-make-16-million-grants","4","4","0","0"
"8/25/2026 6:00 am","1720771904827240_1496929185805990","Facebook","Post","Photo","Kids First Chicago","https://www.facebook.com/560299942802257/posts/1496929185805990","We’re excited to share that Kids First Chicago, Advance Illinois, and The Chicago Public Education Fund have been named finalists for the 2026 PIE Network Eddies for Best Collaboration, alongside Civic Federation.

This recognition celebrates a coalition that came together during a critical moment for Chicago Public Schools to advocate for a balanced FY26 budget that protected school budgets, avoided new borrowing, and preserved classroom resources for more than 316,000 students.

Each partner brought a distinct strength to the work – from fiscal and governance expertise to statewide policy advocacy and, through Kids First Chicago, parent education, bilingual engagement, public testimony, and direct community advocacy. 

Special shoutout to the Illinois Network of Charter Schools for being named a Best Defense finalist and Robin Steans for being nominated for the Suzanne Kubach Network Weaver of the Year.  

Congratulations to all of the 2026 PIE Network Eddies nominees and finalists. !We applaud the work of our many colleagues working to strengthen education in Chicago, Illinois, and across the country. 

Learn more about this year’s nominees: https://www.pie-network.org/what-we-do/the-eddies/2026-eddies/","https://www.facebook.com/photo.php?fbid=1496926812472894&set=a.554354493396802&type=3","4","4","0","0"
"8/24/2026 11:00 am","221488995515_1742579934537446","Facebook","Post","Photo","Advance Illinois","https://www.facebook.com/414749720653814/posts/1742579934537446","We're hiring! Advance Illinois is looking for a Director of Development to join our team. We’re seeking a strategic thinker committed to strengthening public education statewide and growing our impact. Please share with your networks and apply today: https://hubs.la/Q04t_Mvc0

#JobOpportunity #development #hiring #Illinois #education
#fundraising","https://www.facebook.com/photo.php?fbid=1742579901204116&set=a.414661447329308&type=3","1","1","0","0"
"8/24/2026 10:56 am","355075968400258_1483583507212572","Facebook","Post","Photo","Children First Fund","https://www.facebook.com/295295272708074/posts/1483583507212572","Happy First Day of School to Chicago Public Schools  students, families, and educators!

We’re proud to work alongside CPS to support strong learning environments and expand opportunities for students across the city. 

Have a fantastic first day!

#ChicagoPublicSchools #StudentSuccess","https://www.facebook.com/photo.php?fbid=1483583167212606&set=a.290035466567388&type=3","1","0","0","1"
"8/24/2026 10:12 am","9961411679_1500686685424481","Facebook","Post","Link","City Year","https://www.facebook.com/642274284599063/posts/1500686685424481","A service year is what you make of it with endless opportunities. Here we discuss practical ways to grow as a leader and leave a lasting impact through a year of service.
https://bit.ly/4yaaMbh","https://www.cityyear.org/national/stories/the-corps/making-the-most-of-your-corps-experience/","4","3","0","1"
"8/24/2026 10:02 am","196842483717237_1601337485342795","Facebook","Post","Link","Communities In Schools of Chicago","https://www.facebook.com/681023914040828/posts/1601337485342795","𝗜𝘁'𝘀 𝘁𝗵𝗲 𝗳𝗶𝗿𝘀𝘁 𝗱𝗮𝘆 𝗼𝗳 𝘁𝗵𝗲 𝟮𝟬𝟮𝟲-𝟮𝟳 𝘀𝗰𝗵𝗼𝗼𝗹 𝘆𝗲𝗮𝗿!

And this year, our team is delighted to serve students in even more Chicago Public Schools. CIS of Chicago will be present in 265 schools this year, or more than 40 percent of the entire district, and our work will support 90,000 young people.

That means that more students will have access to the resources, relationships, and opportunities they need to succeed. 

This year, we welcome 16 schools to the CIS network:
--Catalyst Elementary Charter School - Circle Rock
--Frank I. Bennett Elementary School
--Andrew Carnegie Elementary School
--Milton Brunson Math & Science Specialty School
--Joseph E. Gary Elementary School
--Great Lakes Academy Charter School
--Noble - Hansberry College Prep
--Noble - Muchin College Prep High School
--Charles W. Dulles School of Excellence
--Richard J. Oglesby Elementary School
--Emmett Louis Till Fine & Performing Arts Magnet
--Arthur E. Canty Elementary School
--Minnie Mars Jamison Cuffe STEM Academy
--James Gillespie Elementary School
--William H. Hearst Elementary School
--Beulah Shoesmith Elementary School

","https://www.cisofchicago.org/partners/school-partners/","0","0","0","0"
"8/24/2026 9:04 am","2091889471658590562","X","Post","Photo","_abetterchicago","https://twitter.com/_abetterchicago/status/2091889471658590562","Happy first day of school!

Wishing all the students, staff and faculty of @ChiPubSchool another great year. 📚🏫 https://t.co/rId21tccyk","","1","1","0","0"
"8/24/2026 9:04 am","232693460103788_1502923085199650","Facebook","Post","Photo","A Better Chicago","https://www.facebook.com/324620916363212/posts/1502923085199650","Happy first day of school!

Wishing all the students, staff and faculty of Chicago Public Schools another great year. 📚🏫","https://www.facebook.com/photo.php?fbid=1502922998532992&set=a.321187470039890&type=3","0","0","0","0"
"8/24/2026 8:50 am","133607023351110_1522557746568164","Facebook","Post","Photo","Stand for Children Illinois","https://www.facebook.com/557328906424391/posts/1522557746568164","The August edition of the NewsSTAND is officially here! 🗞️

Read the latest updates on IL education policies. This edition will cover the #FederalScholarshipTaxCredit, High School Readiness, Stand Summer Fellows, and #PhoneFreeSchools.

👉 https://stand.org/illinois/our-stories/the-newsstand-august-2026/","https://www.facebook.com/photo.php?fbid=1522557713234834&set=a.476579651165984&type=3","1","1","0","0"
"8/23/2026 7:17 pm","133607023351110_1522000946623844","Facebook","Post","Video","Stand for Children Illinois","https://www.facebook.com/reel/1390841736447009/","We love seeing all the back-to-school photos and excitement for the new school year!","https://www.facebook.com/reel/1390841736447009/","3","2","1","0"
"8/21/2026 5:01 pm","1720771904827240_1496926605806248","Facebook","Post","Photo","Kids First Chicago","https://www.facebook.com/560299942802257/posts/1496926605806248","This summer, Amir and Maria joined the Kids First Chicago team and they didn’t just complete internships. They left their mark.

As our Communications & Development Intern and Policy & Community Engagement Intern, they brought fresh ideas, thoughtful questions, and a whole lot of heart to the work of advocating alongside Chicago families.

They wrapped up their summer by presenting their capstone projects, reflecting on what they learned and sharing work that will continue to make an impact beyond their time with us.

Amir and Maria, thank you for showing up, diving in, and helping us imagine what’s possible. We’re proud of all you accomplished and can’t wait to see where you take it next.

Once a K1C intern, always part of the K1C story.

#KidsFirstChicago #K1C #InternSpotlight #ChicagoEducation #ParentPower

//

Este verano, Amir y Maria se unieron al equipo de Kids First Chicago, y no solo completaron sus pasantías. Dejaron su huella.

Como nuestros pasantes de Comunicaciones y Desarrollo, y de Políticas y Participación Comunitaria, respectivamente, aportaron ideas nuevas, preguntas importantes y muchísimo entusiasmo al trabajo de defender y apoyar a las familias de Chicago.

Cerraron el verano presentando sus proyectos finales, reflexionando sobre todo lo que aprendieron y compartiendo un trabajo que seguirá teniendo impacto más allá de su tiempo con nosotros.

Amir y Maria, gracias por presentarse, involucrarse de lleno y ayudarnos a imaginar lo que es posible. Estamos muy orgullosos de todo lo que lograron y estamos emocionados por ver hacia dónde los llevará esta experiencia.

Una vez parte de K1C, siempre serán parte de nuestra historia.

#KidsFirstChicago #K1C #InternSpotlight #EducaciónEnChicago #PoderDeLasFamilias","https://www.facebook.com/560299942802257/posts/1496926605806248","6","6","0","0"
"8/21/2026 11:35 am","355075968400258_1480824724155117","Facebook","Post","Photo","Children First Fund","https://www.facebook.com/295295272708074/posts/1480824724155117","We love seeing this vibrant new staff space at Mollison Elementary, made possible by Target! 

Investing in student success means supporting the educators who show up for them every day. Corporate partnerships like this play a vital role in bringing continuous, tangible progress into Chicago’s schools. 

#PartnershipInAction #chicagopublicschools #ChildrenFirstFund","https://www.facebook.com/396271052532245/posts/1479352774224062","2","1","0","1"
"8/21/2026 10:00 am","9961411679_1497950112364805","Facebook","Post","Photo","City Year","https://www.facebook.com/642274284599063/posts/1497950112364805","Looking for meaningful work after graduation? Serve with City Year and create positive change in local schools. https://bit.ly/4hc8nqt

#StudentSuccess #LeadershipDevelopment #ServeWithCityYear","https://www.facebook.com/photo.php?fbid=1497950079031475&set=a.642264387933386&type=3","2","2","0","0"
"8/21/2026 9:35 am","133607023351110_1519782403512365","Facebook","Post","Photo","Stand for Children Illinois","https://www.facebook.com/557328906424391/posts/1519782403512365","We are happy to see Illinois universities, like Judson University, score an A+ in their Teacher Prep Program! 👏👏👏","https://www.facebook.com/photo.php?fbid=1066206019244195&set=a.183670200831119&type=3","0","0","0","0"
"8/21/2026 8:20 am","125302627796_1526753206147033","Facebook","Post","Video","The Chicago Community Trust","https://www.facebook.com/620686893420340/posts/1526753206147033","Fame Center, a Trust grant recipient, is a Chicago nonprofit that provides arts education for young children. This summer, they are hosting camp in the South Loop that aims to make the arts accessible to all youth. 

Take a look at their feature in CBS News: ","https://cbsn.ws/4zsSgvd","1","1","0","0"
"8/20/2026 4:57 pm","355075968400258_1480127394224850","Facebook","Post","Link","Children First Fund","https://www.facebook.com/295295272708074/posts/1480127394224850","Chicago’s public schools are the heart of our communities. As a new school year begins, every student deserves a fresh start, equipped with the tools and stability they need to learn, grow, and pursue their dreams. 

Through Children First Fund, your support reaches students directly. Working on the ground alongside Chicago Public Schools  educators and school leaders every day, we align giving with high-impact priorities. From delivering immediate classroom supplies to responsive funds for emergent needs. 

Provide support to students so they can show up ready to learn: https://childrenfirstfund.org/back-to-school/  

#ChicagoPublicSchools #BackToSchool #ChildrenFirstFund","https://childrenfirstfund.org/back-to-school/","1","1","0","0"
"8/20/2026 4:50 pm","221488995515_1738726121589494","Facebook","Post","Photo","Advance Illinois","https://www.facebook.com/414749720653814/posts/1738726121589494","There is still a critical need to address the root cause of turnover in the early childhood field. High turnover rates and staffing shortages present significant challenges for providers with already limited funding, forcing some to reduce their hours, close classrooms, or even shut down altogether which can also impact family's accessibility to care options. 
#ECECIsEssential #ECEC","https://www.facebook.com/photo.php?fbid=1738726068256166&set=a.414661447329308&type=3","0","0","0","0"
"8/20/2026 2:00 pm","221488995515_1738578881604218","Facebook","Post","Link","Advance Illinois","https://www.facebook.com/414749720653814/posts/1738578881604218","Illinois superintendents and Advance Illinois Director of Policy Kelsey Bakken discuss EBF funding and how the cost of adequately educating students is increasing faster than current funding can keep pace, straining public school budgets. While the formula is working and has made significant strides since it was first implemented, they underscore the importance of continued investments to meet students' needs. https://hubs.la/Q04tKNQG0

#Illinois #Education #K12 #schoolfunding","https://hubs.la/Q04tKNQG0","1","1","0","0"
"8/20/2026 1:59 pm","196842483717237_1597905802352630","Facebook","Post","Photo","Communities In Schools of Chicago","https://www.facebook.com/681023914040828/posts/1597905802352630","Ahead of each school year, our Partnership Team plans a full day of learning, connection, and professional development for community partners in our network. We know that when they have the resources and preparation they need, our students are better served!

This year's CIS Summer Institute sessions covered:
-Volunteer management and classroom management
-Relationship building with schools
-Professional resilience
-Storytelling through data
-And more!

Check out some highlights:","https://www.facebook.com/681023914040828/posts/1597905802352630","1","1","0","0"
"8/20/2026 12:04 pm","133607023351110_1518954726928466","Facebook","Post","Link","Stand for Children Illinois","https://www.facebook.com/557328906424391/posts/1518954726928466","Should Illinois opt into the #FederalScholarshipTaxCredit program? 🎓 📚

""Statewide education advocates have a responsibility to try to design creative, innovative, values-based approaches to turn these funds into positive educational outcomes,"" said our ED, Jessica Handy.

Listen to the latest coverage to learn more about the #FSTC from WSIU Public Broadcasting:
👉 https://www.wsiu.org/education/2026-08-18/illinois-supporters-and-critics-debate-new-scholarship-tax-credit-program

#IllinoisNews #EducationPolicy #IllinoisEducation","https://www.wsiu.org/education/2026-08-18/illinois-supporters-and-critics-debate-new-scholarship-tax-credit-program","0","0","0","0"
"8/20/2026 12:01 pm","125302627796_1526017922887228","Facebook","Post","Photo","The Chicago Community Trust","https://www.facebook.com/620686893420340/posts/1526017922887228","Missed the info session? View the presentation deck and video recording on our website: https://www.cct.org/grants/opportunities/rfp-coalitions-advancing-economic-mobility-policy-change/","https://www.facebook.com/photo.php?fbid=1516735683815452&set=a.620627833426246&type=3","1","1","0","0"
"8/20/2026 10:23 am","133607023351110_1518886356935303","Facebook","Post","Photo","Stand for Children Illinois","https://www.facebook.com/557328906424391/posts/1518886356935303","Are you an education advocate looking to address the literacy crisis? Join the Illinois Early Literacy Coalition! ⬇️⬇️⬇️","https://www.facebook.com/photo.php?fbid=1065429615988502&set=a.183670200831119&type=3","0","0","0","0"
"8/20/2026 8:39 am","9961411679_1497007942459022","Facebook","Post","Video","City Year","https://www.facebook.com/reel/1712870786432950/","Come see yourself with City Year!","https://www.facebook.com/reel/1712870786432950/","18","17","0","1"
"8/19/2026 4:00 pm","221488995515_1737639015031538","Facebook","Post","Photo","Advance Illinois","https://www.facebook.com/414749720653814/posts/1737639015031538","In 2024, districts offering pre-K, kindergarten, and elementary reported approximately 134 unfilled pre-K positions, compared to 58 in kindergarten and 112 in elementary. One of the reasons schools struggle to hire and retain licensed early childhood teachers, is that compensation is far too low for the level of education and experience required of licensed pre-K teachers underscoring the need to prioritize equitable pay for the workforce. #ECECIsEssential","https://www.facebook.com/photo.php?fbid=1737638965031543&set=a.414661447329308&type=3","0","0","0","0"
"8/19/2026 2:00 pm","221488995515_1737551151706991","Facebook","Post","Photo","Advance Illinois","https://www.facebook.com/414749720653814/posts/1737551151706991","From early childhood to higher education, stay up-to-date on the news and latest developments shaping education across the state. Subscribe to Advance Illinois’ This Week in Review newsletter today! https://hubs.la/Q04txSs00 #EdChat #ECEC #K12 #HigherEd","https://www.facebook.com/photo.php?fbid=1737551071706999&set=a.414661447329308&type=3","0","0","0","0"
"8/19/2026 1:09 pm","133607023351110_1517960507027888","Facebook","Post","Photo","Stand for Children Illinois","https://www.facebook.com/557328906424391/posts/1517960507027888","Out of the office and onto the fairgrounds! 🌽

Today, our team attended the Illinois State Fair for Governor's Day. We had a great time networking with advocacy partners and connecting with Illinoisans about our work.

#IllinoisStateFair #GovernorsDay #SpringfieldIL","https://www.facebook.com/photo.php?fbid=1517960483694557&set=a.476579651165984&type=3","4","4","0","0"
"8/19/2026 12:42 pm","222712320927404_122308233992216507","Facebook","Post","Link","The Urban Center","https://www.facebook.com/122209075502216507/posts/122308233992216507","Episode #5 is out! Let us know what you think, join the conversation! 
21 Seats. One Election. The Fight for Chicago's Schools. 

For the first time, Chicago voters will elect all 21 members of the Chicago Board of Education. But the fight over who controls the city’s schools has been decades in the making.Juan Rangel and Bobby Sylvester trace the path from local school councils and mayoral control to the rise of the Chicago Teachers Union as a political force. They break down why the elected school board was created, how CTU’s influence changed the balance of power, and why the November 2026 election could determine the direction of Chicago Public Schools for years to come.
","https://podcasts.apple.com/us/podcast/who-sent-ya/id1894096662?i=1000784149174","1","1","0","0"
"8/19/2026 11:49 am","125302627796_1525082526314101","Facebook","Post","Link","The Chicago Community Trust","https://www.facebook.com/620686893420340/posts/1525082526314101","""Until now, all of E.G. Woode’s work has been fueled by sweat equity, social capital, and the shared vision to do development differently where traditional models have fallen short. Meanwhile, Chicago has spent years trying to concentrate new housing and commercial space around its transit stations, and Englewood, with its abundance of vacant lots near transit, is an obvious place to do it. Now, E.G. Woode is using its collective approach to test whether the buildout around a station like 63rd and Ashland can be led by the people who already live there...""

Read: ","https://bit.ly/4zsIkC7","6","6","0","0"
"8/19/2026 11:40 am","9961411679_1496198462539970","Facebook","Post","Link","City Year","https://www.facebook.com/642274284599063/posts/1496198462539970","With the school year right around the corner, are you wondering what it's like to start a year with City Year? Hear from an alum about training, building relationships with students, prioritizing well-being, and preparing for an unforgettable service experience.

","https://bit.ly/4he1OE0","1","1","0","0"
"8/19/2026 10:30 am","232693460103788_1498494332309192","Facebook","Post","Photo","A Better Chicago","https://www.facebook.com/324620916363212/posts/1498494332309192","VOTING CLOSES THIS SUNDAY‼️

We’re addressing one of education's most urgent challenges and we need your help bringing this conversation to the national stage!

Help us get to SXSW EDU in 2027. Vote here by clicking the heart icon and favoriting our session: https://participate.sxsw.com/flow/sxsw/sxsw27/community-voting-edu/page/community-voting/session/1784138313751001ahUX","https://www.facebook.com/photo.php?fbid=1498494285642530&set=a.321187470039890&type=3","0","0","0","0"
"8/19/2026 10:00 am","2090091417549033574","X","Post","Photo","_abetterchicago","https://twitter.com/_abetterchicago/status/2090091417549033574","VOTING CLOSES THIS SUNDAY‼️

We’re addressing one of education's most urgent challenges and we need your help bringing this conversation to the national stage!

Help us get to @SXSWEDU in 2027. Vote here: https://t.co/ykDOeztGd6 https://t.co/6ewb4lXddX","","0","0","0","0"
"8/19/2026 9:04 am","221488995515_1737273675068072","Facebook","Post","Photo","Advance Illinois","https://www.facebook.com/414749720653814/posts/1737273675068072","","https://www.facebook.com/photo.php?fbid=122200637336866785&set=a.122192457536866785&type=3","1","1","0","0"
"8/19/2026 9:03 am","221488995515_1737273368401436","Facebook","Post","Photo","Advance Illinois","https://www.facebook.com/414749720653814/posts/1737273368401436","","https://www.facebook.com/photo.php?fbid=1349488620689593&set=a.165335572438243&type=3","1","1","0","0"
"8/18/2026 4:00 pm","221488995515_1736543615141078","Facebook","Post","Photo","Advance Illinois","https://www.facebook.com/414749720653814/posts/1736543615141078","The Smart Start Workforce Grants invest in the early childhood workforce and allows providers the flexibility to improve staff wages while continuing to deliver high-quality education and care to families. Investments in this program not only promote stability but reflect the ongoing commitment to children, families, teachers, and childcare providers. #ECECIsEssential","https://www.facebook.com/photo.php?fbid=1736543581807748&set=a.414661447329308&type=3","0","0","0","0"
"8/18/2026 3:38 pm","188187514534378_1612733926880697","Facebook","Post","Photo","MacArthur Foundation","https://www.facebook.com/805236477630450/posts/1612733926880697","Congratulations to this year's Leaders for a New Chicago! This award recognizes community-based leaders who are redefining civic leadership and reimagining Chicago’s future. 

The initiative, a collaboration between MacArthur and The Field Foundation of Illinois, provides $50,000 in unrestricted funding to each leader.

Meet the awardees! ⬇️","https://www.facebook.com/805236477630450/posts/1612733926880697","15","11","1","3"
"8/18/2026 12:37 pm","125302627796_1524203356402018","Facebook","Post","Link","The Chicago Community Trust","https://www.facebook.com/620686893420340/posts/1524203356402018","Boxing Out Negativity, a Trust grant recipient, just opened its first dedicated space in North Lawndale. Boxing programs will officially start at the new facility this week, and the new location will also be a hub of workforce development programming and community events.

Learn more: ","https://bit.ly/4igEo0Y","3","3","0","0"
"8/18/2026 12:24 pm","232693460103788_1497679339057358","Facebook","Post","Photo","A Better Chicago","https://www.facebook.com/324620916363212/posts/1497679339057358","A Better Chicago is pleased to see that Chicago Public Schools has passed a balanced budget for the 2026-27 school year. But the underlying financial challenges facing the district are far from resolved.

The FY2027 budget is an important step, but long-term, sustainable funding will be critical to ensuring Chicago’s young people have the resources and opportunities they need to thrive.

We look forward to continued collaboration across the city and state to strengthen the investments our young people deserve.

Read more about the FY2027 CPS budget: https://www.cps.edu/about/finance/budget/budget-2027","https://www.facebook.com/photo.php?fbid=1497679272390698&set=a.321187470039890&type=3","1","0","1","0"
"8/18/2026 11:34 am","9961411679_1495258025967347","Facebook","Post","Video","City Year","https://www.facebook.com/reel/921882937048052/","The #impact of near-peer mentoring is so powerful for both students and their mentee. Start your journey serving students today via the link in our bio!","https://www.facebook.com/reel/921882937048052/","4","4","0","0"
"8/18/2026 11:00 am","221488995515_1736321781829928","Facebook","Post","Photo","Advance Illinois","https://www.facebook.com/414749720653814/posts/1736321781829928","📣 Illinoisans: Your Education Story Matters

We’re collecting personal stories from people across Illinois about how federal education policies have shaped your or your family’s access to and experience in education — from early childhood programs through college and beyond.

Whether it’s Head Start, IDEA, Title I, Pell Grants, FAFSA, school nutrition programs, or other federal initiatives — we want to hear how these policies have impacted real lives, not just statistics.

✅ You can share anonymously
✅ All experiences welcome — positive, challenging, or somewhere in between

Share your story here: https://hubs.la/Q04tlxD30

Your voice can help illuminate the real impact of federal education policy in Illinois. Thank you for contributing to this important conversation!
#education #policy #storiesofimpact","https://www.facebook.com/photo.php?fbid=1736321755163264&set=a.414661447329308&type=3","0","0","0","0"
"8/18/2026 10:00 am","133607023351110_1516867490470523","Facebook","Post","Link","Stand for Children Illinois","https://www.facebook.com/557328906424391/posts/1516867490470523","“Since public school students are eligible, Edunomics Lab outlined a way that districts could tap real money — we estimate $1,000 per pupil or more, when the program is fully phased in.”

Public school students could benefit from the #FederalScholarshipTaxCredit, but only if our leaders prepare in advance and IL opts in to the #FSTC!

Learn more: ","https://www.the74million.org/article/want-federal-tax-credit-money-for-public-schools-heres-what-to-do-now/","0","0","0","0"
"8/17/2026 4:00 pm","221488995515_1735561838572589","Facebook","Post","Photo","Advance Illinois","https://www.facebook.com/414749720653814/posts/1735561838572589","This week in #ECECIsEssential, we look at workforce compensation data and how investments in early childhood education and care programs is crucial, not only for improving quality and but ensuring early childhood professionals are compensated to reflect their education and the importance of their work. 

Smart Start Workforce Grants help support providers so programs can raise wages. However, the increasing number of programs eligible to receive SSWG is outpacing current levels of funding, leaving some providers without the critical support they need to retain their staff. 
#ECEC","https://www.facebook.com/photo.php?fbid=1735561701905936&set=a.414661447329308&type=3","0","0","0","0"
"8/17/2026 2:11 pm","125302627796_1523396429816044","Facebook","Post","Link","The Chicago Community Trust","https://www.facebook.com/620686893420340/posts/1523396429816044","Onward Neighborhood House, a Trust grant recipient, launched a monthly market last fall in its parking lot to help meet rising demand for the nonprofit's food pantry services. In the first 10 months of the market, Onward House served more than 2,000 people and distributed over 25,000 pounds of food. The market will move into the organization's $7.5 million CARES Community Center once it is completed. 

Learn more: ","https://bit.ly/4g4bIHl","5","5","0","0"
"8/17/2026 12:30 pm","232693460103788_1496807665811192","Facebook","Post","Photo","A Better Chicago","https://www.facebook.com/324620916363212/posts/1496807665811192","Our 2025 Investor Report shares what we accomplished together last year. Here are some highlights:

👉 Our portfolio programs reached over 74,000 young people across the city
👉 We invested $5.6 million in high-impact, youth-serving nonprofits
👉 We launched the inaugural State of Our Youth report, sharing the latest trends on how young people are faring 

Read more about the impact we’ve made here: https://www.abetterchicago.org/wp-content/uploads/ABC_InvestorReport_2025.pdf","https://www.facebook.com/324620916363212/posts/1496807665811192","0","0","0","0"
"8/17/2026 11:50 am","2089394525621887228","X","Post","Photo","_abetterchicago","https://twitter.com/_abetterchicago/status/2089394525621887228","Our 2025 Investor Report shares what we accomplished together last year. 

Read about the impact we’ve made here: https://t.co/BjmSQYQpgm https://t.co/nglBihduNE","","0","0","0","0"
"8/17/2026 11:00 am","221488995515_1735332861928820","Facebook","Post","Photo","Advance Illinois","https://www.facebook.com/414749720653814/posts/1735332861928820","We're hiring! Advance Illinois is looking for a Director of Development to join our team. We’re seeking a strategic thinker committed to strengthening public education statewide and growing our impact. Please share with your networks and apply today: https://hubs.la/Q04t8k4C0

#JobOpportunity #development #hiring #Illinois #education
#fundraising","https://www.facebook.com/photo.php?fbid=1735332828595490&set=a.414661447329308&type=3","0","0","0","0"
"8/17/2026 10:10 am","9961411679_1494302062729610","Facebook","Post","Link","City Year","https://www.facebook.com/642274284599063/posts/1494302062729610","Starting the school year as a tutor, mentor, and student success coach?

A little excitement and a few nerves are all part of the journey. Check out our back-to-school checklist for practical tips on showing up, building relationships, asking for help, and taking care of yourself along the way. ","https://bit.ly/3z7tOFG","1","1","0","0"
"8/17/2026 9:02 am","133607023351110_1515861557237783","Facebook","Post","Video","Stand for Children Illinois","https://www.facebook.com/reel/1394547379276132/","Congratulations to our student fellows on completing their fellowships with us! 🥳

One of our fellows created a video as their final project. Watch Khushi's video advocating for Illinois high school students to have early access to internship and career exploration programs.

Read our latest blog to learn more about each fellow: https://stand.org/illinois/our-stories/congratulations-fellows/","https://www.facebook.com/reel/1394547379276132/","3","3","0","0"
"8/14/2026 3:57 pm","133607023351110_1513257854164820","Facebook","Post","Video","Stand for Children Illinois","https://www.facebook.com/557328906424391/posts/1513257854164820","This is why we must address the literacy crisis! We are happy to be part of the Illinois Early Literacy Coalition and collaborate towards a education success in literacy.

If you are interested in joining our work, sign up for our email list ➡️ https://secure.everyaction.com/cH07sIWY4kSLmwJv507H-A2?sourceid=1134184","https://www.facebook.com/reel/1580597643407215/","0","0","0","0"
"8/14/2026 2:18 pm","133607023351110_1513207247503214","Facebook","Post","Video","Stand for Children Illinois","https://www.facebook.com/reel/1973297643388225/","How can the #FSTC program benefit public schools? That's a good question! We have a few ideas💡

Interested in learning more? https://stand.org/illinois/our-stories/federal-tax-credit-scholarships-working-group-values-statement/

#FederalScholarshipTaxCredit","https://www.facebook.com/reel/1973297643388225/","3","2","1","0"
"8/14/2026 10:48 am","196842483717237_1592317849578092","Facebook","Post","Photo","Communities In Schools of Chicago","https://www.facebook.com/681023914040828/posts/1592317849578092","With the school year about to begin, our team is out building connections with schools and educators! 

Today, our Intensive Team leaders attended the Distinctive Schools Educator Support Expo, where they connected with individuals across the CICS / Distinctive Network and shared the impact of our CIS model. The event was hosted at CICS Longwood, where our Student Supports Manager Malia supports students one-on-one.","https://www.facebook.com/photo.php?fbid=1592317732911437&set=a.594004809409406&type=3","0","0","0","0"
"8/14/2026 10:00 am","9961411679_1491496899676793","Facebook","Post","Photo","City Year","https://www.facebook.com/642274284599063/posts/1491496899676793","Your year of service could change a student's future; and your own. Apply to serve with City Year. https://bit.ly/4hc8nqt

#StudentSuccess #LeadershipDevelopment #ServeWithCityYear","https://www.facebook.com/photo.php?fbid=1491496879676795&set=a.642264387933386&type=3","1","1","0","0"
"8/14/2026 9:42 am","133607023351110_1513017174188888","Facebook","Post","Photo","Stand for Children Illinois","https://www.facebook.com/557328906424391/posts/1513017174188888","It's good to see Illinois colleges and universities highlighted in this report! 🙌","https://www.facebook.com/photo.php?fbid=1060245936506870&set=a.183670200831119&type=3","0","0","0","0"
"8/14/2026 9:22 am","125302627796_1520358043453216","Facebook","Post","Link","The Chicago Community Trust","https://www.facebook.com/620686893420340/posts/1520358043453216","Quad Communities Development Corporation, a Trust grant recipient, is bringing Bronzeville businesses and creators together today for Bronzeville Summer Nights. Stop by South Side Sanctuary to support a local business and enjoy the event’s merchant activations, live entertainment, and community programming.

Learn more: ","https://blockclubchicago.org/2026/08/12/bronzeville-summer-nights-to-put-43rd-street-businesses-center-stage-friday/","1","1","0","0"
"8/13/2026 4:00 pm","221488995515_1731491792312927","Facebook","Post","Photo","Advance Illinois","https://www.facebook.com/414749720653814/posts/1731491792312927","As explored earlier this week in our latest blog from the #ECECIsEssential campaign, childcare costs in Illinois far exceed the federal standard for affordability. For many families, the cost of childcare is not simply a budgeting challenge; it is a significant barrier to economic security, workforce participation, and stability for families and young children. Learn more: https://hubs.la/Q04sTSK-0","https://www.facebook.com/photo.php?fbid=1731491768979596&set=a.414661447329308&type=3","0","0","0","0"
"8/13/2026 3:55 pm","188187514534378_1608463047307785","Facebook","Post","Link","MacArthur Foundation","https://www.facebook.com/805236477630450/posts/1608463047307785","""Funding science means supporting the truth that lies at the heart of every democracy.""

Writing for Science, our President, John Palfrey, discusses the critical role that science research plays in advancing knowledge and supporting a healthy democracy.

Read more of his thoughts ⬇️
","http://www.science.org/doi/10.1126/science.ael2482","6","6","0","0"
"8/13/2026 1:29 pm","232693460103788_1493155309509761","Facebook","Post","Photo","A Better Chicago","https://www.facebook.com/324620916363212/posts/1493155309509761","Chicago’s future is looking chic. ✨","https://www.facebook.com/324620916363212/posts/1493155309509761","0","0","0","0"
"8/13/2026 12:38 pm","133607023351110_1512146844275921","Facebook","Post","Video","Stand for Children Illinois","https://www.facebook.com/reel/917286014149672/","Have you heard? Illinois could potentially access $6 BILLION in student scholarships! 🤯

We believe IL should opt in to the Federal Scholarship Tax Credit (FSTC), but we must prioritize student academic success above all! 

Read our latest statement of values to learn more: https://stand.org/illinois/our-stories/federal-tax-credit-scholarships-working-group-values-statement/

#FederalScholarshipTaxCredit #FSTC","https://www.facebook.com/reel/917286014149672/","17","6","8","3"
"8/13/2026 11:49 am","100765022373940_1029958649664903","Facebook","Post","Photo","Hope Chicago","https://www.facebook.com/235486975778745/posts/1029958649664903","We now have… an Alumni Network. 🥹🎓🎓🎓 

Our entire #HopeChicago team is reflective, energized, and in awe of the accomplishments of Hope Scholars and Hope Parent Scholars.

Last night was a meaningful pause for us all. 

So many gains in such a short time to reach yet another meaningful starting line for the movement—#debtfree graduates ready to take on the 🌎. 

A HUGE thank you 🙏 to our partners at McDonald's Corporation for stepping in to host and champion this milestone. 

Some Hope Scholars are already in their early careers...
Others are ready to dig in and give back...

Who’s ready to hire a Hope Scholar and Hope Parent Scholar?! 

#hopeliveshere","https://www.facebook.com/235486975778745/posts/1029958649664903","6","4","0","2"
"8/13/2026 10:00 am","232693460103788_1493011429524149","Facebook","Post","Photo","A Better Chicago","https://www.facebook.com/324620916363212/posts/1493011429524149","Jeffrey Beckham Jr., executive director of Chicago Scholars, will be taking the stage at TEDx Chicago this fall.  

We are thrilled to see him address our city’s systemic issues and answer the question: what if we believed in young people before asking them to prove themselves? 

Follow Chicago Scholars and REACH Pathways to learn more about the work they do and catch the TedX session on Oct. 3 at the Harris Theater.","https://www.facebook.com/photo.php?fbid=1493011386190820&set=a.321187470039890&type=3","2","1","1","0"
"8/13/2026 9:32 am","2087910042976555455","X","Post","Photo","_abetterchicago","https://twitter.com/_abetterchicago/status/2087910042976555455","Jeffrey Beckham Jr., executive director of @ChicagoScholars, will be taking the stage at @TEDxChicago this fall.

Follow Chicago Scholars and @reachpathways to learn more about the work they do and catch the TedX session on Oct. 3 at the Harris Theater. https://t.co/87UjJaEp93","","0","0","0","0"
"8/13/2026 9:00 am","133607023351110_1511995374291068","Facebook","Post","Photo","Stand for Children Illinois","https://www.facebook.com/557328906424391/posts/1511995374291068","Meet our student fellow, Israel! 💻🌐

Israel is a recent high school graduate who began exploring career opportunities through CTE classes. He enjoyed his computer science classes the most and continued studying technology. Through his school’s College & Career Readiness Center (CCRC), he discovered he wanted to work in cybersecurity and got internship experience in IT. He is excited to pursue a career in tech while working towards cybersecurity and AI certificates!

Learn more about our fellowship: https://stand.org/illinois/our-stories/do-high-schoolers-feel-prepared-for-life-after-graduation/","https://www.facebook.com/photo.php?fbid=1511995310957741&set=a.476579651165984&type=3","1","1","0","0"
"8/13/2026 8:50 am","9961411679_1490320963127720","Facebook","Post","Video","City Year","https://www.facebook.com/reel/906140598757069/","We love the curiosity! Link in bio for all the answers!","https://www.facebook.com/reel/906140598757069/","4","2","2","0"
"8/13/2026 7:41 am","125302627796_1519321200223567","Facebook","Post","Link","The Chicago Community Trust","https://www.facebook.com/620686893420340/posts/1519321200223567","Palenque LSNA, a Trust grant recipient, is training young organizers to educate Chicago renters about the Tenant Opportunity to Purchase Act and help residents preserve housing affordability and remain in their neighborhoods.

Learn more: ","https://www.wbez.org/race-class-communities/2026/08/12/students-spread-the-word-to-strapped-chicago-renters-about-their-shot-at-buying-in-the-neighborhood","5","4","1","0"
"8/12/2026 2:19 pm","713783478485460_122184550820926733","Facebook","Post","Photo","Chicago Education Alliance","https://www.facebook.com/122160216644926733/posts/122184550820926733","CEA was proud to participate in #budbillikenparade 2026! We we a sponsor of the first ever alumni event and shared our information at our resource table. CEA CEO Arnaldo Rivera, Community Engagement Director Femi Worrill Skanes connected with Chicago Public Schools CEO Dr. Macquline King and everyone had a great time!","https://www.facebook.com/122160216644926733/posts/122184550820926733","10","8","1","1"
"8/12/2026 1:17 pm","196842483717237_1590610953082115","Facebook","Post","Photo","Communities In Schools of Chicago","https://www.facebook.com/681023914040828/posts/1590610953082115","Our team is busy this week getting students the resources they need to start the year strong. 

We are distributing 3,000 backpacks 🎒 to CIS school partners, thanks to our partnership with Cradles to Crayons Chicago!

It was a true team effort -- receiving these backpacks, organizing them, and getting them directly to our school site coordinators, like our counselor at Libby Elementary School, featured in the second picture.","https://www.facebook.com/681023914040828/posts/1590610953082115","1","1","0","0"
"8/12/2026 12:00 pm","221488995515_1730175542444552","Facebook","Post","Photo","Advance Illinois","https://www.facebook.com/414749720653814/posts/1730175542444552","The Illinois Education Watch: Federal Education Policy Tracker helps Illinoisans understand federal changes affecting education and care, what's changing, why it matters, and key opportunities ahead to support every child and student. https://ilfededwatch.org/

#educationwatch #illinoiseducation #federal","https://www.facebook.com/photo.php?fbid=1730175502444556&set=a.414661447329308&type=3","0","0","0","0"
"8/12/2026 11:38 am","9961411679_1489468919879591","Facebook","Post","Link","City Year","https://www.facebook.com/642274284599063/posts/1489468919879591","Empower students to succeed with a powerful coaching mindset; find out the six essential drivers for #studentsuccess: https://bit.ly/4mL5xtm","https://www.cityyear.org/national/stories/our-impact/the-six-drivers-of-student-success-coaching/","2","1","0","1"
"8/11/2026 4:53 pm","355075968400258_1471706345066955","Facebook","Post","Photo","Children First Fund","https://www.facebook.com/295295272708074/posts/1471706345066955","As a new school year approaches, our principals and teachers across Chicago are getting classrooms and lesson plans ready for a strong start.

When students show up equipped with essential school supplies and everyday hygiene items they have the foundation to focus on what matters most: learning, growing, and dreaming BIG.

Through Children First Fund, your support strengthens classroom environments from day one, and provides year-round stability for Chicago Public Schools   students and families whenever emergent needs arise.

Help power progress in local schools and support Chicago’s students this school year: https://childrenfirstfund.org/back-to-school/  

#BackToSchool #ChicagoPublicSchools #ChildrenFirstFund","https://www.facebook.com/photo.php?fbid=1471705611733695&set=a.290035466567388&type=3","0","0","0","0"
"8/11/2026 4:00 pm","221488995515_1729320039196769","Facebook","Post","Photo","Advance Illinois","https://www.facebook.com/414749720653814/posts/1729320039196769","In the latest blog from the #ECECIsEssential campaign, Senior Policy Advisor Kate Buchanan discusses childcare affordability and examines how rising costs are forcing many families to make difficult decisions while providers are expected to deliver high-quality care with insufficient resources.

This underscores the need for continued work to make childcare more affordable and equitable, and the ecosystem more sustainable. https://hubs.la/Q04sH2xP0","https://www.facebook.com/photo.php?fbid=1729320012530105&set=a.414661447329308&type=3","0","0","0","0"
"8/11/2026 3:24 pm","221488995515_1729294152532691","Facebook","Post","Link","Advance Illinois","https://www.facebook.com/414749720653814/posts/1729294152532691","The Department of Health and Human Services (HHS) has unveiled a plan to deregulate the federal Head Start program, removing or altering existing rules, in efforts save money and open up additional seats. 

The new structure would lower the cap for administrative overhead costs, allow provider licensing standards to differ based on state laws, and eliminate many regulations, including those governing class size and teacher compensation.

Across the state and country, there is concern about the detrimental effects of removing standards required by Congress to ensure children receive high-quality early education, reducing the services families rely on, and undoing decades of progress. https://hubs.la/Q04sH6KK0

#fedactions #headstart","https://hubs.la/Q04sH6KK0","0","0","0","0"
"8/11/2026 1:40 pm","222712320927404_122306927486216507","Facebook","Post","Video","The Urban Center","https://www.facebook.com/122209075502216507/posts/122306927486216507","More Police. Smarter Spending. Better Government.

What does Chicago need from its next chapter of leadership? 

Ald. Silvana Tabares joins Who Sent Ya? for a candid conversation about the choices shaping the city, from policing and public safety to taxes, CTU spending and the future of City Hall.

🎙️ Episode 5 is out now. Listen wherever you get your podcasts.

","https://www.iheart.com/podcast/53-who-sent-ya-330562950","0","0","0","0"
"8/11/2026 12:00 pm","221488995515_1729141759214597","Facebook","Post","Photo","Advance Illinois","https://www.facebook.com/414749720653814/posts/1729141759214597","📣 Illinoisans: Your Education Story Matters

We’re collecting personal stories from people across Illinois about how federal education policies have shaped your or your family’s access to and experience in education — from early childhood programs through college and beyond.

Whether it’s Head Start, IDEA, Title I, Pell Grants, FAFSA, school nutrition programs, or other federal initiatives — we want to hear how these policies have impacted real lives, not just statistics.

✅ You can share anonymously
✅ All experiences welcome — positive, challenging, or somewhere in between

Share your story here: https://hubs.la/Q04sqB7f0

Your voice can help illuminate the real impact of federal education policy in Illinois. Thank you for contributing to this important conversation!
#education #policy #storiesofimpact","https://www.facebook.com/photo.php?fbid=1729141739214599&set=a.414661447329308&type=3","0","0","0","0"
"8/11/2026 11:34 am","9961411679_1488549476638202","Facebook","Post","Link","City Year","https://www.facebook.com/642274284599063/posts/1488549476638202","A new network pilot is designed to ensure that all students, especially those in underserved communities, have access to consistent, high-quality support. Student success coaching can be a powerful tool for closing opportunity gaps and ensuring every student has a champion in their corner.

By embedding student success coaches in more New York state schools, a new pilot, the Student Success Coach Learning Network in New York, aims to help improve attendance, academic performance, and student engagement, particularly for students who may be at risk of falling behind. ","https://bit.ly/45K8ti4","0","0","0","0"
"8/11/2026 10:01 am","125302627796_1517603367062017","Facebook","Post","Photo","The Chicago Community Trust","https://www.facebook.com/620686893420340/posts/1517603367062017","In new commentary for Crain's Chicago Business, the Trust's Ianna Kachoris and Aimee Ramirez discuss how policies designed to help Cook County recover unpaid property taxes have instead stripped wealth from families and hollowed out once-thriving commercial corridors.

Working with our community partners, local officials and state lawmakers, The Chicago Community Trust helped pass legislation in 2023 to create a path for these properties to go toward community-focused reinvestment.

Read Ianna and Aimee's full insights in Crain's: https://www.chicagobusiness.com/elevate/ccb-tax-sales-properties-revitalized-20260810/","https://www.facebook.com/photo.php?fbid=1517603340395353&set=a.620627833426246&type=3","12","7","0","5"
"8/11/2026 9:28 am","232693460103788_1491140636377895","Facebook","Post","Photo","A Better Chicago","https://www.facebook.com/324620916363212/posts/1491140636377895","A Better Chicago is thrilled to share that three of our portfolio organizations are finalists for the Cubs Charities Community Awards. Congratulations to The Bloc, BUILD Chicago, and College Possible! 

Let’s help them out by casting a vote. Make your votes here: https://www.mlb.com/cubs/community/cubs-charities/community-awards/vote","https://www.facebook.com/photo.php?fbid=1491140569711235&set=a.321187470039890&type=3","1","0","0","1"
"8/11/2026 9:27 am","2087184160372764874","X","Post","Photo","_abetterchicago","https://twitter.com/_abetterchicago/status/2087184160372764874","We're thrilled to share that three of our portfolio organizations are finalists for the @CubsCharities Community Awards. Congratulations to The Bloc, @buildchicago and @CollPossibleCHI

Let’s help them out by casting a vote. Make your votes here: https://t.co/JJuc7D9A2N https://t.co/8Fj3Cn8kWp","","1","1","0","0"
"8/10/2026 2:46 pm","196842483717237_1588839336592610","Facebook","Post","Photo","Communities In Schools of Chicago","https://www.facebook.com/681023914040828/posts/1588839336592610","After a trip to D.C., our Do the Write Thing Chicago ambassador, incoming eighth grader Damiya Myers, had the opportunity to talk about her experience in the nation's capital, what she learned from her fellow ambassadors, and what she believes is critical to reducing youth violence with WGN Radio's Lisa Dent!

Lisa also chatted with Robin Koelsch about CIS' role supporting Do the Write Thing -- and she even read Damiya's powerful Do the Write Thing poem. Want to catch the full interview? Visit the link here: https://wgnradio.com/lisa-dent/chicago-do-the-write-thing-ambassador-shares-her-message-of-anti-violence-in-washington-d-c/","https://www.facebook.com/photo.php?fbid=1588839049925972&set=a.594004809409406&type=3","3","2","0","1"
"8/10/2026 12:32 pm","222712320927404_122306757626216507","Facebook","Post","Link","The Urban Center","https://www.facebook.com/122209075502216507/posts/122306757626216507","Unsurprising. 
Sad, but unsurprising.

“The Chicago Teachers Union has spent more than $36,000 with the two firms and a company tied to a campaign worker, Karina Escobar-Perez, who pleaded guilty last year to forging signatures on campaign petitions in Indiana for the presidential race. The CTU work was for the campaign of Hilario Dominguez, whom the teachers union endorsed in June for school board president in a five-way race.”","https://chicago.suntimes.com/the-watchdogs/2026/08/10/bamani-obadele-isaac-ike-carothers-jb-pritzker-ctu-chicago-teachers-union-karina-escobar-perez-goshen-impact-solutions-hilario-dominguez-acclivus?utm_campaign=mrf-facebook-thechicagosuntimes&utm_source=facebook&utm_medium=social&mrfcid=202608106a79d28561604256d075869e","0","0","0","0"
"8/10/2026 11:01 am","232693460103788_1490282289797063","Facebook","Post","Video","A Better Chicago","https://www.facebook.com/reel/2145236643044199/","What if we all showed up to tackle one of education's biggest challenges?

There are just under 2 weeks left to vote for our panel that explores ways we can work together to reduce chronic absenteeism. Help us bring this conversation to the national stage at SXSW EDU!

Vote here: https://participate.sxsw.com/flow/sxsw/sxsw27/community-voting-edu/page/community-voting/session/1784138313751001ahUX","https://www.facebook.com/reel/2145236643044199/","34","19","13","2"
"8/10/2026 11:00 am","221488995515_1728094555985984","Facebook","Post","Photo","Advance Illinois","https://www.facebook.com/414749720653814/posts/1728094555985984","We're hiring! Advance Illinois is looking for a Director of Development to join our team. We’re seeking a strategic thinker committed to strengthening public education statewide and growing our impact. Please share with your networks and apply today: https://hubs.la/Q04sFKkZ0

#JobOpportunity #development #hiring #Illinois #education
#fundraising","https://www.facebook.com/photo.php?fbid=1728094505985989&set=a.414661447329308&type=3","1","1","0","0"
"8/10/2026 10:32 am","9961411679_1487605496732600","Facebook","Post","Link","City Year","https://www.facebook.com/642274284599063/posts/1487605496732600","Starting your City Year adventure? Discover our guide on understanding your stipend and managing your finances with confidence. Check it out: ","https://bit.ly/4y5jDeg","6","5","0","1"
"8/10/2026 10:26 am","125302627796_1516735710482116","Facebook","Post","Photo","The Chicago Community Trust","https://www.facebook.com/620686893420340/posts/1516735710482116","OPPORTUNITY: The Chicago Community Trust is now accepting applications for our Coalitions Advancing Economic Mobility RFP. By supporting policy and system change efforts, the Trust seeks to create lasting benefits for individuals, families and communities throughout the Chicago region.

Learn more and attend the info session on August 19: https://www.cct.org/grants/opportunities/rfp-coalitions-advancing-economic-mobility-policy-change/","https://www.facebook.com/photo.php?fbid=1516735683815452&set=a.620627833426246&type=3","1","1","0","0"
"8/10/2026 9:59 am","2086829820013408747","X","Post","Video","_abetterchicago","https://twitter.com/_abetterchicago/status/2086829820013408747","There are just under 2 weeks left to vote for our panel that explores ways we can work together to reduce chronic absenteeism. Help us bring this conversation to the national stage at @SXSWEDU!

Vote here: https://t.co/ykDOezt8ny https://t.co/ZnyG0r8gY4","","0","0","0","0"
"8/7/2026 1:34 pm","125302627796_1514163747405979","Facebook","Post","Link","The Chicago Community Trust","https://www.facebook.com/620686893420340/posts/1514163747405979","The Englewood Arts Collective, a Trust grant recipient, recently unveiled an outdoor sculpture garden that transformed vacant lots into a public art space that will rotate works and host art markets. By transforming the lots into a community sculpture garden, the collective aims to rewrite the negative narratives around Englewood and promote the arts in the neighborhood. 

Learn more: ","https://bit.ly/3UfsASF","0","0","0","0"
"8/7/2026 11:10 am","222712320927404_122306273678216507","Facebook","Post","Link","The Urban Center","https://www.facebook.com/122209075502216507/posts/122306273678216507","Board of Education members Angel Gutierrez and Carlos Rivas join Who Sent Ya? to discuss the challenges facing CPS and the decisions shaping Chicago’s future. Listen now.
","https://podcasts.apple.com/us/podcast/who-sent-ya/id1894096662?i=1000779908709","0","0","0","0"
"8/7/2026 10:00 am","9961411679_1484962233663593","Facebook","Post","Photo","City Year","https://www.facebook.com/642274284599063/posts/1484962233663593","Ready to make a difference every day? Join City Year and help students succeed while building your own leadership skills. https://bit.ly/4hc8nqt

#StudentSuccess #LeadershipDevelopment #ServeWithCityYear","https://www.facebook.com/photo.php?fbid=1484962203663596&set=a.642264387933386&type=3","3","3","0","0"
"8/6/2026 6:15 pm","222712320927404_122306146616216507","Facebook","Post","Link","The Urban Center","https://www.facebook.com/122209075502216507/posts/122306146616216507","A cautionary note from “blue-dog” Democrat, former IL Congressman Dan Lipinski on the recent electoral success of the Democratic Socialists of America (DSA).
","https://www.wsj.com/opinion/democratic-socialism-is-no-tea-party-52937f87?st=ZVojV9&reflink=article_imessage_share","0","0","0","0"
"8/6/2026 4:00 pm","221488995515_1724466129682160","Facebook","Post","Photo","Advance Illinois","https://www.facebook.com/414749720653814/posts/1724466129682160","For updates and developments on federal actions in education and care, and their impacts on Illinois families, students, and children, visit: https://ilfededwatch.org

#EducationWatch #FederalEducation #IllinoisEducation","https://www.facebook.com/photo.php?fbid=1724466086348831&set=a.414661447329308&type=3","0","0","0","0"
"8/6/2026 2:00 pm","232693460103788_1486961236795835","Facebook","Post","Video","A Better Chicago","https://www.facebook.com/reel/2226594334847739/","Every. Day. Counts. 

We’re so thrilled to work with BUILD Chicago, Enlace Chicago, Illinois Action for Children, and The Alliance 98  to improve school attendance across Chicago.

Learn more about the initiative at: 
https://www.abetterchicago.org/chronic-absenteeism-initiative","https://www.facebook.com/reel/2226594334847739/","2","2","0","0"
"8/6/2026 12:30 pm","221488995515_1724323203029786","Facebook","Post","Photo","Advance Illinois","https://www.facebook.com/414749720653814/posts/1724323203029786","In the next weeks, Advance Illinois will explore why early childhood education and care is essential, discussing workforce compensation, the cost of care, equity and access, and the impact on children, families, and communities.

In a new blog, Annaliese Newmeyer, EAC member and Head Start education coordinator, shares her experiences as an educator and reflects on how early childhood programs and communities support families and our youngest learners beyond the classroom. https://hubs.la/Q04s7yZm0

#ECECisEssential #earlychildhood","https://www.facebook.com/photo.php?fbid=1724323176363122&set=a.414661447329308&type=3","0","0","0","0"
"8/6/2026 12:00 pm","125302627796_1513174220838265","Facebook","Post","Photo","The Chicago Community Trust","https://www.facebook.com/620686893420340/posts/1513174220838265","""A philanthropist is anyone who shows up for a community.""

That's how Claudette Baker defines philanthropy—and she's lived it, from selling ice cream cones as a kid to years of leadership with African American Legacy (AAL), an affinity fund of The Chicago Community Trust. In honor of Black Philanthropy Month in August, Claudette chats with the Trust's Carrie Goodale to share her journey, what inspires her, and why giving isn't about the size of your bank account. 

Read her story: https://www.cct.org/stories/a-philanthropist-is-anyone-who-shows-up-claudette-baker-on-redefining-giving/","https://www.facebook.com/photo.php?fbid=1513174187504935&set=a.620627833426246&type=3","2","2","0","0"
"8/6/2026 9:00 am","133607023351110_1505423624948243","Facebook","Post","Photo","Stand for Children Illinois","https://www.facebook.com/557328906424391/posts/1505423624948243","Meet our student fellow, Grace! 📖 👩‍🏫

Grace is a Vienna High School senior who took advantage of the many dual credit and CTE courses offered at her school. She discovered her passion for education and gained hands-on experience in the classroom. She is excited to pursue a career as a middle school math and science teacher!

Read this new article about our fellowship featuring Grace 👉 https://thesouthern.com/news/laubscher-to-serve-as-policy-fellow/article_fa7d6727-a684-5c7e-9dae-400fee13d2f9.html","https://www.facebook.com/photo.php?fbid=1505423564948249&set=a.476579651165984&type=3","3","1","0","2"
"8/6/2026 8:40 am","2085360287939477717","X","Post","Photo","_abetterchicago","https://twitter.com/_abetterchicago/status/2085360287939477717","Chicago has a powerful story to tell. Help us bring one of education's most urgent challenges to the
@SXSWEDU
stage.  Every Day Counts, explores how community-led solutions can reduce school absenteeism and help more young people thrive.  Vote here: https://t.co/ykDOezt8ny https://t.co/UnINyHeECs","","0","0","0","0"
"8/5/2026 6:23 pm","222712320927404_122305961852216507","Facebook","Post","Link","The Urban Center","https://www.facebook.com/122209075502216507/posts/122305961852216507","No Surprise! The sustainable community schools program is the new patronage system for the CTU machine. Brandon Johnson's expansion of the program comes just in time to activate the non-profits into election-time. #Chicago #CPS #CTU
","https://nbcchicago.app.link/FT2Z8W8Om5b","0","0","0","0"
"8/5/2026 4:23 pm","713783478485460_122183576078926733","Facebook","Post","Photo","Chicago Education Alliance","https://www.facebook.com/122160216644926733/posts/122183576078926733","It's time for a transparent and sustainable CPS budget process!

The Joyce Foundation Advance Illinois The Chicago Urban League The Chicago Public Education Fund Chicago Beyond Metropolitan Family Services Local Initiatives Support Corporation (LISC) Enlace Chicago Teach Plus Illinois Instituto del Progreso Latino","https://www.facebook.com/photo.php?fbid=122183575850926733&set=a.122160109298926733&type=3","1","1","0","0"
"8/5/2026 12:04 pm","9961411679_1483200693839747","Facebook","Post","Link","City Year","https://www.facebook.com/642274284599063/posts/1483200693839747","Discover how serving others opens doors to new skills, lasting connections, and personal growth well beyond the classroom. 
https://bit.ly/4gZJpui","https://www.cityyear.org/national/stories/benefits-resources/the-benefits-of-a-city-year-americorps-member/","2","2","0","0"
"8/5/2026 12:00 pm","232693460103788_1485968593561766","Facebook","Post","Link","A Better Chicago","https://www.facebook.com/324620916363212/posts/1485968593561766","Chicago has a powerful story to tell. Help us bring one of education's most urgent challenges to the @sxswedu stage.
 
Our proposed session, Every Day Counts, explores how community-led solutions can reduce school absenteeism and help more young people thrive.
 
It takes less than a minute to vote—just create an account and click the ❤️ icon! Every vote helps bring this important conversation to a national stage and shine a spotlight on the work happening here in Chicago.
 
Voting is open through August 23: ","https://participate.sxsw.com/flow/sxsw/sxsw27/community-voting-edu/page/community-voting/session/1784138313751001ahUX","16","14","1","1"
"8/5/2026 11:40 am","188187514534378_1601530228001067","Facebook","Post","Photo","MacArthur Foundation","https://www.facebook.com/805236477630450/posts/1601530228001067","The stories we tell and how we use language can help us envision and enact our futures.

Reflecting on the 250th year of the United States, Kristen Mack, Vice President of Communications, Fellows, and Partnerships, shares why this moment, ""is a critical time for philanthropy to meaningfully and boldly consider how narrative power operates.”

Read more in The Nonprofit Quarterly:
🔗 https://nonprofitquarterly.org/american-requiem-at-250-who-gets-to-tell-the-story-of-the-united-states/","https://www.facebook.com/805236477630450/posts/1601530228001067","14","10","2","2"
"8/5/2026 9:53 am","133607023351110_1504458445044761","Facebook","Post","Photo","Stand for Children Illinois","https://www.facebook.com/557328906424391/posts/1504458445044761","Are you ready for IL's midterm elections? Today is the first day you can apply for a mail-in ballot! 📬 It's never too early to prepare for #voting 🗳️

Visit VOTE411 for more resources
➡️ https://www.vote411.org/illinois

#IllinoisElections #PaperBallots #VoteIllinois #Election2026 #YourVoteMatters","https://www.facebook.com/photo.php?fbid=1504458385044767&set=a.476579651165984&type=3","1","1","0","0"
"8/5/2026 9:42 am","125302627796_1512107010944986","Facebook","Post","Photo","The Chicago Community Trust","https://www.facebook.com/620686893420340/posts/1512107010944986","This summer, The Chicago Community Trust’s Strategic Communications and Learning & Impact teams visited El Mercadito at La Casa Norte to volunteer with morning set-up and food distribution, supporting the pantry’s partnership with La Casa Norte and Nourishing Hope.

El Mercadito is a hunger relief partnership between La Casa Norte and Nourishing Hope, operating on the belief that basic human needs must be met before the cycle of poverty can be broken.

During the visit, staff split up to assist ""choice shopping"" and ""express"" distribution options, helping with everything from unloading deliveries and stocking shelves to distributing food to clients and loading cars. Together, the pantry can serve up to 150 households—75 through Monthly Choice and 75 through Monthly Express.

In addition to nutritious groceries, including fresh produce, dairy, meat, and pantry staples, El Mercadito connects neighbors with social services, referral support, and access to La Casa Norte’s broader information and referral network.

It was a meaningful morning giving back to the community and supporting the staff and regular volunteers who make this work possible each day.

Thank you for having us!

Volunteer: https://nourishinghopechi.org/elmercadito/","https://www.facebook.com/620686893420340/posts/1512107010944986","4","4","0","0"
"8/4/2026 5:51 pm","188187514534378_1600862141401209","Facebook","Post","Link","MacArthur Foundation","https://www.facebook.com/805236477630450/posts/1600862141401209","Artificial intelligence (AI) tools are prolific in English, cropping up in everyday activities and services.

Yet for languages that lack sufficient digital data and linguistic resources to train AI systems, the functionality, use, and application of AI is much more complicated.

Learn how organizations like the Distributed AI Research Institute (DAIR) are working to achieve a more equitable alternative ⬇️
","https://www.macfound.org/press/grantee-stories/building-a-more-equitable-ai-design-for-underrepresented-languages?utm_campaign=gs-tpi-a-more-equitable-ai-design-for-underrepresented-languages-8-26&utm_source=facebook&utm_medium=social","4","2","1","1"
"8/4/2026 1:00 pm","221488995515_1722289753233131","Facebook","Post","Photo","Advance Illinois","https://www.facebook.com/414749720653814/posts/1722289753233131","📣 Illinoisans: Your Education Story Matters

We’re collecting personal stories from people across Illinois about how federal education policies have shaped your or your family’s access to and experience in education — from early childhood programs through college and beyond.

Whether it’s Head Start, IDEA, Title I, Pell Grants, FAFSA, school nutrition programs, or other federal initiatives — we want to hear how these policies have impacted real lives, not just statistics.

✅ You can share anonymously
✅ All experiences welcome — positive, challenging, or somewhere in between

Share your story here: https://hubs.la/Q04rShKf0

Your voice can help illuminate the real impact of federal education policy in Illinois. Thank you for contributing to this important conversation!
#education #policy #storiesofimpact #stories","https://www.facebook.com/photo.php?fbid=1722289716566468&set=a.414661447329308&type=3","0","0","0","0"
"8/4/2026 12:40 pm","221488995515_1722274956567944","Facebook","Post","Photo","Advance Illinois","https://www.facebook.com/414749720653814/posts/1722274956567944","","https://www.facebook.com/photo.php?fbid=1341047508200371&set=a.165335572438243&type=3","1","1","0","0"
"8/4/2026 12:37 pm","221488995515_1722272939901479","Facebook","Post","Link","Advance Illinois","https://www.facebook.com/414749720653814/posts/1722272939901479","Recently, a federal judge ruled that Illinois could no longer provide in-state tuition rates to undocumented students under the RISE and DREAM acts — but said that the state had 14 days to appeal before enforcement would begin in early August. 

This change could make Illinois’s public higher education system less accessible and affordable for students, who had previously been able to receive in-state tuition rates provided they attended and graduated from an Illinois high school and committed to securing permanent residency. 

https://hubs.la/Q04rSgQ10

#fedactions #tuition #immigration","https://hubs.la/Q04rSgQ10","0","0","0","0"
"8/4/2026 12:27 pm","133607023351110_1503613181795954","Facebook","Post","Photo","Stand for Children Illinois","https://www.facebook.com/557328906424391/posts/1503613181795954","Meet our student fellow, Bianca! ⚖️👩‍⚖️

Bianca is an upcoming high school senior who discovered her interest in Law through her school’s classes and internship program. After working with a law firm, North Suburban Legal Aid, and a political campaign, she knew she wanted to make an impact in her community. She is excited to pursue pre-law in college and go to law school afterwards!

Learn more about our fellowship: https://stand.org/illinois/our-stories/do-high-schoolers-feel-prepared-for-life-after-graduation/","https://www.facebook.com/photo.php?fbid=1503613145129291&set=a.476579651165984&type=3","2","2","0","0"
"8/4/2026 11:32 am","9961411679_1482227513937065","Facebook","Post","Video","City Year","https://www.facebook.com/reel/1520667129333380/","Double the benefits, double the fun, double the #impact!

Level up your journey by coming back for a second year, building even stronger connections and making an even bigger difference for students and your future! https://bit.ly/3WlV9gj","https://www.facebook.com/reel/1520667129333380/","10","9","0","1"
"8/4/2026 10:00 am","232693460103788_1484217680403524","Facebook","Post","Photo","A Better Chicago","https://www.facebook.com/324620916363212/posts/1484217680403524","""AI is reshaping the labor market, and with deep intentionality, it can help level the economic playing field for first-generation and low-income college students."" — Aimee Eubanks Davis, founder and CEO of Braven

Congratulations to two of our portfolio organizations that are leading the way in using AI to expand opportunity for young people.

1️⃣Braven was selected as one of the inaugural host organizations for @Anthropic's Claude Corps. As one of 400 nonprofit partners nationwide, Braven will help pilot this new fellowship program, which places AI-skilled fellows at nonprofits to strengthen their impact and advance their missions.

2️⃣College Possible was featured by Inside Higher Ed for its new partnership with Common App to integrate an AI advising tool that helps students navigate college applications, deadlines and enrollment.
Read more: www.insidehighered.com/news/student-success/academic-life/2026/06/16/common-app-adds-ai-advising-tool","https://www.facebook.com/324620916363212/posts/1484217680403524","0","0","0","0"
"8/4/2026 9:59 am","125302627796_1511207724368248","Facebook","Post","Photo","The Chicago Community Trust","https://www.facebook.com/620686893420340/posts/1511207724368248","Meet Shane Carlin, founder of Asian Student Achievement - Diversity driven job board (ASA) and a donor with The Chicago Community Trust. Since 2016, Shane has helped AAPI professionals build the skills to lead through coaching, speaking engagements, and a job board.

We sat down with Shane to talk giving, purpose, and why he pays it forward. 

Read his story: https://www.cct.org/stories/from-seoul-to-chicago-shane-carlins-path-to-purposeful-giving/","https://www.facebook.com/photo.php?fbid=1511207694368251&set=a.620627833426246&type=3","4","2","1","1"
"8/3/2026 10:36 am","9961411679_1481296634030153","Facebook","Post","Link","City Year","https://www.facebook.com/642274284599063/posts/1481296634030153","The second in our #MeetCY blog series: Meet the inspiring mother-daughter duo, Alex and Delaney! Alex, a dedicated City Year leader, is joined by her daughter Delaney, who brings her passion for service to City Year Greater Boston after graduating from UMASS Amherst. #CityYear #Leadership #Service

https://bit.ly/4pLTEog","https://bit.ly/4xdDdE0?utm_campaign=blog&utm_source=facebook&utm_medium=social&utm_content=1785771361","1","1","0","0"
"8/3/2026 10:35 am","221488995515_1721150370013736","Facebook","Post","Photo","Advance Illinois","https://www.facebook.com/414749720653814/posts/1721150370013736","We're hiring! Advance Illinois is looking for a Director of Development to join our team. We’re seeking a strategic thinker committed to strengthening public education statewide and growing our impact. Please share with your networks and apply today: https://hubs.la/Q04rFV940

#JobOpportunity #development #hiring #Illinois #education
#fundraising","https://www.facebook.com/photo.php?fbid=1721150343347072&set=a.414661447329308&type=3","1","1","0","0"
"8/3/2026 10:30 am","232693460103788_1483998600425432","Facebook","Post","Photo","A Better Chicago","https://www.facebook.com/324620916363212/posts/1483998600425432","Here’s a peek at some of the work MedSTEM students at RUSH Education and Career Hub-REACH, an A Better Chicago portfolio organization, have been doing this summer. 

Programs like the MedSTEM Program create equitable and meaningful pathways into STEM and medicine for students.

Photo credits: Kyle Flubacker","https://www.facebook.com/324620916363212/posts/1483998600425432","0","0","0","0"
"8/3/2026 9:30 am","2084285662283636782","X","Post","Photo","_abetterchicago","https://twitter.com/_abetterchicago/status/2084285662283636782","Here’s a peek at some of the work MedSTEM students at @REACHatRush have been doing this summer.

Programs like the MedSTEM Program create equitable and meaningful pathways into STEM and medicine for students.

Photo credits: Kyle Flubacker https://t.co/JJctENdqN5","","3","3","0","0"
"8/3/2026 9:28 am","125302627796_1510273561128331","Facebook","Post","Video","The Chicago Community Trust","https://www.facebook.com/reel/2292396091525817/","Founded in 1998, Latinos Progresando is a community-based organization rooted in Chicago’s South Lawndale neighborhood that elevates the well-being of the Mexican and immigrant community through legal services, cultural programming, leadership development, and community-driven neighborhood development. For nearly three decades, Latinos Progresando has provided affordable, high-quality immigration legal services while building community power and access to economic, civic, and cultural opportunities.

The Chicago Community Trust has supported Latinos Progresando’s work for more than 20 years. In August 2025, the Trust provided project-based support for the Excellerator Fund, created in partnership with the Greater Auburn Gresham Development Corporation, to work in neighborhoods across the city. In December 2025, Latinos Progresando was further supported to strengthen its capacity to lead neighborhood development.

Learn more: https://bit.ly/3TMCpHC","https://www.facebook.com/reel/2292396091525817/","14","9","0","5"
"7/31/2026 11:16 am","222712320927404_122305040168216507","Facebook","Post","Photo","The Urban Center","https://www.facebook.com/122209075502216507/posts/122305040168216507","Congrats to leaders Maria Moctezuma, Carlos Chavarria, Claudia Zuno and many others who give voice to their community when politicians have not. 

As Claudia put it, “People rely on their vehicles not out of luxury but of necessity.”

When City Hall leaves out the people in their decisions, expect the community to fight and take back their city!","https://www.facebook.com/photo.php?fbid=122305040114216507&set=a.122102655386216507&type=3","2","2","0","0"
"7/31/2026 10:00 am","9961411679_1478546927638457","Facebook","Post","Photo","City Year","https://www.facebook.com/642274284599063/posts/1478546927638457","City Year is your chance to do something big. Like “change a kid’s life” big. https://bit.ly/3WlV9gj","https://www.facebook.com/photo.php?fbid=1478546897638460&set=a.642264387933386&type=3","1","1","0","0"
"7/31/2026 9:44 am","125302627796_1507527291402958","Facebook","Post","Photo","The Chicago Community Trust","https://www.facebook.com/620686893420340/posts/1507527291402958","For over a century, generous individuals and families have partnered with the Trust to make caring for Chicago part of their legacy. These gifts continue to fuel our programmatic grantmaking to meet Chicagoans’ most critical needs and build a stronger region for all.

Donors who have included a gift to the Trust in their will or estate become members of our 1915 Society, like Anne Blanton who has a long history with the Trust—first as a board member of a nonprofit organization supported by the Trust, then as a Trust staff member serving as executive vice president, and now as a donor.

She noted: “I have a living trust and have named The Chicago Community Trust as a beneficiary. I have total confidence that my wishes will be honored in a way that meets the needs of our community.""

Learn more: https://www.cct.org/stories/giving-insights-giving-today-for-tomorrows-needs/","https://www.facebook.com/photo.php?fbid=1507527274736293&set=a.620627833426246&type=3","4","4","0","0"
"7/31/2026 9:24 am","221488995515_1717651180363655","Facebook","Post","Photo","Advance Illinois","https://www.facebook.com/414749720653814/posts/1717651180363655","","https://www.facebook.com/196352779398343/posts/1082358270797785","0","0","0","0"
"7/30/2026 4:43 pm","355075968400258_1460361419534781","Facebook","Post","Video","Children First Fund","https://www.facebook.com/reel/1040890954969909/","Last week students at William H Brown STEM Magnet School celebrated the unveiling of a new space dedicated to their mental health and wellbeing. 

Thank you to CFF partners, WNBA Cares and Heart of America for investing in our students and joining us to celebrate the opening—including a special Yoga 101 and mindfulness session led by WNBA champion Allie Quigley! 

#CPS #Community #StudentWellbeing #WNBA #HeartofAmerica #CFF","https://www.facebook.com/reel/1040890954969909/","2","1","0","1"
"7/30/2026 10:10 am","188187514534378_1596304371856986","Facebook","Post","Link","MacArthur Foundation","https://www.facebook.com/805236477630450/posts/1596304371856986","People in the federal workforce serve the public with essential expertise and knowledge.  

As part of our commitment to protect democracy, we have supported organizations, such as FedsForward, Partnership for Public Service, and Foundation for Public Service, that are helping ensure that, amid a seismic shift for federal workers, critical skills and experience are not lost, but instead carried forward to strengthen civic institutions, inform policy, and support communities.

In a new Perspective, leaders from these nonprofits reflect on the importance of bolstering a vital, committed, and talented public sector. 
 
Read more ⬇️
","https://www.macfound.org/press/perspectives/people-powered-supporting-federal-workers-who-serve-the-public?utm_campaign=p-democracy-supporting-federal-workers-who-serve-the-public&utm_source=facebook&utm_medium=social","3","3","0","0"
"7/30/2026 10:00 am","200608886633238_1476949484473571","Facebook","Post","Photo","The Joyce Foundation","https://www.facebook.com/480966400738556/posts/1476949484473571","The Talking Drum is a revered instrument with origins in West Africa that replicates speech and is used to communicate messages, tell stories and make music. The national, traveling storytelling initiative The Stories of Us is launching 30 Talking Drum sculptures ​on July 31 at Navy Pier and across Chicago​. ​It includes the ""Census Drum"" created by @englewood arts collective
 Englewood Arts Collective multidisciplinary artist Pugs Atomz and developed through dialogue with local community members, advocates, and census experts​ with Joyce Support. We encourage everyone to see these activations, including the Census Drum at EAC's Sculpture Village on 63rd & May in Chicago ​beginning on Sunday, August 2. 

This project ​powerful​ly ​asks ""Do You See Me?"" and explores what it means to be seen, counted, and represented. It shows how powerful the combination of support for community-driven artists ​and creative civic practice can be. #Chicago #Englewood #TheStoriesOfUs #PublicArt #CivicImagination","https://www.facebook.com/photo.php?fbid=1476949444473575&set=a.480798660755330&type=3","2","2","0","0"
"7/30/2026 10:00 am","133607023351110_1498687715621834","Facebook","Post","Photo","Stand for Children Illinois","https://www.facebook.com/557328906424391/posts/1498687715621834","Meet our student fellow, Khushi! 👷‍♀️🏗️🦺

Khushi is a recent graduate of Buffalo Grove High School District 214. She discovered her passion for engineering by taking advantage of those classes at her school. After connecting with her school’s college and career center, she worked as a student intern with CS2 Design and Honeywell. Khushi is thankful for all the support from her counselor and her school's college and career center! She is looking forward to attending college and pursuing a career in civil engineering.

Learn more about our fellowship: https://stand.org/illinois/our-stories/do-high-schoolers-feel-prepared-for-life-after-graduation/","https://www.facebook.com/photo.php?fbid=1498687675621838&set=a.476579651165984&type=3","0","0","0","0"
"7/30/2026 8:33 am","9961411679_1477539991072484","Facebook","Post","Video","City Year","https://www.facebook.com/reel/1363697205693361/","The experience of serving as a #studentsuccess coach with City Year can prepare you for your future in so many ways.

Discover how City Year New Hampshire alum, Julie's journey as a #studentsuccess coach launched her into a job in education. 

Your next big opportunity could start here!","https://www.facebook.com/reel/1363697205693361/","6","6","0","0"
"7/30/2026 7:53 am","125302627796_1506465358175818","Facebook","Post","Photo","The Chicago Community Trust","https://www.facebook.com/620686893420340/posts/1506465358175818","Across many parts of Chicago, vibrant commercial corridors are key contributors to neighborhood vitality, providing jobs, essential goods and services, and places where communities gather. Yet many business districts in historically underinvested communities continue to face barriers to growth and long-term stability. In June, The Chicago Community Trust supported organizations working in these neighborhoods to strengthen local economies, support small businesses, and build economic resilience.

The Trust’s grants are designed to build on that momentum by combining financial assistance and technical support for small business with community-driven engagement efforts, such as neighborhood events and resident-led public space beautification projects. With funding for the Illinois Hispanic Chamber of Commerce, the Puerto Rican Cultural Center, and the North River Commission, the Trust is supporting efforts that strengthen community-anchored businesses as economic engines in their neighborhoods, helping build a more financially stable and connected community. 

Learn more: https://www.cct.org/stories/rebuilding-chicagos-corridors-one-small-business-at-a-time/","https://www.facebook.com/photo.php?fbid=1506465338175820&set=a.620627833426246&type=3","3","2","0","1"
"7/29/2026 4:33 pm","188187514534378_1595686801918743","Facebook","Post","Link","MacArthur Foundation","https://www.facebook.com/805236477630450/posts/1595686801918743","In 2015, we launched The Safety and Justice Challenge (SJC), a 10-year initiative which aimed to safely reduce jail populations and transform the way people think about jails and how they’re used.

""I’m hopeful that the momentum that we were able to support over the last 10 years will continue on for decades to come."" said Senior Program Officer, Bria Gillum. 

Subscribers can learn more about SJC's community-led approach at Inside Philanthropy ⬇️
","https://www.insidephilanthropy.com/home/a-look-back-at-macarthurs-big-bet-to-reduce-jail-populations","4","4","0","0"
"7/29/2026 3:02 pm","188187514534378_1595637145257042","Facebook","Post","Photo","MacArthur Foundation","https://www.facebook.com/805236477630450/posts/1595637145257042","Last weekend our Celebrating Disability Affinity Group (CDAG) gathered to watch the 24th Annual Chicago Disability Pride Parade and cheer on its participants.

MacArthur, in partnership with Disability Lead, also participated in a pre-parade Member Exchange hosted by The Economic Club of Chicago, which featured remarks from our President, John Palfrey, Disability Lead CEO, Emily Blum, and President and CEO of Access Living, Karen Tamley.

Special thank you to our partners and our CDAG organizers, Tom Dreixler, Kelsey Ganser, and Briana Cox.","https://www.facebook.com/805236477630450/posts/1595637145257042","16","13","2","1"
"7/29/2026 1:12 pm","355075968400258_1459338792970377","Facebook","Post","Video","Children First Fund","https://www.facebook.com/295295272708074/posts/1459338792970377","This school year, Chicago Public Schools is encouraging every student across our city to DREAM BIG.  

Turning student ambitions into reality takes coordinated, year-round support. Through Children First Fund, your gift strengthens classroom readiness and provides direct family stability whenever emergent needs arise.  

Invest in Chicago’s students and help power progress in schools today: https://childrenfirstfund.org/back-to-school/

#BacktoSchool #Community #Chicago #CPS

https://youtu.be/wtyoLusg_Ds?si=t53-T-9tXhGwAS2j","https://youtu.be/wtyoLusg_Ds?si=t53-T-9tXhGwAS2j","3","0","0","3"
"7/29/2026 11:50 am","9961411679_1476753791151104","Facebook","Post","Link","City Year","https://www.facebook.com/642274284599063/posts/1476753791151104","Mentorship doesn’t end with one student it ripples outward. Alumni share how their service continues to shape how they lead and uplift others.
https://bit.ly/4btRSmM","https://www.cityyear.org/national/stories/our-alumni/city-year-as-a-mentorship-multiplier/","6","6","0","0"
"7/29/2026 10:05 am","133607023351110_1497698972387375","Facebook","Post","Photo","Stand for Children Illinois","https://www.facebook.com/557328906424391/posts/1497698972387375","Today was the last session of our fellowship! 🥳 Congratulations to all of our students who finished their fellowship with us. We are thankful to have such a powerful group of young students as part of our advocacy work towards high school success. We can't wait to see what life has in store for them and where their journeys take them. #NewBeginnings 

Learn more about our fellowship: https://stand.org/illinois/our-stories/do-high-schoolers-feel-prepared-for-life-after-graduation/","https://www.facebook.com/photo.php?fbid=1497698919054047&set=a.476579651165984&type=3","0","0","0","0"
"7/29/2026 9:18 am","125302627796_1505609488261405","Facebook","Post","Photo","The Chicago Community Trust","https://www.facebook.com/620686893420340/posts/1505609488261405","For Jae Jin Pak, disability identity is deeply connected to how he shows up in his work and community. As an Asian American immigrant with lived experience with disabilities, Jae Jin brings both perspective and purpose to everything he does. Jae Jin joined the Advisory Board of the Disabilities Fund (an initiative of The Chicago Community Trust) in 2024 when the Fund was reactivated, bringing years of experience in social services, disability advocacy, and community-led philanthropy—including his work with another Trust initiatve called the Asian Giving Circle (AGC).

In recognition of Disability Pride Month this July, Jae Jin reflected with the Trust's Carrie Goodale on his journey from discovering his disability to navigating early experiences of isolation, stigma and resilience.

Read at the link: https://www.cct.org/stories/qa-with-jae-jin-pak-a-voice-for-the-disability-community-and-change/","https://www.facebook.com/photo.php?fbid=1505609458261408&set=a.620627833426246&type=3","2","2","0","0"
"7/29/2026 9:15 am","221488995515_1715696683892438","Facebook","Post","Photo","Advance Illinois","https://www.facebook.com/414749720653814/posts/1715696683892438","Earlier this month, the Advance Illinois team joined postsecondary institutions, community organizations, and higher education advocates at the 2026 College Changes Everything Conference to explore and learn more about improving outcomes for all students, as the conference marked the movement's reimagining as Education Matters Illinois. #CCE4me","https://www.facebook.com/photo.php?fbid=1715696653892441&set=a.414661447329308&type=3","8","7","1","0"
"7/29/2026 9:07 am","221488995515_1715690373893069","Facebook","Post","Link","Advance Illinois","https://www.facebook.com/414749720653814/posts/1715690373893069","A new rule issued by the Department of Homeland Security will place significant restrictions on the flexibility international students have previously experienced while studying in the United States. 

The rule, which goes into effect in September, requires students on F and J visas to seek approval from the federal government to extend their term of study in the U.S. beyond four years — regardless of whether they’ve completed their degree or plan to enroll in further study.

Advocates say the rule will further curtail already decreasing numbers of international students in the U.S. by making the process more complex.

https://hubs.la/Q04r8pk10 (https://hubs.la/Q04r8rQ60)

#fedactions #visas #internationalstudent","https://hubs.la/Q04r8pk10","0","0","0","0"
"7/28/2026 3:30 pm","1720771904827240_1474943368004572","Facebook","Post","Photo","Kids First Chicago","https://www.facebook.com/560299942802257/posts/1474943368004572","Happening tomorrow - Kids First Chicago and Civic Federation will be hosting a webinar to understand the CPS FY2027 Budget: Priorities, Tradeoffs, and What Comes Next. If you haven’t registered yet, RSVP using the link today: https://kidsfirschicago.org/budget-info-session
------
Mañana: Kids First Chicago y Civic Federation organizarán un seminario en línea para analizar el presupuesto de CPS para el año fiscal 2027: prioridades, compromisos y qué sigue. Si aún no se ha inscrito, confirme su asistencia hoy mismo a través del siguiente enlace: https://kidsfirstchicago.org/es/budget-info-session","https://www.facebook.com/560299942802257/posts/1474943368004572","8","4","0","4"
"7/28/2026 2:38 pm","133607023351110_1496885399135399","Facebook","Post","Video","Stand for Children Illinois","https://www.facebook.com/557328906424391/posts/1496885399135399","We are proud to stand alongside Governor JB Pritzker as he signed #PhoneFreeSchools bill into law!

Check out our new website to learn more: https://stand.org/illinois/phone-free-schools-illinois/","https://www.facebook.com/405529044263494/videos/1517316969700942","0","0","0","0"
"7/28/2026 2:34 pm","133607023351110_1496883182468954","Facebook","Post","Video","Stand for Children Illinois","https://www.facebook.com/557328906424391/posts/1496883182468954","","https://www.facebook.com/405529044263494/videos/1517316969700942","0","0","0","0"
"7/28/2026 2:33 pm","133607023351110_1496882529135686","Facebook","Post","Photo","Stand for Children Illinois","https://www.facebook.com/557328906424391/posts/1496882529135686","Thank you, Governor JB Pritzker, for taking this step towards academic success in Illinois! #PhoneFreeSchools 📱","https://www.facebook.com/405529044263494/posts/1593430125473374","1","0","0","1"
"7/28/2026 2:31 pm","133607023351110_1496881715802434","Facebook","Post","Photo","Stand for Children Illinois","https://www.facebook.com/557328906424391/posts/1496881715802434","#PhoneFreeSchools signed into law ✅

Today, our team joined Governor JB Pritzker as he signed a phone-free school bill into law. Illinois elementary and middle schools will now have a bell-to-bell cell phone ban, while high schools are only required to limit cell phone use during instructional time.

We are advocating for high schools to choose bell-to-bell cell phone bans and are ready to support them in the implementation process.

Check out our NEW IL Phone-Free School Implementation Guide to learn more about what High Schools can do to improve academic success!

🔗 https://stand.org/illinois/phone-free-schools-illinois/","https://www.facebook.com/557328906424391/posts/1496881715802434","10","6","2","2"
"7/28/2026 1:01 pm","221488995515_1714805790648194","Facebook","Post","Photo","Advance Illinois","https://www.facebook.com/414749720653814/posts/1714805790648194","📣 Illinoisans: Your Education Story Matters

We’re collecting personal stories from people across Illinois about how federal education policies have shaped your or your family’s access to and experience in education — from early childhood programs through college and beyond.

Whether it’s Head Start, IDEA, Title I, Pell Grants, FAFSA, school nutrition programs, or other federal initiatives — we want to hear how these policies have impacted real lives, not just statistics.

✅ You can share anonymously
✅ All experiences welcome — positive, challenging, or somewhere in between

Share your story here: https://hubs.la/Q04r1CGW0

Your voice can help illuminate the real impact of federal education policy in Illinois. Thank you for contributing to this important conversation!
#education #policy #storiesofimpact","https://www.facebook.com/photo.php?fbid=1714805720648201&set=a.414661447329308&type=3","0","0","0","0"
"7/28/2026 11:59 am","9961411679_1475824521244031","Facebook","Post","Video","City Year","https://www.facebook.com/reel/1942628986444315/","Becoming a #studentsuccess coach means making a lasting difference what is a year for you is a lifetime to them. #impact 

Learn more via the link in our bio.","https://www.facebook.com/reel/1942628986444315/","3","3","0","0"
"7/28/2026 10:18 am","125302627796_1504733808348973","Facebook","Post","Photo","The Chicago Community Trust","https://www.facebook.com/620686893420340/posts/1504733808348973","For Sixto Rincon, financial health is something built over decades of hard work, sacrifice, and resilience. As the owner of Aracelys Bakery & Tamales, he’s overcome setbacks, from credit challenges to losing a building. Despite setbacks, he’s grown a business that supports his family and community. Today, he’s reinvesting in his neighborhood while also creating stability for his employees by offering wages and benefits that help them build their own financial futures. 

Financial health is about whether people can meet every day needs, manage debt, handle unexpected challenges, and plan for the future. The Financial Health Pulse® 2025 Chicago Trends Report takes a closer look at how residents across Cook County are spending, saving, borrowing, and planning, revealing both progress and persistent disparities across communities. This research shows that financial health shapes the choices people have in their daily lives—from housing to education to long-term stability. These stories bring that data to life.

https://www.cct.org/research-and-reports/financial-health-pulse-2025-chicago-trends-report/","https://www.facebook.com/620686893420340/posts/1504733808348973","2","1","0","1"
"7/28/2026 9:54 am","188187514534378_1594538412033582","Facebook","Post","Video","MacArthur Foundation","https://www.facebook.com/805236477630450/posts/1594538412033582","“Justice doesn’t just happen because we will it to. The arc of history can bend toward justice if we bend it that way.”*

Our President, John Palfrey, recently joined Pulitzer Prize-winning journalist Dele Olojede at The Aspen Institute's Resnick Aspen Action Forum, where they spoke about resisting inevitability and the importance of actively creating the world we want to live in.

Watch the full conversation to learn how philanthropic institutions are meeting the moment through courage and collaboration  ⬇️
https://bit.ly/4c7bpJ8","https://www.youtube.com/live/2qwoqfvs2WI","4","4","0","0"
"7/28/2026 9:09 am","222712320927404_122304580310216507","Facebook","Post","Text","The Urban Center","https://www.facebook.com/122209075502216507/posts/122304580310216507","**LISTEN NOW** ""Who Sent Ya?"" An Urban Center Prodcast Episode 3, Rise of the Extremist Pt.2. Now available on your favorite podcast provider. #Chicago #PoliticsToday  

https://open.spotify.com/episode/5upElpEUSbc0HsVm2dlcxL?si=VHMjyt7GSc2RKPwN4ZpM7g","https://open.spotify.com/episode/5upElpEUSbc0HsVm2dlcxL?si=VHMjyt7GSc2RKPwN4ZpM7g","0","0","0","0"
"7/27/2026 4:43 pm","188187514534378_1593943202093103","Facebook","Post","Photo","MacArthur Foundation","https://www.facebook.com/805236477630450/posts/1593943202093103","The Resilient Chicago Fund (RCF) recently awarded $5.5 million to 17 nonprofit organizations to lead projects that will test new ways to deliver essential benefits and services.

Grants range from $100,000 to $500,000 and aim to improve the coordination of services across government agencies and providers.","https://www.facebook.com/805236477630450/posts/1593943202093103","6","6","0","0"
"7/27/2026 3:04 pm","222712320927404_122304477026216507","Facebook","Post","Video","The Urban Center","https://www.facebook.com/122209075502216507/posts/122304477026216507","Who Sent Ya? An Urban Center Podcast. Episode 3 ""Rise of the Extremists"" Part 2. LIVE NOW. ","https://www.iheart.com/podcast/1333-who-sent-ya-339427325/episode/rise-of-the-extremist-pt-2-339544880","0","0","0","0"
"7/27/2026 2:18 pm","188187514534378_1593871608766929","Facebook","Post","Photo","MacArthur Foundation","https://www.facebook.com/805236477630450/posts/1593871608766929","“In the past year, philanthropists have been forced to ask what we do when the ground shifts beneath us, and the crisis in our home communities touches every aspect of life.”

Drawing on experiences from Minneapolis, Chicago, and Los Angeles, our President, John Palfrey, joins McKnight Foundation's Tonya Allen and California Community Foundation's Miguel A. Santana to reflect on what it takes to protect and prepare communities, defend democracy, and stay ready for the next fight.

Read their five lessons for an era of disruption at Stanford Social Innovation Review ⬇️
https://bit.ly/44WizvY","https://www.facebook.com/photo.php?fbid=1593871508766939&set=a.805215204299244&type=3","14","10","1","3"
"7/27/2026 2:09 pm","196842483717237_1576049891204888","Facebook","Post","Photo","Communities In Schools of Chicago","https://www.facebook.com/681023914040828/posts/1576049891204888","It's hard to believe that school will be back in session in <1 month! We can't wait to see our students and support them in starting the school year strong.

Here are some pics from last year across our partner network:","https://www.facebook.com/681023914040828/posts/1576049891204888","1","1","0","0"
"7/27/2026 1:36 pm","232693460103788_1477635524395073","Facebook","Post","Video","A Better Chicago","https://www.facebook.com/reel/1047613311335701/","Four organizations. One shared commitment: helping more young people show up, succeed, and thrive in school.

Earlier this year, A Better Chicago launched Every Day Counts — a five-year, $10 million initiative to address chronic absenteeism in our city.

We're proud to partner with BUILD Chicago, Enlace Chicago, Illinois Action for Children, and The Alliance 98, as the first four organizations leading this work.

Watch to hear directly from these leaders about their vision for Every Day Counts and how we're tackling one of the nation’s most urgent education challenges. 

Learn more about the initiative: https://www.abetterchicago.org/chronic-absenteeism-initiative","https://www.facebook.com/reel/1047613311335701/","2","1","0","1"
"7/27/2026 12:01 pm","221488995515_1713753324086774","Facebook","Post","Photo","Advance Illinois","https://www.facebook.com/414749720653814/posts/1713753324086774","We're hiring! Advance Illinois is looking for a Director of Development to join our team. We’re seeking a strategic thinker committed to strengthening public education statewide and growing our impact. Please share with your networks and apply today: https://hubs.la/Q04qTzZY0

#JobOpportunity #development #hiring #Illinois #education
#fundraising","https://www.facebook.com/photo.php?fbid=1713753267420113&set=a.414661447329308&type=3","0","0","0","0"
"7/27/2026 10:43 am","200608886633238_1474272131407973","Facebook","Post","Link","The Joyce Foundation","https://www.facebook.com/480966400738556/posts/1474272131407973","This month's Crain's Chicago Business Forum focuses on the high stakes of the rising electricity demand in Illinois. Policymakers and power providers are scrambling to create more sources of electricity quickly. Environment Program Officer Marisol Becerra, PhD offers timely solutions for building a more resilient power system in Illinois. ⬇️","https://www.chicagobusiness.com/forum/ccb-forum-electricity-supply-adequacy-20260727/","11","8","1","2"
"7/27/2026 10:32 am","9961411679_1474864994673317","Facebook","Post","Link","City Year","https://www.facebook.com/642274284599063/posts/1474864994673317","City Year New York’s experiential learning internship is recruiting eligible students from The City University of New York (CUNY) system to serve in New York City public schools while gaining valuable professional experience and being paid through the federal work-study program.

Currently, the program serves only CUNY students, but City Year plans to expand the opportunity to other colleges and universities in the area.

The internship mirrors some aspects of the City Year AmeriCorps experience of supporting students in schools, but is intentionally designed to meet the unique needs of college students balancing academics, work and other responsibilities. https://bit.ly/4yztBVp","https://www.cityyear.org/national/stories/the-corps/a-new-way-to-serve-city-year-new-yorks-federal-work-study-internship-pilot-helps-college-students-build-skills-earn-income-and-make-an-impact/?utm_campaign=blog&utm_source=facebook&utm_medium=social&utm_content=1785166320","1","1","0","0"
"7/27/2026 9:44 am","133607023351110_1495666095923996","Facebook","Post","Link","Stand for Children Illinois","https://www.facebook.com/557328906424391/posts/1495666095923996","","https://teacherquality.nctq.org/review/standardScores/Reading-Foundations#state-IL","0","0","0","0"
"7/27/2026 9:30 am","125302627796_1503775098444844","Facebook","Post","Photo","The Chicago Community Trust","https://www.facebook.com/620686893420340/posts/1503775098444844","On August 6 @ 12:00 p.m. CDT, join this info session with Forefront introducing free, confidential support available through the Nonprofit Resilience Hub—a resource for nonprofits with operating budgets under $10M that brings together practical tools, guidance, and real-world insights to help strengthen capacity, adapt to change, and sustain impact in uncertain environments.

Partners will briefly explain the legal, financial, strategic, and prospect research services the Hub provides. Attendees will also learn how to request a consultation and receive tailored guidance for their organization’s needs.

Register: https://bit.ly/4gC98Jc","https://www.facebook.com/photo.php?fbid=1503775078444846&set=a.620627833426246&type=3","6","4","0","2"
"7/24/2026 2:36 pm","188187514534378_1591424875678269","Facebook","Post","Link","MacArthur Foundation","https://www.facebook.com/805236477630450/posts/1591424875678269","Contrary to popular belief, you do not have to be a genius to be awarded a MacArthur Fellowship.

The Foundation does not use the name “genius grant”; the media coined that nickname in 1981, when we named our first class of Fellows, and it stuck.

Visit our website to read other myths about the Fellowship! ⬇️
","https://www.macfound.org/press/commentary/five-myths-about-macarthur-genius-grants","0","0","0","0"
"7/24/2026 10:00 am","9961411679_1472310118262138","Facebook","Post","Photo","City Year","https://www.facebook.com/642274284599063/posts/1472310118262138","Apply to City Year and spend your days helping students believe in themselves. https://bit.ly/3WlV9gj","https://www.facebook.com/photo.php?fbid=1472310101595473&set=a.642264387933386&type=3","2","1","0","1"
"7/24/2026 9:28 am","125302627796_1501140002041687","Facebook","Post","Photo","The Chicago Community Trust","https://www.facebook.com/620686893420340/posts/1501140002041687","Across Illinois, a significant number of adults report delays in getting medical care—or going without it altogether—because of cost, difficulty accessing providers, and gaps in the quality of care they receive. This is a reality that continues to shape health care access and financial vulnerability for many across Chicago’s South and West Side neighborhoods.

At The Chicago Community Trust, we know that access to consistent, culturally responsive care is foundational to community well-being. The Trust is providing support to longstanding partners whose work has been essential to helping residents meet their basic health care needs. Three organizations,—Enlace Chicago, The Firehouse Dream, and Center on Halsted—are just three organizations that demonstrate how community-centered approaches can remove barriers, build trust, and respond to community needs.

Learn more: https://www.cct.org/stories/advancing-access-to-health-care-across-the-chicago-region/","https://www.facebook.com/photo.php?fbid=1501139968708357&set=a.620627833426246&type=3","4","3","0","1"
"7/24/2026 9:00 am","133607023351110_1492882976202308","Facebook","Post","Photo","Stand for Children Illinois","https://www.facebook.com/557328906424391/posts/1492882976202308","#ICYMI: Earlier this summer, a group of education leaders, including Jonathan Haidt and Dr. Adam Swinyard (Superintendent at Spokane Public Schools), met to discuss bell-to-bell, phone-free policies and how to effectively implement them. That happened shortly after Washington Governor Bob Ferguson shared his plans to prioritize a streamlined approach for away-for-the-day phone-free policies throughout the state.

Now that Illinois passed a law limiting student cell-phone use in the classroom, how do you think we should implement this in our schools? Let us know in the comments! 👇","https://www.facebook.com/photo.php?fbid=1492882929535646&set=a.476579651165984&type=3","0","0","0","0"
"7/23/2026 5:49 pm","188187514534378_1590710415749715","Facebook","Post","Photo","MacArthur Foundation","https://www.facebook.com/805236477630450/posts/1590710415749715","","https://www.facebook.com/photo.php?fbid=1500219355467085&set=a.620627833426246&type=3","4","3","1","0"
"7/23/2026 3:36 pm","188187514534378_1590650159089074","Facebook","Post","Link","MacArthur Foundation","https://www.facebook.com/805236477630450/posts/1590650159089074","July is Disability Pride Month! Inclusion is essential to all social justice approaches. 

By supporting disabled filmmakers and writers and conducting accessibility research, MacArthur grantee Inevitable Foundation is using a multi-pronged approach to close gaps that have pushed disabled creatives and stories to the margins. 

Learn more about their work ⬇️ ","https://www.macfound.org/press/grantee-stories/shifting-the-disability-narrative","1","1","0","0"
"7/23/2026 12:32 pm","188187514534378_1590549672432456","Facebook","Post","Video","MacArthur Foundation","https://www.facebook.com/805236477630450/posts/1590549672432456","","https://www.facebook.com/reel/1025266643579704/","1","1","0","0"
"7/23/2026 10:21 am","2080312231586124149","X","Post","Link","_abetterchicago","https://twitter.com/_abetterchicago/status/2080312231586124149","Thank you to the Covista Foundation for selecting us as a recipient of their new Covista Open Doors initiative, a five-year commitment to strengthening the nation's healthcare workforce.

We look forward to advancing this work together. Learn more: https://t.co/W7PwPcVhQN","","0","0","0","0"
"7/23/2026 10:20 am","232693460103788_1474106744747951","Facebook","Post","Photo","A Better Chicago","https://www.facebook.com/324620916363212/posts/1474106744747951","Thank you to the Covista Foundation for selecting A Better Chicago as a grant recipient through its new Covista Open Doors initiative, a five-year commitment to strengthening the nation's healthcare workforce.
 
This investment reflects the belief that expanding opportunity starts early by helping young people access the education and support they need to pursue meaningful pathways.

We look forward to advancing this work together. Read more about the investment and initiative here: https://www.chicagobusiness.com/health-care/ccb-covista-healthcare-education-philantropy-20260713/","https://www.facebook.com/photo.php?fbid=1474106661414626&set=a.321187470039890&type=3","1","0","0","1"
"7/23/2026 10:20 am","133607023351110_1492031152954157","Facebook","Post","Photo","Stand for Children Illinois","https://www.facebook.com/557328906424391/posts/1492031152954157","Are you interested in joining our Illinois Early Literacy Coalition? Join our monthly coalition meeting next week! ⬇️","https://www.facebook.com/photo.php?fbid=1041911998340264&set=a.183670200831119&type=3","0","0","0","0"
"7/23/2026 8:56 am","9961411679_1471395865020230","Facebook","Post","Video","City Year","https://www.facebook.com/reel/1058979426575145/","Take a moment for yourself this summer; refresh, recharge, and get inspired to shine even brighter!","https://www.facebook.com/reel/1058979426575145/","1","1","0","0"
"7/23/2026 7:55 am","125302627796_1500219378800416","Facebook","Post","Photo","The Chicago Community Trust","https://www.facebook.com/620686893420340/posts/1500219378800416","Today, the Resilient Chicago Fund (RCF) announced $5.5 million in grants to 17 nonprofit-led projects strengthening the Chicago region's safety net. These grants back teams testing better ways to deliver essential services—so residents across Chicago and Cook County can stay connected to food, housing, healthcare, and safety services.

""Philanthropy can move quickly, take smart risks, and stand alongside nonprofits and government to help good ideas take root,"" said Trust President & CEO Andrea Sáenz.

“We can do better for those who rely on benefits and those who deliver them. Through these grants, we hope to design new models for long-term solutions,"" said RCF Executive Director Daniel Tollefson. 

A pooled fund housed at The Chicago Community Trust and co-chaired by the MacArthur Foundation, RCF is backed by a coalition of philanthropic partners committed to moving beyond crisis response toward lasting solutions.

Learn more: https://www.cct.org/press-releases/new-fund-grants-5-5-million-to-develop-innovative-solutions-for-food-housing-healthcare-and-safety-services/","https://www.facebook.com/photo.php?fbid=1500219355467085&set=a.620627833426246&type=3","15","13","0","2"
"7/22/2026 4:43 pm","355075968400258_1452983636939226","Facebook","Post","Photo","Children First Fund","https://www.facebook.com/295295272708074/posts/1452983636939226","Thank you to Bridgestone Americas for awarding Children First Fund a grant to expand adaptive sports programming across Chicago Public Schools!

With this support, we are breaking down barriers to athletic participation and ensuring students with disabilities across CPS have the dedicated equipment and programming they need to thrive. Every student deserves a rightful presence and the opportunity to participate fully, both on and off the field.

We are proud to partner with Bridgestone to advance equitable access for youth sports nationwide! Read the full announcement below.

🔗 https://www.bridgestoneamericas.com/en/newsroom/press-releases/2026/bridgestone-awards-adaptive-sports-grants#","https://www.facebook.com/photo.php?fbid=1452986110272312&set=a.290035466567388&type=3","1","0","0","1"
"7/22/2026 3:39 pm","188187514534378_1589869279167162","Facebook","Post","Photo","MacArthur Foundation","https://www.facebook.com/805236477630450/posts/1589869279167162","Almost everyone will need or provide care during their lives.

Caring Across Generations' campaign for 1 Million Care Conversations encourages people to have necessary conversations about what care looks like.

As part of the campaign, the organization supported the film, ""Take Me Home,"" which tells the story of two sisters navigating a complex web of caregiving needs after a Florida heat wave disrupts the delicate balance of their family.

Ai-jen Poo, 2014 #MacFellow and Executive Director of Caring Across Generations, and Lydia Storie were executive producers of the film, among others.","https://www.facebook.com/photo.php?fbid=1589869262500497&set=a.805215204299244&type=3","5","4","1","0"
"7/22/2026 3:37 pm","9961411679_1470819318411218","Facebook","Post","Link","City Year","https://www.facebook.com/642274284599063/posts/1470819318411218","Many education nonprofits and school districts struggle with how to share timely, relevant student data safely, accurately, and without undue burden on either side. A new essay by Ed Analytics argues that a new data infrastructure could provide a welcome solution.

“Student data allows us to monitor progress, identify areas of need, and make informed decisions that maximize our impact in schools. When data is accurate and accessible, we can better collaborate with school partners, adjust interventions, and celebrate student growth throughout the year.” ~Chenera Ash, City Year Columbia Impact Director.

https://bit.ly/4fpFc0F","https://www.cityyear.org/national/stories/our-impact/building-shared-data-infrastructure-for-school-based-nonprofits/?utm_campaign=Meet+City+Year+Blogs&utm_source=facebook&utm_medium=social&utm_content=1784752620","0","0","0","0"
"7/22/2026 11:35 am","188187514534378_1589729865847770","Facebook","Post","Link","MacArthur Foundation","https://www.facebook.com/805236477630450/posts/1589729865847770","""Across the peace and security field, leaders are actively developing new visions, strategies, and collaborations to respond to this moment.""

In a new Perspective, our President, John Palfrey, introduces our Peace Program to strengthen the peace and security ecosystem, creating new opportunities amid rising global challenges.

Read more of his thoughts ⬇️
","https://www.macfound.org/press/perspectives/reimagining-peace-introducing-a-peace-program?utm_campaign=p-peace-support-program-launch-7-26&utm_source=facebook&utm_medium=social","7","5","1","1"
"7/22/2026 10:00 am","232693460103788_1473235724835053","Facebook","Post","Photo","A Better Chicago","https://www.facebook.com/324620916363212/posts/1473235724835053","""This partnership carries real meaning for our team. All of us come from Little Village, some of us walked these school halls ourselves, and now we get to help open doors for the students who walk them today… We don't take that responsibility lightly.” — David Rojas Jr., Founder & CEO of The Alliance 98 (TA98)

The Alliance 98, our new partner through the Every Day Counts initiative, is dedicated to combating unemployment and underemployment among young adults ages 16 to 24. Serving Chicago's West and South Sides, the organization equips youth with vital career readiness skills, mentorship, and direct access to employers.

By helping students stay connected to school while preparing for the workforce, this partnership will create more pathways for young people to thrive.","https://www.facebook.com/photo.php?fbid=1473235708168388&set=a.321187470039890&type=3","2","1","0","1"
"7/22/2026 10:00 am","2079944561858932933","X","Post","Photo","_abetterchicago","https://twitter.com/_abetterchicago/status/2079944561858932933","""This partnership carries real meaning for our team. All of us come from Little Village, some of us walked these school halls ourselves, and now we get to help open doors for the students who walk them today.” — David Rojas Jr., Founder &amp; CEO of @thealliance98 (TA98) https://t.co/OSOegAWsXS","","0","0","0","0"
"7/22/2026 9:26 am","188187514534378_1589646729189417","Facebook","Post","Video","MacArthur Foundation","https://www.facebook.com/reel/1568282454991944/","Last month, supporters, partners, funders, friends, and senior leaders in the field of Community Violence Intervention (CVI) gathered to celebrate 10 years of progress, innovation, and leadership!

In addition to interactive experiences that celebrate creativity, resilience, and the collective effort to build peace in Chicago, the event featured a panel discussion about learnings from the past decade with CVI leaders from Chicago CRED, Metropolitan Peace Initiatives, Partnership for Safe and Peaceful Communities (PSPC), and Institute for Nonviolence Chicago.

Watch the recap! ⬇️","https://www.facebook.com/reel/1568282454991944/","10","9","0","1"
"7/22/2026 9:22 am","125302627796_1499454805543540","Facebook","Post","Photo","The Chicago Community Trust","https://www.facebook.com/620686893420340/posts/1499454805543540","Anna Truong, a Learning & Impact intern at The Chicago Community Trust, is a first-generation college student and now a recent graduate. Over the past year, she explored life after college through her senior thesis, ""I'm Grateful that I Had a First-Gen Experience: A Qualitative Study on the Strengths of First-Generation Professionals."" 

Her research informed a recent opinion piece she co-authored with Trust President & CEO Andrea Sáenz.  What do they want us to know? Chicago's untapped treasure is our first-generation professionals. 

Andrea noted: ""When I learned about Anna's research about first-generation professionals, I realized that, together, we were onto something worth sharing. We all benefit from building stronger, more direct pathways into professional careers for all Chicagoans.""

Read their full piece in the Chicago Tribune: https://www.chicagotribune.com/2026/07/20/opinion-chicago-first-generation-business-professionals/?share=pwtsrtpipsntofneoctr","https://www.facebook.com/photo.php?fbid=1499454772210210&set=a.620627833426246&type=3","13","10","1","2"
"7/22/2026 8:00 am","221488995515_1707390194723087","Facebook","Post","Photo","Advance Illinois","https://www.facebook.com/414749720653814/posts/1707390194723087","The NEW Illinois Education Watch: Federal Education Policy Tracker helps Illinoisans understand federal changes affecting education and care, what's changing, why it matters, and key opportunities ahead to support every child and student. https://ilfededwatch.org/

#EducationWatch #FederalEducation #IllinoisEducation","https://www.facebook.com/photo.php?fbid=1707389284723178&set=a.414661447329308&type=3","0","0","0","0"
"7/21/2026 4:11 pm","196842483717237_1571055141704363","Facebook","Post","Photo","Communities In Schools of Chicago","https://www.facebook.com/681023914040828/posts/1571055141704363","𝗬𝗼𝘂𝘁𝗵 𝘃𝗼𝗶𝗰𝗲 𝗮𝗻𝗱 𝗲𝗻𝗴𝗮𝗴𝗲𝗺𝗲𝗻𝘁 𝗮𝗿𝗲 𝗰𝗿𝗶𝘁𝗶𝗰𝗮𝗹 𝘁𝗼 𝘃𝗶𝗼𝗹𝗲𝗻𝗰𝗲 𝗽𝗿𝗲𝘃𝗲𝗻𝘁𝗶𝗼𝗻. 

CIS is proud to co-sponsor Do the Write Thing, a writing challenge that uplifts student voice and amplifies young people's ideas on the causes and solutions to violence in our community.

This year's Do the Write Thing Chicago ambassador, seventh grader Damiya Myers, had the opportunity to let her voice be heard at the Do the Write Thing National Summit last week. 

Damiya visited Washington, D.C., for the Summit, convened with other Do the Write Thing ambassadors, toured historical monuments, met with legislators, and had her written piece bound in the Library of Congress.

We couldn't be prouder of Damiya! And are thrilled we had a chance to attend the Summit, too -- shout-out to our Chief Partnership Engagement Officer Robin Koelsch!","https://www.facebook.com/681023914040828/posts/1571055141704363","3","3","0","0"
"7/21/2026 3:17 pm","1720771904827240_1468894798609429","Facebook","Post","Video","Kids First Chicago","https://www.facebook.com/reel/3592454304240554/","Was that K1C at the farm? Sure was.

It was a true boots-on-the-ground kind of day as we rolled up our sleeves and volunteered at @starfarmchicago . After a rewarding morning of getting our hands dirty, we enjoyed lunch at their Fresh Market, prepared by Chef Omar.

We can’t wait to come back and taste the fresh herbs growing in the garden bed we helped prepare! 😋","https://www.facebook.com/reel/3592454304240554/","4","4","0","0"
"7/21/2026 3:00 pm","221488995515_1708146474647459","Facebook","Post","Photo","Advance Illinois","https://www.facebook.com/414749720653814/posts/1708146474647459","📣 Illinoisans: Your Education Story Matters

We’re collecting personal stories from people across Illinois about how federal education policies have shaped your or your family’s access to and experience in education — from early childhood programs through college and beyond.

Whether it’s Head Start, IDEA, Title I, Pell Grants, FAFSA, school nutrition programs, or other federal initiatives — we want to hear how these policies have impacted real lives, not just statistics.

✅ You can share anonymously
✅ All experiences welcome — positive, challenging, or somewhere in between

Share your story here: https://hubs.ly/Q04q2VNK0

Your voice can help illuminate the real impact of federal education policy in Illinois. Thank you for contributing to this important conversation!
#education #policy #storiesofimpact","https://www.facebook.com/photo.php?fbid=1708146447980795&set=a.414661447329308&type=3","0","0","0","0"
"7/21/2026 2:09 pm","188187514534378_1589026155918141","Facebook","Post","Link","MacArthur Foundation","https://www.facebook.com/805236477630450/posts/1589026155918141","After six years as chief conductor, #MacFellow Marin Alsop is departing Ravinia Festival.

In addition to overseeing the reemergence of the Chicago Symphony's regular concerts post-pandemic, she also piloted Breaking Barriers, an annual festival featuring leading women in classical music and other fields where they are underrepresented. 

Subscribers can read more about her legacy at the Chicago Tribune ⬇️
","https://www.chicagotribune.com/2026/07/15/marin-alsop-ravinia/","1","0","1","0"
"7/21/2026 11:50 am","9961411679_1469870571839426","Facebook","Post","Video","City Year","https://www.facebook.com/reel/1810907300075221/","Celebrating the incredible impact our City Year #studentsuccess coaches make every day; inspiring growth, learning, and brighter futures!","https://www.facebook.com/reel/1810907300075221/","4","4","0","0"
"7/21/2026 10:00 am","232693460103788_1472405251584767","Facebook","Post","Photo","A Better Chicago","https://www.facebook.com/324620916363212/posts/1472405251584767","“We know that when children attend school regularly, they are better positioned to thrive academically and socially,” — April Janney, CEO of Illinois Action for Children

We are proud to announce our partnership with Illinois Action for Children (IAFC) through our Every Day Counts initiative.

IAFC believes every child deserves the opportunity to succeed. By working alongside families and communities, they identify the challenges students face and develop practical, community-driven solutions.

Our investment will allow IAFC to strengthen schools' ability to identify and respond to chronic absenteeism by connecting families with the resources they need and removing barriers to attendance.","https://www.facebook.com/photo.php?fbid=1472405221584770&set=a.321187470039890&type=3","4","3","0","1"
"7/21/2026 10:00 am","2079582175591371068","X","Post","Photo","_abetterchicago","https://twitter.com/_abetterchicago/status/2079582175591371068","“We know that when children attend school regularly, they are better positioned to thrive academically and socially,” — April Janney, CEO of Illinois Action for Children

We are proud to announce our partnership with @IAFC_Cares through our Every Day Counts initiative. https://t.co/LpYCKv1vLE","","1","1","0","0"
"7/21/2026 9:00 am","133607023351110_1490201576470448","Facebook","Post","Photo","Stand for Children Illinois","https://www.facebook.com/557328906424391/posts/1490201576470448","Meet our student fellow, Kailani! 👩‍🏫📚

Kailani is a recent high school graduate who took advantage of the CTE and Dual Credit courses offered at her high school. By connecting with her school's career center and teachers, she was able to explore career options and discovered her love for working with children. She's excited to become an advocate for CTE and Dual Credit courses as she has seen the positive impact these resources have on students like her!

Learn more about our fellowship: https://stand.org/illinois/our-stories/do-high-schoolers-feel-prepared-for-life-after-graduation/","https://www.facebook.com/photo.php?fbid=1490201496470456&set=a.476579651165984&type=3","2","1","1","0"
"7/21/2026 8:05 am","125302627796_1498578208964533","Facebook","Post","Photo","The Chicago Community Trust","https://www.facebook.com/620686893420340/posts/1498578208964533","Ten years ago, philanthropy came together around a shared goal: support community-led solutions to reduce gun violence and build safer neighborhoods across Chicago. Since then, the Partnership for Safe and Peaceful Communities - PSPC has grown into a coalition of more than 50 funders working alongside residents, community organizations, public agencies, and civic leaders to strengthen neighborhoods through violence prevention, healing and opportunity. 

Its multi-part approach has taken shape through a range of complementary strategies, including street outreach, support services and jobs; police reform and community relations; gun policy; and community-based investments. PSPC has supported efforts such as Communities Partnering for Peace (CP4P), led by Metropolitan Peace Initiatives and provided hyperlocal, rapid-response investments through the Chicago Fund for Safe and Peaceful Communities while collaborating with partners across the violence prevention ecosystem, including Chicago CRED. Together, these approaches help illustrate how layered strategies have contributed to citywide progress.

Learn more: https://www.cct.org/stories/a-decade-of-partnership-and-a-path-forward-for-safer-communities-partnership-for-safe-and-peaceful-communities-commemorates-10-years-of-collaboration/","https://www.facebook.com/photo.php?fbid=1498578178964536&set=a.620627833426246&type=3","1","0","0","1"
"7/21/2026 8:01 am","221488995515_1707830404679066","Facebook","Post","Photo","Advance Illinois","https://www.facebook.com/414749720653814/posts/1707830404679066","As our #PublicUniversityProud series continues, Governors State University Ed.D. candidate Chastinee McNeil reflects on how the university's diversity mirrors the different perspectives of the students it serves and not only fosters connections but also inspires them to become leaders in the communities they're proud to call home. https://hubs.la/Q04q36cS0

As Illinois works to transform its approach to funding its public universities with SB13/HB1581, Chastinee's story highlights the critical role higher education plays and the intentional ways universities support students' success. Learn more: https://hubs.la/Q04q36H-0

#transformILhighered","https://www.facebook.com/photo.php?fbid=1707830304679076&set=a.414661447329308&type=3","5","2","2","1"
"7/20/2026 4:18 pm","196842483717237_1570152061794671","Facebook","Post","Photo","Communities In Schools of Chicago","https://www.facebook.com/681023914040828/posts/1570152061794671","Last week, we had the pleasure of hosting CIS United Way Quad Cities, a new CIS licensed partner along the Mississippi River in Iowa and Illinois, for in-person and virtual sessions. It was a wonderful few days of meeting with CIS colleagues, hosting them in our community, and sharing best practices!

Communities In Schools United Way Quad Cities","https://www.facebook.com/photo.php?fbid=1570151991794678&set=a.594004809409406&type=3","3","3","0","0"
"7/20/2026 11:27 am","188187514534378_1588124629341627","Facebook","Post","Photo","MacArthur Foundation","https://www.facebook.com/805236477630450/posts/1588124629341627","Our Celebrating Disabilities Affinity Group (CDAG) recently hosted a conversation with Sandy Ho, Executive Director of the Disability & Philanthropy Forum, about disability activist and #MacFellow Alice Wong's memoir, ""Year of the Tiger.""

Sandy, who was a close friend of Alice, joined staff to discuss Alice's activism, wisdom, and insights, as well as her own work in disability justice and philanthropy. 

Special thanks to our CDAG Affinity Group and leadership team, including Kelsey Ganser, Briana Cox, and Ada Gomero.","https://www.facebook.com/photo.php?fbid=1588124596008297&set=a.805215204299244&type=3","14","11","3","0"
"7/20/2026 11:00 am","221488995515_1706878471440926","Facebook","Post","Photo","Advance Illinois","https://www.facebook.com/414749720653814/posts/1706878471440926","We're hiring! Advance Illinois is looking for a Director of Development to join our team. We’re seeking a strategic thinker committed to strengthening public education statewide and growing our impact. Please share with your networks and apply today: https://hubs.la/Q04p_yPn0

#JobOpportunity #development #hiring #Illinois #education
#fundraising","https://www.facebook.com/photo.php?fbid=1706878394774267&set=a.414661447329308&type=3","0","0","0","0"
"7/20/2026 10:21 am","133607023351110_1489341333223139","Facebook","Post","Link","Stand for Children Illinois","https://www.facebook.com/557328906424391/posts/1489341333223139","","https://www.edweek.org/teaching-learning/more-teacher-preparation-programs-follow-the-science-of-reading-but-some-still-lag/2026/06","0","0","0","0"
"7/20/2026 10:19 am","9961411679_1468964595263357","Facebook","Post","Link","City Year","https://www.facebook.com/642274284599063/posts/1468964595263357","Ready for your next adventure? See what awaits you at the start of your City Year journey with our essential guide! https://bit.ly/3WJGTMV","https://www.cityyear.org/national/stories/the-corps/what-to-expect-at-the-start-of-city-year-service/","3","2","0","1"
"7/20/2026 9:32 am","2079212916977393859","X","Post","Photo","_abetterchicago","https://twitter.com/_abetterchicago/status/2079212916977393859","“This investment allows us to reduce barriers that too often prevent Latino families from fully accessing the opportunities and resources they deserve” — Marcela Rodriguez, Executive Director, Enlace

We are proud to partner with @EnlaceChicago through Every Day Counts. https://t.co/CaGtb5jOOs","","0","0","0","0"
"7/20/2026 9:31 am","232693460103788_1471549608336998","Facebook","Post","Photo","A Better Chicago","https://www.facebook.com/324620916363212/posts/1471549608336998","“This investment allows us to reduce barriers that too often prevent Latino families from fully accessing the opportunities and resources they deserve,” — Marcela Rodriguez, Executive Director of Enlace

We are proud to announce our partnership with Enlace Chicago through our Every Day Counts initiative.

Based in Chicago's Little Village neighborhood, Enlace provides culturally responsive programming aimed at fostering a safe, healthy, and thriving environment. They convene community partners and build the capacity of local stakeholders to address systemic inequities and expand economic and social opportunity.

With support from Every Day Counts, Enlace will embed clinical mental health services for students and their caregivers. We believe expanding access to resources can help students stay engaged in school while strengthening family stability.","https://www.facebook.com/photo.php?fbid=1471549471670345&set=a.321187470039890&type=3","1","1","0","0"
"7/20/2026 9:07 am","125302627796_1497758525713168","Facebook","Post","Photo","The Chicago Community Trust","https://www.facebook.com/620686893420340/posts/1497758525713168","The Chicago Community Trust launched the Community & Civic Leadership funding program to support established leadership development programs and organizations with a proven track record of cultivating leaders and expanding economic opportunity for Chicagoans. For decades, the Trust has invested in organizations that develop leaders capable of strengthening communities and advancing lasting change. 

In this Q&A, Collective Power Program Manager Adrianna Parker-Lang and Policy Change Specialist Jalen Preacely discuss why leadership development matters and the lasting change this program aims to support: https://www.cct.org/stories/developing-leaders-strengthening-communities/","https://www.facebook.com/photo.php?fbid=1497758499046504&set=a.620627833426246&type=3","5","4","0","1"
"7/17/2026 12:16 pm","2078166999142695253","X","Post","Photo","_abetterchicago","https://twitter.com/_abetterchicago/status/2078166999142695253","“Every day, we see how relationships help students show up, stay engaged, and feel they truly belong. Together, we are strengthening whole-family support and helping more young people be present and thrive, because every day counts.” — Bradly Johnson, CEO of @BUILDChicago https://t.co/lAwmkX98IE","","2","1","0","1"
"7/17/2026 12:14 pm","232693460103788_1469169655241660","Facebook","Post","Photo","A Better Chicago","https://www.facebook.com/324620916363212/posts/1469169655241660","“Every day, we see how relationships help students show up, stay engaged, and feel they truly belong. Together, we are strengthening whole-family support and helping more young people be present and thrive, because every day counts.” — Bradly Johnson, CEO of BUILD

Serving Chicago's West Side, BUILD Chicago  is a nationally recognized gang intervention, violence prevention, and youth development organization, and a new partner through our Every Day Counts initiative. 

Through Every Day Counts, BUILD will address the deeper causes of chronic absenteeism by expanding their Violence Prevention Village model of surrounding young people with familiar and caring adults before crises take root.

Their approach recognizes that consistent attendance is built by helping young people feel safe, connected, and supported both in and out of school.","https://www.facebook.com/photo.php?fbid=1469169551908337&set=a.321187470039890&type=3","6","2","0","4"
"7/17/2026 11:36 am","221488995515_1704235858371854","Facebook","Post","Photo","Advance Illinois","https://www.facebook.com/414749720653814/posts/1704235858371854","","https://www.facebook.com/photo.php?fbid=1438837471615537&set=a.267713178727978&type=3","0","0","0","0"
"7/17/2026 11:36 am","221488995515_1704235471705226","Facebook","Post","Link","Advance Illinois","https://www.facebook.com/414749720653814/posts/1704235471705226","Last week, a bill package that would codify most of the Department of Education's interagency agreements into law was introduced. If passed, the package would make the changes the Department has made to its responsibilities permanent.

The bills would shift statutory responsibility and decision-making authority for numerous programs, including the administration of Title I grants and the $1.7 trillion federal student loan portfolio, to other cabinet departments. 
 
https://www.edweek.org/policy-politics/new-gop-bills-would-permanently-shift-ed-dept-programs-to-other-agencies/2026/07? 

#fedactions #congress #education","https://hubs.la/Q04pVxTt0","0","0","0","0"
"7/17/2026 11:28 am","222712320927404_122303022698216507","Facebook","Post","Link","The Urban Center","https://www.facebook.com/122209075502216507/posts/122303022698216507","Urban Center CEO Juan Rangel said the nonprofit is surveying candidates, but won’t make significant contributions until closer to Election Day. The group plans to invest strategically in the most contested districts.
“Unfortunately, there’s a political reality … We are looking for candidates that are willing to take on the challenge of going toe to toe with (CTU),” Rangel said. ","https://www.chicagotribune.com/2026/07/16/chicago-school-board-race-campaign-donations/","3","1","0","2"
"7/17/2026 10:01 am","133607023351110_1486725850151354","Facebook","Post","Video","Stand for Children Illinois","https://www.facebook.com/reel/1338625021721790/","It's #WorldEmojiDay! 😜🎉 Add your favorite education emoji in the comments ⬇️","https://www.facebook.com/reel/1338625021721790/","1","1","0","0"
"7/17/2026 10:00 am","9961411679_1466487495511067","Facebook","Post","Photo","City Year","https://www.facebook.com/642274284599063/posts/1466487495511067","Math problem:

Built in friends + a strong support system x heavy impact = City Year

https://bit.ly/3WlV9gj","https://www.facebook.com/photo.php?fbid=1466487472177736&set=a.642264387933386&type=3","0","0","0","0"
"7/17/2026 9:43 am","125302627796_1495301445958876","Facebook","Post","Photo","The Chicago Community Trust","https://www.facebook.com/620686893420340/posts/1495301445958876","Illinois is gaining momentum around guaranteed income as a practical way to help families weather financial instability, reduce stress, and build a stronger foundation during critical moments. With millions of Americans living in poverty and families facing rising costs, direct cash support offers a flexible tool for promoting dignity, stability and opportunity.

In this piece, the Trust's Torrence Gardner reflects on personal experiences, Dr. Martin Luther King Jr.’s call for economic security, and the growing evidence behind guaranteed income programs. He highlights Cook County’s pilot, which helped participants reduce debt and stress while reinvesting millions into local businesses, and points to Illinois NEST, a proposed program that would provide direct cash support to Medicaid-eligible mothers during pregnancy and a child’s first months of life.

Read: https://www.cct.org/stories/a-stronger-start-for-illinois-families/","https://www.facebook.com/photo.php?fbid=1495301432625544&set=a.620627833426246&type=3","4","4","0","0"
"7/17/2026 8:56 am","222712320927404_122303006342216507","Facebook","Post","Link","The Urban Center","https://www.facebook.com/122209075502216507/posts/122303006342216507","LIVE NOW! Urban Center's newest podcast episode, ""Rise of the Extremists"" part 2. Check it out on your favorite podcast platforms. ","https://www.spreaker.com/episode/the-rise-of-the-extremists-part-2--73017441","0","0","0","0"
"7/16/2026 5:11 pm","100765022373940_1007383488589086","Facebook","Post","Photo","Hope Chicago","https://www.facebook.com/235486975778745/posts/1007383488589086","Today at the City Club of Chicago, we celebrated the first graduating 🎓 class of Hope Scholars and Hope Parent Scholars, and the proof of what's possible when opportunity reaches the talent already present in Chicago's neighborhoods.

We are incredibly proud of those scholars who took the stage to share their stories. From Melanie's pursuit of community health, to Prodigy's perseverance, to Guillermo rewriting his story alongside his children, and to Nafisat's reminder of the great potential and talent within us all. As special guest speaker, Leader State Representative Kam Buckner shared, ""When you challenge assumptions and give young people the opportunity to fly, they soar."" 

Thank you to the City Club of Chicago and to the many education, business, philanthropic, and civic leaders who joined us, including Chicago Public Schools, Noble Schools, Leader Robyn Gabel for State Representative, Rep. Dr. Mike Crawford, Wintrust, First Women's Bank, Chicago State University, the Southern Illinois University System, and The University of Illinois System. 

#HopeLivesHere in Illinois, and today was a powerful reminder of what's possible when we take action to remove barriers, rethink outdated systems, and deliver opportunity to the extraordinary talent within our communities.","https://www.facebook.com/235486975778745/posts/1007383488589086","7","6","0","1"
"7/16/2026 2:35 pm","188187514534378_1585087096312047","Facebook","Post","Photo","MacArthur Foundation","https://www.facebook.com/805236477630450/posts/1585087096312047","In June, our LGBTQ+ Affinity Group invited staff to celebrate Pride at the 55th Annual Chicago Pride Parade.

This year’s theme, Free to Be Proud, was a reminder that Pride began as, and continues to be, a movement for equality.

Check out some highlights below👇","https://www.facebook.com/805236477630450/posts/1585087096312047","19","17","2","0"
"7/16/2026 12:14 pm","221488995515_1703297058465734","Facebook","Post","Photo","Advance Illinois","https://www.facebook.com/414749720653814/posts/1703297058465734","","https://www.facebook.com/photo.php?fbid=1321172523521203&set=a.165335572438243&type=3","0","0","0","0"
"7/16/2026 9:00 am","133607023351110_1485779786912627","Facebook","Post","Photo","Stand for Children Illinois","https://www.facebook.com/557328906424391/posts/1485779786912627","Meet our student fellow, Travon! ❄️🔥

Travon began considering a career in HVAC after his barber mentioned it was a stable career. He was connected to his school’s career days, CTE classes, and eventually joined a community organization, Developing Our Youth. Now, he is working to get his certification and is looking forward to pursuing this career!

Learn more about our fellowship: https://stand.org/illinois/our-stories/do-high-schoolers-feel-prepared-for-life-after-graduation/","https://www.facebook.com/photo.php?fbid=1485779716912634&set=a.476579651165984&type=3","1","1","0","0"
"7/16/2026 8:30 am","9961411679_1465557872270696","Facebook","Post","Video","City Year","https://www.facebook.com/reel/1596435398535664/","Take a pause, gain real-world experience, and discover your passion with a #gapyear. Your future starts with the choices you make today! Learn more via the link in our bio!","https://www.facebook.com/reel/1596435398535664/","2","2","0","0"
"7/16/2026 7:55 am","125302627796_1494359632719724","Facebook","Post","Video","The Chicago Community Trust","https://www.facebook.com/reel/2001715510372057/","For nearly three decades, Imagine Englewood If... has been a cornerstone of community development and youth engagement in Chicago's Englewood neighborhood. Through environmental stewardship, workforce development, arts programming, mentoring, and neighborhood revitalization, the organization has helped create a safer, healthier community while expanding opportunities for residents. Its leadership in developing the Englewood Peace Campus reflects a long-term commitment to community healing, transforming vacant land into a destination for wellness, education, workforce development, and violence prevention rooted in resident leadership and community ownership.
 
The Chicago Fund for Safe and Peaceful Communities supported Imagine Englewood If from 2017 to 2021, during a period of growth in the organization's violence prevention and community development work. Since then, Imagine Englewood If has expanded well beyond the Chicago Fund's eligibility guidelines, a reflection of its sustained growth, organizational strength, and lasting impact in Englewood.

Learn more: https://www.youtube.com/watch?v=Texnr6P5rTM&t=5s","https://www.facebook.com/reel/2001715510372057/","2","1","0","1"
"7/15/2026 12:34 pm","188187514534378_1584187083068715","Facebook","Post","Link","MacArthur Foundation","https://www.facebook.com/805236477630450/posts/1584187083068715","","https://time.com/article/2026/07/14/in-defense-of-reading-books/","5","5","0","0"
"7/15/2026 12:05 pm","9961411679_1464806159012534","Facebook","Post","Link","City Year","https://www.facebook.com/642274284599063/posts/1464806159012534","Unlock your leadership potential with essential soft skills developed through City Year service: communication, adaptability, teamwork, and problem-solving. Learn more for your future: https://bit.ly/3WiDh5O","https://www.cityyear.org/national/stories/benefits-resources/top-3-soft-skills-employers-want-you-to-have/","1","0","0","1"
"7/15/2026 11:32 am","133607023351110_1484975396993066","Facebook","Post","Photo","Stand for Children Illinois","https://www.facebook.com/557328906424391/posts/1484975396993066","","https://www.facebook.com/photo.php?fbid=1035552322309565&set=a.183670200831119&type=3","1","1","0","0"
"7/15/2026 11:29 am","188187514534378_1584144813072942","Facebook","Post","Video","MacArthur Foundation","https://www.facebook.com/805236477630450/posts/1584144813072942","2011 #MacFellow Jeanne Gang is an architect challenging the aesthetic and technical possibilities of the art form in a wide range of structures.

Learn more about her new exhibit, ""Flyway City: Architecture for a Flourishing Ecosystem"" ⬇️","https://www.facebook.com/reel/1503692041440969/","2","1","1","0"
"7/15/2026 11:01 am","188187514534378_1584125283074895","Facebook","Post","Photo","MacArthur Foundation","https://www.facebook.com/805236477630450/posts/1584125283074895","Philanthropic leaders, public sector partners, Community Violence Intervention (CVI) practitioners, and other community stakeholders recently gathered to celebrate 10 Years of CVI!

CVI leaders Arne Duncan of Chicago CRED, Esther Franco-Payne of Partnership for Safe and Peaceful Communities - PSPC, Teny Gross of Institute for Nonviolence Chicago, and Vaughn Bryant of Metropolitan Peace Initiatives spoke about learnings from the past decade in a panel moderated by Laura Washington of the Chicago Tribune.

The event also featured a maker's mart, art installations, and interactive experiences that celebrate creativity, resilience, and the collective effort to build peace in Chicago.

Check out a few highlights ⬇️","https://www.facebook.com/805236477630450/posts/1584125283074895","23","19","1","3"
"7/15/2026 10:49 am","2077420242423160959","X","Post","Photo","_abetterchicago","https://twitter.com/_abetterchicago/status/2077420242423160959","Earlier this year, we launched Every Day Counts, our $10 million city-wide initiative to reduce chronic absenteeism in Chicago.

We're proud to announce the first four organizations selected to receive funding: BUILD, Enlace, Illinois Action for Children, and TA98. https://t.co/oFh3ASlWE3","","0","0","0","0"
"7/15/2026 10:42 am","232693460103788_1467353035423322","Facebook","Post","Photo","A Better Chicago","https://www.facebook.com/324620916363212/posts/1467353035423322","Earlier this year, A Better Chicago launched Every Day Counts, our $10 million city-wide initiative to reduce chronic absenteeism in Chicago.
 
Today, we're proud to announce the first four organizations selected to receive funding: BUILD Chicago, Enlace Chicago, Illinois Action for Children, and The Alliance 98.

We look forward to partnering with these organizations to create meaningful change across the city.

And thank you to every community-based organization and nonprofit that submitted proposals. Your ideas reflect the commitment and creativity needed to help more young people show up and succeed.

To learn more about our Chronic Absenteeism work visit: 
https://www.abetterchicago.org/chronic-absenteeism-initiative","https://www.facebook.com/324620916363212/posts/1467353035423322","7","3","0","4"
"7/15/2026 10:01 am","125302627796_1493548456134175","Facebook","Post","Photo","The Chicago Community Trust","https://www.facebook.com/620686893420340/posts/1493548456134175","Looking for fall #internships? The Chicago Community Trust is welcoming applicants from a wide range of academic backgrounds to apply for available internships across several departments within the Trust.

Are you a student or recent graduate looking for a chance to gain new skills and connections that may propel your career forward? We want to hear from you!

Apply by July 24, 2026: 
https://www.cct.org/about/careers/

Questions? 
internships@cct.org","https://www.facebook.com/photo.php?fbid=1493548422800845&set=a.620627833426246&type=3","8","4","2","2"
"7/15/2026 8:58 am","196842483717237_1565648692245008","Facebook","Post","Photo","Communities In Schools of Chicago","https://www.facebook.com/681023914040828/posts/1565648692245008","Thanks to The Northern Trust Foundation in partnership with the Robert R. McCormick Foundation, our team is able to deepen our support of Chicago's students this coming school year! 

Because of this partnership, CIS of Chicago is able to ensure that in select schools, young people have a trained mental health professional supporting them directly. 

We appreciate their investment in CIS and our shared commitment to empowering young people to achieve in school and in life.","https://www.facebook.com/photo.php?fbid=1565648568911687&set=a.594004809409406&type=3","1","1","0","0"
"7/14/2026 7:21 pm","222712320927404_122302658426216507","Facebook","Post","Link","The Urban Center","https://www.facebook.com/122209075502216507/posts/122302658426216507","The independent Chicago Board of Elections voted to remove five school board candidates from the ballot upholding the challenges to their petitions that had faulty signatures. 

“But Bobby Sylvester, Urban Center’s vice president, noted that CTU used the same tactic in 2024, knocking a dozen candidates off the ballot.

“We want to make sure that there’s a level playing field for candidates, and that includes the election rules and laws,” Sylvester told the Tribune last month. “There’s got to be one standard for everybody.”

","https://www.chicagotribune.com/2026/07/14/five-chicago-school-board-races-uncontensted/","1","0","1","0"
"7/14/2026 1:07 pm","221488995515_1701435321985241","Facebook","Post","Photo","Advance Illinois","https://www.facebook.com/414749720653814/posts/1701435321985241","📣 Illinoisans: Your Education Story Matters

We’re collecting personal stories from people across Illinois about how federal education policies have shaped your or your family’s access to and experience in education — from early childhood programs through college and beyond.

Whether it’s Head Start, IDEA, Title I, Pell Grants, FAFSA, school nutrition programs, or other federal initiatives — we want to hear how these policies have impacted real lives, not just statistics.

✅ You can share anonymously
✅ All experiences welcome — positive, challenging, or somewhere in between

Share your story here: https://hubs.la/Q04pw1Ng0

Your voice can help illuminate the real impact of federal education policy in Illinois. Thank you for contributing to this important conversation!
#education #policy #storiesofimpact","https://www.facebook.com/photo.php?fbid=1701435295318577&set=a.414661447329308&type=3","0","0","0","0"
"7/14/2026 11:31 am","9961411679_1463919459101204","Facebook","Post","Video","City Year","https://www.facebook.com/reel/2224127068367175/","Discover why everyone’s talking about City Year; check out the link in our bio!","https://www.facebook.com/reel/2224127068367175/","2","2","0","0"
"7/14/2026 10:52 am","188187514534378_1583279853159438","Facebook","Post","Video","MacArthur Foundation","https://www.facebook.com/reel/2130510827495583/","In 2025, Chicago experienced its lowest homicide rate in six decades and saw a nearly 50 percent decline in shootings since 2021. We can create conditions for change and peace in our communities. 

Our President, John Palfrey, recently joined leaders in government, healthcare, journalism, business, and the Community Violence Intervention (CVI) community at the City Club of Chicago forum to discuss how philanthropy and public-private partnerships have fostered public safety solutions that serve as a model for the nation.

The conversation, which featured panelists Grace Hou, Philip Rojc, Esther Franco-Payne, Curtis Reed Jr., and Fatimah Loren Dreier, explored the impact of evidence-based, community-driven efforts on reducing gun violence in Chicago.

Learn more about our support for CVI organizations ⬇️
https://www.macfound.org/press/grantee-news/chicago-fund-10-years-of-supporting-programs-to-strengthen-communities","https://www.facebook.com/reel/2130510827495583/","12","10","0","2"
"7/14/2026 9:58 am","125302627796_1492677669554587","Facebook","Post","Video","The Chicago Community Trust","https://www.facebook.com/reel/1591804912562209/","“This is a beacon of light for our neighborhood.” That’s how one resident described the Aspire Center opening on Juneteenth. 

In Episode #26 of Trust Talks, Great Cities Institute researcher and planner Katherine Faydash shares what she heard from residents across Chicago’s South and West sides. Their stories showed how new community investments can bring pride, possibility, and a stronger sense of belonging—from the Aspire Center to murals, local businesses, urban farms, and workforce programs.

Explore: 🔗 https://www.cct.org/stories/trust-talks-the-podcast-episode-26-building-opportunity-block-by-block/","https://www.facebook.com/reel/1591804912562209/","0","0","0","0"
"7/14/2026 9:00 am","133607023351110_1483943553762917","Facebook","Post","Photo","Stand for Children Illinois","https://www.facebook.com/557328906424391/posts/1483943553762917","We made new stickers for education advocates! 🤩 Screenshot, save, and send these stickers to your group chat 💬

#Education #Advocacy #Stickers","https://www.facebook.com/photo.php?fbid=1483943513762921&set=a.476579651165984&type=3","1","0","0","1"
"7/13/2026 8:12 pm","222712320927404_122302524632216507","Facebook","Post","Photo","The Urban Center","https://www.facebook.com/122209075502216507/posts/122302524632216507","CTU once claimed it wanted an independent, non-mayoral controlled school board. Flip-flop to today, here’s the CTU/Brandon Johnson slate to keep schools in Johnson’s grip & kids held hostage in under-performing schools. Here’s who NOT to vote for in November.","https://www.facebook.com/photo.php?fbid=122302527638216507&set=a.122102655386216507&type=3","2","1","1","0"
"7/13/2026 4:39 pm","222712320927404_122302503716216507","Facebook","Post","Link","The Urban Center","https://www.facebook.com/122209075502216507/posts/122302503716216507","As a career politician, Congressman Jesus “Chuy”García spent 40 years running against the machine. Turns out he was just waiting to inherit it. ","https://www.chicagotribune.com/2026/07/12/chuy-garcia-opponents-ballot-challenges/","0","0","0","0"
"7/13/2026 1:05 pm","222712320927404_122302469804216507","Facebook","Post","Link","The Urban Center","https://www.facebook.com/122209075502216507/posts/122302469804216507","If you can't collect enough valid signatures from your own neighbors, you don't have your community's support. That's not corruption. That's democracy working exactly as designed. Bobby Sylvester sets the record straight on Fox 32: 

","https://x.com/theurban_center/status/2076729035703390562","0","0","0","0"
"7/13/2026 1:00 pm","125302627796_1491962569626097","Facebook","Post","Photo","The Chicago Community Trust","https://www.facebook.com/620686893420340/posts/1491962569626097","Trust President & CEO Andrea Sáenz joined Trust colleagues Renetta McCann, Tracy Baim, Clothilde Ewing, Lindy McGuire, and Taylor Moore on a visit to True Star Foundation hosted by True Star’s co-founders DeAnna Sherman and Na-Tae’ Thompson.

Andrea noted: ""As I left, I kept thinking about a question we ask often in Chicago: How do we keep talented young people here, and how do we prepare them for industries that are evolving before our eyes? True Star has been answering that question for two decades: Give young people real responsibility. Trust them with meaningful work. Let them build professional skills while creating work that reaches real audiences. The South and West sides have never lacked talent. What they need are institutions willing to invest in that talent and treat young people as contributors, not just participants...

The Chicago Community Trust, including through Press Forward Chicago, is proud to support True Star’s work. Seeing it firsthand reinforced what’s possible when philanthropy invests in organizations that combine opportunity, creativity, and high expectations.""

Chicago's young people are telling their own stories, and millions are listening. Learn more about True Star: https://truestarmedia.org/","https://www.facebook.com/photo.php?fbid=1491962542959433&set=a.620627833426246&type=3","4","3","1","0"
"7/13/2026 11:52 am","355075968400258_1445028941068029","Facebook","Post","Photo","Children First Fund","https://www.facebook.com/295295272708074/posts/1445028941068029","This July marks 30 years since Children First Fund was established as the official foundation for Chicago Public Schools! ✨

As we reach this milestone, we are incredibly grateful to the philanthropic, corporate, and civic partners who have united with us over three decades to drive innovation and deliver targeted investments directly into our classrooms.

To match the vibrant potential of the students we serve, CFF is moving toward our future with a refreshed visual identity.

Our new look is a reflection of our deep, unwavering commitment to student success, a distinct Chicago footprint, and a constant presence within the educational landscape.

As we look ahead, we are excited to expand our partnerships to support continued growth in the areas of academic success, student engagement and support, and college and career pathways.

Explore our fresh look and see how you can partner with us on our newly updated website: https://childrenfirstfund.org/

#ChildrenFirstFund #BrandLaunch #Anniversary #ChicagoPublicSchools #CorporatePhilanthropy #EducationEquity #ChicagoYouth #PublicPrivatePartnerships","https://www.facebook.com/photo.php?fbid=1445028841068039&set=a.290035466567388&type=3","1","1","0","0"
"7/13/2026 11:00 am","221488995515_1700442852084488","Facebook","Post","Photo","Advance Illinois","https://www.facebook.com/414749720653814/posts/1700442852084488","We're hiring! Advance Illinois is looking for a Director of Development to join our team. We’re seeking a strategic thinker committed to strengthening public education statewide and growing our impact. Please share with your networks and apply today: https://hubs.la/Q04pjZND0

#JobOpportunity #development #hiring #Illinois #education
#fundraising","https://www.facebook.com/photo.php?fbid=1700442828751157&set=a.414661447329308&type=3","0","0","0","0"
"7/13/2026 10:30 am","232693460103788_1465620245596601","Facebook","Post","Photo","A Better Chicago","https://www.facebook.com/324620916363212/posts/1465620245596601","There’s nothing like summertime in Chicago and Chicago HOPES for Kids’ programming is in full swing!

We love seeing programs rooted in the arts, innovation, and STEM. Here’s a quick highlight of this season.","https://www.facebook.com/324620916363212/posts/1465620245596601","0","0","0","0"
"7/13/2026 10:02 am","125302627796_1491846629637691","Facebook","Post","Photo","The Chicago Community Trust","https://www.facebook.com/620686893420340/posts/1491846629637691","For Jeanette, financial health is about second chances and building a future on her own terms. After facing rejection in the job market following incarceration, she stayed persistent and found opportunity through Cara Chicago and a career with the Chicago Transit Authority. That stability opened the door to homeownership and a stronger future for her family, proof that one “yes” can change everything. 

Financial health is about whether people can meet every day needs, manage debt, handle unexpected challenges, and plan for the future. The Financial Health Pulse® 2025 Chicago Trends Report takes a closer look at how residents across Cook County are spending, saving, borrowing, and planning, revealing both progress and persistent disparities across communities. This research shows that financial health shapes the choices people have in their daily lives—from housing to education to long-term stability. These stories bring that data to life.

https://www.cct.org/research-and-reports/financial-health-pulse-2025-chicago-trends-report/","https://www.facebook.com/620686893420340/posts/1491846629637691","1","1","0","0"
"7/13/2026 10:00 am","133607023351110_1483116867178919","Facebook","Post","Photo","Stand for Children Illinois","https://www.facebook.com/557328906424391/posts/1483116867178919","Meet our student fellow, Dulce! 🩺

Dulce moved to Illinois during her freshman year in high school. Her new school quickly began supporting her with CTE & dual credit classes, connecting her with resources to create a plan for after graduation. Now, she is looking forward to graduating and pursuing a job as a radiology nurse.

Thank you to IL HOSA for helping Dulce discover a career in the medical field!

Learn more about our summer fellowship: https://stand.org/illinois/our-stories/do-high-schoolers-feel-prepared-for-life-after-graduation/","https://www.facebook.com/photo.php?fbid=1483116790512260&set=a.476579651165984&type=3","1","1","0","0"
"7/13/2026 9:37 am","355075968400258_1867130207580629","Facebook","Post","Photo","Children First Fund","https://www.facebook.com/295295272708074/posts/1867130207580629?substory_index=1867130207580629","","https://www.facebook.com/chifirstfund","0","0","0","0"
"7/10/2026 7:53 pm","222712320927404_122302047146216507","Facebook","Post","Link","The Urban Center","https://www.facebook.com/122209075502216507/posts/122302047146216507","","https://www.chicagotribune.com/2026/07/10/editorial-brandon-johnson-city-council-budget-head-tax-shortfall/?utm_campaign=mrf-facebook-chicagotribune&utm_source=facebook&utm_medium=social&mrfcid=202607106a50f2b7ac66c043780fb2e2","1","1","0","0"
"7/10/2026 10:00 am","9961411679_1460393202787163","Facebook","Post","Photo","City Year","https://www.facebook.com/642274284599063/posts/1460393202787163","Want to make a difference but don’t know where to start? Start with City Year. https://bit.ly/3WlV9gj","https://www.facebook.com/photo.php?fbid=1460393179453832&set=a.642264387933386&type=3","2","2","0","0"
"7/10/2026 9:20 am","125302627796_1489337756555245","Facebook","Post","Video","The Chicago Community Trust","https://www.facebook.com/reel/1265965648823327/","They planted the seed in 2020, and five years later, communities transformed.  

In Episode #26 of Trust Talks, Brenda Palms, President and CEO of the North Lawndale Employment Network, describes the fulfillment and pride she gets from driving around and seeing new construction in neighborhoods. She said it showed residents what was possible with collective support and resources from The Chicago Community Trust and We Rise Together: For an Equitable & Just Recovery.  

Explore: 🔗 https://www.cct.org/stories/trust-talks-the-podcast-episode-26-building-opportunity-block-by-block/","https://www.facebook.com/reel/1265965648823327/","3","3","0","0"
"7/10/2026 8:01 am","133607023351110_1480422430781696","Facebook","Post","Video","Stand for Children Illinois","https://www.facebook.com/reel/2079756412749931/","Still trying to decide whether IL should opt in or out of the Federal Tax Credit Scholarship Program? Hear what the critics have to say about this program! 🤔 https://youtu.be/1gxTNr6BX5Q","https://www.facebook.com/reel/2079756412749931/","0","0","0","0"
"7/9/2026 9:55 pm","222712320927404_122301922238216507","Facebook","Post","Photo","The Urban Center","https://www.facebook.com/122209075502216507/posts/122301922238216507","For CTU and Stacy Davis Gates who are used to playing hardball machine politics, let’s grab our tiny little fiddle. Oh dang, where did we put it? I think we lost it in their tweet’s monstrously large pit of hypocrisy. Spare us the gaslighting.","https://www.facebook.com/222580699913092/posts/1459172909587192","3","2","1","0"
"7/9/2026 1:46 pm","222712320927404_122301881576216507","Facebook","Post","Link","The Urban Center","https://www.facebook.com/122209075502216507/posts/122301881576216507","Your neighborhood matters. Your family matters. Your voice matters.

If you’re tired of politics that never seem to improve life in your community, you’re not alone. The Urban Center newsletter keeps you informed about what’s happening across Chicago, upcoming neighborhood meetings, and practical ways to get involved in making our city safer, stronger, and full of opportunity.

Join your neighbors. Stay informed. Be part of the solution.

Sign up today.  ","https://theurbancenter.org/get-involved/","0","0","0","0"
"7/9/2026 10:26 am","222712320927404_122301860852216507","Facebook","Post","Link","The Urban Center","https://www.facebook.com/122209075502216507/posts/122301860852216507","Chicago Doesn’t Need a Revolution. It Needs Results.
Chicago families don't need a revolution. They need a City Hall that listens and delivers safer neighborhoods, affordable living, stronger schools, and real results.
","https://www.chicagotribune.com/2026/07/09/editorial-mayor-brandon-johnson-says-chicagoans-want-a-revolution-how-about-competence-mr-mayor/?utm_campaign=mrf-twitter-chitribopinions&utm_source=twitter&utm_medium=social&mrfcid=202607096a4d7e7c6983165d2052bec9","4","2","2","0"
"7/9/2026 10:10 am","133607023351110_1479635227527083","Facebook","Post","Video","Stand for Children Illinois","https://www.facebook.com/557328906424391/posts/1479635227527083","What baby name would you use?? 😄

Are you interested in joining this fun group of literacy advocates? Sign up for our IL Early Literacy Coalition email list and come to our monthly meetings! 🔗 https://act.stand.org/a/join-illinois-early-literacy-coalition?sourceid=1134184","https://www.facebook.com/reel/1310011071215475/","0","0","0","0"
"7/9/2026 8:34 am","9961411679_1459508042875679","Facebook","Post","Link","City Year","https://www.facebook.com/642274284599063/posts/1459508042875679","“At City Year, I learned to lead with compassion, integrity, and thoughtfulness, and I will carry those skills with me to medical school and beyond.”

Join us as we spotlight Nina Prakesh, who just finished a year of service at City Year New York and is now off to Columbia Medical School in the fall.  https://bit.ly/4aLwTuG

Our ""Meet City Year"" is a new mini-series that highlights our corps, staff and alums across the country, showing different aspects of our work, our short- and long-term impact, and our commitment to helping young people fulfil their potential.","https://www.cityyear.org/stories/our-impact/meet-city-year-spotlight-on-city-year-new-yorks-nina-prakesh/","3","2","1","0"
"7/8/2026 1:31 pm","125302627796_1487818340040520","Facebook","Post","Video","The Chicago Community Trust","https://www.facebook.com/reel/1700955307621449/","Every Monday, 40-50 seniors head inside Back of the Yards Coffee for a free pastry and drink. 

In this episode of Trust Talks, the cafe's owner Jesse Iñiguez speaks about the importance of third spaces for youth and seniors alike. By hiring local, paying livable wages, and providing valuable resources for the neighborhood, Iñiguez creates a sense of community and belonging for everyone in the shop.  

Explore: 🔗 https://www.cct.org/stories/trust-talks-the-podcast-episode-26-building-opportunity-block-by-block/","https://www.facebook.com/reel/1700955307621449/","21","14","3","4"
"7/8/2026 1:16 pm","196842483717237_1559970922812785","Facebook","Post","Photo","Communities In Schools of Chicago","https://www.facebook.com/681023914040828/posts/1559970922812785","In the 2025-26 school year, CIS of Chicago partnered with 16 companies to provide unique career experiences for students! 

Known as 'Inspiring Futures,' these opportunities take students out of the classroom and allow them to explore work environments, meet with professionals, discuss their career goals, and learn about potential career pathways.

Shout-out to all of the organizations that hosted our students in 2025-26 and to our Manager of Corporate Relations Faith for coordinating! Here are some photos from the most recent Inspiring Futures at NBC Chicago, DLA Piper, and ComEd:","https://www.facebook.com/681023914040828/posts/1559970922812785","2","2","0","0"
"7/8/2026 12:06 pm","9961411679_1458826722943811","Facebook","Post","Link","City Year","https://www.facebook.com/642274284599063/posts/1458826722943811","A year of service can open doors you never expected. City Year New Hampshire alum Allison Woodworth and City Year Washington, DC alum Drew Mitrisin didn't set out to work in transportation policy.

Today, Allison is an Associate Transportation Planner with Caltrans, and Drew is a Senior Transportation Policy Strategist with Burns & McDonnell. Both credit their City Year experience with shaping how they approach their work and how the skills you build during a service year stay with you long after the red jacket comes off. https://bit.ly/4y8d0aX","https://service-year-alliance.shorthandstories.com/aroadlesstravelled/?utm_campaign=blog&utm_source=facebook&utm_medium=social&utm_content=1783530361","0","0","0","0"
"7/8/2026 11:20 am","222712320927404_122301696470216507","Facebook","Post","Link","The Urban Center","https://www.facebook.com/122209075502216507/posts/122301696470216507","Stay informed with The Urban Center Newsletter for straightforward analysis, local updates, and opportunities to get involved in building a safer city, better schools, accountable leadership, and stronger neighborhoods.

Real conversations. Common sense. A better Chicago.

📩 Subscribe today. https://advocacy.theurbancenter.org/welcomeletter/?","https://advocacy.theurbancenter.org/welcomeletter/","0","0","0","0"
"7/8/2026 10:00 am","232693460103788_1461357386022887","Facebook","Post","Photo","A Better Chicago","https://www.facebook.com/324620916363212/posts/1461357386022887","We’re two months away from our annual gala and fundraiser, Grape + Grain!

We’ll be returning to Theater on the Lake on September 18, 2026 for a curated dinner and live fine wines and spirit auction in support of Chicago’s youth.

If you are interested in being a sponsor for this event, learn more at: https://www.pjhchicago.com/events/abetterchicago","https://www.facebook.com/photo.php?fbid=1461357336022892&set=a.321187470039890&type=3","0","0","0","0"
"7/8/2026 10:00 am","2074871138770186380","X","Post","Photo","_abetterchicago","https://twitter.com/_abetterchicago/status/2074871138770186380","We’re two months away from our annual gala and fundraiser, Grape + Grain!

We’ll be returning to Theater on the Lake for a curated dinner and live fine wines and spirit auction.

If you are interested in being a sponsor, learn more at: https://t.co/CzezmATOVD https://t.co/KF9IZLJHaX","","0","0","0","0"
"7/8/2026 9:36 am","125302627796_1487661870056167","Facebook","Post","Link","The Chicago Community Trust","https://www.facebook.com/620686893420340/posts/1487661870056167","Chicago Public Media and The Chicago Community Trust today announced a new chapter for one of the city's most recognizable digital assets: chicago.com.

The Chicago Community Trust, the Chicago region’s community foundation, has gifted the chicago.com domain to Chicago Public Media to create a new digital home for Chicagoans–one designed to help people discover what's happening around them, connect with their communities, and participate in the life of the city. The gift reflects a shared belief that a domain as iconic as chicago.com should belong to the people who call it home.

Trust President & CEO Andrea Sáenz said: “chicago.com holds symbolic power for this city, and we’re excited to see that power put to work for the public. Alongside hyperlocal outlets across the city and suburbs, it can help build a digital hub in support of a more connected news and information ecosystem, a shared space that better equips residents to understand the issues shaping our lives, engage in civic life, and strengthen our communities.”

Learn more: https://chicago.suntimes.com/media/2026/07/08/chicago-public-media-launching-community-website-chicago-com-fall","https://chicago.suntimes.com/media/2026/07/08/chicago-public-media-launching-community-website-chicago-com-fall","8","6","1","1"
"7/8/2026 8:00 am","133607023351110_1478652094292063","Facebook","Post","Photo","Stand for Children Illinois","https://www.facebook.com/557328906424391/posts/1478652094292063","Midterm elections are later this year, but we want to know what is on your mind! Tell us in the comments ⬇️","https://www.facebook.com/photo.php?fbid=1478652044292068&set=a.476579651165984&type=3","0","0","0","0"
"7/7/2026 10:25 pm","221488995515_1695427672586006","Facebook","Post","Photo","Advance Illinois","https://www.facebook.com/414749720653814/posts/1695427672586006","","https://www.facebook.com/photo.php?fbid=1438181965014421&set=a.267713178727978&type=3","1","1","0","0"
"7/7/2026 10:22 pm","221488995515_1695425829252857","Facebook","Post","Photo","Advance Illinois","https://www.facebook.com/414749720653814/posts/1695425829252857","","https://www.facebook.com/photo.php?fbid=1318784187093370&set=a.165335572438243&type=3","0","0","0","0"
"7/7/2026 10:11 pm","221488995515_1695418742586899","Facebook","Post","Link","Advance Illinois","https://www.facebook.com/414749720653814/posts/1695418742586899","Illinois launched the Department of Early Childhood (IDEC) last week, unifying most of the state's early childhood programs under one roof to streamline processes and create a more equitable system that is easier to navigate.

Ahead of the launch, IDEC Secretary Teresa Ramos sat down with Chalkbeat to answer questions about the new agency and what it will mean for Illinois families, providers, and children.
https://hubs.la/Q04nSRKZ0

#earlychildhood #idec #ecec

#earlychildhood #idec #ecec","https://hubs.la/Q04nSxkP0","4","4","0","0"
"7/7/2026 2:08 pm","221488995515_1695101845951922","Facebook","Post","Photo","Advance Illinois","https://www.facebook.com/414749720653814/posts/1695101845951922","📣 Illinoisans: Your Education Story Matters

We’re collecting personal stories from people across Illinois about how federal education policies have shaped your or your family’s access to and experience in education — from early childhood programs through college and beyond.

Whether it’s Head Start, IDEA, Title I, Pell Grants, FAFSA, school nutrition programs, or other federal initiatives — we want to hear how these policies have impacted real lives, not just statistics.

✅ You can share anonymously
✅ All experiences welcome — positive, challenging, or somewhere in between

Share your story here: https://hubs.la/Q04nQwgJ0

Your voice can help illuminate the real impact of federal education policy in Illinois. Thank you for contributing to this important conversation!
#education #policy #storiesofimpact","https://www.facebook.com/photo.php?fbid=1695101799285260&set=a.414661447329308&type=3","0","0","0","0"
"7/7/2026 1:41 pm","188187514534378_1577836223703801","Facebook","Post","Link","MacArthur Foundation","https://www.facebook.com/805236477630450/posts/1577836223703801","""The desire for a democracy that works for everyone is not a partisan pursuit.""

The Bridgespan Group recently shared how funders can bolster their efforts to strengthen democracy by investing in pluralism.

Read some of their insights at The Nonprofit Quarterly ⬇️
","https://nonprofitquarterly.org/philanthropy-for-a-multiracial-democracy-how-investing-in-pluralism-can-open-the-aperture-for-democracy-funders/","10","8","0","2"
"7/7/2026 11:55 am","9961411679_1457928643033619","Facebook","Post","Video","City Year","https://www.facebook.com/reel/4101746260133766/","Unlock new opportunities with the skills and support you build in your year of service; get ready for your next adventure!

Learn more via the link in our bio","https://www.facebook.com/reel/4101746260133766/","10","9","0","1"
"7/7/2026 11:03 am","125302627796_1486782270144127","Facebook","Post","Photo","The Chicago Community Trust","https://www.facebook.com/620686893420340/posts/1486782270144127","ICYMI: Our latest Trust Talks podcast explores new research from UIC Great Cities Institute examining both the economic activity and community experience shaped by investments from We Rise Together: For an Equitable & Just Recovery. 

Featuring:
Maryah Phillips (Neighborhood Capital Fund at The Chicago Community Trust) 
Katherine Faydash (Great Cities Institute)
Brenda M. Palms (North Lawndale Employment Network)
Jesse Íñiguez (Back of the Yards Coffee)

Tune in: https://www.cct.org/stories/trust-talks-the-podcast-episode-26-building-opportunity-block-by-block/","https://www.facebook.com/photo.php?fbid=1486782240144130&set=a.620627833426246&type=3","3","1","1","1"
"7/7/2026 10:01 am","133607023351110_1477797661044173","Facebook","Post","Video","Stand for Children Illinois","https://www.facebook.com/reel/1082964744060755/","Still trying to decide whether IL should opt in or out of the Federal Tax Credit Scholarship Program? Hear what the critics have to say about this program! 🤔 https://youtu.be/1gxTNr6BX5Q","https://www.facebook.com/reel/1082964744060755/","2","2","0","0"
"7/6/2026 12:50 pm","9961411679_1457053146454502","Facebook","Post","Link","City Year","https://www.facebook.com/642274284599063/posts/1457053146454502","Stand out in today's competitive job market; serve with City Year and gain valuable skills that set you apart after graduation! #Education #AmeriCorps #CityYear

https://bit.ly/3R7FOzQ","https://www.cityyear.org/national/stories/the-corps/make-national-service-the-star-of-your-resume/","1","1","0","0"
"7/6/2026 11:49 am","200608886633238_1456676009834252","Facebook","Post","Link","The Joyce Foundation","https://www.facebook.com/480966400738556/posts/1456676009834252","On July 4th, the day that the nation celebrated its 250th birthday, a unique, Chicago-area news collaborative launched The Immigration Hub, a multilingual resource centering immigrants that features reporting, investigations and first-person immigrant narratives from 15 newsrooms: Block Club Chicago, Borderless Magazine, Chicago Reader, Chicago Sun-Times, Chinatown Spotlight, @Cicero Independiente, Injustice Watch, La Raza, La Voz, Lumpen Radio, ProPublica, ReparationsMedia & Change Agents Journalism Lab, South Side Weekly, The TRiiBE, and WBEZ. The Joyce Foundation is proud to be one of the Chicago-area foundations to help fund this initiative. These stories about our neighbors are valuable and this resource deserves to be widely shared. #journalism #immigration #chicago

","https://chicago.suntimes.com/immigrant-resources-news","19","15","1","3"
"7/6/2026 11:01 am","221488995515_1693913859404054","Facebook","Post","Photo","Advance Illinois","https://www.facebook.com/414749720653814/posts/1693913859404054","We're hiring! Advance Illinois is looking for a Director of Development to join our team. We’re seeking a strategic thinker committed to strengthening public education statewide and growing our impact. Please share with your networks and apply today: https://hubs.la/Q04nBV7C0

#JobOpportunity #development #hiring #Illinois #education
#fundraising","https://www.facebook.com/photo.php?fbid=1693913812737392&set=a.414661447329308&type=3","0","0","0","0"
"7/6/2026 10:30 am","133607023351110_1476838244473448","Facebook","Post","Photo","Stand for Children Illinois","https://www.facebook.com/557328906424391/posts/1476838244473448","Our Summer Student Fellowship has started! 🌞

Learn more about our work in high school success and the new students joining our work for the summer. Jonathan is a CTE student who has been supported in exploring career options before graduating high school.

Read our new blog post here: https://stand.org/illinois/our-stories/do-high-schoolers-feel-prepared-for-life-after-graduation/","https://www.facebook.com/photo.php?fbid=1476838181140121&set=a.476579651165984&type=3","1","1","0","0"
"7/6/2026 10:00 am","232693460103788_1459451442880148","Facebook","Post","Photo","A Better Chicago","https://www.facebook.com/324620916363212/posts/1459451442880148","This week, during National Summer Learning Week, we're celebrating the incredible organizations across our portfolio that help Chicago's young people learn, grow, and build pathways to economic mobility.

Learning opportunities don't stop when the school year ends. 

We're grateful for the educators and mentors who create spaces and provide programs where youth can continue to gain new skills and stay connected.

To learn more about our portfolio partners visit: www.abetterchicago.org/grantees

Photo courtesy of VOCEL","https://www.facebook.com/photo.php?fbid=1459451416213484&set=a.321187470039890&type=3","1","1","0","0"
"7/6/2026 10:00 am","2074146364288618898","X","Post","Photo","_abetterchicago","https://twitter.com/_abetterchicago/status/2074146364288618898","This week, during National Summer Learning Week, we're grateful for the educators and mentors who create spaces and provide programs where youth can continue to gain new skills and stay connected. 💙 https://t.co/OoIII36VDo","","0","0","0","0"
"7/4/2026 12:00 pm","133607023351110_1474954707995135","Facebook","Post","Photo","Stand for Children Illinois","https://www.facebook.com/557328906424391/posts/1474954707995135","For #America250, take a moment to celebrate major education wins throughout our country's history. While today we recognize pivotal and critical advancements we have made to support our country's children, we also recognize there is still much work to be done. Today and every day, we work to ensure all children—regardless of ZIP code—have access to the opportunities they need to succeed in school and in life.

To do this work, we need supporters like you. Will you share this post or tag a fellow education champion?","https://www.facebook.com/557328906424391/posts/1474954707995135","2","0","0","2"
"7/4/2026 10:49 am","188187514534378_1575095773977846","Facebook","Post","Photo","MacArthur Foundation","https://www.facebook.com/805236477630450/posts/1575095773977846","For 250 years, Americans have shown up for each other through neighbors helping neighbors, communities rallying around a cause, and foundations investing in what matters most. 

That tradition is alive and well across our nation. Explore the stories. #GenerosityBuilds  

🔗 https://www.generositybuilds.org","https://www.facebook.com/photo.php?fbid=1575095753977848&set=a.805215204299244&type=3","14","10","0","4"
"7/4/2026 7:05 am","9961411679_1454961143330369","Facebook","Post","Video","City Year","https://www.facebook.com/reel/1350204997295134/","Happy Fourth of July from City Year! Grateful for the communities we serve and the connections that bring us together.","https://www.facebook.com/reel/1350204997295134/","5","5","0","0"
"7/3/2026 10:00 am","232693460103788_1456157013209591","Facebook","Post","Link","A Better Chicago","https://www.facebook.com/324620916363212/posts/1456157013209591","As we celebrate America's 250th anniversary, we are inspired by this thoughtful op-ed from our Board Chair, Steve Beard.

Our nation was founded on the promise of a more perfect union. And with each generation, it is up to us to move that promise forward by identifying the gaps that remain and putting in the work to close them, just as labor leaders, suffragists and civil rights leaders did before us.

As Steve writes: ""Find the gap that is yours, expect the hard arguments that come with closing it, and treat them as the work itself, not a detour from it.""

Read the full piece in Crain's Chicago Business: ","https://www.chicagobusiness.com/opinion/commentary/ccb-steve-beard-covista-oped-250-anniversary-20260701/","0","0","0","0"
"7/3/2026 10:00 am","9961411679_1454171670075983","Facebook","Post","Photo","City Year","https://www.facebook.com/642274284599063/posts/1454171670075983","City Year: where you’ll learn leadership, patience, teamwork… and the difference you can make in a student's day. https://bit.ly/3WlV9gj","https://www.facebook.com/photo.php?fbid=1454171586742658&set=a.642264387933386&type=3","0","0","0","0"
"7/3/2026 10:00 am","2073059193871859949","X","Post","Link","_abetterchicago","https://twitter.com/_abetterchicago/status/2073059193871859949","""Find the gap that is yours, expect the hard arguments that come with closing it, and treat them as the work itself, not a detour from it."" -- Steve Beard, A Better Chicago Board Chair

Read the piece in @CrainsChicago: https://t.co/YBTxanaTLs","","0","0","0","0"
"7/3/2026 9:21 am","125302627796_1482986783857009","Facebook","Post","Photo","The Chicago Community Trust","https://www.facebook.com/620686893420340/posts/1482986783857009","As we mark the Fourth of July holiday, we’re celebrating something we see every day across Chicago: generosity. It shows up in communities lending a helping hand when crisis strikes, in donors supporting programs that strengthen our neighborhoods, and in nonprofits showing up every day for the people who call this city home.

At The Chicago Community Trust, we've stood with and for Chicago for over 111 years. That legacy isn't just history. It's the work we do alongside community partners, dedicated donors, and civic leaders to build a Chicago where everyone can feel financially secure, care for their families, and invest in our region's future.

This holiday, we invite you to reflect on that spirit of giving—and carry it forward. #GenerosityBuilds www.cct.org","https://www.facebook.com/photo.php?fbid=1482986760523678&set=a.620627833426246&type=3","1","1","0","0"
"7/2/2026 2:37 pm","133607023351110_1473091948181411","Facebook","Post","Photo","Stand for Children Illinois","https://www.facebook.com/557328906424391/posts/1473091948181411","","https://www.facebook.com/photo.php?fbid=1343050917935755&set=a.429111869329669&type=3","0","0","0","0"
"7/2/2026 2:12 pm","133607023351110_1473078081516131","Facebook","Post","Link","Stand for Children Illinois","https://www.facebook.com/557328906424391/posts/1473078081516131","We are excited to sponsor State Representative Carol Ammons Natural Haircare Summit! Consider attending this FREE event 👇","","0","0","0","0"
"7/2/2026 1:40 pm","221488995515_1690057613123012","Facebook","Post","Photo","Advance Illinois","https://www.facebook.com/414749720653814/posts/1690057613123012","","https://www.facebook.com/196352779398343/posts/1059970379703241","1","1","0","0"
"7/2/2026 12:14 pm","125302627796_1482193377269683","Facebook","Post","Video","The Chicago Community Trust","https://www.facebook.com/reel/1307818018050364/","JUST DROPPED: In our latest Trust Talks podcast, we explore new research from the University of Illinois Chicago’s Great Cities Institute examining both the economic activity and community experience shaped by investments from the We Rise Together: For an Equitable & Just Recovery initiative. The episode also looks ahead to the continued potential of this work through the Neighborhood Capital Fund, another collaborative initiative led the Trust, which builds on lessons learned from We Rise Together to deepen investment in community-driven development. 

This conversation is hosted by The Chicago Community Trust's Maryah Phillips (Program Manager for the Neighborhood Capital Fund) and features Katherine Faydash (Great Cities Institute), Brenda Palms (President & CEO of North Lawndale Employment Network), and Jesse Iñiguez (Founder of Back of the Yards Coffee).

Tune in: https://www.cct.org/stories/trust-talks-the-podcast-episode-26-building-opportunity-block-by-block/","https://www.facebook.com/reel/1307818018050364/","4","2","0","2"
"7/2/2026 11:47 am","188187514534378_1573380307482726","Facebook","Post","Link","MacArthur Foundation","https://www.facebook.com/805236477630450/posts/1573380307482726","Hahrie Han, political scientist and #MacFellow, recently joined The Art of Association podcast to discuss her research on belonging, civic action, and transformational community organizing. 

Speaking with host Daniel Stid, Hahrie shares how she became interested in people's motivations for engaging in civic life and what she has learned in her research.

Listen to the interview ⬇️
","https://podcasts.apple.com/us/podcast/hahrie-han-of-johns-hopkins-university-on-what-moves/id1879853689?i=1000773990300","2","1","0","1"
"7/2/2026 9:00 am","133607023351110_1472857241538215","Facebook","Post","Photo","Stand for Children Illinois","https://www.facebook.com/557328906424391/posts/1472857241538215","The midterm elections are in November, but you can begin getting ready for them now! Here is a bingo card to get you started with education advocacy 👇

Have you taken any of these actions yet?","https://www.facebook.com/photo.php?fbid=1472857178204888&set=a.476579651165984&type=3","0","0","0","0"
"7/2/2026 8:31 am","9961411679_1453144033512080","Facebook","Post","Video","City Year","https://www.facebook.com/reel/2193690498138853/","#GapYear #CityYear #Education","https://www.facebook.com/reel/2193690498138853/","4","3","0","1"
"7/2/2026 8:06 am","125302627796_1482020790620275","Facebook","Post","Photo","The Chicago Community Trust","https://www.facebook.com/620686893420340/posts/1482020790620275","Americans gave a record $617 billion to charity in 2025, according to the latest Giving USA Foundation report. That's up 3% from the year before, even after inflation. Bequests jumped nearly 17%, a reminder of how much impact a legacy gift can have on the people and causes you care about most.

Here in Chicago, we see that generosity every day in our nonprofit partners, our donors, and the community members who keep showing up for one another.

Whether you're looking to deepen your giving now or leave a legacy for the future, The Chicago Community Trust can help connect it to the people, organizations, and priorities shaping Chicago's future. Because Chicago thrives when generosity drives real progress.

Let's talk about your philanthropy: www.cct.org/philanthropy","https://www.facebook.com/photo.php?fbid=1482020773953610&set=a.620627833426246&type=3","4","3","0","1"
"7/1/2026 3:05 pm","188187514534378_1572672570886833","Facebook","Post","Photo","MacArthur Foundation","https://www.facebook.com/805236477630450/posts/1572672570886833","Last month, the Chicago Cultural Alliance (CCA) bestowed the Cultural Investment Award to the MacArthur Foundation!

Tara Magner, Director of our Chicago Commitment program, accepted the award on behalf of the Foundation at CCA's 2026 Mosaic Gala, which was held at Epiphany Center for the Arts on Chicago's West Side.

Listen to Tara speak about how we invest in people, places, and partnerships to help advance equity in Chicago ⬇️
https://www.youtube.com/watch?v=qbmmybdj8GA","https://www.facebook.com/805236477630450/posts/1572672570886833","32","24","6","2"
"7/1/2026 2:53 pm","196842483717237_1553570693452808","Facebook","Post","Photo","Communities In Schools of Chicago","https://www.facebook.com/681023914040828/posts/1553570693452808","𝗔𝗿𝘁𝘀 𝗮𝗻𝗱 𝗰𝘂𝗹𝘁𝘂𝗿𝗲 𝗳𝗶𝗲𝗹𝗱 𝘁𝗿𝗶𝗽𝘀 𝗮𝗿𝗲 𝗮 𝘁𝗼𝗽 𝗽𝗿𝗶𝗼𝗿𝗶𝘁𝘆 𝗳𝗼𝗿 𝗖𝗜𝗦 𝘀𝗰𝗵𝗼𝗼𝗹𝘀. 

Outside of getting students off campus for a bit, why are these experiences so beneficial for their learning and development? And why are teachers and school leaders requesting these more?

We chatted with our Senior Arts & Culture Partnership Specialist Katia Marzolf Borione about these opportunities in our latest story. 

Link here: https://www.cisofchicago.org/field-trips-priority/","https://www.facebook.com/681023914040828/posts/1553570693452808","0","0","0","0"
"7/1/2026 2:46 pm","221488995515_1689161536545953","Facebook","Post","Photo","Advance Illinois","https://www.facebook.com/414749720653814/posts/1689161536545953","A round of applause for the launch of the Illinois Department of Early Childhood (IDEC)! This is a historic moment for early childhood education and care in Illinois.

Following the Commission on Equitable Early Childhood Education and Care's 2021 recommendations and the signing of SB 1 into law in 2024, the unified agency will better support Illinois families and providers by creating a more equitable system that is easier to navigate while strengthening the state's ability to identify gaps, address challenges, and better serve young children.

We look forward to continued collaboration with the agency, stakeholders, and partners to support its success in transforming #ECEC. https://hubs.la/Q04ngNgc0","https://www.facebook.com/photo.php?fbid=1689161486545958&set=a.414661447329308&type=3","1","0","1","0"
"7/1/2026 2:36 pm","221488995515_1689155526546554","Facebook","Post","Photo","Advance Illinois","https://www.facebook.com/414749720653814/posts/1689155526546554","","https://www.facebook.com/122138384102866785/posts/122194206200866785","0","0","0","0"
"7/1/2026 1:06 pm","713783478485460_122179096652926733","Facebook","Post","Photo","Chicago Education Alliance","https://www.facebook.com/122160216644926733/posts/122179096652926733","Please join us in welcoming Dr. Femi Skanes to the Chicago Education Alliance as our Director of Community Engagement!

Dr. Skanes brings more than 20 years of experience as an educator, school leader, executive coach, and consultant dedicated to strengthening schools, developing leaders, and building meaningful partnerships among educators, families, and communities.

Throughout her career—from serving as a classroom teacher and principal to founding Leadership EDGE, LLC—Dr. Skanes has helped organizations cultivate leadership, advance equity, and improve outcomes for students. Her passion for collaboration and community engagement makes her an outstanding addition to the Alliance as we work alongside partners across Chicago to help shape the future of public education.

We are thrilled to welcome Dr. Skanes to our team and look forward to the leadership, insight, and relationship-building she will bring as we continue advancing the Chicago Education Action Agenda.

Welcome, Dr. Skanes!","https://www.facebook.com/photo.php?fbid=122179096484926733&set=a.122160109298926733&type=3","11","6","2","3"
"7/1/2026 12:32 pm","125302627796_1481345610687793","Facebook","Post","Photo","The Chicago Community Trust","https://www.facebook.com/620686893420340/posts/1481345610687793","For Sonia, financial health means relief and the ability to build a future for her children in the neighborhood she has always called home. After facing rising rent and limited savings, she took a leap—seeking out homebuyer education, improving her finances, and staying committed to her goal. Today, as a first-time homeowner on Chicago’s West Side, her mortgage is more affordable, her time with her children is protected, and she’s creating lasting security for the next generation.

Financial health is about whether people can meet every day needs, manage debt, handle unexpected challenges, and plan for the future. The Financial Health Pulse® 2025 Chicago Trends Report takes a closer look at how residents across Cook County are spending, saving, borrowing, and planning, revealing both progress and persistent disparities across communities. This research shows that financial health shapes the choices people have in their daily lives—from housing to education to long-term stability. These stories bring that data to life.

https://www.cct.org/research-and-reports/financial-health-pulse-2025-chicago-trends-report/","https://www.facebook.com/620686893420340/posts/1481345610687793","2","2","0","0"
"7/1/2026 11:47 am","188187514534378_1572557037565053","Facebook","Post","Link","MacArthur Foundation","https://www.facebook.com/805236477630450/posts/1572557037565053","With 10 years of work to safely reduce jail populations and advance equity, the communities participating in the Safety and Justice Challenge (SJC) have a wealth of lessons, challenges, and successes to help other jurisdictions that face similar issues.

Urban Institute has combined information from people directly involved with local criminal justice systems with analysis by the CUNY Institute for State & Local Governance analysis to produce 26 SJC case studies.  

Explore their learnings ⬇️
","https://www.macfound.org/press/grantee-publications/case-studies-from-10-years-of-the-safety-and-justice-challenge?utm_campaign=gp-cj-10-years-of-safety-and-justice-6-26&utm_source=facebook&utm_medium=social","0","0","0","0"
"7/1/2026 11:33 am","2072357963734684018","X","Post","Photo","ILRaiseYourHand","https://twitter.com/ILRaiseYourHand/status/2072357963734684018","As Pride Month comes to a close, we honor and celebrate the LGBTQ+ community—their voices, experiences, resilience, and contributions.
Pride is a reminder of the importance of creating spaces where everyone feels seen, valued, respected, and safe to be themselves. 🏳️‍🌈�#PrideMonth https://t.co/cDPV5OTkqE","","1","1","0","0"
"7/1/2026 11:27 am","9961411679_1452401190253031","Facebook","Post","Link","City Year","https://www.facebook.com/642274284599063/posts/1452401190253031","From “I hate math” to “I can do this.” When students have agency, and a caring adult in their corner, everything changes.  #StudentSuccess
","https://bit.ly/4uoB8Da","3","3","0","0"
"7/1/2026 11:21 am","221488995515_1688994796562627","Facebook","Post","Photo","Advance Illinois","https://www.facebook.com/414749720653814/posts/1688994796562627","📣 Illinoisans: Your Education Story Matters

We’re collecting personal stories from people across Illinois about how federal education policies have shaped your or your family’s access to and experience in education — from early childhood programs through college and beyond.

Whether it’s Head Start, IDEA, Title I, Pell Grants, FAFSA, school nutrition programs, or other federal initiatives — we want to hear how these policies have impacted real lives, not just statistics.

✅ You can share anonymously
✅ All experiences welcome — positive, challenging, or somewhere in between

Share your story here: https://hubs.la/Q04ngK1J0

Your voice can help illuminate the real impact of federal education policy in Illinois. Thank you for contributing to this important conversation!
#education #policy #storiesofimpact","https://www.facebook.com/photo.php?fbid=1688994746562632&set=a.414661447329308&type=3","0","0","0","0"
"7/1/2026 11:11 am","221488995515_1688987546563352","Facebook","Post","Link","Advance Illinois","https://www.facebook.com/414749720653814/posts/1688987546563352","The Supreme Court ruled today that laws or regulations banning transgender women and girls from participating in sports based on their sex do not violate Title IX of the Civil Rights Act or the 14th Amendment’s Equal Protection Clause. 

Nearly 30 states with such laws are now able to prevent trans students of all ages from participating in ways that align with their gender identity — even when they have undergone hormonal or medical transition.

The ruling does not mean that states like Illinois, which allows trans athletes to compete based on their gender identity, must impose restrictions on transgender students’ participation in sports.

https://hubs.la/Q04nghgN0 

#fedactions","https://hubs.la/Q04nghgN0","0","0","0","0"
"7/1/2026 11:08 am","809795299116133_1463369982489848","Facebook","Post","Photo","IL Raise Your Hand","https://www.facebook.com/443559341137589/posts/1463369982489848","As Pride Month comes to a close, we honor and celebrate the LGBTQ+ community—their voices, experiences, resilience, and contributions.
Pride is a reminder of the importance of creating spaces where everyone feels seen, valued, respected, and safe to be themselves. We recognize the ongoing work toward equity and inclusion and stand with those continuing to advocate for dignity and opportunity for all.
Happy Pride Month 🏳️‍🌈�#PrideMonth #CelebratePride #Community #Inclusion #Equity","https://www.facebook.com/photo.php?fbid=1463368815823298&set=a.369996138493910&type=3","5","4","0","1"
"7/1/2026 10:00 am","232693460103788_1454811933344099","Facebook","Post","Photo","A Better Chicago","https://www.facebook.com/324620916363212/posts/1454811933344099","Last month, Chicago Scholars, an A Better Chicago portfolio organization, welcomed its Class of 2031 cohort during its annual New Scholar Orientation (NSO).

Each year, we're inspired to see hundreds of new scholars celebrated as they begin their journey with the program.

Congratulations to the newest class. We can't wait to see all that you'll accomplish.

Learn more about Chicago Scholars and their work at www.ChicagoScholars.org.","https://www.facebook.com/324620916363212/posts/1454811933344099","2","2","0","0"
"7/1/2026 10:00 am","2072334416328724690","X","Post","Photo","_abetterchicago","https://twitter.com/_abetterchicago/status/2072334416328724690","Last month, @ChicagoScholars welcomed its Class of 2031 cohort during its annual New Scholar Orientation (NSO).

Congratulations to the newest class. We can't wait to see all that you'll accomplish.

Learn more about Chicago Scholars and their work at https://t.co/Xr95MBPZpi. https://t.co/1YitOmZ54d","","0","0","0","0"
"7/1/2026 9:52 am","133607023351110_1471947928295813","Facebook","Post","Link","Stand for Children Illinois","https://www.facebook.com/557328906424391/posts/1471947928295813","","https://www.scholastic.com/parents/books-and-reading/book-lists-and-recommendations/summer-reading-list-for-ages-3-to-5.html","0","0","0","0"
"6/30/2026 2:02 pm","188187514534378_1571773477643409","Facebook","Post","Link","MacArthur Foundation","https://www.facebook.com/805236477630450/posts/1571773477643409","Congratulations to the 79th Street Renaissance Festival on being recognized with the MacArthur Foundation 2026 Creative Places Award at the Chicago Neighborhood Development Awards!

Since 2005, the Festival has lit up Auburn Gresham with a celebration of the neighborhood’s culture, creativity, and aspirations.

Learn more about the Festival's history and impact ⬇️
","https://www.macfound.org/press/grantee-news/twenty-years-of-the-79th-street-renaissance-festival-as-a-cultural-destination?utm_campaign=gn-cc-20-years-of-the-79th-street-renaissance-festival-6-26&utm_source=facebook&utm_medium=social","5","5","0","0"
"6/30/2026 12:50 pm","133607023351110_1471029261721013","Facebook","Post","Video","Stand for Children Illinois","https://www.facebook.com/reel/27811733348422294/","It's #NationalSocialMediaDay, meet the team behind all of our Stand for Children social channels! Show us some love in the comments 👇

#SocialMediaDay #SocialMedia","https://www.facebook.com/reel/27811733348422294/","2","2","0","0"
"6/30/2026 11:31 am","9961411679_1451419133684570","Facebook","Post","Video","City Year","https://www.facebook.com/reel/1759622492047697/","Inspiring the next generation, there’s no better way to spend your year than making a difference in young lives. #oneyear #gapyear #impact","https://www.facebook.com/reel/1759622492047697/","6","5","0","1"
"6/30/2026 11:05 am","188187514534378_1571657130988377","Facebook","Post","Link","MacArthur Foundation","https://www.facebook.com/805236477630450/posts/1571657130988377","“This is America. People pitching in, offering a meal, caring for one another, sharing solidarity.”

Our President, John Palfrey, with Tonya Allen of McKnight Foundation and Deepak Bhargava of Freedom Together Foundation, writes that The Courage Project has shown the kind of country America can be.

Courage is contagious: in all 50 states, Puerto Rico, and Washington, DC, people are changing their communities for the better and inspiring others to act, too. 

Read the full story in The Chronicle of Philanthropy ⬇️
","https://www.philanthropy.com/opinion/what-funding-everyday-acts-of-courage-taught-us-about-america/","0","0","0","0"
"6/30/2026 11:04 am","221488995515_1687982246663882","Facebook","Post","Photo","Advance Illinois","https://www.facebook.com/414749720653814/posts/1687982246663882","We're hiring! Advance Illinois is looking for a Director of Development to join our team. We’re seeking a strategic thinker committed to strengthening public education statewide and growing our impact. Please share with your networks and apply today: https://hubs.la/Q04n4hzH0

#JobOpportunity #development #hiring #Illinois #education
#fundraising","https://www.facebook.com/photo.php?fbid=1687982213330552&set=a.414661447329308&type=3","0","0","0","0"
"6/30/2026 8:20 am","125302627796_1480232720799082","Facebook","Post","Photo","The Chicago Community Trust","https://www.facebook.com/620686893420340/posts/1480232720799082","In October 2025, The Chicago Community Trust celebrated the culmination of We Rise Together: For an Equitable & Just Recovery, a five-year initiative supporting resilience and revitalization in underinvested South and West Side neighborhoods.

This work, in partnership with community leaders and fueled by donor support, is generating momentum – both through increased economic activity and the greater sense of hope residents feel about their communities. Moving forward, We Rise Together has set the stage for continued investment in Chicago’s underinvested communities and the people who make them thrive through its next iteration: Neighborhood Capital Fund.

See how the work continues: https://www.cct.org/stories/community-visions-brought-to-life/","https://www.facebook.com/photo.php?fbid=1480232684132419&set=a.620627833426246&type=3","8","7","1","0"
"6/29/2026 3:57 pm","221488995515_1687219910073449","Facebook","Post","Photo","Advance Illinois","https://www.facebook.com/414749720653814/posts/1687219910073449","Earlier this month, our Educator Advisory Council (EAC) gathered for a day of community building, learning, and collaboration.

The council explored our work in early childhood education and care alongside our policy team as they begin planning regional community engagement projects that will bring educator voices and experiences into education policy conversations across Illinois.

Learn more about the EAC here: https://hubs.la/Q04m_yjy0","https://www.facebook.com/414749720653814/posts/1687219910073449","4","4","0","0"
"6/29/2026 2:55 pm","188187514534378_1570944947726262","Facebook","Post","Photo","MacArthur Foundation","https://www.facebook.com/805236477630450/posts/1570944947726262","🎉 Congratulations to Kathy Im on receiving the 2026 Asian American Journalists Association's Changemaker of the Year award!

Kathy, Director of our Journalism and Media program, was honored for her exceptional leadership and impactful contributions to the Asian American and Pacific Islander (AAPI) community in the journalism funding landscape.

Learn how we're working to strengthen and sustain an independent media ecosystem ⬇️
https://bit.ly/44BrXF3","https://www.facebook.com/805236477630450/posts/1570944947726262","68","59","3","6"
"6/29/2026 2:05 pm","355075968400258_1431027995801457","Facebook","Post","Photo","Children First Fund","https://www.facebook.com/295295272708074/posts/1431027995801457","We are incredibly proud to celebrate the four exceptional Chicago Public Schools seniors awarded this year’s James Dyson Foundation Innovator Scholarship! Funded by the philanthropic arm of Dyson, this one-time $2,500 award is built to empower tomorrow's creators, helping them navigate college fees as they pursue careers in technology and innovation.

We are grateful for partnering organizations that encourage students to think differently and unleash their full potential. Congratulations to our recipients, we cannot wait to see how you shape the future! 🚀

#ScholarshipImpact #JamesDysonFoundation #TechAndInnovation #STEMEducation #FutureLeaders #CFF #CPS","https://www.facebook.com/photo.php?fbid=1431027879134802&set=a.290035466567388&type=3","4","1","0","3"
"6/29/2026 1:05 pm","9961411679_1450530647106752","Facebook","Post","Link","City Year","https://www.facebook.com/642274284599063/posts/1450530647106752","One year of service can spark a whole new direction. See how one AmeriCorps member turned powerful student moments into long term purpose: https://bit.ly/3Qs5yXk","https://www.cityyear.org/boston/stories/our-impact/my-life-after-city-year/","4","2","0","2"
"6/29/2026 12:00 pm","133607023351110_1469979911825948","Facebook","Post","Link","Stand for Children Illinois","https://www.facebook.com/557328906424391/posts/1469979911825948","""We think this is one of the most impactful policies that we can pass right now"" said Jessica Handy, Executive Director of Stand for Children Illinois.

IL’s new law limiting student cell phone use during instructional time is getting more attention! The law passed, but many still have concern about what it can accomplish. Learn more here ⬇️

","https://www.northernpublicradio.org/wnij-news/2026-06-26/illinois-just-banned-cell-phones-in-schools-how-has-it-gone-for-schools-in-the-state-whove-already-banned-them","0","0","0","0"
"6/29/2026 10:24 am","125302627796_1479427074212980","Facebook","Post","Photo","The Chicago Community Trust","https://www.facebook.com/620686893420340/posts/1479427074212980","Northern Trust Careers has been a steadfast partner to The Chicago Community Trust since our founding. As a trustee bank, Northern Trust manages a significant portion of the Trust’s assets, but the relationship has always been more than financial. It is a partnership rooted in a shared commitment to the region we both call home.

We are proud to partner with Northern Trust to amplify efforts across shared priorities — combining capital, expertise, and community knowledge to expand opportunity for our neighbors.

“Our vision is for Chicago to remain a thriving, diverse metropolis, supported by a dynamic business community, excellent schools, robust healthcare systems, and vibrant cultural institutions,” says Northern Trust Chairman and CEO Michael O’Grady.

Explore: https://www.cct.org/stories/northern-trust-more-than-a-century-of-commitment-to-chicago/","https://www.facebook.com/photo.php?fbid=1479427064212981&set=a.620627833426246&type=3","3","3","0","0"
"6/29/2026 10:15 am","133607023351110_1469904268500179","Facebook","Post","Photo","Stand for Children Illinois","https://www.facebook.com/557328906424391/posts/1469904268500179","","https://www.facebook.com/566369192199172/posts/1443030344533048","0","0","0","0"
"6/29/2026 10:15 am","188187514534378_1570756091078481","Facebook","Post","Link","MacArthur Foundation","https://www.facebook.com/805236477630450/posts/1570756091078481","""Philanthropy is uniquely positioned to model a shift in the focus from technological dominance to collective human security and equity.""

In a new anthology of essays led by AIxGEO, our President, John Palfrey, reimagines the AI arms race from competition to collective responsibility and outcomes that serve the common good.

Read more of his thoughts and find the full collection of essays from AIxGEO ⬇️  
","https://www.macfound.org/press/perspectives/countering-the-ai-arms-race-lessons-from-philanthropy?utm_campaign=p-tpi-countering-AI-arms-race-6-26&utm_source=facebook&utm_medium=social","1","1","0","0"
"6/29/2026 10:01 am","133607023351110_1469893195167953","Facebook","Post","Video","Stand for Children Illinois","https://www.facebook.com/reel/3137204920002954/","Should IL opt in or opt out of the Federal Tax Credit Scholarship Program? 🤔 Check out our most recent discussion on this topic to learn from opinions on both sides! ➡️ https://youtu.be/1gxTNr6BX5Q","https://www.facebook.com/reel/3137204920002954/","0","0","0","0"
"6/29/2026 9:01 am","133607023351110_1469847741839165","Facebook","Post","Video","Stand for Children Illinois","https://www.facebook.com/reel/990281976974331/","Should IL opt in or opt out of the Federal Tax Credit Scholarship Program? 🤔 Check out our most recent discussion on this topic to learn from opinions on both sides! ➡️ https://youtu.be/1gxTNr6BX5Q","https://www.facebook.com/reel/990281976974331/","1","1","0","0"
"6/26/2026 1:53 pm","125302627796_1476882687800752","Facebook","Post","Photo","The Chicago Community Trust","https://www.facebook.com/620686893420340/posts/1476882687800752","Congratulations to the Here to Stay Community Land Trust for receiving our Outstanding Community Development Award at LISC Chicago's 2026 Chicago Neighborhood Development Awards (CNDA). The award was presented last night by the Trust's Marisa Novara.

From community planning to collaborative development, The Chicago Community Trust's CNDA award has honored the partnerships, vision, and resident leadership shaping stronger neighborhoods across the Chicago region since 2006.

Learn more about Here to Stay: https://heretostayclt.org/","https://www.facebook.com/photo.php?fbid=1476882657800755&set=a.620627833426246&type=3","19","15","3","1"
"6/26/2026 10:00 am","9961411679_1447797087380108","Facebook","Post","Photo","City Year","https://www.facebook.com/642274284599063/posts/1447797087380108","Serve with City Year and collect core memories, not just bullet points for your resume. https://bit.ly/3WlV9gj","https://www.facebook.com/photo.php?fbid=1447797050713445&set=a.642264387933386&type=3","2","2","0","0"
"6/26/2026 9:46 am","196842483717237_1548883943921483","Facebook","Post","Photo","Communities In Schools of Chicago","https://www.facebook.com/681023914040828/posts/1548883943921483","200 CIS students on the West Side participated in SEL Day this spring, led by our Senior Student Supports Manager Diamond Howard. 

SEL Day provided students with an opportunity to invest in their self-care, grow in their social and emotional skills, and connect with community organizations from across the city.

Students had access to 23 CIS community partners! And they participated in activities that rejuvenated them before the final weeks of the school year. Way to go, Diamond! And shout-out to our other CIS team members who supported SEL Day.","https://www.facebook.com/681023914040828/posts/1548883943921483","3","1","0","2"
"6/26/2026 9:39 am","125302627796_1476710681151286","Facebook","Post","Photo","The Chicago Community Trust","https://www.facebook.com/620686893420340/posts/1476710681151286","Since 2010, Austin Coming Together (ACT) has been at the heart of Austin’s revitalization, driving change through collaboration, persistence, and a shared vision for a more vibrant future. 

Those priorities came to life in 2025 with the Aspire Center for Workforce Innovation, a transformative project reflecting eight years of community consensus-building and shared effort. The center shows how collective action can turn an image of desolation into a beacon of hope – and fuel the community’s momentum to continue building the thriving, vibrant Austin they envision.

Across Chicago, hundreds of nonprofit organizations – and the people who power them – show up every day with unwavering dedication to strengthen our communities, rise to meet challenges, and support neighbors in need. 

There’s power in persistence: https://www.cct.org/stories/power-in-persistence-austin-coming-together/","https://www.facebook.com/photo.php?fbid=1476710654484622&set=a.620627833426246&type=3","3","3","0","0"
"6/26/2026 9:00 am","133607023351110_1467030182120921","Facebook","Post","Photo","Stand for Children Illinois","https://www.facebook.com/557328906424391/posts/1467030182120921","Happy #TakeYourDogToWorkDay! 🐾 Or as we call it... Friday.

Working from home means every single day is Take Your Dog to Work Day! Our ""co-workers"" might sleep on the job, steal our chairs, and bark during Zoom calls, but they are also our biggest supporters.

Share a photo of your furry remote coworker in the comments! 📸👇

#WorkingFromHome #DogLovers #WFHDogs","https://www.facebook.com/photo.php?fbid=1467030125454260&set=a.476579651165984&type=3","2","1","0","1"
"6/25/2026 7:00 pm","2070295981284012349","X","Post","Photo","_abetterchicago","https://twitter.com/_abetterchicago/status/2070295981284012349","As the final season of FX's The Bear premieres, we want to shout out our portfolio partner, @NationalLouisU, for its feature in the show's second season.

What we loved most was the reminder that education can be transformative at any stage of life! https://t.co/tsOglGkUVi","","0","0","0","0"
"6/25/2026 5:27 pm","221488995515_1683442867117820","Facebook","Post","Photo","Advance Illinois","https://www.facebook.com/414749720653814/posts/1683442867117820","","https://www.facebook.com/photo.php?fbid=1323405476635321&set=a.239871021655444&type=3","0","0","0","0"
"6/25/2026 5:18 pm","221488995515_1683438400451600","Facebook","Post","Link","Advance Illinois","https://www.facebook.com/414749720653814/posts/1683438400451600","A new report from the Department of Education’s Office of Inspector General provides a detailed account of last year’s programming and staff cuts, offering new insight into how DOGE's actions impacted the agency’s research activities.

As a result of DOGE cuts, the Institute of Education Sciences, which collects some of the nation's most comprehensive education statistics, lost 85 percent of its employees and had more than $1 billion in grant awards cancelled — hindering its ability to perform key Congressionally-mandated responsibilities.

#fedactions #education

","https://hubs.la/Q04mKWlP0","0","0","0","0"
"6/25/2026 2:00 pm","134703166559293_1421112543387052","Facebook","Post","Photo","National Equity Project","https://www.facebook.com/637149075116740/posts/1421112543387052","We are navigating a moment where the educational field is moving fast on technological solutions and slow on human capacity building. This gap is highly consequential.

If our systemic leadership lags behind technology, public education will continue to be handed a future it did not design. Our most vulnerable communities will simply inherit learning structures that have been entirely predetermined for them. Equity will not pause while leaders catch up.

Systems do not transform simply because new tools or AI architectures exist. They transform when the people inside them learn to see, decide, and lead differently.

As we look toward the future of learning, we have to ask the hard questions:

What is the true purpose of public education in the Age of AI?

Whose values, voices, and expertise are shaping these new architectures?

What must remain irreducibly human?

If we want public education to evolve toward liberation rather than be bypassed, we must invest heavily in the people, the practices, and the collective spaces that help leaders make wise, equitable choices.

Read our full reflection and join the conversation here: https://na2.hubs.ly/H06f3jr0

#FutureOfLearning #EducationalEquity #SystemicLeadership #HumanCapacity #LiberatoryDesign","https://www.facebook.com/photo.php?fbid=1421112503387056&set=a.626300639534917&type=3","0","0","0","0"
"6/25/2026 1:40 pm","221488995515_1683287730466667","Facebook","Post","Photo","Advance Illinois","https://www.facebook.com/414749720653814/posts/1683287730466667","Good news! Late last week Governor JB Pritzker released the remaining 2% of FY26 funding for #highered that was previously withheld in contingency—including about $25 million for public universities.

The absence of those funds exacerbated the fiscal pressure universities and students already face due to long-term state under-investment. It is time to adopt a state funding formula that is adequate, equitable, and stable. Great news: a compelling solution exists! (SB13/HB1581) #PassAEF #transformILHigherEd","https://www.facebook.com/photo.php?fbid=1683287693800004&set=a.414661447329308&type=3","2","1","0","1"
"6/25/2026 12:54 pm","125302627796_1475976764558011","Facebook","Post","Photo","The Chicago Community Trust","https://www.facebook.com/620686893420340/posts/1475976764558011","""At my core, I’ve always been an advocate,” says Joyce Ozeh. “Advancing accessibility, equity, and disability justice is my life’s work and purpose.”

A large part of Ozeh’s advocacy centers on expanding the financial resources available to help people with disabilities lead the lives they envision. Her participation with the Disabilities Fund at The Chicago Community Trust offers an effective way for donors like herself to help make that possible.

Share in the passion of this disability advocate: https://www.cct.org/stories/joyce-ozeh-passionate-disability-advocate/","https://www.facebook.com/photo.php?fbid=1475976741224680&set=a.620627833426246&type=3","2","2","0","0"
"6/25/2026 12:35 pm","188187514534378_1567524444734979","Facebook","Post","Photo","MacArthur Foundation","https://www.facebook.com/805236477630450/posts/1567524444734979","🥳 Congratulations to Cicero Independiente on receiving the Catalyst Award for Local News Innovation at the Next Challenge for Media and Journalism National Awards!

Cicero Independiente, a MacArthur grantee, serves Cicero and Berwyn with inclusive and bilingual news and storytelling.

The $50,000 award recognizes a groundbreaking news organization that represents a new way forward for local journalism in the United States.","https://www.facebook.com/photo.php?fbid=1567524418068315&set=a.805215204299244&type=3","13","12","0","1"
"6/25/2026 12:00 pm","232693460103788_1449427100549249","Facebook","Post","Photo","A Better Chicago","https://www.facebook.com/324620916363212/posts/1449427100549249","As the final season of FX's The Bear premieres, we want to shout out our portfolio partner, National Louis University, for its feature in the show's second season.

NLU's Kendall College of Culinary Arts and Hospitality Management was highlighted as two of the show’s characters enrolled in culinary courses to strengthen their skills and confidence as chefs.

What we loved most was the reminder that education can be transformative at any stage of life.

Photo courtesy of FX","https://www.facebook.com/photo.php?fbid=1449427077215918&set=a.321187470039890&type=3","1","1","0","0"
"6/25/2026 10:27 am","133607023351110_1466138235543449","Facebook","Post","Video","Stand for Children Illinois","https://www.facebook.com/557328906424391/posts/1466138235543449","Our Illinois Early Literacy Coalition works to improve literacy outcomes for all children in Illinois! Sign up for their email list 👇","https://www.facebook.com/reel/1024717883583071/","0","0","0","0"
"6/25/2026 9:20 am","9961411679_1446854147474402","Facebook","Post","Video","City Year","https://www.facebook.com/reel/1828670681432557/","Curious about the big questions? We're revealing everything you want to know! #serve #education","https://www.facebook.com/reel/1828670681432557/","9","8","1","0"
"6/24/2026 4:20 pm","125302627796_1474948997994121","Facebook","Post","Photo","The Chicago Community Trust","https://www.facebook.com/620686893420340/posts/1474948997994121","Through the Stay in Place pilot, The Chicago Community Trust partners with organizations like The Resurrection Project to support long-time South and West Side homeowners with resources to remain in their homes, preserve affordability, and build long-term stability. TRP's loan program provides up to $75,000 in zero-interest, forgivable loans for owners of two- to four-unit buildings who maintain affordable rents—helping prevent displacement in neighborhoods experiencing rapid change.

This week, Trust staff and partners saw that work come to fruition on a site visit to Pilsen. We toured a home supported through TRP's forgivable loan program, where the homeowner shared a moving story about what these critical repairs meant for her family, because without this program, the repairs would not have been financially possible. We then gathered at Dominican University to reflect on the visit and explore how efforts from accessible home repairs to broader anti-displacement strategies connect to help longtime residents stay, thrive, and build generational wealth.

Thank you to The Resurrection Project and Dominican University for hosting. Collaboration is at the heart of this work, and we're grateful for your partnership.","https://www.facebook.com/620686893420340/posts/1474948997994121","10","10","0","0"
"6/24/2026 2:54 pm","200608886633238_1446138670887986","Facebook","Post","Photo","The Joyce Foundation","https://www.facebook.com/480966400738556/posts/1446138670887986","We are pleased to welcome our summer intern Joslyn Jenkins to the Foundation. Joslyn was selected through the Rogers Scholars Program in Finance at The University of Chicago and will be working with our Investments team. She is a rising junior at the University of Chicago majoring in Economics with a minor in Climate and Sustainable Growth.
 
On campus, Joslyn is actively involved in student leadership and professional organizations. She serves as president of the Organization of Black Students, Vice President of Communications for BlackGen Capital investments, and Engagement Manager for Pareto Solutions Consulting, where she has led client engagements with organizations including Samsung and CME Group Financial Services.
 
A native of of Chandler, Arizona, Joslyn says was drawn to The Joyce Foundation because of the Foundation’s ability to align its investment strategy with its broader mission. Through the internship, she says she hopes to deepen her understanding of institutional investing, learn how mission-driven organizations steward capital, and explore how investment decisions can influence economic outcomes for communities across the Midwest.","https://www.facebook.com/photo.php?fbid=1446138194221367&set=a.480798664088663&type=3","13","10","2","1"
"6/24/2026 11:51 am","221488995515_1682162947245812","Facebook","Post","Link","Advance Illinois","https://www.facebook.com/414749720653814/posts/1682162947245812","After last week’s seismic changes to how the Department of Education supports students with disabilities, advocates for those same students have a clear message: “We didn’t want this.” 

The Department of Health and Human Services' new management of special education programs has the potential to undermine access to the key resources students with disabilities rely on to access public education, all while adding complexity to the administrative burden that families already face. 

https://www.chalkbeat.org/2026/06/17/parents-disability-advocates-react-to-federal-special-education-changes/

#fedactions #students #education","https://hubs.la/Q04mvn2d0","1","0","0","1"
"6/24/2026 11:51 am","188187514534378_1566660984821325","Facebook","Post","Link","MacArthur Foundation","https://www.facebook.com/805236477630450/posts/1566660984821325","🎂 This year marks the 10th anniversary of the Partnership for Safe and Peaceful Communities - PSPC Chicago Fund!

The fund supports grassroots leadership activating neighborhoods and blocks on the South and West Sides.

Since 2016, Chicago community groups have created fun, engaging, and safe neighborhoods with over 1,900 projects, programs, and events for their communities with $13 million of support from PSPC. 

Learn more about this year’s recipients! ⬇️
","https://www.macfound.org/press/grantee-news/chicago-fund-10-years-of-supporting-programs-to-strengthen-communities?utm_campaign=gn-cc-10-years-supporting-programs-to-strengthen-communities-6-26&utm_source=facebook&utm_medium=social","5","4","1","0"
"6/24/2026 11:40 am","9961411679_1446066164219867","Facebook","Post","Link","City Year","https://www.facebook.com/642274284599063/posts/1446066164219867","Small actions can spark big change in students' lives. Discover the impact of simply being there: https://bit.ly/4czLZlU

#studentsuccess #education #gapyear","https://www.cityyear.org/national/stories/education/improving-student-attendance-through-student-success-coaching/","1","1","0","0"
"6/24/2026 9:34 am","196842483717237_1547117494098128","Facebook","Post","Photo","Communities In Schools of Chicago","https://www.facebook.com/681023914040828/posts/1547117494098128","Each year, CIS of Chicago recognizes one school partner and one community partner who went above and beyond over the course of the school year to support student success. We celebrate these partners -- and our entire network of schools and community organizations -- at an end-of-year appreciation event.

This year, we gathered at Ovation Chicago and recognized guidance counselor Kimberly Scott at Ronald Brown Academy and Cradles to Crayons Chicago as our Spirit of Giving award winners.

Some highlights about our winners...

🌟 Over the past two years, Ms. Scott has connected 30 programs to her school from CIS' network. She said, “By connecting us with essential resources, vibrant programs in the arts, and memorable field trips and events, CIS ensures our students have the well-rounded, inspiring educational experience they deserve.""

🌟 During the event, Cradles to Crayons shared a framed copy of their first packing order in 2016, which was for CIS of Chicago. It consisted of clothing, a hygiene kit, and a school uniform. With CIS as a valued partner, Cradles to Crayons has grown in their ability to meet students' and families' essential needs.

Learn more here: https://www.cisofchicago.org/partners/partner-recognition/","https://www.facebook.com/681023914040828/posts/1547117494098128","1","0","0","1"
"6/24/2026 9:21 am","125302627796_1474685218020499","Facebook","Post","Photo","The Chicago Community Trust","https://www.facebook.com/620686893420340/posts/1474685218020499","For more than 20 years, New Life Centers has partnered with communities on Chicago’s Southwest and West sides to respond to urgent needs with dignity and compassion. Guided by faith and a commitment to equity, New Life Centers adapts and innovates to meet each new challenge.

Mentoring and youth guidance are central to New Life’s approach. Over 40% of staff are alumni of its youth programs, and as the Little Village lead for SC2 (a city-wide initiative to scale community violence interventions in high-risk neighborhoods), it has contributed to a 65% reduction in neighborhood shootings and homicides.

Across Chicago, hundreds of nonprofit organizations – and the people who power them – show up every day with unwavering dedication to strengthen our communities, rise to meet challenges, and support neighbors in need. 

This is how New Life Centers turns compassion into action: https://www.cct.org/stories/turning-compassion-into-action-new-life-centers/","https://www.facebook.com/photo.php?fbid=1474685194687168&set=a.620627833426246&type=3","16","7","0","9"
"6/24/2026 9:00 am","133607023351110_1465083152315624","Facebook","Post","Video","Stand for Children Illinois","https://www.facebook.com/557328906424391/posts/1465083152315624","A town in Ireland is raising children without smartphones, including in its schools. Could we do the same?

Across the world, educators are noticing the negative mental health effects of cell-phone use among students.

Rachel Harper, a principal at St. Patrick's National School in Ireland, mentioned, ""I noticed an increase in anxiety levels in my school,"" after her students returned to in-person classes from the pandemic.

Illinois recently passed a new law limiting student cell-phone use during school, which could improve students’ mental health. We are certainly moving in the right direction, but this makes us wonder: could Illinois limit cell phone use beyond the classroom? Tell us what you think in the comments 👇

https://www.cbsnews.com/news/beyond-social-media-ban-ireland-town-raising-kids-without-smartphones/

#PhoneFreeSchools","https://www.cbsnews.com/news/beyond-social-media-ban-ireland-town-raising-kids-without-smartphones/#PhoneFreeSchools","0","0","0","0"
"6/24/2026 8:00 am","56328402097_1498800318961613","Facebook","Post","Text","Simon Youth Foundation","https://www.facebook.com/347062204135436/posts/1498800318961613","As the final caps are thrown and graduation season comes to a close, we are looking back with immense gratitude for what our community has accomplished together. 🎓✨

A high school diploma is never a solitary achievement. Behind every graduate is a network of belief, families who cheered, educators who refused to give up, and community partners and donors who stepped up to ensure every student had a path forward.

Through our intentional partnerships with local school districts, Simon Youth Foundation is proud to support the flexible, student-centered environments that help young people overcome obstacles, rewrite their futures, and cross the finish line.

To our incredible partners, sponsors, and supporters: your investment does so much more than prevent dropouts. You are helping students realize their full potential, strengthening our local workforce, and building up our communities from the ground up.

Thank you for believing in the power of a second chance and working alongside us to turn opportunity into achievement.

Join us in sending one final, massive congratulations to the entire Class of 2026! We can't wait to see the impact you make next. 🧡🎓

#ClassOf2026 #CommunityImpact #StudentSuccess #AlternativeEducation #EducationPartnerships #StrongerTogether","","7","4","0","3"
"6/23/2026 4:07 pm","196842483717237_1546512917491919","Facebook","Post","Photo","Communities In Schools of Chicago","https://www.facebook.com/681023914040828/posts/1546512917491919","Is it time for a mid-afternoon movement break??

Thanks to CIS' network of community partners, Chicago students have access to programs and resources that support their physical, emotional, and social development. 

These programs teach young people new skills and ways to regulate their emotions, and they provide opportunities to build connections with others -- all in the school building. 

Here were some movement opportunities throughout the year at CIS schools.","https://www.facebook.com/681023914040828/posts/1546512917491919","2","2","0","0"
"6/23/2026 3:54 pm","221488995515_1681248430670597","Facebook","Post","Photo","Advance Illinois","https://www.facebook.com/414749720653814/posts/1681248430670597","","https://www.facebook.com/photo.php?fbid=1306853771619745&set=a.165335572438243&type=3","1","1","0","0"
"6/23/2026 3:28 pm","221488995515_1681228577339249","Facebook","Post","Photo","Advance Illinois","https://www.facebook.com/414749720653814/posts/1681228577339249","📣 Illinoisans: Your Education Story Matters

We’re collecting personal stories from people across Illinois about how federal education policies have shaped your or your family’s access to and experience in education — from early childhood programs through college and beyond.

Whether it’s Head Start, IDEA, Title I, Pell Grants, FAFSA, school nutrition programs, or other federal initiatives — we want to hear how these policies have impacted real lives, not just statistics.

✅ You can share anonymously
✅ All experiences welcome — positive, challenging, or somewhere in between

Share your story here: https://hubs.la/Q04mnkJl0

Your voice can help illuminate the real impact of federal education policy in Illinois. Thank you for contributing to this important conversation!
#education #policy #storiesofimpact","https://www.facebook.com/photo.php?fbid=1681228530672587&set=a.414661447329308&type=3","0","0","0","0"
"6/23/2026 2:00 pm","134703166559293_1419364583561848","Facebook","Post","Photo","National Equity Project","https://www.facebook.com/637149075116740/posts/1419364583561848","Earlier this month, Mark Salinas and Nichelle sat down to debrief Owning Your Agency in Unpredictable Times, and the conversation quickly focused on the human resonance of the space.

When we closed the convening, we asked our PK-12 leaders what truths they were carrying with them. An overwhelming majority didn’t focus on mechanics. They anchored on essential human needs: that community is non-negotiable, that we must slow down to sustain ourselves, and that we must commit to the actions that allow us to heal.
These numbers reveal a powerful collective insight. Many identified Protecting Our Energy as critical because we cannot give from an empty vessel, and safeguarding our peace is an act of resistance. You also validated the need to Set Boundaries and Embrace Loving Anger, recognizing that anger, when rooted in love, is a clarifying force that must be channeled into fierce boundaries that protect our spirits and communities.

Mark and Nichelle saw more than just engagement in this; they saw courage. They saw a shared commitment to building humanizing conditions for educators, moving beyond survival toward authentic authorship. As we move into summer, let's hold space for this messy reality of rest together.

With love and in service.
#RelationalSystemsChange #SharedPower #HumanizingConditions #OwningYourAgency #LEADershipDevelopment","https://www.facebook.com/photo.php?fbid=1419364533561853&set=a.626300639534917&type=3","0","0","0","0"
"6/23/2026 12:02 pm","188187514534378_1565847541569336","Facebook","Post","Video","MacArthur Foundation","https://www.facebook.com/805236477630450/posts/1565847541569336","According to Pew Research Center, 50% of Americans are more concerned than excited about artificial intelligence. 

Our President, John Palfrey, and Michele Lawrence Jawando, CEO of Omidyar Network, recently joined Oz Woloshyn on the TechStuff Podcast to discuss the work of Humanity AI, a broad, philanthropic initiative focused on ensuring people shape the future of AI. 

Check out the episode ⬇️
","https://ihr.fm/4eZqC0M","2","1","1","0"
"6/23/2026 12:01 pm","9961411679_1445235654302918","Facebook","Post","Video","City Year","https://www.facebook.com/reel/1043939968062435/","Every small interaction today can spark lasting connections tomorrow. #impact #studentsuccess #education","https://www.facebook.com/reel/1043939968062435/","8","7","0","1"
"6/23/2026 11:31 am","56328402097_1498089159032729","Facebook","Post","Link","Simon Youth Foundation","https://www.facebook.com/347062204135436/posts/1498089159032729","We love seeing these incredible memories resurface! 🎓

This throwback from 2010 highlights students from North Coast Academy relaxing right before their graduation ceremony. While facilities and neighborhoods may change over sixteen years, the lifelong impact of supporting students in our partner school districts remains exactly the same.✨

Thank you for sharing this piece of history with us, Anthony Forfia!","","0","0","0","0"
"6/23/2026 8:19 am","125302627796_1473739111448443","Facebook","Post","Photo","The Chicago Community Trust","https://www.facebook.com/620686893420340/posts/1473739111448443","As a member at Aronberg Goldgehn and co-chair of the firm’s trust and estates practice group, Jennifer F. Kuzminski guides individuals, families, and business owners through complex matters such as wealth transfer, succession planning, and charitable gifting strategies.

Ever since connecting with The Chicago Community Trust at a Chicago Estate Planning Council event, Kuzminski has found the community foundation to be a valuable resource. “I haven’t experienced any charitable organization that can do what the Trust does for my clients,” she says.

Guiding her clients to their great impact: https://www.cct.org/stories/jennifer-f-kuzminski-guiding-clients-to-their-greatest-impact/","https://www.facebook.com/photo.php?fbid=1473739058115115&set=a.620627833426246&type=3","2","2","0","0"
"6/22/2026 4:48 pm","221488995515_1680259254102848","Facebook","Post","Photo","Advance Illinois","https://www.facebook.com/414749720653814/posts/1680259254102848","","https://www.facebook.com/122112628262165370/posts/122280256670165370","0","0","0","0"
"6/22/2026 4:48 pm","221488995515_1680259200769520","Facebook","Post","Photo","Advance Illinois","https://www.facebook.com/414749720653814/posts/1680259200769520","","https://www.facebook.com/122112628262165370/posts/122280256448165370","0","0","0","0"
"6/22/2026 2:42 pm","188187514534378_1565112518309505","Facebook","Post","Photo","MacArthur Foundation","https://www.facebook.com/805236477630450/posts/1565112518309505","Journalism is essential to the fabric of our democracy. A free press is critical to knowing what's happening in the world around us.

Local news, that works with and for communities, can be a medium that strengthens our communities, tells stories that build shared understanding, and holds power to account.

In a new art series, Shepard Fairey illustrates the freedom of speech, press, and assembly, all of which uphold our democracy.  

What does freedom mean to you? Share it below. #ArtForFreedom

Visit artforfreedom.org to learn more.","https://www.facebook.com/805236477630450/posts/1565112518309505","34","26","0","8"
"6/22/2026 1:20 pm","9961411679_1444407357719081","Facebook","Post","Link","City Year","https://www.facebook.com/642274284599063/posts/1444407357719081","1 year changes you. 2 years empowers you. Returning as an AmeriCorps member means deeper connections, bigger wins for students, and more benefits that support your future. See everything you need to know about serving a second City Year! https://bit.ly/4gaQPuh","https://www.cityyear.org/national/stories/education/everything-you-need-to-know-about-returning-for-another-year-as-a-city-year-americorps-member/","4","4","0","0"
"6/22/2026 1:04 pm","221488995515_1680019580793482","Facebook","Post","Photo","Advance Illinois","https://www.facebook.com/414749720653814/posts/1680019580793482","We're hiring! Advance Illinois is looking for a Director of Development to join our team. We’re seeking a strategic thinker committed to strengthening public education statewide and growing our impact. Please share with your networks and apply today: https://hubs.la/Q04m8H3j0

#JobOpportunity #development #hiring #Illinois #education
#fundraising","https://www.facebook.com/photo.php?fbid=1680019510793489&set=a.414661447329308&type=3","0","0","0","0"
"6/22/2026 11:48 am","232693460103788_1446788764146416","Facebook","Post","Photo","A Better Chicago","https://www.facebook.com/324620916363212/posts/1446788764146416","Thank you to our portfolio partners, Chicago Scholars, honoring A Better Chicago with the Crystal Award, which will be presented during their upcoming 30th anniversary gala in September.

Since 2016, we’ve been proud to partner with Chicago Scholars. We’re grateful for this recognition and our work together improving outcomes for Chicago’s youth.","https://www.facebook.com/photo.php?fbid=1446787914146501&set=a.321187470039890&type=3","1","1","0","0"
"6/22/2026 11:04 am","133607023351110_1463294755827797","Facebook","Post","Photo","Stand for Children Illinois","https://www.facebook.com/557328906424391/posts/1463294755827797","Have you seen #ToyStory5 yet? 🎥

The new film has many of us talking about the effects of excessive technology use in young children. Our work to advocate for #PhoneFreeSchools addresses some of these concerns. Learn more here: https://stand.org/phone-free-schools/

#ToyMeetsTech","https://www.facebook.com/557328906424391/posts/1463294755827797","1","1","0","0"
"6/22/2026 10:16 am","125302627796_1472921521530202","Facebook","Post","Photo","The Chicago Community Trust","https://www.facebook.com/620686893420340/posts/1472921521530202","Born in Pilsen more than 35 years ago, The Resurrection Project (TRP) grew from a community’s vision for restored peace, safety and prosperity in the face of neighborhood blight and violence. Since then, TRP has worked alongside residents to build community wealth and strengthen neighborhood assets across Chicago’s Southwest Side.

Today, TRP’s impact extends across Chicago and throughout Illinois. As a statewide social impact organization, it has developed and preserved more than $1 billion in community assets such as affordable homes.

Across Chicago, hundreds of nonprofit organizations – and the people who power them – show up every day with unwavering dedication to strengthen our communities, rise to meet challenges, and support neighbors in need. 

Take a moment to understand how TRP is committed to community: https://www.cct.org/stories/committed-to-community-the-resurrection-project/","https://www.facebook.com/photo.php?fbid=1472921491530205&set=a.620627833426246&type=3","6","6","0","0"
"6/21/2026 9:55 am","1720771904827240_1441888214643421","Facebook","Post","Photo","Kids First Chicago","https://www.facebook.com/560299942802257/posts/1441888214643421","Happy Father’s Day to all the dads, grandfathers, father figures, and caregivers who help children learn, grow, and thrive. Thank you for the love, guidance, and support you provide every day. 💚
—-
¡Feliz Día de los Padres! A todos los papás, abuelos, figuras paternas y cuidadores que ayudan a los niños a aprender, crecer y prosperar: gracias por el amor, la guía y el apoyo que les brinda cada día. 💚

#FathersDay #DíaDeLosPadres #KidsFirstChicago","https://www.facebook.com/560299942802257/posts/1441888214643421","4","4","0","0"
"6/20/2026 1:00 pm","1720771904827240_1441103681388541","Facebook","Post","Photo","Kids First Chicago","https://www.facebook.com/560299942802257/posts/1441103681388541","To every father doing the work: we see you.

Showing up isn't about perfection. It's about presence, healing, and making the choice every day to be there for our children.

Read Nicholas Jones' powerful letter to fathers and join the conversation at kidsfirstchicago.org/blog

Happy Father's Day!

#FathersMatter #Fatherhood #Parenting #Community #KidsFirstChicago","https://www.facebook.com/560299942802257/posts/1441103681388541","12","5","1","6"
"6/19/2026 11:21 am","2068006388580721055","X","Post","Photo","_abetterchicago","https://twitter.com/_abetterchicago/status/2068006388580721055","Today on Juneteenth, we honor the freedom, resilience, and the enduring strength of our Black communities.

We remain committed to investing in bold ideas and partnering with organizations that are expanding opportunities for young people. https://t.co/X4nZ83jKE9","","0","0","0","0"
"6/19/2026 11:21 am","232693460103788_1444040104421282","Facebook","Post","Photo","A Better Chicago","https://www.facebook.com/324620916363212/posts/1444040104421282","Today on Juneteenth, we honor the freedom, resilience, and the enduring strength of our Black communities.

As we reflect on how far we've come, we want to recognize and celebrate the generations of leaders and advocates who have fought for equity and opportunity for all.

But we are also reminded that the work is not finished. Too many young people still face barriers in place by systemic inequities. 

We remain committed to investing in bold ideas and partnering with organizations that are expanding opportunities for young people. 

Photos of our portfolio partners: The Bloc, the Young Men of Color (YMoC) initiative by Chicago Scholars, The MAAFA Redemption Project","https://www.facebook.com/324620916363212/posts/1444040104421282","2","2","0","0"
"6/19/2026 10:00 am","9961411679_1441605947999222","Facebook","Post","Photo","City Year","https://www.facebook.com/642274284599063/posts/1441605947999222","City Year AmeriCorps members don’t wear capes, but the jacket is basically the same thing. https://bit.ly/3WlV9gj","https://www.facebook.com/photo.php?fbid=1441605904665893&set=a.642264387933386&type=3","3","2","0","1"
"6/19/2026 9:54 am","125302627796_1470200145135673","Facebook","Post","Photo","The Chicago Community Trust","https://www.facebook.com/620686893420340/posts/1470200145135673","When Archana and Sudhir K. Agrawal moved to Chicago in 2021 after more than 30 years in Memphis, they were captivated by the city’s vibrant cultural scene and beautiful lakefront. One of the first things they did was seek out a way to get involved with the community, which quickly led them to The Chicago Community Trust.

The Agrawals noted: “The Trust has the best pulse on what’s happening in the community. As donors, we tend to focus on what we know. The Trust has a broader vision and can make us aware of other community needs we can help with.”

Learn how giving makes them feel at home: https://www.cct.org/stories/archana-and-sudhir-k-agrawal-giving-makes-us-feel-at-home/","https://www.facebook.com/photo.php?fbid=1470200128469008&set=a.620627833426246&type=3","1","1","0","0"
"6/19/2026 9:37 am","1720771904827240_1440024274829815","Facebook","Post","Photo","Kids First Chicago","https://www.facebook.com/560299942802257/posts/1440024274829815","Today, we recognize Juneteenth and honor the leadership, contributions, and enduring impact of Black communities.

As we reflect on the significance of this day, we remain committed to centering family voices, advancing educational equity, and building a future where every student has the opportunity to thrive.

#Juneteenth #EducationalEquity #KidsFirstChicago","https://www.facebook.com/560299942802257/posts/1440024274829815","4","2","0","2"
"6/19/2026 9:25 am","188187514534378_1562384298582327","Facebook","Post","Photo","MacArthur Foundation","https://www.facebook.com/805236477630450/posts/1562384298582327","Ahead of its grand opening on Juneteenth, MacArthur Staff and Board toured the Obama Presidential Center and saw firsthand how it will inspire civic engagement, leadership, and community connection.

We’re proud to support the newest branch of the Chicago Public Library, gardens on the campus developed with Windy City Harvest, and the Obama Scholars program, as well as the Ida B. Wells room in the Democracy in Action Lab, a space where future leaders and community members will learn, collaborate, and create change.

The Museum also features the work of several MacArthur Fellows, including Carrie Mae Weems, Jeffery Gibson, Julie Mehretu, María Magdalena Campos-Pons, Njideka Akunyili Crosby and Mark Bradford.

The Center will be a powerful hub for hope, democracy, and collective action on Chicago’s South Side—in keeping with the legacy of President Obama—and we are excited for all to experience it.","https://www.facebook.com/805236477630450/posts/1562384298582327","92","80","3","9"
"6/19/2026 8:00 am","133607023351110_1460252136132059","Facebook","Post","Photo","Stand for Children Illinois","https://www.facebook.com/557328906424391/posts/1460252136132059","Today, we celebrate the official end of the institution of slavery in the United States! #Juneteenth

Education is a crucial part of healing and advocating for systemic change. Today might be Juneteenth, but liberation is work we must do every day. This is a reminder that we still have work to do, shedding light on this dark history and working together towards a brighter future. One way to get started is by educating yourself, your family, and your community.

Want to learn more about Juneteenth? Head to your local library and check out some of these book suggestions for younger, middle-grade, and older readers about the history and legacy of Juneteenth!
❤️💛💚🖤❤️💛💚🖤","https://www.facebook.com/557328906424391/posts/1460252136132059","1","1","0","0"
"6/18/2026 8:07 pm","232693460103788_1443440354481257","Facebook","Post","Photo","A Better Chicago","https://www.facebook.com/324620916363212/posts/1443440354481257","The grand opening of the Obama Presidential Center was an inspiring celebration of community and the future of Chicago.

Our CEO, Beth Swanson, had the opportunity to attend the grand opening ceremony for Chicago's newest campus and museum on the South Side. 

The event was deeply hopeful, aligning on the insight from our youth survey that 95% of young people feel optimistic about their future.

We hope this new community space will serve as a place where young people can learn, connect, and be inspired for generations to come.

Congratulations to the Obama Foundation and our partners at My Brother's Keeper Alliance on this achievement!","https://www.facebook.com/324620916363212/posts/1443440354481257","20","18","0","2"
"6/18/2026 5:03 pm","188187514534378_1561844438636313","Facebook","Post","Photo","MacArthur Foundation","https://www.facebook.com/805236477630450/posts/1561844438636313","As we mark 250 years, the question isn’t whether Americans can solve hard problems and lift each other up. The question is whether we can keep doing it together for the next 250 years. 

If we want a country of the people, by the people, and for the people then it’s up to each of us to #BeThePeople!

""Gotta Be Us (Be The People),"" a song about the millions of Americans already doing the hard work of building stronger communities, is out now. 

Check it out and submit your own version ⬇️","https://www.facebook.com/122149832534934107/posts/122173037114934107","1","1","0","0"
"6/18/2026 1:51 pm","221488995515_1675895691205871","Facebook","Post","Photo","Advance Illinois","https://www.facebook.com/414749720653814/posts/1675895691205871","","https://www.facebook.com/122138384102866785/posts/122189318978866785","0","0","0","0"
"6/18/2026 1:30 pm","221488995515_1675879084540865","Facebook","Post","Photo","Advance Illinois","https://www.facebook.com/414749720653814/posts/1675879084540865","As we continue introducing members of our new Educator Advisory Council (EAC) cohort, today we hear from Dr. Andrea Jamison, a professor whose teaching journey centered on library science and is passionate in ensuring schools remain spaces where diverse perspectives are valued as essential to learning. https://hubs.la/Q04lSHjJ0 #EACmembers #educators #illinois","https://www.facebook.com/photo.php?fbid=1675879031207537&set=a.414661447329308&type=3","0","0","0","0"
"6/18/2026 1:17 pm","125302627796_1469488948540126","Facebook","Post","Link","The Chicago Community Trust","https://www.facebook.com/620686893420340/posts/1469488948540126","OPPORTUNITY: A new #RFP from Press Forward Chicago. This funding opportunity will give grants to Chicago-based news organizations and journalism support organizations for projects focused on collaborations, shared resources, or infrastructure benefitting local media.

Details at the link: ","https://www.cct.org/grants/opportunities/rfp-press-forward-chicago/","0","0","0","0"
"6/18/2026 1:03 pm","221488995515_1675861007876006","Facebook","Post","Link","Advance Illinois","https://www.facebook.com/414749720653814/posts/1675861007876006","The Department of Education this week announced plans to move civil rights responsibilities to the Department of Justice and special education to the Department of Health and Human Services, as part of the Trump administration’s ongoing efforts to dismantle the agency.  

Across the country, advocates for students with disabilities have expressed concern that HHS is ill-equipped to handle administration of the Individuals with Disabilities Education Act, arguing that the move will lead to less oversight and fewer students receiving key services to support their right to a free and appropriate public education.  

https://hubs.la/Q04lWwPl0 

#fedactions #civilrights #education","https://hubs.la/Q04lWwPl0","0","0","0","0"
"6/18/2026 12:09 pm","355075968400258_1419543633616560","Facebook","Post","Photo","Children First Fund","https://www.facebook.com/295295272708074/posts/1419543633616560","Last night, our Children First Fund team joined a fireside chat at Amazon.com's Prime Day event in Chicago to discuss our long standing partnership that has brought over $1.2M in STEM programming and resources to Chicago Public Schools students across the city over the past five years. We are so grateful for the investment in our Chicago students and communities. Thank you for always bringing the smiles, Amazon! 

Student photos are from previous Amazon sponsored events at Mason ES in North Lawndale and Sandoval ES in Gage Park. 

#CorporatePhilanthropy #STEMEducation #AmazonInTheCommunity #ChildrenFirstFund #CommunityImpact","https://www.facebook.com/295295272708074/posts/1419543633616560","0","0","0","0"
"6/18/2026 9:11 am","133607023351110_1459406016216671","Facebook","Post","Photo","Stand for Children Illinois","https://www.facebook.com/557328906424391/posts/1459406016216671","We're excited to share an upcoming event from the National Center for Youth Law!

They're inviting youth and young adults to participate in a listening session next week. Make sure to register 👇
https://docs.google.com/forms/d/e/1FAIpQLSeCAXh26ymukENjYA3cvYWpN-oQ10MSvqY5MgzpWYOrC5ujqw/viewform","https://www.facebook.com/photo.php?fbid=1459405956216677&set=a.476579651165984&type=3","1","1","0","0"
"6/18/2026 8:59 am","9961411679_1440714984754985","Facebook","Post","Video","City Year","https://www.facebook.com/reel/1152406781294046/","Make this summer unforgettable, secure your spot on a gap year program and soak up the season with peace of mind for the fall! 🌞 #GapYear #SummerPlans #Education","https://www.facebook.com/reel/1152406781294046/","6","6","0","0"
"6/18/2026 7:45 am","125302627796_1469250228563998","Facebook","Post","Photo","The Chicago Community Trust","https://www.facebook.com/620686893420340/posts/1469250228563998","On Chicago’s South and West sides, vacant lots and abandoned properties have long contributed to lower home values, population loss, and difficulty maintaining the businesses and services that are essential to a thriving community. 

Reclaiming Chicago, a campaign led by United Power for Action and Justice, aims to change that through a proven national model for building affordable homes at scale.

Across Chicago, hundreds of nonprofit organizations – and the people who power them – show up every day with unwavering dedication to strengthen our communities, rise to meet challenges, and support neighbors in need. 

Learn how this community changemaker is building homes and restoring hope: https://www.cct.org/stories/building-homes-restoring-hope-reclaiming-chicago/","https://www.facebook.com/photo.php?fbid=1469250198564001&set=a.620627833426246&type=3","4","3","0","1"
"6/17/2026 4:00 pm","188187514534378_1560994992054591","Facebook","Post","Link","MacArthur Foundation","https://www.facebook.com/805236477630450/posts/1560994992054591","Addressing global problems like the climate crisis and access to affordable, clean, and reliable energy requires far more than any one investor can provide. 

MacArthur’s recent $5 million impact investment in Zafiri, a permanent equity investment vehicle, is designed to mobilize additional capital.

Learn how Zafiri is expected to scale up to $1 billion to accelerate energy access ⬇️
","https://www.macfound.org/press/grantee-news/mobilizing-300-million-for-clean-energy?utm_campaign=gn-impact-300-million-for-clean-energy-6-26&utm_source=facebook&utm_medium=social","1","1","0","0"
"6/17/2026 3:58 pm","196842483717237_1541259704683907","Facebook","Post","Photo","Communities In Schools of Chicago","https://www.facebook.com/681023914040828/posts/1541259704683907","Our Student Supports Managers lead student groups based on the needs of their school and its young people.

Here are some snapshots from of our team member, Ms. Wozniak, with her students during one of their lunch groups. These are spaces where students can discuss challenges they are facing, share successes they are having, and build relationships with their peers.","https://www.facebook.com/681023914040828/posts/1541259704683907","2","2","0","0"
"6/17/2026 12:30 pm","125302627796_1468546751967679","Facebook","Post","Photo","The Chicago Community Trust","https://www.facebook.com/620686893420340/posts/1468546751967679","When it comes to solving complex challenges, what can philanthropy do? How do we build spaces where funders and nonprofit partners can dream, experiment, and do more together than we could alone? For decades, The Chicago Community Trust and Kinship Foundation have been answering these questions through collaborations that push beyond traditional grantmaking.

Our latest joint effort, the Transfer Innovation Impact Model (TIIM), brings two- and four-year institutions together to redesign the college transfer experience so that more students can successfully complete a bachelor’s degree – particularly those at greater risk of not finishing.

Together, we’re making big ideas real: https://www.cct.org/stories/making-big-ideas-real-together/","https://www.facebook.com/photo.php?fbid=1468546708634350&set=a.620627833426246&type=3","3","3","0","0"
"6/17/2026 12:23 pm","100765022373940_983212904339478","Facebook","Post","Photo","Hope Chicago","https://www.facebook.com/235486975778745/posts/983212904339478","#HopeLivesHere in Illinois.

🙌 Thank you to all our champions and leaders in Springfield for your sustained investment in a public/private movement for stronger families and futures in Illinois.

💙Gov. Pritzker
🧡Lt Gov. Stratton
💙Speaker Emanuel ""Chris"" Welch
🧡President Don Harmon
💙Leader Kam Buckner 
🧡Sen. Javier Cervantes 
💙Rep. Carol Ammons
🧡Rep. Sharon Chung
💙Sen. Lakesia Collins
🧡Rep. Dr. Mike Crawford
💙Leader Bill Cunningham
🧡Rep. Lisa Davis
💙Rep. Will Davis
🧡Leader Eva-Dina Delgado
💙Leader Marcus Evans
🧡Senator Paul Faraci
💙Rep. LaShawn Ford
🧡Leader Robyn Gabel
💙Rep. Mary Gill
🧡Leader Edgar Gonzalez Jr.
💙Senator Graciela Guzmán
🧡Rep. Jehan Gordon-Booth
💙Leader Will Guzzardi
🧡Leader Mike Halpin
💙Rep. Norma Hernandez
🧡Sen. David Koehler
💙Leader Kimberly Lightford
🧡Leader Theresa Mah, Ph.D.
💙Leader Bob Morgan
🧡IL 9th District State Rep Yolonda Morris
💙Sen. Mike Porfirio
🧡Sen. Willie Preston
💙Rep. Brandun Schweizer 
🧡Leader Elgie Sims Jr.
💙Rep. Justin Slaughter 
🧡Leader Katie Stuart
💙Sen. Celina Villanueva

#HopeChicago","https://www.facebook.com/photo.php?fbid=983212437672858&set=a.232089516118491&type=3","5","4","0","1"
"6/17/2026 11:46 am","9961411679_1439958724830611","Facebook","Post","Link","City Year","https://www.facebook.com/642274284599063/posts/1439958724830611","When we invest in young people—through relationships, opportunities, and equitable access we empower them to lead. And in an AI-driven world, their leadership is essential.

At the Social Innovation Summit, leaders from City Year, ServiceNow and Carnegie Corporation of New York explored how cross-sector collaboration can center young people in shaping the future of AI, as decision-makers and to “define its ethical boundaries.” ","https://bit.ly/4uI5LDX","4","4","0","0"
"6/16/2026 4:25 pm","355075968400258_1417875637116693","Facebook","Post","Photo","Children First Fund","https://www.facebook.com/295295272708074/posts/1417875637116693","Longtime CFF partner Relativity recently launched its inaugural scholarship for graduating Chicago Public Schools  seniors pursuing pathways in Business, IT, Legal/Public Safety, and STEM! 

To kick off the program, Relativity hosted a celebration at their downtown office to honor their first cohort of seven district-wide recipients alongside 12 scholarship winners from Corliss High School. Scholars and their families toured the tech offices, connected with team members, and celebrated their achievements with great food and stunning rooftop views.

These awards are truly life-changing—removing financial hurdles so our students can focus entirely on their education and career ambitions. We know these incredible graduates are going to go on to achieve great things and shape the future of tech and business in Chicago and beyond! 

Read more about this impactful new partnership here:
https://relativity.com/news-events/relativity-launches-inaugural-chicago-public-schools-scholarship/

#ScholarshipImpact #TechEducation #CorporatePhilanthropy #ChildrenFirstFund #CPS","https://www.facebook.com/295295272708074/posts/1417875637116693","2","1","0","1"
"6/16/2026 1:01 pm","221488995515_1673969554731818","Facebook","Post","Video","Advance Illinois","https://www.facebook.com/414749720653814/posts/1673969554731818","Shout out to EAC member and veteran high school teacher Sofia Gonzalez, who at her recent TEDx talk at Syracuse University reminds us that creating space for students also means holding space, inviting the audience to consider: What matters next when the system we relied on can no longer hold us? https://hubs.la/Q04lC1P70

#educator #illinois #studentconnections #tedtalk","https://hubs.la/Q04lC1P70","0","0","0","0"
"6/16/2026 12:27 pm","125302627796_1467671552055199","Facebook","Post","Link","The Chicago Community Trust","https://www.facebook.com/620686893420340/posts/1467671552055199","Level up your nonprofit’s impact by integrating policy advocacy into your strategy or strengthen your current approach with expert tips on influencing local, state, and federal government. New America Chicago’s CivicSpace initiative and The Chicago Community Trust are hosting a workshop to help your organization take community priorities and needs from bold ideas to policy reality.

Policy Advocacy & Implementation Training for Nonprofits
June 26, 2026
10:00 a.m. –1:00 p.m. CDT

Link to register: ","https://bit.ly/4vJsReg","2","1","1","0"
"6/16/2026 11:37 am","9961411679_1439041614922322","Facebook","Post","Video","City Year","https://www.facebook.com/reel/1041374288566436/","Empowering students and each other; our #studentsuccess coaches thrive thanks to the strength of their incredible team!","https://www.facebook.com/reel/1041374288566436/","2","2","0","0"
"6/16/2026 11:35 am","188187514534378_1559986755488748","Facebook","Post","Photo","MacArthur Foundation","https://www.facebook.com/805236477630450/posts/1559986755488748","Local news is being rebuilt, with new models, collaborations, and revenue strategies taking root. Yet many outlets still struggle to access the capital they need to grow because they don't fit traditional investment models. 

Catalytic capital offers another path, according to a new white paper authored by Caroline Ross for Press Forward. 

Catalytic capital is flexible, risk-tolerant financing designed to help mission-driven organizations grow, strengthen their operations, and attract additional investment. It's already being used in fields like affordable housing, community development, and climate. Now, it's showing promise as a new tool for local news. 

Read the white paper: https://www.macfound.org/press/grantee-publications/catalytic-capital-can-help-strengthen-local-news?utm_campaign=gp-ln-impact-catalytic-capital-and-local-news-6-26&utm_source=facebook&utm_medium=social","https://www.facebook.com/photo.php?fbid=1559986725488751&set=a.805215204299244&type=3","7","5","0","2"
"6/16/2026 11:05 am","56328402097_1491845386323773","Facebook","Post","Photo","Simon Youth Foundation","https://www.facebook.com/347062204135436/posts/1491845386323773","We're officially SOLD OUT!

Thank you to the incredible donors, sponsors, and partners who will join us at the 2026 SYF Tees for Education Golf Outing this July. Your support helps create more opportunities for students nationwide to earn a high school diploma and pursue what's next.

We look forward to a day of fun, community, and impact with so many champions of our mission.

See you on the course! ⛳️

#SimonYouthFoundation #DonorImpact #Fundraiser #GolfOuting","https://www.facebook.com/photo.php?fbid=1491844299657215&set=a.336098415231815&type=3","5","5","0","0"
"6/16/2026 10:20 am","232693460103788_1441303968028229","Facebook","Post","Photo","A Better Chicago","https://www.facebook.com/324620916363212/posts/1441303968028229","Summer is not only a season for fun, but a critical time for keeping young minds engaged through reading.

According to our State of Our Youth report, early literacy is one of the strongest predictors of long-term academic success. When young people build strong reading foundations early, they are better positioned to thrive in school. However, during summer months it’s common for children to experience setbacks.

Especially in these upcoming months, we’d like to highlight our portfolio partners including Springboard Collaborative, Chicago HOPES for Kids and @It Takes A Village Family of Schools, whose work in literacy development helps ensure students have the reading support they need. 📚☀️ 

Photo courtesy of Springboard Collaborative","https://www.facebook.com/photo.php?fbid=1441303938028232&set=a.321187470039890&type=3","0","0","0","0"
"6/16/2026 10:00 am","221488995515_1673825401412900","Facebook","Post","Photo","Advance Illinois","https://www.facebook.com/414749720653814/posts/1673825401412900","📣 Illinoisans: Your Education Story Matters

We’re collecting personal stories from people across Illinois about how federal education policies have shaped your or your family’s access to and experience in education — from early childhood programs through college and beyond.

Whether it’s Head Start, IDEA, Title I, Pell Grants, FAFSA, school nutrition programs, or other federal initiatives — we want to hear how these policies have impacted real lives, not just statistics.

✅ You can share anonymously
✅ All experiences welcome — positive, challenging, or somewhere in between

Share your story here: https://hubs.la/Q04lz3Nf0

Your voice can help illuminate the real impact of federal education policy in Illinois. Thank you for contributing to this important conversation!
#education #policy #storiesofimpact","https://www.facebook.com/photo.php?fbid=1673825361412904&set=a.414661447329308&type=3","0","0","0","0"
"6/16/2026 7:59 am","125302627796_1467481608740860","Facebook","Post","Photo","The Chicago Community Trust","https://www.facebook.com/620686893420340/posts/1467481608740860","Many people know the Greater Chicago Food Depository, founded in 1979, as Chicago’s food bank. Last year alone, it partnered with more than 850 organizations to provide 96 million meals to more than 2.3 million households. But the Food Depository isn’t just feeding neighbors in need – it’s working to end hunger through strategic policy and advocacy to strengthen the social safety net.

In 2025, amid rising food insecurity and changes to SNAP eligibility, the Food Depository launched an awareness campaign to address misconceptions about the program and help more Chicagoans maintain access to critical food assistance.

Across Chicago, hundreds of nonprofit organizations – and the people who power them – show up every day with unwavering dedication to strengthen our communities, rise to meet challenges, and support neighbors in need.

See how GCFD is feeding today while changing tomorrow: https://www.cct.org/stories/feeding-today-changing-tomorrow-greater-chicago-food-depository/","https://www.facebook.com/photo.php?fbid=1467481578740863&set=a.620627833426246&type=3","0","0","0","0"
"6/15/2026 3:24 pm","196842483717237_1539487874861090","Facebook","Post","Photo","Communities In Schools of Chicago","https://www.facebook.com/681023914040828/posts/1539487874861090","Relationships, impact, social justice, and integrity are CIS' core values, but in order for us to bring these values to life and best support Chicago's young people, our team needs the resources and tools.

Thanks to a grant from the Hinsdale Junior Woman's Club, our team now has funds for new laptops and printers for staff. We are so grateful for your support and partnership, Hinsdale Junior Woman's Club! 

Our own Faith Fox attended the grant award ceremony.","https://www.facebook.com/photo.php?fbid=1539487668194444&set=a.594004809409406&type=3","1","1","0","0"
"6/15/2026 3:19 pm","133607023351110_1456825093141430","Facebook","Post","Video","Stand for Children Illinois","https://www.facebook.com/557328906424391/posts/1456825093141430","We're happy to see the Illinois Early Literacy Coalition talk about strategic goals to improve literacy education in IL! 👏👏👏 Great work!","https://www.facebook.com/reel/4225014124295112/","0","0","0","0"
"6/15/2026 1:40 pm","125302627796_1466858948803126","Facebook","Post","Photo","The Chicago Community Trust","https://www.facebook.com/620686893420340/posts/1466858948803126","The spirit of generosity turns today's challenges into tomorrow's solutions. As we near America’s 250th birthday, we reflect on how the spirit of American generosity serves as an essential bridge for our communities. #GenerosityBuilds

For us at The Chicago Community Trust, we have stood with and for Chicago for over 111 years. The work we do alongside our community partners, dedicated donors, and civic leaders is in pursuit of a Chicago where everyone can feel financially secure, care for their families, and invest in our region's future. 

Together, we turn generosity into impact. 

One example: our grant recipients at the Greater Chicago Food Depository working alongside more than 800 community partners to address food insecurity and end hunger. 

See this change in the making: https://youtu.be/EuVDfUNBLV8?si=yuW8BJIa0RxMJSTY","https://www.facebook.com/photo.php?fbid=1466858935469794&set=a.620627833426246&type=3","0","0","0","0"
"6/15/2026 1:19 pm","9961411679_1438229718336845","Facebook","Post","Photo","City Year","https://www.facebook.com/642274284599063/posts/1438229718336845","We’re grateful to our national partners at The Starbucks Foundation for continuing to fuel City Year AmeriCorps Volunteers throughout the year. 

Last month, Starbucks provided a boost to all 2,000 City Year student success coaches through an extraordinary donation of coffee and other beverages. 

As a longtime national partner, The Starbucks Foundation supports more than 91,000 students and City Year student success coaches  annually across 19 cities. 

Thank you, Starbucks Foundation, for your continued commitment to thriving communities and for showing up to make a difference for students every day.","https://www.facebook.com/642274284599063/posts/1438229718336845","20","19","0","1"
"6/15/2026 12:59 pm","200608886633238_1438231748345345","Facebook","Post","Photo","The Joyce Foundation","https://www.facebook.com/480966400738556/posts/1438231748345345","We're proud to join ""Generosity Builds: 250 Years of Charitable Giving""—a campaign celebrating people, organizations, and communities that make America stronger through generosity. Charitable giving helps solve problems, expand opportunity, and strengthen communities. It's a goal that inspires us and our philanthropy peers, and work we've tried to advance for more than 75 years with grantee partners in the Great Lakes region. Learn more about this campaign and explore stories from across the country at GenerosityBuilds.org #GenerosityBuilds #America250","https://www.facebook.com/photo.php?fbid=1438230818345438&set=a.480798660755330&type=3","0","0","0","0"
"6/15/2026 12:57 pm","9961411679_1438215855004898","Facebook","Post","Link","City Year","https://www.facebook.com/642274284599063/posts/1438215855004898","At the start of the year, Julia Reidy wasn’t sure how to help her fifth graders strengthen their reading and writing skills. With support from Curriculum Associates and the Clover Model, she watched them grow into confident, joyful readers. https://bit.ly/3S1EfDF

PEAR: Partnerships in Education and Resilience","https://bit.ly/3S1EfDF","2","2","0","0"
"6/15/2026 10:05 am","232693460103788_1440388654786427","Facebook","Post","Video","A Better Chicago","https://www.facebook.com/324620916363212/posts/1440388654786427","Last month, City Club of Chicago hosted a compelling discussion on the Sankofa Village Wellness Center and the future of West Garfield Park.

The panel featured two leaders from A Better Chicago portfolio organizations: Rukiya Curvey Johnson, Executive Director of RUSH Education and Career Hub-REACH, and Marshall Hatch Jr., Co-Founder and Executive Director of The MAAFA Redemption Project.

As the 2022 Chicago Prize winner from the Pritzker Traubert Foundation, Sankofa Village represents a bold, community-centered vision for health, wellness, and neighborhood opportunity.

The conversation explored what Sankofa Village’s launch means for West Garfield Park, and what it can teach us about equity and partnership when backed by a long-term investment and vision.

Watch the full discussion: ","https://www.youtube.com/watch?v=uaVPXTxRxfA","1","1","0","0"
"6/15/2026 10:00 am","221488995515_1672879961507444","Facebook","Post","Photo","Advance Illinois","https://www.facebook.com/414749720653814/posts/1672879961507444","We're hiring! Advance Illinois is looking for a Director of Development to join our team. We’re seeking a strategic thinker committed to strengthening public education statewide and growing our impact. Please share with your networks and apply today: https://hubs.la/Q04lqdT80

#JobOpportunity #development #hiring #Illinois #education
#fundraising","https://www.facebook.com/photo.php?fbid=1672879934840780&set=a.414661447329308&type=3","0","0","0","0"
"6/15/2026 9:57 am","125302627796_1466706178818403","Facebook","Post","Photo","The Chicago Community Trust","https://www.facebook.com/620686893420340/posts/1466706178818403","For more than 50 years, business and civic leader King Harris has brought vision, energy, and a hands-on approach to philanthropy in Chicago. From housing to the arts, higher education to community development, his work has touched a wide range of issues that contribute to the region’s well-being.

During Harris’ 10 years on our Executive Committee, The Chicago Community Trust benefited from his wide lens on the region. In turn, Harris says the experience gave him an even broader perspective by introducing him to people, organizations and initiatives he might not otherwise have known. 

Explore Harris’ lifetime of supporting Chicago: https://www.cct.org/stories/king-harris-a-lifetime-of-supporting-chicago/","https://www.facebook.com/photo.php?fbid=1466706155485072&set=a.620627833426246&type=3","3","3","0","0"
"6/12/2026 12:56 pm","232693460103788_1437764378382188","Facebook","Post","Photo","A Better Chicago","https://www.facebook.com/324620916363212/posts/1437764378382188","This summer, seven The Y locations will offer free memberships to Chicago teens ages 12–18, providing access to facilities from June 8 through August 31.

Our 2026 State of Our Youth report highlights the importance of out-of-school and community-based programs in supporting young people's development and well-being. 

Expanding free access to safe, welcoming community spaces is a meaningful investment in Chicago's youth.

Learn more: https://www.ymcachicago.org/news-events/mayor-brandon-johnson-and-ymca-president-ceo-adam-m-alonso-announce-free-summer-ymca-memberships/

Photo courtesy of YMCA","https://www.facebook.com/photo.php?fbid=1437763795048913&set=a.321187470039890&type=3","0","0","0","0"
"6/12/2026 11:42 am","1720771904827240_1433576815474561","Facebook","Post","Photo","Kids First Chicago","https://www.facebook.com/560299942802257/posts/1433576815474561","Parents and caregivers, join us for our next Living Room session! 🏠✨ This month's conversation will provide practical information, helpful resources, and a space to connect with other families navigating Chicago's education system. You’ll always have a seat in our Living Room.

Register today: kidsfirstchicago.org/events
------
¡Padres, madres y cuidadores, acompáñennos en nuestra próxima sesión de Sala Familiar! 🏠✨ En esta conversación, compartiremos información práctica, recursos útiles y un espacio para conectar con otras familias que están navegando el sistema educativo de Chicago. Siempre tendrán un lugar en nuestra Sala Familiar.

Regístrense hoy: kidsfirstchicago.org/events/","https://www.facebook.com/560299942802257/posts/1433576815474561","2","1","0","1"
"6/12/2026 11:18 am","196842483717237_1536690548474156","Facebook","Post","Photo","Communities In Schools of Chicago","https://www.facebook.com/681023914040828/posts/1536690548474156","We're so proud of our 2026 Do the Write Thing ambassador, Damiya! 

Not only was she selected as this year's Chicago representative to attend the National Summit in Washington, DC. Her important, poignant poem was heard across the city. 

Damiya and our own Robin Koelsch participated in interviews with WGN TV, CBS Chicago, and NBC Chicago, and Damiya shared her ideas around the causes of and solutions to youth violence.

If you haven't had the chance yet to read her work, visit https://www.cisofchicago.org/chicagos-2026-finalists/ or watch her three media interviews at https://www.cisofchicago.org/dtwt-news-and-media/

Way to go, Damiya!","https://www.facebook.com/681023914040828/posts/1536690548474156","2","2","0","0"
"6/12/2026 9:42 am","221488995515_1669931291802311","Facebook","Post","Photo","Advance Illinois","https://www.facebook.com/414749720653814/posts/1669931291802311","","https://www.facebook.com/photo.php?fbid=1295280829443706&set=a.165335572438243&type=3","0","0","0","0"
"6/12/2026 9:42 am","221488995515_1669931101802330","Facebook","Post","Link","Advance Illinois","https://www.facebook.com/414749720653814/posts/1669931101802330","","https://www.chalkbeat.org/chicago/2026/06/04/illinois-state-budget-increases-money-for-schools-and-students/?utm_campaign=trueanthem&utm_medium=social&utm_source=facebook","0","0","0","0"
"6/12/2026 9:37 am","125302627796_1463975245758163","Facebook","Post","Photo","The Chicago Community Trust","https://www.facebook.com/620686893420340/posts/1463975245758163","Founded in 1984, the National Immigrant Justice Center (NIJC) works to ensure all immigrants, refugees, and asylum seekers in and around Chicago have access to legal counsel and a fair day in court. By combining direct legal services with strategic advocacy and litigation, NIJC works to transform the immigration system.

Across Chicago, hundreds of nonprofit organizations – and the people who power them – show up every day with unwavering dedication to strengthen our communities, rise to meet challenges, and support neighbors in need. 

Learn how this community changemaker is protecting the rights and dignity of others: https://www.cct.org/stories/protecting-the-rights-dignity-of-all-national-immigrant-justice-center/","https://www.facebook.com/photo.php?fbid=1463975212424833&set=a.620627833426246&type=3","2","1","0","1"
"6/11/2026 4:00 pm","56328402097_1487452240096421","Facebook","Post","Photo","Simon Youth Foundation","https://www.facebook.com/347062204135436/posts/1487452240096421","As graduation ceremonies wrap up across the country, we are looking ahead to what comes next. For the Class of 2026, a high school diploma isn’t just a finish line. It’s the launching pad for their next big chapters. 🎓✨

By partnering with school districts to champion alternative education pathways, Simon Youth Foundation is proud to help provide the flexible spaces students need to graduate and unlock their full potential.

Investing in these unique pathways does more than support individual success; it actively builds up our communities, shapes the future workforce, and drives lasting regional impact. 💼🌱

To everyone who helped the Class of 2026 reach this milestone: thank you. Now, let’s watch them change the world!

What advice do you have for the Class of 2026 as they start their next chapter? Drop it in the comments below! 🚀

#ClassOf2026 #AlternativeEducation #CommunityImpact #SimonYouthFoundation","https://www.facebook.com/347062204135436/posts/1487452240096421","16","10","3","3"
"6/11/2026 2:23 pm","196842483717237_1535938941882650","Facebook","Post","Photo","Communities In Schools of Chicago","https://www.facebook.com/681023914040828/posts/1535938941882650","The relationships that our team develops with young people are foundational to our work. They are positive, impactful, and lasting.

Recently, a former student of Ms. Herrera's came to visit her after he graduated from high school -- and he has big plans for the future! Ms. Herrera was there for his graduation from eighth grade.","https://www.facebook.com/681023914040828/posts/1535938941882650","3","2","0","1"
"6/11/2026 1:14 pm","125302627796_1463247512497603","Facebook","Post","Photo","The Chicago Community Trust","https://www.facebook.com/620686893420340/posts/1463247512497603","What does neighborhood transformation look like up close? Yesterday, members of our donor community found out when they joined The Chicago Community Trust for a neighborhood tour highlighting the Connecting Capital and Community (3C) initiative—and saw firsthand how 3C is working to expand homeownership opportunities for Chicagoans. At Inherent, we watched innovative modular homes take shape on the factory floor. Then, we stepped inside two newly built homes from 3C developer partners Nath Construction and Citizens Building a Better Community that now stand where vacant parcels once sat on Chicago's West Side.

Seeing, touching, and walking through these spaces brought 3C's vision to life. 3C unites cross-sector partners to strengthen neighborhood stability in East Garfield Park and Humboldt Park—expanding access to homeownership for first-time homebuyers through coordinated investment, policy innovation, and community-driven solutions.

""Housing stock that is affordable to working people is essential to our city,"" said Trust President and CEO Andrea Sáenz. ""Having financial stability allows people space to plan for their future. And it is only possible to achieve this in neighborhoods that have amenities and feel safe and vibrant.”

Thank you to our guests, hosts, and partners who braved the heat to join us!

Learn more about 3C: www.cct.org/3c 

[Photo Credit: Jamel Williams/THREE20 Media]","https://www.facebook.com/620686893420340/posts/1463247512497603","15","14","1","0"
"6/11/2026 11:40 am","188187514534378_1555776892576401","Facebook","Post","Link","MacArthur Foundation","https://www.facebook.com/805236477630450/posts/1555776892576401","ICYMI: The Literary Arts Fund recently announced $7.7 million in inaugural unrestricted general operating grants to 40 literary arts organizations and publishers spanning 19 states!

We are thrilled to be one of the seven founding funders of this historic project, and a member of the Literary Arts Funders Collaborative.

Read more at AP ⬇️
","https://apnews.com/article/literary-arts-fund-grants-publishers-e8dd1737167d12f52d7dfd81d34a4864","5","5","0","0"
"6/11/2026 10:55 am","200608886633238_1434692675365919","Facebook","Post","Link","The Joyce Foundation","https://www.facebook.com/480966400738556/posts/1434692675365919","Did you know that City of Chicago – Government, Cook County Government & the State of Illinois formed a partnership to invest in public resources for community safety? The Government Alliance for Safe Communities (GASC) has dedicated $350 million toward community violence intervention strategies designed to curb violence with targeted support services. We recently hosted a webinar with leaders from GASC and Northwestern University's Center for Neighborhood Engaged Research & Science (CORNERS) to unpack findings from a newly published impact report. Among them: Chicago communities with the highest average investment in public safety show the largest public safety gains.  These resources are helping to create the safer and more just communities we all want. #PublicSafety 
","https://www.joycefdn.org/webinars/community-violence-intervention-strategies","23","17","2","4"
"6/11/2026 10:30 am","222712320927404_122298055592216507","Facebook","Post","Link","The Urban Center","https://www.facebook.com/122209075502216507/posts/122298055592216507","Chicago families just got put through the wringer so that appointed board members can score political points with Brandon Johnson and their CTU puppet masters.

After months of delays, endless debate, and uncertainty for thousands of students and families, the Board approved all of the charter renewals that were being held up in the first place.

Schools qualified. Schools were renewed. The families suffered through the uncertainty anyway.

Common sense isn’t complicated: if a school passes the test, it gets renewed. Anything else is politics.

It’s time that board members put kids ahead of politics. #Chicago #CPS #SchoolChoice #Education #ParentsFirst #CommonSense
","https://www.chalkbeat.org/chicago/2026/06/10/chicago-school-board-renews-charters/","0","0","0","0"
"6/11/2026 9:12 am","9961411679_1434512165375267","Facebook","Post","Video","City Year","https://www.facebook.com/reel/1521281826315671/","The best advice we have about a service year comes from those who have served one!","https://www.facebook.com/reel/1521281826315671/","7","7","0","0"
"6/11/2026 7:52 am","125302627796_1463014879187533","Facebook","Post","Photo","The Chicago Community Trust","https://www.facebook.com/620686893420340/posts/1463014879187533","The Chicago Community Trust's Stay in Place initiative is focused on preserving homeownership and increasing home equity. This aims to prevent displacement and help low- and moderate-income Chicagoans living in neighborhoods experiencing both historic underinvestment and rapidly rising costs. 

In 2025, the Trust awarded $3.4 million in grants to nonprofits in two pilot neighborhoods — Englewood and Pilsen — that are testing innovative approaches to help neighbors stay in their homes, thereby strengthening their communities.

Learn why a home is more than bricks and mortar: https://www.cct.org/stories/a-place-to-stay-a-path-to-stability/","https://www.facebook.com/photo.php?fbid=1463014855854202&set=a.620627833426246&type=3","3","3","0","0"
"6/10/2026 1:34 pm","188187514534378_1554991215988302","Facebook","Post","Link","MacArthur Foundation","https://www.facebook.com/805236477630450/posts/1554991215988302","""There was no way for me to convince others that I was not a threat or that I was worthy of their trust. The only trust I was likely to earn back was my own.""

Writing for The New York Times, #MacFellow Reginald Dwayne Betts shares how getting a license to carry and learning how to shoot at a gun range restored the sense of dignity a prior felony conviction took from him. 

Read the full story ⬇️ 
","https://www.nytimes.com/2026/05/08/magazine/gun-charge-prison-shooting-range.html?unlocked_article_code=1.o1A.H_sJ.CQa9pkgtElx1&smid=url-share","2","2","0","0"
"6/10/2026 1:00 pm","221488995515_1668091188652988","Facebook","Post","Photo","Advance Illinois","https://www.facebook.com/414749720653814/posts/1668091188652988","📣 Illinoisans: Your Education Story Matters

We’re collecting personal stories from people across Illinois about how federal education policies have shaped your or your family’s access to and experience in education — from early childhood programs through college and beyond.

Whether it’s Head Start, IDEA, Title I, Pell Grants, FAFSA, school nutrition programs, or other federal initiatives — we want to hear how these policies have impacted real lives, not just statistics.

✅ You can share anonymously
✅ All experiences welcome — positive, challenging, or somewhere in between

Share your story here: https://hubs.la/Q04kPlcv0

Your voice can help illuminate the real impact of federal education policy in Illinois. Thank you for contributing to this important conversation!
#education #policy #storiesofimpact","https://www.facebook.com/photo.php?fbid=1668091131986327&set=a.414661447329308&type=3","0","0","0","0"
"6/10/2026 12:03 pm","196842483717237_1534939725315905","Facebook","Post","Photo","Communities In Schools of Chicago","https://www.facebook.com/681023914040828/posts/1534939725315905","𝗧𝗲𝗻𝗮𝗰𝗶𝗼𝘂𝘀 — 𝘢𝘥𝘫. Extremely determined, persistent, and unwilling to give up or let go. Someone who holds fast to a goal, even when facing significant difficulties.

--

At the end of every school year, our CIS team recognizes young people who were tenacious. They set strong goals with our CIS Student Supports Managers, and they worked hard to make progress on those goals — all in an effort to stay in school and gain lifelong skills.

This spring, we celebrate one student at each of our Intensive sites with a Tenacity Award. We recognize them for persevering and achieving their goals, and we celebrate them, along with their friends, family, and school support system. 𝗖𝗼𝗻𝗴𝗿𝗮𝘁𝘀 𝘁𝗼 𝗼𝘂𝗿 𝟮𝟬𝟮𝟲 𝗧𝗲𝗻𝗮𝗰𝗶𝘁𝘆 𝗔𝘄𝗮𝗿𝗱 𝘄𝗶𝗻𝗻𝗲𝗿𝘀!

Here are some photos of recent Tenacity Award celebrations across our partner schools:","https://www.facebook.com/681023914040828/posts/1534939725315905","0","0","0","0"
"6/10/2026 11:41 am","9961411679_1433713248788492","Facebook","Post","Link","City Year","https://www.facebook.com/642274284599063/posts/1433713248788492","City Year doesn’t end at graduation, it propels you towards what is next.

Explore the alumni stories proving how service opens doors, builds skills, and shapes futures:
https://bit.ly/4sIBQu9","https://www.cityyear.org/san-antonio/stories/our-alumni/life-after-city-year-pathways-for-the-future/","6","6","0","0"
"6/10/2026 11:00 am","125302627796_1462194952602859","Facebook","Post","Link","The Chicago Community Trust","https://www.facebook.com/620686893420340/posts/1462194952602859","“Unwavering” celebrates the dedication of people working every day to strengthen our region. For 111 years, The Chicago Community Trust has stood with and for Chicago. That has never been more true than now. Our resolve endures. Our focus is unflinching. Our commitment, unwavering.

In partnership with our donors, we distributed more than $1.4 billion in grantmaking to support Chicago and beyond in FY2025. We granted nearly $20 million in additional funds to meet unanticipated community needs and were proud to work alongside our philanthropic partners to mobilize tens of millions more to respond to increased needs across our region.

Take a look at our 2025 Annual Report: ","https://www.cct.org/about/annual-reports/","4","3","1","0"
"6/10/2026 11:00 am","221488995515_1668009121994528","Facebook","Post","Photo","Advance Illinois","https://www.facebook.com/414749720653814/posts/1668009121994528","ICYMI: Read the latest From the Desk legislative analysis. Even amid challenges, Illinois continued investing across the B‑20 continuum and took important steps to safeguard educational opportunity in a shifting federal landscape. https://hubs.la/Q04kCVXN0","https://www.facebook.com/photo.php?fbid=1668009078661199&set=a.414661447329308&type=3","0","0","0","0"
"6/9/2026 3:53 pm","196842483717237_1534097688733442","Facebook","Post","Video","Communities In Schools of Chicago","https://www.facebook.com/681023914040828/posts/1534097688733442","""We need you. You allow kids to talk about everything, all of their struggles.""

""You help us find other resources outside of school in the same ways we need it in school.""

""You actually take your time with other kids and give them a moment to just breathe.""

""Knowing I got somebody in school I can talk to about anything means a lot to me.""

--

We asked some of our students why it's important to have somebody from CIS in their school, and we were struck by the impact of our work, not only across the city, but for each and every young person we support.

Watch our new video featuring our students here!
","https://youtube.com/watch?v=Mm9HBl6JzE4","1","0","0","1"
"6/9/2026 1:36 pm","188187514534378_1554129379407819","Facebook","Post","Photo","MacArthur Foundation","https://www.facebook.com/805236477630450/posts/1554129379407819","“AI is a product that is inherently intertwined with critical societal infrastructures.”

In our latest Grantee Story, we share how Trinity College Dublin's AI Accountability Lab centers public interest and societal good in evaluating artificial intelligence technology.

Read more:
https://www.macfound.org/press/grantee-stories/assessing-ais-service-to-humanity?utm_campaign=p-chicago-supporting-creative-workers-5-26&utm_source=facebook&utm_medium=social","https://www.facebook.com/photo.php?fbid=1554129352741155&set=a.805215204299244&type=3","2","1","0","1"
"6/9/2026 1:00 pm","125302627796_1461362106019477","Facebook","Post","Link","The Chicago Community Trust","https://www.facebook.com/620686893420340/posts/1461362106019477","Each June, Pride Month offers a time to celebrate the achievements, contributions, and resilience of LGBTQ communities. An important vehicle for that work is the LGBTQ Community Fund, an initiative of The Chicago Community Trust established in 2010 to provide support and advocacy for the LGBTQ community and organizations across the region.

In recognition of Pride Month, current co-chair Jennie Brier sits down with Ray Crossman, the committee’s longest-serving current member, who joined the fund in 2018. As academics, longtime colleagues and personal friends, they bring both professional insight and personal commitment to their work—Jennie as a historian focused on gender, identity, and the AIDS crisis, and Ray as a psychologist, higher education leader and past university president, and longtime advocate whose own lived experience has shaped his dedication to LGBTQ communities. 

Together, they reflect on the fund’s evolution, its impact, and what the future may hold: ","https://www.cct.org/stories/pride-progress-and-purpose-a-conversation-with-jennie-brier-ray-crossman/","0","0","0","0"
"6/9/2026 12:06 pm","9961411679_1432829752210175","Facebook","Post","Video","City Year","https://www.facebook.com/reel/1336123681918573/","Check the link in our bio if you want to know more!

https://bit.ly/4vK7rOj","https://www.facebook.com/reel/1336123681918573/","16","16","0","0"
"6/9/2026 10:07 am","133607023351110_1450890013734938","Facebook","Post","Video","Stand for Children Illinois","https://www.facebook.com/557328906424391/posts/1450890013734938","For the 2027-2028 school year, “We’re giving children more classroom focus and a better education by banning kids’ use of cell phones during the school day” said Gov. Pritzker in regard to the new IL cell phone ban.

Learn more about Il’s new #PhoneFreeSchool bill: ","https://www.cbsnews.com/chicago/video/illinois-lawmakers-pass-cell-phone-ban-for-public-schools/","0","0","0","0"
"6/8/2026 1:42 pm","196842483717237_1533127162163828","Facebook","Post","Photo","Communities In Schools of Chicago","https://www.facebook.com/681023914040828/posts/1533127162163828","With the school year ending, there is so much to CELEBRATE! 

Our CIS team members for serving as consistent sources of support and guidance, our school partners for their dedication and commitment, our community partners for providing the resources that students need, and most importantly, OUR STUDENTS.

They showed up, stayed strong, kept learning, and they GRADUATED. Congrats to all our students who earned their diplomas this season. So much to celebrate, indeed. Here's a round-up of graduation ceremonies from across our Intensive schools. 🎓","https://www.facebook.com/681023914040828/posts/1533127162163828","2","2","0","0"
"6/8/2026 12:56 pm","9961411679_1431981508961666","Facebook","Post","Link","City Year","https://www.facebook.com/642274284599063/posts/1431981508961666","Skills, leadership, purpose. “Service Leadership Institute reflects how City Year thinks about the value of national service. When a trained student success coach steps into a school each day for a year or more they deepen skill expertise, build leadership abilities, experience purpose, and earn recognition for meaningful work.”

City Year’s Service Leadership Institute, a pre-service training sequence before AmeriCorps members begin the school year, emphasizes practice, reflection and collaboration. Corps members start to develop the competencies needed to make a meaningful impact in schools and communities. https://bit.ly/3PoTSEs","https://www.cityyear.org/national/stories/our-impact/once-called-basic-training-academy-city-year-renames-pre-service-training-for-americorps-members/","8","7","0","1"
"6/8/2026 12:12 pm","133607023351110_1450040590486547","Facebook","Post","Link","Stand for Children Illinois","https://www.facebook.com/557328906424391/posts/1450040590486547","“Beginning in the 2027-28 school year, every public and charter school district without an existing phone policy will be required to institute a ‘bell-to-bell' ban for elementary and middle school students. High school students may use phones during lunch or breaks at each district’s discretion.”

Learn more about Il’s new #PhoneFreeSchool bill: ","https://www.chicagotribune.com/2026/05/31/illinois-approves-school-cellphone-ban/","1","0","1","0"
"6/8/2026 11:47 am","188187514534378_1553211739499583","Facebook","Post","Link","MacArthur Foundation","https://www.facebook.com/805236477630450/posts/1553211739499583","According to City of Chicago – Government, shootings in the city decreased by over 57% between 2021 and 2025.

The Chicago Reporter explores how Chicago organizations are investing in community violence intervention, including recruiting Peacekeepers, community members who are tasked with monitoring their neighborhoods and mediating conflict.

Read the full story ⬇️
","https://www.chicagoreporter.com/inside-chicagos-growing-investment-in-violence-intervention/","1","1","0","0"
"6/8/2026 11:12 am","221488995515_1666069425521831","Facebook","Post","Photo","Advance Illinois","https://www.facebook.com/414749720653814/posts/1666069425521831","We're hiring! Advance Illinois is looking for a Director of Development to join our team. We’re seeking a strategic thinker committed to strengthening public education statewide and growing our impact. Please share with your networks and apply today: https://hubs.la/Q04kwTc10

#JobOpportunity #development #hiring #Illinois #education
#fundraising","https://www.facebook.com/photo.php?fbid=1666069382188502&set=a.414661447329308&type=3","2","1","0","1"
"6/8/2026 10:30 am","232693460103788_1434057822086177","Facebook","Post","Photo","A Better Chicago","https://www.facebook.com/324620916363212/posts/1434057822086177","As the school year comes to a close, here are three highlights from Bottom Line  Chicago, an A Better Chicago portfolio organization:

1️⃣ 96% of Bottom Line Chicago’s students have made an enrollment decision going into the summer

2️⃣ Their 2026 cohort will be attending 52 different colleges across 18 states

3️⃣ 65% of the most recent cohort of college students graduated in 6 years or less

Congratulations to all the students and graduates of Bottom Line!

Photo courtesy of Bottom Line","https://www.facebook.com/324620916363212/posts/1434057822086177","1","0","1","0"
"6/8/2026 10:15 am","125302627796_1460360902786264","Facebook","Post","Photo","The Chicago Community Trust","https://www.facebook.com/620686893420340/posts/1460360902786264","This weekend, Trust President & CEO Andrea Sáenz had the honor of delivering the commencement address for the 2026 undergraduate class at National Louis University. Speaking on belonging and what it means to lead, she told graduates:

“Your perspective has been shaped by every experience that brought you here today: every obstacle you navigated, every sacrifice you made, every moment you kept going when you had every reason to stop. What you must do now is trust it. Use it. Refuse to muffle it for the comfort of those who aren't used to hearing it. Build something that didn't exist before you walked in. Stand up for the people our institutions have overlooked. That is leadership. That is what changes the world.""
 
Congratulations to the Class of 2026. We can't wait to see what you build.","https://www.facebook.com/620686893420340/posts/1460360902786264","16","11","4","1"
"6/8/2026 9:30 am","2063991941692641737","X","Post","Photo","_abetterchicago","https://twitter.com/_abetterchicago/status/2063991941692641737","Here are 3 highlights from Bottom Line Chi:
1️⃣ 96% of students made an enrollment decision before summer
2️⃣ The Class of 2026 will attend 52 colleges across 18 states
3️⃣ 65% of our most recent college cohort graduated within 6 years
Congrats to all of the students and graduates! https://t.co/NGVzTVb1kn","","0","0","0","0"
"6/6/2026 11:34 am","222712320927404_122297218400216507","Facebook","Post","Photo","The Urban Center","https://www.facebook.com/122209075502216507/posts/122297218400216507","The Chicago Teachers Union has endorsed an unqualified and unacceptable candidate for President of Chicago Bd of Ed—Hilario Dominguez, who was accused of harassment by his fellow teachers during his brief classroom stint. Hilario is an embarrassing indictment of current CTU leadership and their prioritization of politics over the students of CPS.","https://www.facebook.com/222580699913092/posts/1427351922769291","0","0","0","0"
"6/5/2026 1:52 pm","188187514534378_1550696616417762","Facebook","Post","Link","MacArthur Foundation","https://www.facebook.com/805236477630450/posts/1550696616417762","A recent Gallup poll found that 70% of Americans are opposed to constructing data centers for AI in their local areas.

Inside Philanthropy shares how philanthropy is responding to the public's concerns through initiatives like Humanity AI. 

Full story for Inside Philanthropy subscribers ⬇️
","https://www.insidephilanthropy.com/home/philanthropy-needs-to-pay-more-attention-to-ai-data-centers","2","2","0","0"
"6/5/2026 1:31 pm","355075968400258_1407369821500608","Facebook","Post","Photo","Children First Fund","https://www.facebook.com/295295272708074/posts/1407369821500608","Thank you, Google.org, for supporting this year’s Chicago Public Schools Computer Science Inclusion Showcase! This event celebrates our students with disabilities in computer science classes, robotics clubs, and esports, creating a welcoming and joyful pathway to STEM.

This event directly reflects our core CPS priority: to ensure the rightful presence of every student with disabilities so they can fully engage in rigorous, grade-level instruction in the general education classroom, accessing the same opportunities as their peers.

To expand on this commitment, this year's event grew to include Unified Robotics teams, bringing students with disabilities and their general education peers together to collaborate. As one of our Unified Robotics student panelists shared during the event: 

""Being on the robotics team makes me feel proud."" 

Elementary scholars demonstrated their skills coding Sphero Indi robots and BeeBots while high school teams from Lindblom, Lincoln Park, and Hancock wowed the crowd by showcasing their massive, ball-launching robots.

We are deeply grateful to Google.org for funding this critical work. We also want to thank our research partners at the University of Florida for training our teachers in Universal Design for Learning (UDL) to make computer science accessible for all, as well as Amazon.com and the CME Group Foundation for supporting the CPS robotics lending library that equips our classrooms with devices. 

Thank you for helping us build a more inclusive future! 

#InclusionInSTEM #UnifiedRobotics #InclusiveEducation #CommunityPartnership #CFF #Chicago #CPS","https://www.facebook.com/295295272708074/posts/1407369821500608","3","1","0","2"
"6/5/2026 10:00 am","9961411679_1429148019245015","Facebook","Post","Photo","City Year","https://www.facebook.com/642274284599063/posts/1429148019245015","City Year is the ultimate glow up: for you AND the students you'll serve. https://bit.ly/3WlV9gj","https://www.facebook.com/photo.php?fbid=1429147965911687&set=a.642264387933386&type=3","1","0","0","1"
"6/5/2026 9:52 am","125302627796_1457551753067179","Facebook","Post","Link","The Chicago Community Trust","https://www.facebook.com/620686893420340/posts/1457551753067179","Chicago Youth Centers, a Trust grant recipient with 21 centers on the city's South and West sides, has been changing lives in communities for 70 years. 

Learn more: ","https://bit.ly/4vw5rZN","6","5","1","0"
"6/5/2026 9:26 am","133607023351110_1446968230793783","Facebook","Post","Video","Stand for Children Illinois","https://www.facebook.com/557328906424391/posts/1446968230793783","","https://www.facebook.com/reel/849097537814159/","0","0","0","0"
"6/5/2026 9:00 am","133607023351110_1446947140795892","Facebook","Post","Video","Stand for Children Illinois","https://www.facebook.com/reel/1024016996634778/","Just a few words from us as the legislative season comes to an end ✍️

May 31st was the last day for our legislators to pass bills and decide on a budget. We had some wins and some setbacks, but it’s all worth it in the future.

Keep up with our advocacy work and sign up for our email list! 🔗 https://secure.everyaction.com/cH07sIWY4kSLmwJv507H-A2?sourceid=1134184","https://www.facebook.com/reel/1024016996634778/","12","10","1","1"
"6/4/2026 2:58 pm","188187514534378_1549841749836582","Facebook","Post","Photo","MacArthur Foundation","https://www.facebook.com/805236477630450/posts/1549841749836582","""Flexible funding is key to stability, sustainability, and innovation.""

In a new Perspective, Sandra Aponte and Jonathan VanderBrug of our Chicago Commitment team write about challenges for creative workers and how MacArthur is investing in arts and culture careers.

Read more ⬇️
https://www.macfound.org/press/perspectives/how-supporting-chicago-creative-workers-builds-a-more-vibrant-community?utm_campaign=p-chicago-supporting-creative-workers-5-26&utm_source=facebook&utm_medium=social","https://www.facebook.com/photo.php?fbid=1549841726503251&set=a.805215204299244&type=3","7","5","0","2"
"6/4/2026 1:44 pm","133607023351110_1446150827542190","Facebook","Post","Video","Stand for Children Illinois","https://www.facebook.com/reel/2184164992421638/","Check out these 5 education policy highlights! 

Are you interested in education advocacy work? Join our email list to get the latest advocacy alerts!

🔗 https://secure.everyaction.com/cH07sIWY4kSLmwJv507H-A2?sourceid=1134184","https://www.facebook.com/reel/2184164992421638/","1","1","0","0"
"6/4/2026 1:38 pm","188187514534378_1549794123174678","Facebook","Post","Link","MacArthur Foundation","https://www.facebook.com/805236477630450/posts/1549794123174678","🎉 The Literary Arts Fund recently announced $7.7 million in inaugural unrestricted general operating grants to 40 literary arts organizations and publishers spanning 19 states!

We are thrilled to be one of the seven founding funders of this historic project, and a member of the Literary Arts Funders Collaborative.

Meet the grantees and learn about the Fund's next grant opportunity ⬇️
","https://literaryartsfund.org/announcing-the-inaugural-grant-recipients-of-the-literary-arts-fund","5","3","0","2"
"6/4/2026 1:09 pm","221488995515_1662279669234140","Facebook","Post","Photo","Advance Illinois","https://www.facebook.com/414749720653814/posts/1662279669234140","""This legislative session, lawmakers preserved key educational investments, strengthened the state’s early childhood infrastructure, protected important equity provisions, and strengthened safeguards for student well-being,"" writes Advance Illinois President Robin Steans. 

""These accomplishments demonstrate a continued commitment to building an education system that serves all students. Yet the work remains."" 

Read the latest From the Desk legislative analysis today.","https://www.facebook.com/photo.php?fbid=1662279635900810&set=a.414661447329308&type=3","0","0","0","0"
"6/4/2026 11:00 am","232693460103788_1430178809140745","Facebook","Post","Photo","A Better Chicago","https://www.facebook.com/324620916363212/posts/1430178809140745","It’s a new season for Grape + Grain… our annual charity fundraiser is now taking place in the fall. 🍷

Mark your calendars for September 18, 2026!

We’ll be returning to Theater on the Lake - Restaurant/Events/Theater  for our curated dinner and live fine wines and spirit auction in support of Chicago’s youth.","https://www.facebook.com/324620916363212/posts/1430178809140745","4","3","0","1"
"6/4/2026 9:20 am","9961411679_1428181569341660","Facebook","Post","Video","City Year","https://www.facebook.com/reel/1325074476455868/","Nurturing change and cultivating brighter futures, City Year is redefining what it means to plant seeds.","https://www.facebook.com/reel/1325074476455868/","11","9","0","2"
"6/4/2026 9:13 am","188187514534378_1549597496527674","Facebook","Post","Link","MacArthur Foundation","https://www.facebook.com/805236477630450/posts/1549597496527674","Attending Tribeca? On June 5 at 12pm, we're hosting a conversation with Caring Across Generations on caregiving, disability, and the power of authentic storytelling in celebration of the feature film, ""Take Me Home.""

The film, which made its debut in the U.S. Dramatic Competition at the Sundance Film Festival earlier this year, follows a pair of Korean-American sisters navigating a complex web of caregiving needs after a Florida heat wave disrupts the delicate balance of their family. 

Learn more about ""Take Me Home""
🔗 https://bit.ly/4o7Mvht","https://tribecafilm.com/films/take-me-home-2026","1","1","0","0"
"6/4/2026 9:00 am","133607023351110_1445947387562534","Facebook","Post","Photo","Stand for Children Illinois","https://www.facebook.com/557328906424391/posts/1445947387562534","We believe all children should feel welcomed and safe in their schools and classrooms.

This month, we are celebrating #PrideMonth!
❤️🧡💛💚💙💜

Are you interested in joining our education advocates? Sign up for our email list! https://secure.everyaction.com/cH07sIWY4kSLmwJv507H-A2?sourceid=1134184","https://www.facebook.com/photo.php?fbid=1445947310895875&set=a.476579651165984&type=3","1","0","1","0"
"6/3/2026 2:16 pm","1720771904827240_1425053779660198","Facebook","Post","Photo","Kids First Chicago","https://www.facebook.com/560299942802257/posts/1425053779660198","What does meaningful family engagement look like, and how do we know it is working?
Join Kids First Chicago CEO Daniel Anello and fellow education leaders Steve Sheldon, Jacquelyn Green, and Shadae Harris for Measuring What Matters in Family Engagement, a virtual conversation hosted by the Flamboyan Foundation.
Together, panelists will explore how educators, school leaders, and community partners can set meaningful family engagement goals, center family voice, and measure impact in ways that support student success.
📅 June 15
📍 Virtual Event
🔗 Register today: https://kidsfirstchicago.org/events/setting-goals-for-family-engagement-measuring-what-matters
#FamilyEngagement #StudentSuccess 
—-
Cómo es el involucramiento familiar significativo y cómo sabemos si está funcionando?
Únase al director ejecutivo de Kids First Chicago, Daniel Anello, y a otros líderes educativos como Steve Sheldon, Jacquelyn Green y Shadae Harris en “Midiendo lo importante en el involucramiento familiar”, una conversación virtual organizada por la Fundación Flamboyan.
Juntos, los panelistas explorarán cómo los educadores, los líderes escolares y los socios comunitarios pueden establecer metas significativas de involucramiento familiar, centrar la voz de las familias y medir el impacto de maneras que apoyen el éxito de los estudiantes.
📅 15 de junio
📍 Evento virtual
🔗 Regístrese hoy mismo: https://kidsfirstchicago.org/events/setting-goals-for-family-engagement-measuring-what-matters
#InvolucramientoFamiliar","https://www.facebook.com/560299942802257/posts/1425053779660198","3","2","0","1"
"6/3/2026 2:10 pm","188187514534378_1548922496595174","Facebook","Post","Link","MacArthur Foundation","https://www.facebook.com/805236477630450/posts/1548922496595174","#MacFellow and mixed media artist Mark Bradford's 38-foot painting, “City of the Big Shoulders,” is one of several site-specific works featured at the Obama Presidential Center.

“Maps. Land. Power. It’s all there,"" he says of the piece.

Learn about the inspiration behind the work at The New York Times ⬇️
https://www.nytimes.com/2026/05/20/arts/design/obama-presidential-center-mark-bradford-chicago-art.html?unlocked_article_code=1.nFA.4HnU.tsvaBxnj75lU&smid=url-share","https://www.nytimes.com/2026/05/20/arts/design/obama-presidential-center-mark-bradford-chicago-art.html","4","4","0","0"
"6/3/2026 1:32 pm","9961411679_1427451122748038","Facebook","Post","Link","City Year","https://www.facebook.com/642274284599063/posts/1427451122748038","Preparing young people for the future requires sustained investment, strong partnerships, and a willingness to think differently about how impact is delivered. 

City Year is proud to collaborate with ServiceNow on a $2.5 million, multi-year grant aligned to this approach, supporting student success in schools, creating structured career pathways for AmeriCorps members, and strengthening our work through technology and AI. 

This effort will support thousands of students and AmeriCorps members each year, helping build a more inclusive, future-ready talent pipeline. 

Read more about the partnership: ","https://bit.ly/4uR2weg","1","1","0","0"
"6/3/2026 12:27 pm","125302627796_1455810789907942","Facebook","Post","Photo","The Chicago Community Trust","https://www.facebook.com/620686893420340/posts/1455810789907942","For Marc, financial health means stability, peace of mind, and the freedom that comes with owning a home. After working two jobs and navigating barriers to homeownership, he stayed focused on his goal—saving, planning, and doing the research to make it happen. Today, as a first-time homeowner, he’s not just creating stability for himself, but investing in generational wealth for the future. 

Financial health is about whether people can meet every day needs, manage debt, handle unexpected challenges, and plan for the future. The Financial Health Pulse® 2025 Chicago Trends Report takes a closer look at how residents across Cook County are spending, saving, borrowing, and planning, revealing both progress and persistent disparities across communities. This research shows that financial health shapes the choices people have in their daily lives—from housing to education to long-term stability. These stories bring that data to life.

https://www.cct.org/research-and-reports/financial-health-pulse-2025-chicago-trends-report/","https://www.facebook.com/620686893420340/posts/1455810789907942","2","2","0","0"
"6/3/2026 11:43 am","9961411679_1427374819422335","Facebook","Post","Link","City Year","https://www.facebook.com/642274284599063/posts/1427374819422335","A year of service shapes purpose, confidence, and community. These AmeriCorps members share how stepping forward changed their lives.
https://bit.ly/3OSyIOm","https://www.cityyear.org/national/stories/our-alumni/if-not-you-then-who-three-city-year-americorps-members-reflect-on-their-year-of-service/","0","0","0","0"
"6/3/2026 11:42 am","100765022373940_971364988857603","Facebook","Post","Video","Hope Chicago","https://www.facebook.com/reel/2222388448531495/","#HopeLivesHere when young and talented people from the South and West Side have the opportunity to pursue their dreams and bring their talents back the neighborhood four years later. 

Bravo, Lizbeth. Thanks for the review. We can’t wait to see you in the classroom. #hopechicago 

@bjcaeagles1 
@thisisuic","https://www.facebook.com/reel/2222388448531495/","2","2","0","0"
"6/3/2026 9:14 am","196842483717237_1528368165973061","Facebook","Post","Photo","Communities In Schools of Chicago","https://www.facebook.com/681023914040828/posts/1528368165973061","Exposure to new experiences across Chicago is critical for young people's growth and development. We were delighted over the weekend to share more about how CIS connects students with community programs and resources at the WGN TV studios!

Our Senior Arts & Culture Partnership Specialist Katia joined their morning program to talk about how CIS links students with field trips, cultural opportunities, and more.

Watch the full interview here: https://wgntv.com/news/wgn-weekend-morning-news/local-nonprofit-works-to-keep-field-trips-free-for-chicago-students/","https://www.facebook.com/photo.php?fbid=1528367419306469&set=a.594004809409406&type=3","7","7","0","0"
"6/3/2026 8:00 am","133607023351110_1444902394333700","Facebook","Post","Link","Stand for Children Illinois","https://www.facebook.com/557328906424391/posts/1444902394333700","Have you registered for our upcoming townhall? Next week, we will discuss the IL Federal Tax Credit Program by giving you an overview, timeline, and opinions from both sides.

Come be part of this virtual discussion or listen in to learn more!

Register here! 🔗 ","https://act.stand.org/a/townhall-federal-tax-credit-scholarships","0","0","0","0"
"6/2/2026 5:10 pm","188187514534378_1548097566677667","Facebook","Post","Link","MacArthur Foundation","https://www.facebook.com/805236477630450/posts/1548097566677667","Inside Philanthropy recently explored how several funders are meeting the moment by supporting nonpartisan organizations working on safe and fair elections, voting rights, and civic freedoms.

""MacArthur has been funding the democracy field for years, and the
foundation’s additional $100 million commitment this March was a
welcome influx.""

Subscribers can read more below ⬇️
","https://www.insidephilanthropy.com/home/meeting-the-moment-these-8-funders-are-focused-on-the-midterms","1","1","0","0"
"6/2/2026 4:23 pm","221488995515_1660306069431500","Facebook","Post","Photo","Advance Illinois","https://www.facebook.com/414749720653814/posts/1660306069431500","","https://www.facebook.com/photo.php?fbid=122277482684165370&set=a.122111844500165370&type=3","0","0","0","0"
"6/2/2026 4:23 pm","221488995515_1660305982764842","Facebook","Post","Photo","Advance Illinois","https://www.facebook.com/414749720653814/posts/1660305982764842","","https://www.facebook.com/photo.php?fbid=122277482558165370&set=a.122111844500165370&type=3","0","0","0","0"
"6/2/2026 2:07 pm","188187514534378_1547996000021157","Facebook","Post","Link","MacArthur Foundation","https://www.facebook.com/805236477630450/posts/1547996000021157","A new study from the Council on Energy, Environment and Water found that India's organic waste could become a $51B market by 2047.

The study, which assessed three pathways for India’s organic waste sector, identified ways to cut up to 101 million tons of carbon dioxide equivalent emissions.

Read more at Business Standard ⬇️
","https://www.business-standard.com/industry/news/india-s-organic-waste-could-become-51-billion-market-by-2047-ceew-126052901565_1.html","4","2","0","2"
"6/2/2026 12:00 pm","232693460103788_1428190276006265","Facebook","Post","Photo","A Better Chicago","https://www.facebook.com/324620916363212/posts/1428190276006265","Every Day Counts is our new initiative where we’re committing $10 million over the next five years to help strengthen student attendance and belonging.

In case you missed it, this op-ed from our CEO Elizabeth Swanson and board member Janice K. Jackson, highlights the urgency of ensuring young people are engaged, supported, and thriving in school.

Read more about this critical issue in the full piece in the Chicago Sun-Times: https://lnkd.in/gDkTSpQf","https://www.facebook.com/photo.php?fbid=1428190249339601&set=a.321187470039890&type=3","0","0","0","0"
"6/2/2026 11:51 am","9961411679_1426372696189214","Facebook","Post","Video","City Year","https://www.facebook.com/reel/1657566008695237/","This sound is making waves; get ready to be amazed!","https://www.facebook.com/reel/1657566008695237/","16","14","0","2"
"6/2/2026 11:46 am","9961411679_1426368942856256","Facebook","Post","Photo","City Year","https://www.facebook.com/642274284599063/posts/1426368942856256","As AI rapidly transforms the workforce, the question isn’t just how we build technical skills, it’s how we invest in the human skills that sustain long-term success. Adaptability, resilience, and empathy are more critical than ever.

At this week’s Social Innovation Summit, City Year is proud to be part of the conversation alongside Lyndsay Harris Kyei of ServiceNow and Saskia Levy Thompson of Carnegie Corporation of New York, focused on how we prepare young people for this moment.

We’re especially honored to have City Year AmeriCorps Member and Team Leader Nina Prakash leading the session, grounding the discussion in real, on-the-ground experience.

If you’re in the Atlanta area, join us live tomorrow at 10:30 AM ET. If not, check back here for key insights and highlights from the session.

#SIS2026 #FutureOfWork","https://www.facebook.com/photo.php?fbid=1426368899522927&set=a.642264387933386&type=3","1","1","0","0"
"6/2/2026 10:54 am","221488995515_1660031886125585","Facebook","Post","Link","Advance Illinois","https://www.facebook.com/414749720653814/posts/1660031886125585","As Illinois continues the work to strengthen and diversify the educator workforce, we want to give a shoutout to Clinical Assistant Professor and EAC member Chrissy Brown, who led the first cohort of the UIC JTED Teacher Apprenticeship Program. The cohort has completed the program, and participants have transitioned into licensed special education teachers. https://hubs.la/Q04jMqlX0

This effort focuses on creating an alternative pathway into teaching for paraprofessionals, helping address the statewide shortage of special education teachers while reducing barriers to entering the profession.
#teachers #Illinois #teacherworkforce #teacherpreparation","https://hubs.la/Q04jMqlX0","4","3","0","1"
"6/2/2026 10:44 am","133607023351110_1444023371088269","Facebook","Post","Link","Stand for Children Illinois","https://www.facebook.com/557328906424391/posts/1444023371088269","Illinois now has #PhoneFreeSchools! How will this impact students?

“Barring [cell phones] from classrooms could also ‘strengthen friendships and human interactions, and minimize bullying,"" said Jessica Handy, executive director of Stand for Children Illinois.

Read the latest Chalkbeat article to learn more about the new IL cell phone ban:
","https://www.chalkbeat.org/chicago/2026/06/01/illinois-lawmakers-pass-cellphone-ban-in-school-classrooms/","0","0","0","0"
"6/2/2026 9:19 am","125302627796_1454602970028724","Facebook","Post","Link","The Chicago Community Trust","https://www.facebook.com/620686893420340/posts/1454602970028724","ICYMI: Big news for Illinois homeowners this weekend. The Illinois House and Senate passed House Bill 4537—a critical step toward bringing our state into compliance with the 2023 Tyler v. Hennepin U.S. Supreme Court ruling. The legislation establishes a public auction system and phases out the current tax deed and indemnity fund process, directly addressing the requirements set by that landmark case. But this is a step, not a finish line. More reforms are needed to truly protect homeowners from tax foreclosure and from losing what is often a family's most significant asset. 

Learn more: ","https://bit.ly/3PVaN1l","7","5","0","2"
"6/2/2026 8:00 am","221488995515_1659871266141647","Facebook","Post","Photo","Advance Illinois","https://www.facebook.com/414749720653814/posts/1659871266141647","We're hiring! Advance Illinois is looking for a Director of Development to join our team. We’re seeking a strategic thinker committed to strengthening public education statewide and growing our impact. Please share with your networks and apply today: https://hubs.la/Q04jw9HR0

#JobOpportunity #development #hiring #Illinois #education
#fundraising","https://www.facebook.com/photo.php?fbid=1659871199474987&set=a.414661447329308&type=3","1","1","0","0"
"6/2/2026 6:37 am","125302627796_1454520950036926","Facebook","Post","Photo","The Chicago Community Trust","https://www.facebook.com/620686893420340/posts/1454520950036926","","https://www.facebook.com/122121496317172916/posts/122126870031172916","2","2","0","0"
"6/1/2026 4:40 pm","221488995515_1659221459539961","Facebook","Post","Photo","Advance Illinois","https://www.facebook.com/414749720653814/posts/1659221459539961","","https://www.facebook.com/196352779398343/posts/1034642992235980","0","0","0","0"
"6/1/2026 3:44 pm","355075968400258_1403391351898455","Facebook","Post","Photo","Children First Fund","https://www.facebook.com/295295272708074/posts/1403391351898455","Since March, 482 students across Chicago Public Schools have been building healthy habits, training, and working toward an incredible goal.

On May 17th, approximately 80 of those students and their coaches celebrated that journey by running their final mile at the Life Time Chicago Spring Half Marathon!

Huge thanks to our amazing CFF partner, Life Time Foundation, for providing this exciting new opportunity. Your commitment to the health and well-being of our students makes milestones like this possible!

Shoutout to the amazing student runners and coaches from across the city representing: Greeley, Ogden, Volta, Logan Square, Mollison, Sadlowski, Kellman, Casals, Carnegie, and Cullen elementary schools.

We are so proud of your dedication and hard work! 🏅

#CPSHealthAndWellness #CorporatePartnership #StudentSuccess #ChicagoHalfMarathon #CFF #LifeTimeFoundation","https://www.facebook.com/295295272708074/posts/1403391351898455","0","0","0","0"
"6/1/2026 12:59 pm","9961411679_1425464196280064","Facebook","Post","Link","City Year","https://www.facebook.com/642274284599063/posts/1425464196280064","From feeling unseen in his own classrooms to becoming the mentor he once needed, Abraham Galán proves the power of showing up for your community.

When young people see themselves reflected in their educators, doors open. Futures shift. Confidence grows.","https://bit.ly/3PZZZz7","2","2","0","0"
"6/1/2026 11:58 am","221488995515_1659024572892983","Facebook","Post","Photo","Advance Illinois","https://www.facebook.com/414749720653814/posts/1659024572892983","Read our full statement on the FY27 state budget. https://hubs.la/Q04jzBKg0
 #twill #Illinois #budget","https://www.facebook.com/photo.php?fbid=1659024522892988&set=a.414661447329308&type=3","1","0","0","1"
"6/1/2026 11:30 am","188187514534378_1546996056787818","Facebook","Post","Video","MacArthur Foundation","https://www.facebook.com/805236477630450/posts/1546996056787818","Deeply Rooted Dance Theater (DRDT) reimagines contemporary dance by uniting modern, classical, American, and African American traditions in dance and storytelling.

DRDT co-founder Gary Abbott recently spoke with Audrina Sinclair of CBS News Chicago to talk about how the theater is celebrating its 30th anniversary.

Watch the interview ⬇️
","https://www.cbsnews.com/chicago/video/deeply-rooted-dance-theater-marks-30-years/","4","3","0","1"
"6/1/2026 11:03 am","133607023351110_1443057404518199","Facebook","Post","Photo","Stand for Children Illinois","https://www.facebook.com/557328906424391/posts/1443057404518199","We finally have phone-free schools!🥳

IL passed a law limiting student cell phone use in schools. This bill was part of an ongoing effort to improve the overall academic experience of students and teachers.

To support education advocates in implementing these policies at the local level, Stand for Children has created an implementation guide for this transition period.

Download the implementation guide on our website: https://tinyurl.com/Phone-Guide","https://www.facebook.com/557328906424391/posts/1443057404518199","7","4","1","2"
"6/1/2026 10:55 am","100765022373940_969514215709347","Facebook","Post","Photo","Hope Chicago","https://www.facebook.com/235486975778745/posts/969514215709347","More #HopeLivesHere 🥹 Then/Now 📸 's

Deliver opportunity ⏩  spark the talent within all families to grow and thrive. 

This is the formula for a stronger, more prosperous Chicago and Illinois. Hope Scholars and Hope Parent Scholars are now crossing commencement stages all over Illinois #DebtFree. This is just the beginning. #HopeChicago","https://www.facebook.com/235486975778745/posts/969514215709347","4","2","0","2"
"6/1/2026 10:23 am","125302627796_1453697603452594","Facebook","Post","Photo","The Chicago Community Trust","https://www.facebook.com/620686893420340/posts/1453697603452594","Last week, staff at The Chicago Community Trust took a wonderful tour of the Pullman and Roseland neighborhoods in Chicago, led by Abraham Lacy and Katanya Raby from Far South CDC. 

The tour began by passing new Habitat for Humanity Chicago townhomes, where crews were actively working on the property. After that, a stop by a former Jewel Osco & Halsted Mall that will soon turn into a vibrant mixed-use housing and retail development. 

Staff then walked along POP! Heights Park—the first new park in Halsted in over 50 years—viewing the location for “The Rise,” which will be a mixed-use, multi-family transit-oriented development. Additional stops along the way also included the Pullman National Monument and National Historic Park, a new CTA Red line extension, and 1Fifteen Michigan—a mixed-use affordable housing and commercial development.

Lastly, staff visited the Hope Center Foundation’s modular homes to tour the interiors. The Hope Center and community partners developed 10 new homes, with broader plans to build 1,000 more on the South and West sides of Chicago.

Special thank you to our hosts and guests for guiding and joining us along the way!

• Florence Hardy (Far South CDC)
• Lesley Roth (LJC Design + Engineering)
• Mindy Reuden (Habitat for Humanity Chicago)
• David Doig (Chicago Neighborhood Initiatives)
• Shenita Muse (Hope Center Foundation of Chicago)","https://www.facebook.com/620686893420340/posts/1453697603452594","16","12","0","4"
"6/1/2026 9:00 am","133607023351110_1442964731194133","Facebook","Post","Photo","Stand for Children Illinois","https://www.facebook.com/557328906424391/posts/1442964731194133","Today we celebrate 30 YEARS of Stand for Children! 🎉

From the 1996 rally to classrooms, school board meetings, and advocacy campaigns, our nationwide movement thrives because of you!

Your dedication, your voice, your willingness to stand for all children. You are the heart of our work.

Thank you for shaping 30 years of meaningful change. Here's to the next 30: 🔗 https://stand.org/stand-for-children-30th-anniversary?sourceid=1134184","https://www.facebook.com/photo.php?fbid=1442964681194138&set=a.476579651165984&type=3","3","3","0","0"
"5/31/2026 3:41 pm","222712320927404_122296310996216507","Facebook","Post","Photo","The Urban Center","https://www.facebook.com/122209075502216507/posts/122296310996216507","Stacy Davis Gates and CTU can’t play by the rules that they wrote! The IL legislature shouldn’t catch their last minute Hail Mary pass to win elections.","https://www.facebook.com/122209075502216507/posts/122296310996216507","2","0","1","1"
"5/29/2026 3:12 pm","221488995515_1656247763170664","Facebook","Post","Photo","Advance Illinois","https://www.facebook.com/414749720653814/posts/1656247763170664","","https://www.facebook.com/photo.php?fbid=1285868290384960&set=a.165335572438243&type=3","2","1","0","1"
"5/29/2026 3:11 pm","221488995515_1656247263170714","Facebook","Post","Photo","Advance Illinois","https://www.facebook.com/414749720653814/posts/1656247263170714","","https://www.facebook.com/196352779398343/posts/1031951112505168","0","0","0","0"
"5/29/2026 3:10 pm","355075968400258_1400373175533606","Facebook","Post","Photo","Children First Fund","https://www.facebook.com/295295272708074/posts/1400373175533606","Fourteen outstanding Chicago Public Schools students were awarded the second annual Admiral Lisa Franchetti ROTC Scholarship this May. Funded through a generous annual gift from Rahm Emanuel and Amy Rule, these $10,000 scholarships recognize exceptional JROTC leadership, academic excellence, and a steadfast commitment to future military service.

Named in honor of Vice Admiral Lisa M. Franchetti—the first female Chief of Naval Operations—this award continues to open doors for a new generation of young leaders committed to serving something greater than themselves.

At CFF, we believe that a student's financial situation should never stand between them and their dreams, and we are grateful to partner with donors who share this vision. We are proud to collaborate with the philanthropic community and the CPS Office of College and Career Success to ensure this critical support reaches our scholars so they can seamlessly continue their chosen pathways in college.

A special shout-out and thank you to Rickover Naval Academy HS for hosting this celebration and the CPS Department of JROTC leadership and instructors for all of your support and dedication.

#JROTC #CPS #ChildrenFirstFund #Scholarship #MilitaryService #Leadership #ChicagoYouth","https://www.facebook.com/295295272708074/posts/1400373175533606","1","0","0","1"
"5/29/2026 1:39 pm","188187514534378_1544423500378407","Facebook","Post","Link","MacArthur Foundation","https://www.facebook.com/805236477630450/posts/1544423500378407","“Sustainable development requires that we...begin at the bottom of the pyramid and invest up because everyone counts.""

Amina A Salihu, Deputy Director of our Nigeria office, recently spoke at the School of Politics, Policy, and Governance (SPPG) about prioritizing inclusivity and community to bring about lasting change. 

Read more of her reflections at TheCable ⬇️
","https://www.thecable.ng/amina-salihu-sustainable-development-must-begin-from-local-communities/","1","0","0","1"
"5/29/2026 12:38 pm","133607023351110_1440187928138480","Facebook","Post","Photo","Stand for Children Illinois","https://www.facebook.com/557328906424391/posts/1440187928138480","Congratulations to all of the Vienna High School graduates who participated in early college and dual credit programs!

Vienna High School has been a partner in our work towards supporting career readiness for high school graduates. We believe all high schoolers deserve to have adequate support for life after graduation.

Outstanding Dual Credit programs, like Vienna’s, open doors to students so they graduate ready for whatever is next.

Follow us for updates on our student fellowship this summer!","https://www.facebook.com/photo.php?fbid=1826266998785762&set=a.755487949197011&type=3","1","1","0","0"
"5/29/2026 10:00 am","9961411679_1422555436570940","Facebook","Post","Photo","City Year","https://www.facebook.com/642274284599063/posts/1422555436570940","Join City Year and become the mentor who makes the school day brighter for students. Link in bio.","https://www.facebook.com/photo.php?fbid=1422555396570944&set=a.642264387933386&type=3","2","0","0","2"
"5/29/2026 9:55 am","125302627796_1450867140402307","Facebook","Post","Link","The Chicago Community Trust","https://www.facebook.com/620686893420340/posts/1450867140402307","""Through UnBlocked Englewood, residents have received new roofs, back porches, furnaces, plumbing, and updated electrical. And the block itself has been transformed through murals, sculptures, and other public art installations. Johnson said she had to work to earn the trust of each resident she helped.""

Learn more: ","https://thetriibe.com/2026/05/inside-unblocked-englewood-tonika-lewis-johnsons-vision-for-healing-one-south-side-block/","1","1","0","0"
"5/29/2026 9:49 am","200608886633238_1422632706571916","Facebook","Post","Video","The Joyce Foundation","https://www.facebook.com/reel/1007303431826832/","Deep thanks to all who participated in @wttwchicago’s town hall meeting on policing and public trust at @thaliahallchicago in Pilsen this week. This interactive conversation and WTTW’s ongoing in-depth coverage of policing and police reform is a meaningful contribution toward understanding how we can create a safer and more just Chicago. #Chicago #PoliceReform #LocalJournalism #PublicSafety","https://www.facebook.com/reel/1007303431826832/","1","1","0","0"
"5/29/2026 9:36 am","133607023351110_1440059381484668","Facebook","Post","Video","Stand for Children Illinois","https://www.facebook.com/reel/991305723480347/","What can we say? You make us feel famous 😎

Stay in touch with us and sign up for our email list! ➡️ https://secure.everyaction.com/cH07sIWY4kSLmwJv507H-A2?sourceid=1134184

#StandForChildren #Education #Schittscreek","https://www.facebook.com/reel/991305723480347/","5","5","0","0"
"5/29/2026 8:59 am","200608886633238_1422595313242322","Facebook","Post","Photo","The Joyce Foundation","https://www.facebook.com/480966400738556/posts/1422595313242322","Deep thanks to all who participated. WTTW - Chicago PBS' in-depth coverage of policing and police reform is a meaningful contribution toward understanding how we can create a safer and more just Chicago. #Chicago #PoliceReform #PublicSafety","https://www.facebook.com/356298639874893/posts/1442361024601977","13","10","2","1"
"5/29/2026 8:01 am","221488995515_1655914006537373","Facebook","Post","Video","Advance Illinois","https://www.facebook.com/reel/27718021804465566/","Students are questioning whether they can afford to stay in school. Universities are stretched thin. Illinois continues to lose students — and future talent — to other states.

So the question becomes: What are we doing?

With just a few days left in session, Illinois students can’t afford inaction. Click the link urging lawmakers to pass SB13/HB1581: https://tinyurl.com/4pshmn93. 

#HigherEducation #Illinois #CollegeAffordability #PublicGood #StudentVoices","https://www.facebook.com/reel/27718021804465566/","1","0","1","0"
"5/28/2026 8:25 pm","809795299116133_1433510165475830","Facebook","Post","Photo","IL Raise Your Hand","https://www.facebook.com/443559341137589/posts/1433510165475830","Public schools have been under attack by Trump, billionaires, and private interests! There is a growing movement to privatize public education by hurting public schools where it hurts the most - their funding. 

The opposition's goal is clear. They want to destabilize public schools and swoop in to offer their private alternatives. As public school parents, we cannot and will not allow our children and public schools to be disinvested in. We have seen what intentional disinvestment in our public schools creates harmful and violent impacts on our communities. 

There is a solution, but it is does not include relying on working class families and individuals through higher taxes and rising costs of goods such as housing, gas, and groceries! Illinois must tax the wealthiest Illinoisans and corporations to bring in more revenue for education. There are real, dire consequences if Illinois does not pass progressive revenue. Our children cannot wait another generation for fully funded public schools!","https://www.facebook.com/443559341137589/posts/1433510165475830","2","1","0","1"
"5/28/2026 1:00 pm","125302627796_1450087790480242","Facebook","Post","Photo","The Chicago Community Trust","https://www.facebook.com/620686893420340/posts/1450087790480242","This morning, The Chicago Community Trust had the privilege of gathering members of our 1915 Society for a celebratory breakfast with the remarkable Geoffrey Baer—WTTW host, producer, and renowned storyteller of Chicago's architecture and history.

Baer led a captivating conversation tracing Chicago's architectural evolution from the Great Fire to today's skyline, noting how Chicago became ""the first city of skyscrapers in the world” as well as the spirit of innovation and reinvention that has defined this city and its people ever since. Beyond the bricks and steel, it was a reminder that one of Chicago's greatest strengths has always been its willingness to build boldly and begin again. 

That commitment to bold vision and building a stronger future is carried forward by Chicago's philanthropic community. Our 1915 Society honors our donors who have chosen to make the Trust and the Chicago region part of their lasting legacy.

1915 Society and Trust Executive Committee Member Anne Ladky captured it well: “As a longtime advocate, I was drawn to the ambition and this organization's willingness to strive for bigger impact. I have seen firsthand the strengths and authentic partnerships that make this organization a vital leader in our region. I have great confidence that the Trust will continue to meet the region’s greatest needs when the time comes.”

And as Chief Philanthropy Officer Sheila Cawley reminded us: ""It's your generosity and your passion that make the legacy of the Trust what it is today.”

To every member of the 1915 Society, we thank you. Learn more about legacy giving at www.cct.org/philanthropy.

[Photo Credit: Jamel Williams/THREE20 Media]","https://www.facebook.com/620686893420340/posts/1450087790480242","13","12","1","0"
"5/28/2026 11:01 am","221488995515_1655029086625865","Facebook","Post","Video","Advance Illinois","https://www.facebook.com/reel/1551637663207929/","What happens when states underinvest in public higher education?

Students leave. Costs rise. Communities lose talent. And opportunities become harder to reach for the people who need them most.

Illinois legislators, advocates, and education leaders are calling attention to the urgency of investing in public higher education — not only for students today, but for the future of our state.

Because the cost of doing nothing impacts all of us. 

Investing in Public Higher Education is a Public Good. Hear directly from legislators fighting for equitable higher education funding for Illinois students and communities—and click the link urging lawmakers to pass SB13/HB1581: https://tinyurl.com/4pshmn93. 

#HigherEducation #IllinoisPolicy #CollegeAffordability #EducationFunding #PublicGood #Illinois","https://www.facebook.com/reel/1551637663207929/","0","0","0","0"
"5/28/2026 10:57 am","133607023351110_1439171691573437","Facebook","Post","Link","Stand for Children Illinois","https://www.facebook.com/557328906424391/posts/1439171691573437","What Should Illinois Do About Federal Tax Credit Scholarships? Stand for Children Illinois wants to hear from you!

Join us for a townhall to learn about the possible outcomes from Illinois opting in or opting out of the Federal Tax Credit Scholarship program. Our discussion will address your questions and help us find the best way to prioritize student outcomes and equitable access. 

Register here: https://secure.everyaction.com/krWibWCsUk-3YYQjhXcu2Q2?sourceid=1134184 

#Illinois #Education","","1","1","0","0"
"5/28/2026 10:46 am","221488995515_1655018459960261","Facebook","Post","Photo","Advance Illinois","https://www.facebook.com/414749720653814/posts/1655018459960261","","https://www.facebook.com/photo.php?fbid=122276751644165370&set=a.122111844500165370&type=3","0","0","0","0"
"5/28/2026 10:45 am","221488995515_1655018396626934","Facebook","Post","Photo","Advance Illinois","https://www.facebook.com/414749720653814/posts/1655018396626934","","https://www.facebook.com/photo.php?fbid=122276751728165370&set=a.122111844500165370&type=3","0","0","0","0"
"5/28/2026 10:42 am","221488995515_1655016173293823","Facebook","Post","Photo","Advance Illinois","https://www.facebook.com/414749720653814/posts/1655016173293823","","https://www.facebook.com/photo.php?fbid=1284224547216001&set=a.165335572438243&type=3","1","1","0","0"
"5/28/2026 10:37 am","931616600195955_1422886576544566","Facebook","Post","Photo","Teach Plus Illinois","https://www.facebook.com/646013757565189/posts/1422886576544566","HUGE VICTORY FOR ILLINOIS KINDERGARTENERS!

HB 4577 has officially passed the Illinois General Assembly! This crucial bill defines ""play-based learning"" in the School Code, ensuring our youngest learners get the play-centered classrooms they need to thrive!

A massive thank you to our legislative champions, Rep. Laura Faver Dias and Sen. Mary Edly-Allen, alongside the Start With Play Coalition, and a decade of Teach Plus IL ECE Policy Fellows! 

When educators organize, real policy change happens. Let’s celebrate! 

Take the Play Pledge and Join the Start with Play Coalition: https://tinyurl.com/mtv6bv5n

#PlayBasedLearning #HB4577 #IllinoisEducation #ECE #LetThemPlay","https://www.facebook.com/photo.php?fbid=1422886436544580&set=a.639101751589723&type=3","47","6","0","41"
"5/28/2026 10:32 am","221488995515_1655008793294561","Facebook","Post","Video","Advance Illinois","https://www.facebook.com/414749720653814/posts/1655008793294561","Tune in as  SIU System President Dan Mahony chats with Advance Illinois President Robin Steans and Denisa Gandara from the University of Texas at Austin on higher education funding models nationwide, how they work, what’s changing, and why states, including Illinois, are rethinking university funding and what means for students, affordability,  public institutions, and state as a whole. https://hubs.la/Q04jcB_C0

As Illinois works to transform its higher education funding approach, The Adequate & Equitable Public University Funding Act (SB13/HB1581) would be a gamechanger, creating a path to ensure every public university is funded based on what students need to thrive, investing in our institutions, students, and  Illinois communities.

#HigherEducation #Illinois #PublicGood #CollegeAccess #HigherEd #EducationMatters","https://hubs.la/Q04jcB_C0","1","1","0","0"
"5/28/2026 10:00 am","232693460103788_1423509596474333","Facebook","Post","Photo","A Better Chicago","https://www.facebook.com/324620916363212/posts/1423509596474333","Around this time each year, we’re thrilled to celebrate new graduates across the city.

Congratulations to the Class of 2026 at City Colleges of Chicago and to Roosevelt University, an A Better Chicago portfolio organization, on their recent graduation ceremonies.

And best wishes to the future graduates of portfolio organization National Louis University, who will celebrate their commencement ceremonies next week.","https://www.facebook.com/324620916363212/posts/1423509596474333","0","0","0","0"
"5/28/2026 8:47 am","9961411679_1421519406674543","Facebook","Post","Video","City Year","https://www.facebook.com/reel/4531968127038331/","Wondering where your future will lead? No matter where your career goals lie, City Year can help you build a pathway to future success!
https://bit.ly/3WlV9gj","https://www.facebook.com/reel/4531968127038331/","22","20","1","1"
"5/27/2026 4:16 pm","100765022373940_965369529457149","Facebook","Post","Video","Hope Chicago","https://www.facebook.com/reel/1600462334391564/","#HopeLivesHere when #2gen of Illinois families can rise together. 

A fierce (and occasionally friendly) competition of grades and GPA between mother and daughter is settled as Class of 2026 @chicagostateuniversity1867 Hope Scholar graduate, Dominique, has now completed her Biology-Pre Med degree. 🎓🥹🧡💙 

Next grad up, Hope Parent Scholar (and future pilot) Shelia. We can’t wait to see you cross that stage in the future as well!  #hopechicago","https://www.facebook.com/reel/1600462334391564/","2","1","0","1"
"5/27/2026 2:09 pm","188187514534378_1542731140547643","Facebook","Post","Link","MacArthur Foundation","https://www.facebook.com/805236477630450/posts/1542731140547643","How often are people visiting your neighborhood library? How many local news sources does your community have? 

These factors are among a range of indicators that the Civic Information Index shares to help explore civic health in counties across the U.S.

Learn how the Index, created by Listening Post Collective, uses data like library visits and voter participation to create an overall Index score. 

🔗 ","https://www.macfound.org/press/grantee-publications/information-index-shows-data-on-civic-health-across-us?utm_campaign=gp-ln-listeningcollective-civic-info-index-5-26&utm_source=facebook&utm_medium=social","1","1","0","0"
"5/27/2026 1:44 pm","222712320927404_122295732380216507","Facebook","Post","Link","The Urban Center","https://www.facebook.com/122209075502216507/posts/122295732380216507","Urban Center Vice President Bobby Sylvester makes the case as to why Governor JB Pritzker should have Illinois opt in to the federal tax credit scholarship program. 

“Billions, if not tens of billions of dollars, could come to benefit the education of children in Illinois, both at public and private institutions,” Sylvester said. “Since most Illinois students are public school students, they would benefit the most if Gov. Pritzker opts into this program.”  

He said that as public schools grapple with major budget deficits fueled by declining COVID-19 relief funding, students cannot afford to turn the money down. 

“Critics of the program say that public schools are underfunded,” Sylvester said. “Why, then, do they want to turn away free money?”

","https://news.wttw.com/2026/05/26/debate-continues-over-whether-illinois-should-join-federal-tax-credit-scholarship","1","1","0","0"
"5/27/2026 1:00 pm","221488995515_1654149540047153","Facebook","Post","Photo","Advance Illinois","https://www.facebook.com/414749720653814/posts/1654149540047153","Every child in Illinois deserves a strong start, not a waitlist. Funding EI, CCAP, HV, SSWG, ECACE & ECBG in FY27 is how we get there. We’re counting on you, Illinois House Democratic Caucus Illinois Senate Republican Caucus Illinois House Republicans Illinois Senate Democratic Caucus. #IL4ChildCare

Cada niño en Illinois merece un comienzo sólido, no una lista de espera. Financiar EI, CCAP, HV, SSWG, ECACE y ECBG en el FY27 es la forma de lograrlo. Contamos con ustedes, Illinois House Democratic Caucus Illinois Senate Republican Caucus Illinois House Republicans Illinois Senate Democratic Caucus. #IL4ChildCare","https://www.facebook.com/414749720653814/posts/1654149540047153","0","0","0","0"
"5/27/2026 11:49 am","9961411679_1420690813424069","Facebook","Post","Link","City Year","https://www.facebook.com/642274284599063/posts/1420690813424069","Effective coaching blends structure and empathy. These six drivers outline the practices that help students thrive: https://bit.ly/4mL5xtm","https://www.cityyear.org/national/stories/our-impact/the-six-drivers-of-student-success-coaching/","7","7","0","0"
"5/27/2026 10:46 am","133607023351110_1438197621670844","Facebook","Post","Video","Stand for Children Illinois","https://www.facebook.com/reel/2261955244635925/","What happens towards the end of legislative session? 🤔 Learn more from our Executive Director, Jessica Handy!

Are you interested in education legislative updates? Sign up for our email list ➡️ https://secure.everyaction.com/cH07sIWY4kSLmwJv507H-A2?sourceid=1134184

#SpringfieldIL #StateCapitol #IllinoisCapitol #Illinois #Education","https://www.facebook.com/reel/2261955244635925/","6","5","0","1"
"5/27/2026 10:45 am","221488995515_1654051130056994","Facebook","Post","Link","Advance Illinois","https://www.facebook.com/414749720653814/posts/1654051130056994","Investing in public higher education is a public good, and in this letter to the Chicago Tribune, the Rev. Michael Pfleger, describes higher education as “the most direct path for economic mobility for underserved students.”  https://hubs.la/Q04j0b1Z0

By strengthening state support for public universities and therefore expanding affordable access to a college degree, the Adequate and Equitable Public University Funding Act (SB13/HB1581) would ensure that many more Illinois students can pursue and realize their career ambitions through going to college and graduating— being a boon to their families, our communities, and the state as a whole.

#HigherEducation #Illinois #PublicGood #CollegeAccess #HigherEd
#EducationMatters","https://hubs.la/Q04j0b1Z0","3","1","0","2"
"5/27/2026 9:51 am","125302627796_1449035430585478","Facebook","Post","Link","The Chicago Community Trust","https://www.facebook.com/620686893420340/posts/1449035430585478","In this episode of Trust Talks, we examine why improving the community college-to-four-year transfer process is a critical but often overlooked issue, what the research shows about challenges transfer students face, and how wraparound supports such as advising, financial assistance, and basic needs assistance can help keep students enrolled through graduation.

Tune in: ","https://www.cct.org/stories/trust-talks-the-podcast-episode-25-transforming-college-transfer-pathways-in-illinois/","0","0","0","0"
"5/26/2026 5:00 pm","221488995515_1653332873462153","Facebook","Post","Photo","Advance Illinois","https://www.facebook.com/414749720653814/posts/1653332873462153","We're hiring! Advance Illinois is looking for a Director of Development to join our team. We’re seeking a strategic thinker committed to strengthening public education statewide and growing our impact. Please share with your networks and apply today: https://hubs.la/Q04hZ21N0

#JobOpportunity #development #hiring #Illinois #education
#fundraising","https://www.facebook.com/photo.php?fbid=1653332823462158&set=a.414661447329308&type=3","0","0","0","0"
"5/26/2026 4:35 pm","221488995515_1653318400130267","Facebook","Post","Video","Advance Illinois","https://www.facebook.com/414749720653814/posts/1653318400130267","","https://www.facebook.com/reel/870064425415784/","0","0","0","0"
"5/26/2026 3:12 pm","2059366970131104112","X","Post","Photo","KidsFirstChi","https://twitter.com/KidsFirstChi/status/2059366970131104112","Investments in education matter. Illinois students are counting on us—and on you, @HouseDemsIL @RobynGabel @SenatorHalpin. Let’s fund their futures with $550M for schools in FY27. #FundTheFormula https://t.co/67KpCk99oc","","0","0","0","0"
"5/26/2026 1:30 pm","221488995515_1653201003475340","Facebook","Post","Photo","Advance Illinois","https://www.facebook.com/414749720653814/posts/1653201003475340","📣 Illinoisans: Your Education Story Matters 

We’re collecting personal stories from people across Illinois about how federal education policies have shaped your or your family’s access to and experience in education — from early childhood programs through college and beyond. 

Whether it’s Head Start, IDEA, Title I, Pell Grants, FAFSA, school nutrition programs, or other federal initiatives — we want to hear how these policies have impacted real lives, not just statistics. 

✅ You can share anonymously 
✅ All experiences welcome — positive, challenging, or somewhere in between 

Share your story here: https://hubs.la/Q04hSYLx0

Your voice can help illuminate the real impact of federal education policy in Illinois. Thank you for contributing to this important conversation! 
#education #policy #storiesofimpact","https://www.facebook.com/photo.php?fbid=1653200960142011&set=a.414661447329308&type=3","0","0","0","0"
"5/26/2026 12:57 pm","221488995515_1653177190144388","Facebook","Post","Photo","Advance Illinois","https://www.facebook.com/414749720653814/posts/1653177190144388","","https://www.facebook.com/photo.php?fbid=122276453006165370&set=a.122111844500165370&type=3","0","0","0","0"
"5/26/2026 12:56 pm","221488995515_1653177123477728","Facebook","Post","Photo","Advance Illinois","https://www.facebook.com/414749720653814/posts/1653177123477728","","https://www.facebook.com/photo.php?fbid=122276452916165370&set=a.122111844500165370&type=3","0","0","0","0"
"5/26/2026 11:48 am","9961411679_1419736933519457","Facebook","Post","Video","City Year","https://www.facebook.com/reel/2009259143030638/","Find out what has this cat so curious? Find out here: https://bit.ly/3WlV9gj","https://www.facebook.com/reel/2009259143030638/","6","5","0","1"
"5/26/2026 11:01 am","221488995515_1653094343486006","Facebook","Post","Video","Advance Illinois","https://www.facebook.com/reel/1644743246749659/","University leaders across Illinois are doing more than ever to support students: expanding workforce programs, increasing student support services, and helping students reach graduation.

But student needs have grown, while resources have not kept pace.

This video highlights how public universities are delivering on their mission — and what’s at risk if they can’t continue to meet the moment.

Investing in Public Higher Education is a Public Good. Hear directly from university presidents on why equitable higher education funding is critical for Illinois students, campuses, and communities—and click the link urging lawmakers to pass SB13/HB1581: https://tinyurl.com/4pshmn93. 

#HigherEducation #WorkforceDevelopment #StudentSuccess #IllinoisUniversities #PublicGood","https://www.facebook.com/reel/1644743246749659/","0","0","0","0"
"5/26/2026 10:00 am","232693460103788_1421690189989607","Facebook","Post","Photo","A Better Chicago","https://www.facebook.com/324620916363212/posts/1421690189989607","We are honored to be selected as a 2026 Catalyst Award Honoree by our portfolio partner, Project OneTen.

We look forward to celebrating alongside Project OneTen at their annual Summer Soirée fundraiser and recognizing the impact of their work and achievements.","https://www.facebook.com/324620916363212/posts/1421690189989607","0","0","0","0"
"5/26/2026 9:00 am","133607023351110_1437179395106000","Facebook","Post","Video","Stand for Children Illinois","https://www.facebook.com/reel/2177145436469737/","Visit the Illinois State Capitol with us!

Our education legislative team is always visiting the Capitol, especially during legislative season.

Are you interested in education legislative updates? Sign up for our email list ➡️ https://act.stand.org/a/join-stand-il/?sourceid=1134184

#SpringfieldIL #StateCapitol #IllinoisCapitol #Illinois #Education","https://www.facebook.com/reel/2177145436469737/","3","3","0","0"
"5/26/2026 8:55 am","2059272249350246854","X","Post","Photo","_abetterchicago","https://twitter.com/_abetterchicago/status/2059272249350246854","We are honored to be selected as a 2026 Catalyst Award Honoree by our portfolio partner, @ProjectOneTen.

We look forward to celebrating alongside Project OneTen at their annual Summer Soirée fundraiser and recognizing the impact of their work and achievements. https://t.co/HwFpVcgCd8","","0","0","0","0"
"5/26/2026 8:32 am","188187514534378_1541656127321811","Facebook","Post","Photo","MacArthur Foundation","https://www.facebook.com/805236477630450/posts/1541656127321811","For 45 years, MacArthur Fellows have expanded the boundaries of possibility by questioning conventions, crossing disciplines, and driving collective progress. #MacFellow

Throughout 2026, we're celebrating the ground-breaking work of the Fellows and inspiring public dialogue through a series of nationwide events and conversations.

At ""We The Publics,"" Fellows Imani Perry and Emmanuel Pratt, along with educator and activist Omo Moses, discussed how regenerative design can be a tool for systemic justice and educational empowerment.

""We the Publics,"" hosted at Sweet Water Foundation's Civic Arts Church, is a planned year-long series covering themes of freedom and overcoming.

Learn about the series and view upcoming Fellows at 45 events ⬇️
https://www.macfound.org/events/defying-boundaries-macarthur-fellows-at-45?utm_medium=social&utm_source=facebook&utm_campaign=events-fellows-45-soft-5-26","https://www.facebook.com/805236477630450/posts/1541656127321811","9","7","0","2"
"5/26/2026 8:15 am","56328402097_1472806441561001","Facebook","Post","Link","Simon Youth Foundation","https://www.facebook.com/347062204135436/posts/1472806441561001","🎓 Graduation season is all about celebrating milestones, but for the students at the Simon Youth Academy at McKinley, it’s also about celebrating incredible courage, resilience, and the power of a fresh start.

This year, seniors Koriyah Miller and Gavan Bowen were honored at the 33rd Annual Mayor’s Turnaround Achievement Awards. From overcoming steep uphill battles to stepping into leadership roles and entering the workforce with purpose, these two seniors embody what it means to actively choose your own path.

We are immensely proud of Koriyah, Gavan, and the dedicated educators like Mrs. Deanne Wideman and Principal Idowu Ikudabo who walk alongside our students every single day. When a community comes together to lift up its youth, the weight of the world gets a little lighter.

Join us in celebrating the Class of 2026! ✨

👉 Read their full, inspiring turnaround stories here:","https://www.kokomoschools.com/article/2909315","3","3","0","0"
"5/26/2026 7:55 am","125302627796_1448042734018081","Facebook","Post","Link","The Chicago Community Trust","https://www.facebook.com/620686893420340/posts/1448042734018081","According to a report from Elevated Chicago, a policy plan adopted by the city of Chicago five years ago has had some success in catalyzing more development near CTA stops in underinvested neighborhoods, but there’s still room for improvement.

Read: ","https://bit.ly/4e8mDO3","1","1","0","0"
"5/25/2026 1:02 pm","9961411679_1418923656934118","Facebook","Post","Link","City Year","https://www.facebook.com/642274284599063/posts/1418923656934118","Supporting students means understanding what motivates them. These five steps help unlock confidence and momentum.
https://bit.ly/4dDKyEK","https://www.cityyear.org/national/stories/our-impact/breaking-through-the-code-five-steps-for-unlocking-success-in-young-people/","0","0","0","0"
"5/25/2026 10:01 am","133607023351110_1436339925189947","Facebook","Post","Video","Stand for Children Illinois","https://www.facebook.com/reel/1607885063643410/","We’re just one week away from Stand for Children’s 30th anniversary!  Share your story with us before June 1:   🔗Act.Stand.org/a/Stand-30-Memories","https://www.facebook.com/reel/1607885063643410/","1","1","0","0"
"5/22/2026 12:01 pm","232693460103788_1418332926992000","Facebook","Post","Photo","A Better Chicago","https://www.facebook.com/324620916363212/posts/1418332926992000","Congratulations to Marshana Pace, A Better Chicago’s Managing Director, on graduating as an IMPACT Leadership Development Fellow with the Chicago Urban League! 🎓

The IMPACT fellowship brought together a diverse cohort of professionals for civic education and leadership development within Chicago.

We’re proud to celebrate Marshana’s accomplishment and grateful for her commitment to creating brighter futures for our city.","https://www.facebook.com/photo.php?fbid=1418332893658670&set=a.321187470039890&type=3","6","5","1","0"
"5/22/2026 11:01 am","221488995515_1649397600522347","Facebook","Post","Video","Advance Illinois","https://www.facebook.com/reel/1692013741932872/","Working long shifts. Balancing tuition, housing, food, and school. Wondering whether finishing a degree is financially possible.

For many students, getting into college is only half the battle — staying enrolled is the challenge.

This video shares the real experiences of students navigating higher education while carrying financial pressure, family responsibilities, and uncertainty about the future.

Their stories are a reminder that investing in students means investing in people, communities, and opportunity.

🎥 Investing in Public Higher Education is a Public Good. Hear directly from students sharing how equitable higher education funding impacts their futures, and click the link urging lawmakers to pass SB13/HB1581: https://tinyurl.com/4pshmn93. 

#StudentVoices #HigherEducation #CollegeAccess #FinancialAid #IllinoisStudents #PublicGood","https://www.facebook.com/reel/1692013741932872/","1","1","0","0"
"5/22/2026 10:00 am","9961411679_1416259620533855","Facebook","Post","Photo","City Year","https://www.facebook.com/642274284599063/posts/1416259620533855","This is your sign to do something meaningful this year: https://bit.ly/3WlV9gj","https://www.facebook.com/photo.php?fbid=1416259590533858&set=a.642264387933386&type=3","1","0","0","1"
"5/22/2026 10:00 am","2057838895874896065","X","Post","Photo","_abetterchicago","https://twitter.com/_abetterchicago/status/2057838895874896065","Congratulations to Marshana Pace, our Managing Director, on graduating as an IMPACT Leadership Development Fellow with the Chicago Urban League! 🎓

We’re proud to celebrate Marshana’s accomplishment and grateful for her commitment to creating brighter futures for our city. https://t.co/XNQIhZEh6M","","1","1","0","0"
"5/22/2026 9:35 am","125302627796_1444698687685819","Facebook","Post","Photo","The Chicago Community Trust","https://www.facebook.com/620686893420340/posts/1444698687685819","ICYMI: As Chicago approaches the fifth anniversary of its landmark Equitable Transit-Oriented Development (ETOD) Policy Plan, this new report examines the city’s progress advancing equitable transit-oriented development over the past five years — and the work still ahead.

Developed by The City of Chicago in partnership with Elevated Chicago and more than 70 community, civic, and government partners, the ETOD Policy Plan established 42 recommendations focused on expanding affordable housing, preventing displacement, directing investment to historically underinvested communities, and creating more walkable, transit-connected neighborhoods.

View the full report: https://elevatedchicago.org/the-state-of-etod-in-chicago-2026/","https://www.facebook.com/photo.php?fbid=1444698664352488&set=a.620627833426246&type=3","4","4","0","0"
"5/22/2026 8:01 am","133607023351110_1433585948798678","Facebook","Post","Video","Stand for Children Illinois","https://www.facebook.com/reel/1668137004510498/","30 years ago, Stand for Children marched on the nation's capital with over 300,000 advocates to demonstrate their commitment to protecting the rights of children and demand our political leaders work to ensure and expand those rights.

Travel back with us to 1996 and listen to then-student Priscilla Ramirez on the importance of standing up for young people.

More on our 30 years of impact, here: https://stand.org/stand-for-children-30th-anniversary/","https://www.facebook.com/reel/1668137004510498/","3","3","0","0"
"5/21/2026 4:48 pm","355075968400258_1392861079618149","Facebook","Post","Photo","Children First Fund","https://www.facebook.com/295295272708074/posts/1392861079618149","This past weekend, Lollapalooza showed us what meaningful corporate partnership in public education looks like—sustainable, long-term investments that prioritize equity and directly impact students across Chicago's communities.

At the All-City Performing Arts (ACPA) showcase, we celebrated a historic milestone: a transformative $1.7 million donation from our ongoing partner, Lollapalooza. As one of the largest gifts Chicago Public Schools has ever received for arts programming, this contribution brings the festival’s total support for CPS arts to an incredible $3.9 million since 2021.

In partnership with Ingenuity, this latest investment builds on a comprehensive approach to arts access across the district by expanding classroom arts programs during the school day and securing a $634,000 commitment over five years to restore and revitalize the historic after-school ACPA program. 

When world-class organizations step up to support public education through collaborative investment like this, it delivers a deep, measurable impact.

We extend our deepest gratitude to the CPS Arts Department for organizing a phenomenal showcase that highlighted our students' incredible talents. Thank you as well to CPS Board of Education President Sean Harden and Chief Education Officer Dr. Karime Asaf for delivering inspiring remarks on our collective mission, and to Lollapalooza Executive Producer Tim “Tuba” Smith for joining us on stage to present the check.

We are incredibly grateful to work alongside partners who ensure a student's zip code never defines their access to high-quality artistic training and performance opportunities.

#ArtsEducation #CorporatePhilanthropy #CommunityPartnership #Lollapalooza #EquityInTheArts #ChildrenFirstFund #CPS","https://www.facebook.com/295295272708074/posts/1392861079618149","4","3","0","1"
"5/21/2026 4:28 pm","355075968400258_1392852032952387","Facebook","Post","Video","Children First Fund","https://www.facebook.com/295295272708074/posts/1392852032952387","","https://www.facebook.com/reel/937305679324154/","0","0","0","0"
"5/21/2026 2:34 pm","200608886633238_1415920133909840","Facebook","Post","Link","The Joyce Foundation","https://www.facebook.com/480966400738556/posts/1415920133909840","#NewReport The New Jersey Attorney General's Office Statewide Affirmative Firearms Enforcement (SAFE) Office offers one example of how state-level civil enforcement can be structured to address firearm industry practices that may affect public safety. 

Created in 2022, SAFE is a dedicated unit within a state Attorney General’s office focused on civil enforcement involving the firearms industry. In its first three years, the office has pursued a number of civil enforcement actions related to firearm industry conduct. Its work illustrates how dedicated state enforcement capacity can support efforts to better understand, assess, and address public safety risks associated with firearm industry practices. 

Read more about SAFE’s approach and considerations for other jurisdictions in this new case study. ","https://www.joycefdn.org/research-reports/safe-office-model","0","0","0","0"
"5/21/2026 1:40 pm","188187514534378_1537829554371135","Facebook","Post","Link","MacArthur Foundation","https://www.facebook.com/805236477630450/posts/1537829554371135","The freedom to give is essential to a free, open, and civil society.

Our President, John Palfrey, recently joined President and CEO of DonorsTrust, Lawson R. Bader, and The Cato Institute Senior Fellow, Walter Olson, to discuss the importance of philanthropic freedom.

Watch the full conversation:
🔗 ","https://www.cato.org/events/freedom-give-philanthropy-civil-society-limits-state-power","7","5","0","2"
"5/21/2026 11:16 am","221488995515_1648296867299087","Facebook","Post","Photo","Advance Illinois","https://www.facebook.com/414749720653814/posts/1648296867299087","","https://www.facebook.com/photo.php?fbid=122275817102165370&set=a.122111844500165370&type=3","0","0","0","0"
"5/21/2026 11:12 am","221488995515_1648294397299334","Facebook","Post","Photo","Advance Illinois","https://www.facebook.com/414749720653814/posts/1648294397299334","Take action and invest in children, families, and early educators: Fund CCAP, EI, HV, SSWG, ECACE, and ECBG in FY27. We urge Illinois House Democratic Caucus Illinois Senate Republican Caucus Illinois House Republicans Illinois Senate Democratic Caucus to invest in early childhood programs for FY27 #IL4ChildCare

Tomen acción e inviertan en niños, familias y educadores de la educación infantil: financien CCAP, EI, HV, SSWG, ECACE y ECBG en el FY27. Instamos a Illinois House Democratic Caucus Illinois Senate Republican Caucus Illinois House Republicans Illinois Senate Democratic Caucus a invertir en programas de educación infantil para el FY27. #IL4ChildCare","https://www.facebook.com/414749720653814/posts/1648294397299334","0","0","0","0"
"5/21/2026 11:01 am","133607023351110_1432778605546079","Facebook","Post","Photo","Stand for Children Illinois","https://www.facebook.com/557328906424391/posts/1432778605546079","May is Asian American and Pacific Islander Heritage Month. Both Asian American and Pacific Islander communities and cultures are vast and diverse, and have contributed greatly to our country's history and culture.

Learn more and help teach the young people in your life about the vibrant cultures and rich histories of the #AAPI community with the books we're recommending.

Are you an educator or parent? Let us know what books or resources are your favorites!","https://www.facebook.com/557328906424391/posts/1432778605546079","2","2","0","0"
"5/21/2026 9:13 am","9961411679_1415377427288741","Facebook","Post","Video","City Year","https://www.facebook.com/reel/972526755474233/","Your service has the power to create meaningful change in classrooms and neighborhoods everywhere.","https://www.facebook.com/reel/972526755474233/","9","9","0","0"
"5/21/2026 8:15 am","125302627796_1443756581113363","Facebook","Post","Photo","The Chicago Community Trust","https://www.facebook.com/620686893420340/posts/1443756581113363","For Decartyse, financial health is about rebuilding, stability, and taking a long-term approach to success. After returning home from incarceration, he worked to overcome barriers to employment and housing with support from Safer Foundation. Today, he’s built a career, started his own business, and is focused on creating opportunities not just for himself, but for others seeking a second chance. 

Financial health is about whether people can meet every day needs, manage debt, handle unexpected challenges, and plan for the future. The Financial Health Pulse® 2025 Chicago Trends Report takes a closer look at how residents across Cook County are spending, saving, borrowing, and planning, revealing both progress and persistent disparities across communities. This research shows that financial health shapes the choices people have in their daily lives—from housing to education to long-term stability. These stories bring that data to life.

https://www.cct.org/research-and-reports/financial-health-pulse-2025-chicago-trends-report/","https://www.facebook.com/620686893420340/posts/1443756581113363","6","3","0","3"
"5/20/2026 2:10 pm","100765022373940_959667356694033","Facebook","Post","Video","Hope Chicago","https://www.facebook.com/reel/3248099418730218/","#HopeLivesHere all over Illinois when students are supported by game-changing people and practices.

Congratulations, inaugural @illinoisstateu Hope Scholar graduate, Camille. ❤️🤍🎓 We can’t wait to see where your #debtfree journey takes you next. 

Celebrate debt-free #HopeChicago graduates all over Illinois with us all month long.","https://www.facebook.com/reel/3248099418730218/","3","2","0","1"
"5/20/2026 12:43 pm","188187514534378_1536982931122464","Facebook","Post","Link","MacArthur Foundation","https://www.facebook.com/805236477630450/posts/1536982931122464","""In rural places, when we don’t have access to public media, it can literally be a life-and-death situation.""

Stephanie Hyre of Press Forward Central Appalachia’s Rural News Fund shares why local news is critical to rural communities.

Learn how organizations like the Rural News Fund are investing in infrastructure and resources to help sustain their local media landscape ⬇️
","https://www.insidephilanthropy.com/home/four-ways-philanthropys-backing-local-news-in-rural-america","2","2","0","0"
"5/20/2026 11:45 am","188187514534378_1536943897793034","Facebook","Post","Link","MacArthur Foundation","https://www.facebook.com/805236477630450/posts/1536943897793034","Trust-based philanthropy requires program officers to be thought leaders, advocates, and strategic partners.

Speaking with The Chronicle of Philanthropy, Stephanie Platz, Managing Director of Programs, shares how program officers are connecting with grantees to better understand their challenges and needs at scale.

""There’s no way that AI would be able to replace a program officer doing something like that,"" she says.

Read the full story ⬇️
","https://www.philanthropy.com/news/reinventing-program-officers-what-makes-them-effective-today/","5","3","2","0"
"5/20/2026 11:35 am","200608886633238_1414976857337501","Facebook","Post","Photo","The Joyce Foundation","https://www.facebook.com/480966400738556/posts/1414976857337501","Rigorous coursework shouldn’t be reserved for a select group of students. In this new report, our grantee The Education Trust-Midwest outlines how Michigan can widen the path for more students to take engaging, high-quality courses that catalyze college and career success. 

Learn more about what Michigan can do to support all students: https://bit.ly/ETMReadyforRigor","https://www.facebook.com/photo.php?fbid=1414976260670894&set=a.480798660755330&type=3","1","1","0","0"
"5/20/2026 11:27 am","9961411679_1414566777369806","Facebook","Post","Link","City Year","https://www.facebook.com/642274284599063/posts/1414566777369806","City Year changes lives; sometimes twice. 

Daavi Gazelle was once a student supported by a City Year AmeriCorps member… and years later, he became one. After serving, he used the relationship‑building and leadership skills he gained through service to attain a career.  

His story is a powerful reminder of the ripple effect of mentorship and community.  
Full story: https://bit.ly/4eMYyyf","https://www.cityyear.org/national/stories/our-alumni/city-year-alums-shine-in-the-corporate-world/","6","5","0","1"
"5/20/2026 11:01 am","221488995515_1647277097401064","Facebook","Post","Video","Advance Illinois","https://www.facebook.com/reel/2039674884093957/","Public higher education changes lives — but behind every degree is a story of sacrifice, resilience, and opportunity.

Across Illinois, students, university leaders, and legislators are coming together to share what’s at stake when higher education becomes harder to access — and what becomes possible when we invest in students, families, and our future.

This is more than a conversation about college. It’s a conversation about the future of Illinois.

🎥  Investing in Public Higher Education is a Public Good. Step inside the stories driving the fight for equitable higher education funding, and click the link urging lawmakers to pass SB13/HB1581 https://tinyurl.com/4pshmn93. 

#HigherEducation #Illinois #PublicGood #CollegeAccess #HigherEd #EducationMatters","https://www.facebook.com/reel/2039674884093957/","0","0","0","0"
"5/20/2026 10:00 am","232693460103788_1416540523837907","Facebook","Post","Link","A Better Chicago","https://www.facebook.com/324620916363212/posts/1416540523837907","“When innovation begins with the realities of people and landscapes, rather than with the assumption that solutions must scale, different possibilities come into view.”

At a time when entire industries are built around the ability to scale, what happens in the social sector when meaningful change doesn’t scale so directly?

This piece in Stanford Social Innovation Review by contributor Tanya Kak does just that, explores what philanthropy can be doing differently in a world that demands scalable models. 

It’s worth the read.","https://ssir.org/articles/entry/does-everything-need-to-scale?utm_source=Master+List&utm_campaign=d6df72e27f-EMAIL_CAMPAIGN_2026_03_26&utm_medium=email&utm_term=0_0afc163dad-0a6c7c627f-42535656","0","0","0","0"
"5/20/2026 9:30 am","125302627796_1442961474526207","Facebook","Post","Link","The Chicago Community Trust","https://www.facebook.com/620686893420340/posts/1442961474526207","Each year, African American Legacy (AAL), an initiative of The Chicago Community Trust, awards the Donald Stewart Fellowship to an individual who embodies leadership and service within African American communities in Chicago. Donald Stewart was a distinguished educator and leader who built a national reputation for championing education and equity and became the first African American CEO of the Trust.

This year’s awardee is Richard Wallace, founder and director of Equity And Transformation (EAT). Richard sat down with the Trust to reflect on his journey and what receiving the Donald Stewart Fellowship means for his life’s work.

Learn more: ","https://www.cct.org/stories/seventh-annual-donald-stewart-fellowship-awarded-to-richard-wallace/","8","6","1","1"
"5/20/2026 9:30 am","2057106570291638588","X","Post","Link","_abetterchicago","https://twitter.com/_abetterchicago/status/2057106570291638588","At a time when entire industries are built around the ability to scale, what happens in the social sector when meaningful change doesn’t scale so directly?

This piece in @SSIReview does just that. It’s worth the read: https://t.co/6quLNMMvYo","","0","0","0","0"
"5/20/2026 8:00 am","133607023351110_1431770748980198","Facebook","Post","Photo","Stand for Children Illinois","https://www.facebook.com/557328906424391/posts/1431770748980198","Have you seen these statistics? Phone-Free schools can improve class time for students and teachers! 

Illinois’s Phone-Free School bill will increase class time, improve student mental health, and is one of the most equitable cell phone policies in the country. 

Join our advocacy effort ➡️ https://act.stand.org/a/sb2427?sourceid=1134184","https://www.facebook.com/photo.php?fbid=1431770688980204&set=a.476579651165984&type=3","2","1","0","1"
"5/19/2026 4:21 pm","100765022373940_958899720104130","Facebook","Post","Video","Hope Chicago","https://www.facebook.com/reel/841141831941741/","#HopeLivesHere with character, resilience, and triumph. Congratulations to Devon and all inaugural @illinois1867 Hope Scholar graduates for leading the way. 

South and West Side talent is flourishing all over Illinois without the fear of #debt. Celebrate with #HopeChicago all month long.","https://www.facebook.com/reel/841141831941741/","1","1","0","0"
"5/19/2026 1:59 pm","355075968400258_1390975926473331","Facebook","Post","Video","Children First Fund","https://www.facebook.com/295295272708074/posts/1390975926473331","A transformative $1.7 million investment is coming to arts education in Chicago Public Schools. 

CFF is incredibly grateful to partner with Lollapalooza and Ingenuity to ensure this funding has the greatest possible impact for students across the city. This investment will help secure the future of the historic All-City Performing Arts program and expand the Lollapalooza Arts Education Fund to ensure every young person gets the chance to explore and develop their creative potential. 

Watch the news coverage and presentation from the announcement here: ","https://www.cbsnews.com/chicago/video/lollapalooza-donates-1-7-million-to-cps-for-arts-education/","5","3","0","2"
"5/19/2026 1:00 pm","221488995515_1646371534158287","Facebook","Post","Photo","Advance Illinois","https://www.facebook.com/414749720653814/posts/1646371534158287","Advance Illinois’ Office Manager and Executive Assistant Fiona Fleming, an Illinois State University alum, shares how student supports and resources shaped her university experience, with opportunities opening doors and connections with faculty and fellow students extending beyond campus. https://hubs.la/Q04h7YV_0

As Illinois works to transform its approach to funding its public universities with SB13/HB1581, Fiona’s story highlights the critical role higher education plays in providing the resources students need to feel supported, healthy, and able to become the best versions of themselves. Learn more: https://hubs.la/Q04h8lDw0 #publicuniversitypround #transformILhighered","https://www.facebook.com/photo.php?fbid=1646371367491637&set=a.414661447329308&type=3","0","0","0","0"
"5/19/2026 12:11 pm","188187514534378_1536096541211103","Facebook","Post","Link","MacArthur Foundation","https://www.facebook.com/805236477630450/posts/1536096541211103","Mission Investors Exchange, the leading organization supporting foundations and other mission-driven investors, recently brought together 800 leaders to discuss the impact investment field’s top priorities and challenges.

Check out highlights from the conference, which also marked the organization’s 20th anniversary! ⬇️
https://bit.ly/4dSMZEA","https://www.macfound.org/press/grantee-news/investing-with-purpose-and-partnership-highlights-from-the-2026-mission-investors-exchange-conference?utm_campaign=gn-imp-inv-mie-conference-recap-5-26&utm_source=facebook&utm_medium=social","5","3","0","2"
"5/19/2026 11:47 am","9961411679_1413665824126568","Facebook","Post","Video","City Year","https://www.facebook.com/reel/1688741178924948/","Everyday in the life of a City Year #studentsuccess coach can look different, but the impact you make for a student always matters. https://bit.ly/3WlV9gj","https://www.facebook.com/reel/1688741178924948/","35","32","2","1"
"5/19/2026 11:20 am","2056772064480989453","X","Post","Photo","KidsFirstChi","https://twitter.com/KidsFirstChi/status/2056772064480989453","EBF + MCATs = equity and stability. Without both, districts struggle to plan, hire, and support students. Let’s get it right this year, @laurafaverdias @RepAaronOrtiz @blainewilhour. $550M for schools in FY27. #FundTheFormula https://t.co/UoALTsWtnj","","0","0","0","0"
"5/19/2026 11:14 am","221488995515_1646286330833474","Facebook","Post","Photo","Advance Illinois","https://www.facebook.com/414749720653814/posts/1646286330833474","","https://www.facebook.com/photo.php?fbid=1272760571695732&set=a.165335572438243&type=3","0","0","0","0"
"5/19/2026 11:12 am","221488995515_1646284607500313","Facebook","Post","Photo","Advance Illinois","https://www.facebook.com/414749720653814/posts/1646284607500313","","https://www.facebook.com/photo.php?fbid=122275518104165370&set=a.122111844500165370&type=3","0","0","0","0"
"5/19/2026 11:12 am","221488995515_1646284427500331","Facebook","Post","Photo","Advance Illinois","https://www.facebook.com/414749720653814/posts/1646284427500331","","https://www.facebook.com/photo.php?fbid=122275518140165370&set=a.122111844500165370&type=3","0","0","0","0"
"5/19/2026 10:16 am","125302627796_1442078314614523","Facebook","Post","Link","The Chicago Community Trust","https://www.facebook.com/620686893420340/posts/1442078314614523","Press Forward Chicago, a funder collaborative dedicated to strengthening and sustaining local news, has announced it is awarding more than $660,000 in education journalism grants to 15 local news organizations.

Housed at The Chicago Community Trust, Press Forward Chicago is a local affiliate of the national Press Forward initiative led by the John D. and Catherine T. MacArthur Foundation and the Knight Foundation to raise unprecedented resources to revitalize local news. 

Representing the fourth round of grants from Press Forward Chicago, these funds will support an editorial collaboration focused on covering the first fully elected Chicago Board of Education election, which will include 21 open board seats across the city.

Read all about it: ","https://www.cct.org/press-releases/press-forward-chicago-announces-2026-education-journalism-grants/","0","0","0","0"
"5/19/2026 9:00 am","133607023351110_1430848805739059","Facebook","Post","Video","Stand for Children Illinois","https://www.facebook.com/reel/1343493014309067/","Legislative committee meetings don’t always run on time… they run on vibes ⏰🏛️

Keep up with our team and the latest educational legislative news 👉 https://act.stand.org/a/join-stand-il/?sourceid=1134184

#SpringfieldIL #StateCapitol #IllinoisCapitol #Illinois","https://www.facebook.com/reel/1343493014309067/","8","8","0","0"
"5/18/2026 5:31 pm","355075968400258_1389979096573014","Facebook","Post","Photo","Children First Fund","https://www.facebook.com/295295272708074/posts/1389979096573014","We had a wonderful time celebrating the CPS Dream Fund Champions Kickoff! It was a powerful afternoon dedicated to the champions who make higher education possible for our undocumented students—scholars from all backgrounds who are ineligible for federal financial aid and face unique hurdles to college access.

Since 2014, the Chicago Public Schools Dream Fund has awarded over 300 scholarships to bridge these critical financial gaps. A highlight of the event was hearing from a Solorio High School advisor about navigating financial challenges with a student who had nearly given up on their college dreams until this fund restored their hope.

Thank you to CPS leaders Dr. Karime Asaf, Chief Education Officer, and Dr. Megan Hougard, Chief of College and Career Success for joining us to reaffirm CPS’ commitment to educational opportunity for all. 

Now more than ever, your support is the key to closing these gaps.
Help us keep this momentum going: 
https://cps.networkforgood.com/projects/65081-cps-dream-fund","https://www.facebook.com/295295272708074/posts/1389979096573014","0","0","0","0"
"5/18/2026 4:50 pm","133607023351110_1430235219133751","Facebook","Post","Video","Stand for Children Illinois","https://www.facebook.com/reel/968927049324229/","Our NewsStand looks good from all angles 😎

Check out the May 2026 version of our NewsStand for the latest education issues, successes, and updates in #Illinois!

👉 https://stand.org/illinois/our-stories/the-newsstand-may-2026/","https://www.facebook.com/reel/968927049324229/","7","4","2","1"
"5/18/2026 3:51 pm","809795299116133_1424812066345640","Facebook","Post","Text","IL Raise Your Hand","https://www.facebook.com/443559341137589/posts/1424812066345640","","","4","2","0","2"
"5/18/2026 3:23 pm","188187514534378_1535373374616753","Facebook","Post","Link","MacArthur Foundation","https://www.facebook.com/805236477630450/posts/1535373374616753","Public service journalism provides vital information to people and develops trust in communities that are “hard to reach.” 

El Tímpano, a grantee, shared a Civic Partnerships Playbook that shares their model to sustain public service journalism through partnering with government agencies and nonprofits.

Learn more about their tools and strategies ⬇️
https://www.macfound.org/press/grantee-publications/revenue-and-public-service-journalism-civic-partnerships-playbook-for-newsrooms?utm_campaign=gp-ln-eltimpano-civic-partnership-playbook-5-26&utm_source=facebook&utm_medium=social","https://www.macfound.org/press/grantee-publications/revenue-and-public-service-journalism-civic-partnerships-playbook-for-newsrooms?utm_campaign=gp-ln-eltimpano-civic-partnership-playbook-5-26&utm_source=linkedin&utm_medium=social","3","2","0","1"
"5/18/2026 1:25 pm","9961411679_1412826474210503","Facebook","Post","Link","City Year","https://www.facebook.com/642274284599063/posts/1412826474210503","A year of service shapes purpose, confidence, and community. These AmeriCorps members share how stepping forward changed their lives.
https://bit.ly/3OSyIOm","https://www.cityyear.org/national/stories/our-alumni/if-not-you-then-who-three-city-year-americorps-members-reflect-on-their-year-of-service/","6","5","0","1"
"5/18/2026 11:17 am","221488995515_1645308330931274","Facebook","Post","Photo","Advance Illinois","https://www.facebook.com/414749720653814/posts/1645308330931274","📣 Illinoisans: Your Education Story Matters 

We’re collecting personal stories from people across Illinois about how federal education policies have shaped your or your family’s access to and experience in education — from early childhood programs through college and beyond. 

Whether it’s Head Start, IDEA, Title I, Pell Grants, FAFSA, school nutrition programs, or other federal initiatives — we want to hear how these policies have impacted real lives, not just statistics. 

✅ You can share anonymously 
✅ All experiences welcome — positive, challenging, or somewhere in between 

Share your story here: https://hubs.la/Q04g_xB40

Your voice can help illuminate the real impact of federal education policy in Illinois. Thank you for contributing to this important conversation! 
#education #policy #storiesofimpact","https://www.facebook.com/photo.php?fbid=1645308304264610&set=a.414661447329308&type=3","0","0","0","0"
"5/18/2026 9:57 am","125302627796_1441193144703040","Facebook","Post","Link","The Chicago Community Trust","https://www.facebook.com/620686893420340/posts/1441193144703040","""For Chicago and the region, workforce development has never been a hard sell. But how the infrastructure around it continues to expand and help open up opportunities will determine whether it drives upward mobility, creates sustainable communities and powers economic growth.""

Read: ","https://bit.ly/4nqc5hk","1","1","0","0"
"5/18/2026 9:31 am","1720771904827240_1409687421196834","Facebook","Post","Photo","Kids First Chicago","https://www.facebook.com/560299942802257/posts/1409687421196834","✨ Advocacy starts with showing up. Teresa Maldonado’s PLF journey is a reflection of growth, courage, and community. Through parent leadership, she strengthened her voice, built meaningful connections, and deepened her advocacy for children and families. 💚

PLF West Side applications are now open:
kidsfirstchicago.org/plf
——
✨ La defensa comienza con hacerse presente. La experiencia de Teresa Maldonado en PLF refleja crecimiento, valentía y comunidad. A través del liderazgo de padres, fortaleció su voz, creó conexiones significativas y profundizó su defensa por los niños y las familias. 💚

Las solicitudes para PLF West Side ya están abiertas:
kidsfirstchicago.org/plf

#KidsFirstChicago #ParentLeadership #PLF #ChicagoParents #ParentPower","https://www.facebook.com/photo.php?fbid=1409687374530172&set=a.554354493396802&type=3","1","0","0","1"
"5/18/2026 9:00 am","133607023351110_1429951485828791","Facebook","Post","Photo","Stand for Children Illinois","https://www.facebook.com/557328906424391/posts/1429951485828791","A single rally in 1996 sparked a movement and 30 years later, volunteers like you help sustain and build Stand with Children momentum. 💙

Have you shared your Stand story? We want to hear from you: 🔗 Act.Stand.org/a/Stand-30-Memories","https://www.facebook.com/photo.php?fbid=1429951445828795&set=a.476579651165984&type=3","1","1","0","0"
"5/17/2026 11:59 am","1720771904827240_1408874861278090","Facebook","Post","Photo","Kids First Chicago","https://www.facebook.com/560299942802257/posts/1408874861278090","✨ Understanding how students are doing in school starts with access to the right information. Join our next Living Room / La Sala session as we break down K1C’s latest State of Chicago Public Schools report and explore what it means for students and families across Chicago.  

📅 The Living Room (English) | May 19 at 6 PM  
📅 La Sala (en español) | 20 de mayo a las 6 p.m.  
📍 Virtual via Zoom  
🔗 Register at kidsfirstchicago.org/events  

Together, we’ll explore key topics including academic performance, school connectedness, chronic absenteeism, advanced coursework, and more plus learn how to use K1C’s interactive report to better support your student.  

#ParentPower #ChicagoFamilies #EducationEquity #CPS  
–––  
✨ Comprender cómo les está yendo a los estudiantes en la escuela comienza con acceso a la información correcta. Acompáñenos en nuestra próxima sesión de La Sala / The Living Room mientras analizamos el más reciente informe sobre el estado de las escuelas públicas de Chicago de K1C y lo que significa para los estudiantes y las familias de toda la ciudad.  

📅 The Living Room (en inglés) | 19 de mayo a las 6 p.m.  
📅 La Sala (en español) | 20 de mayo a las 6 p.m.  
📍 Virtual por Zoom  
🔗 Regístrese en kidsfirstchicago.org/events  

Juntos exploraremos temas clave como el desempeño académico, el sentido de pertenencia en la escuela, el ausentismo crónico, los cursos avanzados y más además de aprender cómo utilizar el informe interactivo de K1C para apoyar mejor a su estudiante.","https://www.facebook.com/560299942802257/posts/1408874861278090","1","1","0","0"
"5/15/2026 4:24 pm","188187514534378_1532901984863892","Facebook","Post","Photo","MacArthur Foundation","https://www.facebook.com/805236477630450/posts/1532901984863892","“The very basic freedom to give and the freedom to invest according to our values is an American trait.”

Our President, John Palfrey, recently spoke at the Milken Institute Global Conference about how philanthropy can drive meaningful change during times of immense uncertainty and even restore hope.

At “Investing in Hope: Philanthropy for What’s Next,” he joined sector leaders Tonya Allen, Melissa Ann Stevens, Maura Pally, Shamina Singh, and Mark Suzman to discuss how charitable giving is evolving to meet the moment. #MIGlobal

Check out a few highlights from the session and watch the full panel  ⬇️
https://bit.ly/4dfqHNb","https://www.facebook.com/805236477630450/posts/1532901984863892","3","3","0","0"
"5/15/2026 3:11 pm","100765022373940_955599477100821","Facebook","Post","Video","Hope Chicago","https://www.facebook.com/reel/1324541559642373/","#HopeLivesHere for students to reach their fullest potential. 

@fcaibchicago alumn and now honors @thisisuic graduate, Roxanna saw an opportunity with #HopeChicago and applied herself 💯. 

🎓🎉 Take a 4-year bow, Hope Scholar graduates all over Illinois. 

Celebrate state-wide #debtfree graduates with us all month long.","https://www.facebook.com/reel/1324541559642373/","7","4","0","3"
"5/15/2026 10:00 am","9961411679_1409956267830857","Facebook","Post","Photo","City Year","https://www.facebook.com/642274284599063/posts/1409956267830857","Looking for a year of service that truly matters? City Year is calling; don’t press ""ignore"".

Answer the call: https://bit.ly/3WlV9gj","https://www.facebook.com/photo.php?fbid=1409956197830864&set=a.642264387933386&type=3","2","1","0","1"
"5/15/2026 9:59 am","188187514534378_1532666191554138","Facebook","Post","Link","MacArthur Foundation","https://www.facebook.com/805236477630450/posts/1532666191554138","""You don’t just look at Lynsey’s photos. You feel them.""

Writing for TIME, Katie Couric shares how photojournalist and #MacFellow Lynsey Addario's work bridges worlds and inspires empathy.

Read her full profile and see who else was named on TIME's list of 100 Most Influential People of 2026 ⬇️
","https://time.com/collection/100-most-influential-people/2026/lynsey-addario/","2","2","0","0"
"5/15/2026 9:36 am","125302627796_1438464341642587","Facebook","Post","Link","The Chicago Community Trust","https://www.facebook.com/620686893420340/posts/1438464341642587","Narcissa Niblack Thorne is best known as the creator of the beloved Thorne Miniature Rooms—68 of which are housed at the Art Institute of Chicago and remain one of the museum’s most popular permanent collections. In addition to being a gifted artist, Thorne was a prominent Chicago philanthropist who partnered with The Chicago Community Trust to ensure her generosity and cultural contributions to the city would live on. 

A relationship with the Thorne family that began more than half a century ago is now helping today’s community college students access opportunities to build strong careers and livelihoods.

Learn more: ","https://www.cct.org/stories/giving-insights-caring-for-chicago-over-generations/","4","4","0","0"
"5/15/2026 9:00 am","133607023351110_1427254399431833","Facebook","Post","Photo","Stand for Children Illinois","https://www.facebook.com/557328906424391/posts/1427254399431833","Have you incorporated mindfulness practices in your daily life?

For #MentalHealthAwarenessMonth, we encourage you to try these 3 activities to take care of your mental health.

Are you interested in the last activity? Learn more about Phone-Free Schools in Illinois and how they can improve the mental health of students 👉 https://act.stand.org/a/sb2427?sourceid=1134184

#MentalHealthAwareness #SelfCare #MHAM2026 #MentalHealth #MentalWellness","https://www.facebook.com/557328906424391/posts/1427254399431833","2","1","1","0"
"5/15/2026 7:45 am","56328402097_1463537415821237","Facebook","Post","Photo","Simon Youth Foundation","https://www.facebook.com/347062204135436/posts/1463537415821237","What an incredible start to the 2026 graduation season! 🎓

Across Simon Youth Foundation’s nationwide network of school partners, students are celebrating the transformational milestone of earning their diplomas.

This week also marked the beginning of scholarship presentations for graduating seniors, with more than $275,000 in scholarships awarded to help students continue their educational and career journeys!

Join us in congratulating the Class of 2026 and the educators, partners, and supporters who helped them turn opportunity into achievement. 🧡

MSD of Lawrence Township 
Shelbyville Central Schools 
Wichita Public Schools 
Center Grove Community School Corporation 
Metro Nashville Public Schools 
Gwinnett County Public Schools 
Charlotte County Public Schools 
Knox County Schools 
Richmond Community Schools 
Hope Academy 
Washington Township Schools","https://www.facebook.com/347062204135436/posts/1463537415821237","15","14","0","1"
"5/14/2026 4:08 pm","221488995515_1641764304619010","Facebook","Post","Photo","Advance Illinois","https://www.facebook.com/414749720653814/posts/1641764304619010","","https://www.facebook.com/196352779398343/posts/1019442937089319","0","0","0","0"
"5/14/2026 3:41 pm","355075968400258_1386062006964723","Facebook","Post","Photo","Children First Fund","https://www.facebook.com/295295272708074/posts/1386062006964723","CFF is proud to collaborate with organizations that truly invest in our schools. By building modern spaces like this new STEM lab at Washington Irving ES, our partners are giving students the hands-on tools they need to explore their interests and realize their potential.

Shout out to the Chicago Bulls staff and player Matas Buzelis for joining us to make the day extra special for students! 

Thank you to NBA Cares, Heart of America, and State Farm for making this launchpad for innovation possible. 💻🛠️","https://www.facebook.com/396271052532245/posts/1393592156133458","3","2","0","1"
"5/14/2026 1:09 pm","221488995515_1641643271297780","Facebook","Post","Photo","Advance Illinois","https://www.facebook.com/414749720653814/posts/1641643271297780","Yesterday, we were excited to join partners, advocates, and families for #ECAD26 and share with legislators why investing in early childhood care and services is essential to ensuring every Illinois young child has the supports they need to thrive. #AdvocateECE","https://www.facebook.com/414749720653814/posts/1641643271297780","4","3","0","1"
"5/14/2026 11:57 am","188187514534378_1531922218295202","Facebook","Post","Link","MacArthur Foundation","https://www.facebook.com/805236477630450/posts/1531922218295202","""Independent researchers...don’t have any clear institutionalized pathways to assess chatbot behavior.""

Speaking with IEEE Spectrum, researcher Briana Veccione of grantee Data & Society Research Institute discusses how independent third-party auditing could protect vulnerable AI users.

Learn about more proposed guardrails ⬇️
","https://spectrum.ieee.org/mental-health-chatbot-guardrails","3","2","0","1"
"5/14/2026 11:17 am","100765022373940_954644197196349","Facebook","Post","Photo","Hope Chicago","https://www.facebook.com/235486975778745/posts/954644197196349","In partnership, #HopeLivesHere for more and more Illinois families.

Continued investment in Hope Chicago’s two-generational model is critical to deliver opportunity for multiple generations of families and a more prosperous future for all in our great state.  

As #debtfree degrees are being earned all over Illinois for the first time in our program's history, let our leaders in Springfield know we need to keep this movement going ➡️ 🎓🎓🎓🎓. 

Reach out to your IL Representatives today and make some digital noise for #HopeChicago!!!

🎥:
State Representative Lisa J. Davis
State Senator Lakesia Collins 
Senator Javier Cervantes
State Representative Yolonda Morris
Senator Willie Preston","https://www.facebook.com/235486975778745/posts/954644197196349","2","2","0","0"
"5/14/2026 10:11 am","1720771904827240_1406040828228160","Facebook","Post","Photo","Kids First Chicago","https://www.facebook.com/560299942802257/posts/1406040828228160","As Chicago’s Board of Education makes decisions that impact our schools, community voice matters. Join us for a virtual meet & greet with District 2 school board members Ebony DeBerry and Debby Pope.   Parents, caregivers, educators, and community members, come learn, connect, and share your perspective on the future of our neighborhood schools. ✨  

🗓 Friday, May 15  
⏰ 10 AM–12 PM  
📍 Virtual  

Visit kidsfirstchicago.org/events for more information.  
———  
A medida que la Junta de Educación de Chicago toma decisiones importantes para nuestras escuelas, la voz de la comunidad importa. Acompáñenos a un encuentro virtual con las representantes del Distrito 2, Ebony DeBerry y Debby Pope. Padres, madres, cuidadores, educadores y miembros de la comunidad: venga a aprender, conectar y compartir su perspectiva sobre el futuro de las escuelas de nuestro vecindario. ✨  

🗓 Viernes 15 de mayo  
⏰ 10 AM–12 PM  
📍 Virtual  

Visite kidsfirstchicago.org/es/events para más información.","https://www.facebook.com/560299942802257/posts/1406040828228160","2","1","0","1"
"5/14/2026 10:00 am","133607023351110_1426396216184318","Facebook","Post","Photo","Stand for Children Illinois","https://www.facebook.com/557328906424391/posts/1426396216184318","Are you a current or former special educator in the state of Illinois? If, so we want to hear from you!

Survey Details:
⏰ Time: 8–10 minutes
✅ Eligibility: Current or former IL special educators (18+) with at least 6 months of experience.

For any questions, contact Dr. Passmore at amanda.passmore@elmhurst.edu","https://www.facebook.com/photo.php?fbid=1426396186184321&set=a.476579651165984&type=3","0","0","0","0"
"5/14/2026 10:00 am","232693460103788_1411235304368429","Facebook","Post","Photo","A Better Chicago","https://www.facebook.com/324620916363212/posts/1411235304368429","Congratulations to One Million Degrees, an A Better Chicago portfolio organization, and City Colleges of Chicago for announcing a five year expansion on their partnership. 

Their wraparound services and automatic enrollment will help remove barriers to college access for over 3,000 students.

We look forward to seeing the impact you will make! 

Read more about the partnership here: 04/28/city-colleges-of-chicago-announces-five-year-expansion-of-partnership-with-one-million-degrees-to-scale-wraparound-support-to-reach-over-3000-students-annually/","https://www.facebook.com/photo.php?fbid=1411235294368430&set=a.321187470039890&type=3","4","3","0","1"
"5/14/2026 9:30 am","2054932244050096567","X","Post","Photo","_abetterchicago","https://twitter.com/_abetterchicago/status/2054932244050096567","Congratulations to @1MillionDegrees and @ChiCityColleges for announcing a 5-year expansion on their partnership.

Their wraparound services and automatic enrollment will help remove barriers to access for over 3,000 students.

We look forward to seeing the impact you will make! https://t.co/LWUaXOvCvJ","","1","1","0","0"
"5/14/2026 8:54 am","9961411679_1409026231257194","Facebook","Post","Video","City Year","https://www.facebook.com/reel/1625765935206916/","#Studentsuccess coaches are tutors, role models and friends: https://bit.ly/3WlV9gj","https://www.facebook.com/reel/1625765935206916/","9","9","0","0"
"5/14/2026 8:13 am","125302627796_1437537071735314","Facebook","Post","Link","The Chicago Community Trust","https://www.facebook.com/620686893420340/posts/1437537071735314","In celebration of Asian American and Pacific Islander (AAPI) Heritage Month, The Chicago Community Trust is proud to honor Juju Lien, a visionary leader whose lifelong commitment to service and community power has shaped Chicago’s Asian American communities.

Juju’s story is shared through reflections from Asian Giving Circle (AGC) members Serena Moy and Jennifer Tani, as well as her daughter, Amy. Together they offer an intimate portrait of Juju not only as a public figure, but as a mentor, connector, and a tireless advocate whose influence shaped Asian Giving Circle and continues to ripple through Chicago’s Asian American community. By sharing Juju’s story, Serena, Jennifer and Amy celebrate Juju’s legacy and hope to inspire future generations.

Learn more: ","https://www.cct.org/stories/honoring-juju-lien-and-her-legacy-of-community-devotion/","6","5","0","1"
"5/13/2026 6:55 pm","9961411679_1408526454640505","Facebook","Post","Photo","City Year","https://www.facebook.com/642274284599063/posts/1408526454640505","Thank you Golden Volunteer for supporting AmeriCorps and helping elevate opportunities for people to serve in their communities. #FriendsOfService","https://www.facebook.com/photo.php?fbid=1408526381307179&set=a.642264387933386&type=3","1","1","0","0"
"5/13/2026 6:48 pm","9961411679_1408522584640892","Facebook","Post","Photo","City Year","https://www.facebook.com/642274284599063/posts/1408522584640892","Thank you CSX for your support of AmeriCorps and your commitment to strengthening communities through service. #FriendsOfService","https://www.facebook.com/photo.php?fbid=1408522547974229&set=a.642264387933386&type=3","6","6","0","0"
"5/13/2026 6:45 pm","9961411679_1408520967974387","Facebook","Post","Photo","City Year","https://www.facebook.com/642274284599063/posts/1408520967974387","We recognize April Elkins-Badtke, Conservation Legacy, as this year’s Stoneman Brown #NationalService Advocate of the Year. Through her leadership in WV, April has fought to expand service and strengthen communities. Thank you for your commitment to @AmeriCorps! #FriendsOfService","https://www.facebook.com/photo.php?fbid=1408520937974390&set=a.642264387933386&type=3","5","4","0","1"
"5/13/2026 6:39 pm","9961411679_1408516921308125","Facebook","Post","Photo","City Year","https://www.facebook.com/642274284599063/posts/1408516921308125","Thank you America's Service Commissions for your leadership in elevating the impact of AmeriCorps through state service commissions nationwide. #FriendsOfService","https://www.facebook.com/photo.php?fbid=1408516894641461&set=a.642264387933386&type=3","0","0","0","0"
"5/13/2026 6:34 pm","9961411679_1408514277975056","Facebook","Post","Video","City Year","https://www.facebook.com/642274284599063/posts/1408514277975056","Congressman Kevin Kiley, your support for AmeriCorps helps address local needs and expand the local impact of #NationalService in schools across California. He is receiving this year’s Congressional Service Award from Voices for National Service. #FriendsOfService ","https://bit.ly/431NohM","0","0","0","0"
"5/13/2026 6:21 pm","9961411679_1408508154642335","Facebook","Post","Photo","City Year","https://www.facebook.com/642274284599063/posts/1408508154642335","With Honor Action continues to bring leaders together in support of service and community. Thank you for your partnership and support of AmeriCorps and #FriendsOfService.","https://www.facebook.com/photo.php?fbid=1408508134642337&set=a.642264387933386&type=3","2","2","0","0"
"5/13/2026 6:15 pm","125302627796_1436992611789760","Facebook","Post","Photo","The Chicago Community Trust","https://www.facebook.com/620686893420340/posts/1436992611789760","This morning, Trust President & CEO Andrea Sáenz joined Jim Kirk, Steve Koch, and Samir Mayekar at the Crain's Chicago Business Forum for a conversation about the issues shaping Chicago's next mayoral election.

There's a tendency to frame Chicago in terms of trade-offs—downtown or neighborhoods, growth or equity, public sector or private. But that framing misses something important. The truth is: the city works best when we move forward together.

Across Chicago, there are already examples of what this looks like in projects and partnerships that bring together capital, community leadership, and public support to create real, tangible progress. Often happening in neighborhoods that don’t make headlines for the exciting projects and innovations, but should.

The path forward isn’t just about economic growth—it’s about who that growth reaches. A truly strong Chicago is one where opportunity is not limited by zip code, and where every neighborhood shares in the city’s momentum.

No single leader can deliver that alone. It will take alignment, partnership, and a shared commitment from all of us.

Chicago’s strengths are real—and so is the responsibility to build on them. At The Chicago Community Trust, we look forward to continuing to partner with others across the city to help advance an inclusive and thriving Chicago. 

[Photo Credit: Jam-tik]","https://www.facebook.com/620686893420340/posts/1436992611789760","21","19","1","1"
"5/13/2026 6:14 pm","100765022373940_954035090590593","Facebook","Post","Video","Hope Chicago","https://www.facebook.com/reel/1691995568602167/","☑️Vision.
☑️Determination.
✅Now a four-year #debtfree 🎓  degree in hand from @northern_illinois_university 

Congratulations, Bryan. We are so proud of you. 

Celebrate #HopeLivesHere graduations all month long.","https://www.facebook.com/reel/1691995568602167/","1","0","0","1"
"5/13/2026 6:14 pm","9961411679_1408502464642904","Facebook","Post","Photo","City Year","https://www.facebook.com/642274284599063/posts/1408502464642904","Thank you The Corps Network for your continued partnership and support of AmeriCorps. Your work helps expand service opportunities and strengthen communities nationwide. #FriendsOfService","https://www.facebook.com/photo.php?fbid=1408502437976240&set=a.642264387933386&type=3","1","1","0","0"
"5/13/2026 6:11 pm","9961411679_1408500981309719","Facebook","Post","Video","City Year","https://www.facebook.com/642274284599063/posts/1408500981309719","U.S. Representative Chrissy Houlahan is being recognized with the Voices for National Service John Lewis Bridge to Service Award for broadening access to AmeriCorps and strengthening support for students and schools across Pennsylvania. #FriendsOfService #NationalService ","https://bit.ly/3PfcLcQ","0","0","0","0"
"5/13/2026 6:07 pm","9961411679_1408498984643252","Facebook","Post","Photo","City Year","https://www.facebook.com/642274284599063/posts/1408498984643252","Thank you Truist for your support of AmeriCorps and your commitment to strengthening communities through service. #FriendsOfService","https://www.facebook.com/photo.php?fbid=1408498967976587&set=a.642264387933386&type=3","0","0","0","0"
"5/13/2026 6:04 pm","9961411679_1408497801310037","Facebook","Post","Video","City Year","https://www.facebook.com/642274284599063/posts/1408497801310037","Congressman Glenn Thompson is being recognized with the Voices for National Service Champion Award for his leadership in expanding #NationalService opportunities across Pennsylvania. Thank you for your continued support of @AmeriCorps and City Year. #FriendsOfService ","https://bit.ly/4ntR3hZ","0","0","0","0"
"5/13/2026 5:55 pm","9961411679_1408493467977137","Facebook","Post","Photo","City Year","https://www.facebook.com/642274284599063/posts/1408493467977137","Thank you ServiceNow for your partnership and continued support of @AmeriCorps and tonight’s #FriendsOfService Awards. Your leadership helps strengthen communities nationwide.","https://www.facebook.com/photo.php?fbid=1408493444643806&set=a.642264387933386&type=3","1","1","0","0"
"5/13/2026 5:48 pm","9961411679_1408490067977477","Facebook","Post","Video","City Year","https://www.facebook.com/642274284599063/posts/1408490067977477","From the classroom with Teach For America to a continued career in public service, Gov. Matt Meyer work reflects the spirit of AmeriCorps. Congratulations on receiving this year’s Voices for National Service AmeriCorps Alumni Legacy Award. #FriendsOfService  ","https://bit.ly/4fku8mV","3","3","0","0"
"5/13/2026 5:43 pm","9961411679_1408487841311033","Facebook","Post","Photo","City Year","https://www.facebook.com/642274284599063/posts/1408487841311033","Tonight’s event is made possible by committed partners who know that investing in @AmeriCorps is investing in local communities across the country. 

Thank you to our #FriendsOfService supporters: @ServiceNow, @Truist, @TheCorpsNetwork, With Honor Institute, @StateCommission, @CSX, @Golden Volunteer, and all who support the work of @AmeriCorps. 

Your partnership helps expand opportunity and strengthen #NationalService nationwide.","https://www.facebook.com/photo.php?fbid=1408487824644368&set=a.642264387933386&type=3","1","1","0","0"
"5/13/2026 2:49 pm","222712320927404_122293639118216507","Facebook","Post","Video","The Urban Center","https://www.facebook.com/122209075502216507/posts/122293639118216507","","https://www.facebook.com/reel/2039243826631390/","0","0","0","0"
"5/13/2026 11:48 am","9961411679_1408282084664942","Facebook","Post","Link","City Year","https://www.facebook.com/642274284599063/posts/1408282084664942","Service shapes futures and now it can shape academic pathways too. City Year AmeriCorps members can earn college credit for the learning they gain while supporting students and communities. ","https://bit.ly/42zDELw","4","2","0","2"
"5/13/2026 11:15 am","133607023351110_1425563472934259","Facebook","Post","Photo","Stand for Children Illinois","https://www.facebook.com/557328906424391/posts/1425563472934259","Greetings from the IL State Capitol! 👋

The Stand for Children’s Illinois team had a great time touring the Capitol building last week. During legislative sessions, our team is constantly attending committee meetings, meeting with legislators, or listening to sessions virtually.

Are you interested in joining our education advocacy efforts? Sign up for our email list!

➡️ https://act.stand.org/a/join-stand-il/?sourceid=1134184

#SpringfieldIL #StateCapitol #IllinoisCapitol #Illinois","https://www.facebook.com/photo.php?fbid=1425563399600933&set=a.476579651165984&type=3","6","6","0","0"
"5/13/2026 10:01 am","232693460103788_1410362094455750","Facebook","Post","Link","A Better Chicago","https://www.facebook.com/324620916363212/posts/1410362094455750","Sometimes it takes more than a village. It takes an ecosystem. 

Across the country, a new movement is reimagining learning beyond the walls of schools and into the larger community.

At the core of this work are place-based strategies that encourage collaboration between schools, employers, and community organizations to expand what learning can look like.

In this article for Education Week, Evie Blad explores this new effort: https://www.edweek.org/leadership/a-new-national-effort-aims-to-spread-learning-beyond-school-walls/2026/0","https://www.edweek.org/leadership/a-new-national-effort-aims-to-spread-learning-beyond-school-walls/2026/03","0","0","0","0"
"5/13/2026 9:32 am","125302627796_1436705238485164","Facebook","Post","Link","The Chicago Community Trust","https://www.facebook.com/620686893420340/posts/1436705238485164","The Hope Center Foundation and Chicago Neighborhood Initiatives, both Trust grant recipients and partners in the community-led campaign Reclaiming Chicago, recently held a ribbon-cutting for 10 homes in Roseland. With Phase 2 in Roseland complete, 90 homes have now been built under Reclaiming Chicago. The campaign's mission is to build 2,000 homes across the South and West sides to help combat decades of disinvestment.

Learn more: ","https://bit.ly/3QV3l6G","3","3","0","0"
"5/13/2026 9:30 am","2054569856914354282","X","Post","Link","_abetterchicago","https://twitter.com/_abetterchicago/status/2054569856914354282","Sometimes it takes more than a village. It takes an ecosystem.

Across the country, a new movement is reimagining learning beyond the walls of schools and into the larger community.

In this article for EdWeek, Evie Blad explores this new effort: https://t.co/8lCs8V77BM","","1","1","0","0"
"5/13/2026 9:22 am","1720771904827240_1404954238336819","Facebook","Post","Photo","Kids First Chicago","https://www.facebook.com/560299942802257/posts/1404954238336819","Students deserve to learn in environments where they feel safe, supported, and able to thrive. In a new opinion piece, our CEO Daniel Anello and Jennifer Stern, CEO of Great MN Schools, call on Congress to ensure schools remain safe spaces for all students and families. Read more: https://www.the74million.org/article/children-and-schools-should-be-off-limits-to-immigration-enforcement/
#KidsFirstChicago #ChicagoSchools #EducationEquity #ParentVoice #StudentSuccess","https://www.facebook.com/photo.php?fbid=1404954201670156&set=a.554354493396802&type=3","7","3","3","1"
"5/13/2026 7:43 am","56328402097_1461764005998578","Facebook","Post","Photo","Simon Youth Foundation","https://www.facebook.com/347062204135436/posts/1461764005998578","Graduation season is underway across our partner school districts, and we’re proud to celebrate students reaching this important milestone through partnerships with schools and districts across the country. 🎓

Over the next several weeks, we’ll be highlighting student achievements, scholarships, postsecondary pathways, and the impact of alternative education nationwide.

Every student pathway deserves to be celebrated.

#SimonYouthFoundation #GraduationSeason #AlternativeEducation #classof2026","https://www.facebook.com/photo.php?fbid=1461744566000522&set=a.336098415231815&type=3","11","8","0","3"
"5/12/2026 6:23 pm","188187514534378_1530448848442539","Facebook","Post","Photo","MacArthur Foundation","https://www.facebook.com/805236477630450/posts/1530448848442539","For 45 years, MacArthur Fellows have expanded the boundaries of possibility by questioning conventions, crossing disciplines, and driving collective progress. 

Throughout 2026, we're celebrating the ground-breaking work of the Fellows and inspiring public dialogue through a series of nationwide events and conversations.

Last weekend, 2011 #MacFellow Jad Abumrad and 2019 #MacFellow Lynda Barry discussed art as a catalyst for change and a force for good. 

At Chicago Humanities, Abumrad, creator of Radiolab, and Barry, cartoonist and educator, exchanged ideas about the existential benefits of having a creative practice during their panel, ""An Unnameable Energy: Why Art Matters Now.""

View upcoming Fellows at 45 events: ⬇️
https://bit.ly/4noAJPt","https://www.facebook.com/805236477630450/posts/1530448848442539","8","8","0","0"
"5/12/2026 4:25 pm","100765022373940_953164610677641","Facebook","Post","Photo","Hope Chicago","https://www.facebook.com/235486975778745/posts/953164610677641","📣 May 14, 2026 is our Digital Day of Action. 🤳📱

We need YOU and everyone able to share #HopeLivesHere stories with IL Leaders and make some digital noise for #HopeChicago!!! Continued investment in Hope Chicago's two-generational model impacts our collective success today and tomorrow in Illinois. We need our leaders in Springfield to keep this movement going. 

Swipe through our carousel for helpful steps, or visit our website at hopechicago.org/advocacy to tap in! 

Spread the news and thank you in advance for the 📣🧡🤝💪🎉 on May 14th!","https://www.facebook.com/235486975778745/posts/953164610677641","2","1","0","1"
"5/12/2026 4:08 pm","2054307757138886905","X","Post","Photo","KidsFirstChi","https://twitter.com/KidsFirstChi/status/2054307757138886905","When MCATs fall short, school leaders have to make difficult decisions - pulling money from key resources like educators and support staff to fill the gap. Invest in MCATs with $100M in FY27, @SenatorHalpin @senatorgraciela @senatorbelt. #FundTheFormula https://t.co/1hXTS3oLgy","","0","0","0","0"
"5/12/2026 2:38 pm","196842483717237_1508755037934374","Facebook","Post","Photo","Communities In Schools of Chicago","https://www.facebook.com/681023914040828/posts/1508755037934374","Our team at CIS of Chicago is proud to co-sponsor Do the Write Thing, a writing program that challenges middle schoolers to share their ideas on the causes of and solutions to youth violence. 

One week ago, Do the Write Thing Chicago hosted their annual awards banquet and recognized one student to serve as the national student ambassador. This student will represent Chicago at the Do the Write Thing Summit in Washington, D.C. over the summer. 

At the awards banquet, we were delighted to recognize Damiya Myers, a seventh grader at Johnnie Colemon Elementary, as this year's ambassador! We can't wait for this year's Summit and all the exciting opportunities between now and then (including an interview with Damiya and CIS' Robin on NBC).","https://www.facebook.com/681023914040828/posts/1508755037934374","7","1","3","3"
"5/12/2026 2:38 pm","200608886633238_1408056871362833","Facebook","Post","Photo","The Joyce Foundation","https://www.facebook.com/480966400738556/posts/1408056871362833","The Joyce Foundation is saddened to announce the passing of Director Emeritus Carlton L. Guthrie. A Harvard-educated entrepreneur, Carlton passed away on May 9 at age 73 in Chicago. He was a Joyce board member for more than three decades until his retirement in 2022. Born in Atlanta and raised in Gary, Indiana, Carlton was the co-chairman of Detroit Chassis and SPECTRA, LLC, a group of automotive-related companies he founded with his brother, Mike. Carlton was also CEO of Magnys Innovative Solutions, an engineering firm, and co-owner and Board Chairman of HealthCURE. Carlton credited his community-oriented, “can-do” ethos to his parents, Willie and Mary.  He was drawn to Joyce’s ambitious mission of improving lives in the Great Lakes region and its willingness to take the lead within philanthropy on supporting issues like gun violence prevention. Among his many affiliations and board memberships, Carlton proudly and notably created the Guthrie Family Scholarship for students in Gary, Indiana and South Haven, Michigan. In addition to the fiscal stewardship and experience he brought to the board, Carlton also brought an unwavering commitment to mentorship, leadership development, and creating equitable opportunities for youth, and especially young boys and men of color in the Great Lakes region. Carlton was an active board member of Concerned Christian Men, which includes as its mission serving as “fathers to the fatherless.”  We extend our deepest condolences to Carlton’s wife, Dawn-Marie, his children, Carille and Adam, his grandchildren, and his entire extended family.","https://www.facebook.com/photo.php?fbid=1408056864696167&set=a.480798660755330&type=3","33","21","8","4"
"5/12/2026 12:24 pm","188187514534378_1530266161794141","Facebook","Post","Link","MacArthur Foundation","https://www.facebook.com/805236477630450/posts/1530266161794141","🎉 We're excited to share that #HumanityAI has announced $18 million in new grants: $8 million awarded to organizations ensuring AI puts people first, and a $10 million open call to come.

As a collaborative philanthropic initiative, Humanity AI is dedicated to ensuring artificial intelligence serves the public good.

This inaugural group of grantees support the creation, promotion, and advancement of human-centered AI, spaces for the public to imagine what AI can be, and signature projects that open new areas of exploration.
 
Learn more ⬇️
","https://www.macfound.org/press/grantee-news/humanity-ai-grants-18-million-to-advance-people-centered-ai?utm_campaign=gn-humanity-ai-first-grants-5-26&utm_source=facebook&utm_medium=social","5","3","1","1"
"5/12/2026 12:04 pm","355075968400258_1383757907195133","Facebook","Post","Photo","Children First Fund","https://www.facebook.com/295295272708074/posts/1383757907195133","As National Nurses Week comes to a close, we want to take a moment to celebrate the incredible healthcare heroes taking care of students every day!

Our school nurses are the heart of our schools. From managing daily health needs to being a comforting presence for our students, they work tirelessly to ensure every child is safe, healthy, and ready to learn.

We are so grateful for your expertise and the unwavering care you provide to our Chicago Public Schools students every single day. Thank you for everything you do! 

#NationalNursesWeek #SchoolNurses #CPS #HealthcareHeroes #ThankYouNurses #StudentWellness #Chicago","https://www.facebook.com/photo.php?fbid=1383757890528468&set=a.290035466567388&type=3","0","0","0","0"
"5/12/2026 11:58 am","9961411679_1407259361433881","Facebook","Post","Video","City Year","https://www.facebook.com/reel/2983498571849112/","Step into the classroom and discover what #studentsuccess looks like. Join Bethany T. as she serves students in City Year Washington D.C. and see what a day-in-the-life looks like.","https://www.facebook.com/reel/2983498571849112/","24","18","1","5"
"5/12/2026 11:30 am","221488995515_1639401771521930","Facebook","Post","Photo","Advance Illinois","https://www.facebook.com/414749720653814/posts/1639401771521930","ICYMI: In our latest blog, Advance Illinois intern and University of Chicago sophomore Tayshawn Singleton shares how student support programs can shape a student’s college journey. https://hubs.la/Q04g9BJ90

Access to holistic student support services and resources are critical to students persisting and completing their degree and matter at every institution. Learn more about the work to ensure more Illinois students have what they need thrive at any one of our state's public 4-years. https://transformhigheredil.org/
 #transformILhighered","https://www.facebook.com/photo.php?fbid=1639401741521933&set=a.414661447329308&type=3","0","0","0","0"
"5/12/2026 11:10 am","1720771904827240_1404118688420374","Facebook","Post","Link","Kids First Chicago","https://www.facebook.com/560299942802257/posts/1404118688420374","","","0","0","0","0"
"5/12/2026 11:08 am","221488995515_1639384734856967","Facebook","Post","Photo","Advance Illinois","https://www.facebook.com/414749720653814/posts/1639384734856967","","https://www.facebook.com/photo.php?fbid=122274518948165370&set=a.122111844500165370&type=3","0","0","0","0"
"5/12/2026 11:08 am","221488995515_1639384518190322","Facebook","Post","Photo","Advance Illinois","https://www.facebook.com/414749720653814/posts/1639384518190322","","https://www.facebook.com/photo.php?fbid=122274519062165370&set=a.122111844500165370&type=3","0","0","0","0"
"5/12/2026 10:48 am","188187514534378_1530204545133636","Facebook","Post","Photo","MacArthur Foundation","https://www.facebook.com/805236477630450/posts/1530204545133636","The Red Line Jazz Project is bringing live music to Chicago’s transit system! Learn more ⬇️","https://www.facebook.com/631421712364409/posts/1377253307781242","1","1","0","0"
"5/12/2026 10:00 am","232693460103788_1409492071209419","Facebook","Post","Photo","A Better Chicago","https://www.facebook.com/324620916363212/posts/1409492071209419","Congratulations to our fearless titan and CEO, Beth Swanson.

Your recognition on the Titan100 list shows your true passion and leadership within the nonprofit sector. 

See Beth’s page at:
https://www.titan100.biz/2026-chicago-titans/beth-swanson/","https://www.facebook.com/photo.php?fbid=1409492051209421&set=a.321187470039890&type=3","12","8","2","2"
"5/12/2026 9:51 am","1720771904827240_1404062178426025","Facebook","Post","Photo","Kids First Chicago","https://www.facebook.com/560299942802257/posts/1404062178426025","What do the latest trends tell us about the state of Chicago’s public schools? 📊 Our new report, The State of Chicago Public Schools, examines student outcomes from 2018–2025 and highlights key insights shaping the future of education across the city. Read the report at kidsfirstchicago.org/publications. 
— 
¿Qué nos dicen las tendencias más recientes sobre el estado de las escuelas públicas de Chicago? 📊 Nuestro nuevo informe, El estado de las escuelas públicas de Chicago, analiza los resultados estudiantiles de 2018 a 2025 y comparte hallazgos clave sobre el futuro de la educación en nuestra ciudad. Lea el informe en kidsfirstchicago.org/publications.","https://www.facebook.com/560299942802257/posts/1404062178426025","2","1","0","1"
"5/12/2026 9:30 am","2054207619326165129","X","Post","Photo","_abetterchicago","https://twitter.com/_abetterchicago/status/2054207619326165129","Congratulations to our fearless titan and CEO, @BethSwanson5.

Your recognition on the @Titan100CEO list shows your true passion and leadership within the nonprofit sector.

See Beth’s page at:
https://t.co/I2NJfKQW92 https://t.co/pXdrJGQC2D","","0","0","0","0"
"5/12/2026 9:00 am","133607023351110_1424584463032160","Facebook","Post","Video","Stand for Children Illinois","https://www.facebook.com/reel/1517488956628019/","What happens when students put their phones away? 🤳 

Check out Stand for Children’s blog on 5 compelling reasons why we think schools should go phone-free! 🔗 https://stand.org/blog/5-reasons-for-schools-to-go-phone-free/

Tell us why you support #PhoneFreeSchools in the comments below! 👇

#MentalHealth #Education #Unplugged #StandForChildren","https://www.facebook.com/reel/1517488956628019/","4","3","1","0"
"5/12/2026 8:12 am","125302627796_1435781821910839","Facebook","Post","Video","The Chicago Community Trust","https://www.facebook.com/reel/1922875098364431/","Founded on May 12, 1915, The Chicago Community Trust is a community foundation that has been here for all Chicagoans for over 111 years. We unite donors, nonprofits and residents to support people, organizations and partnerships that strengthen the Chicago region. We believe that when our neighbors do better, we all do better. www.cct.org","https://www.facebook.com/reel/1922875098364431/","9","9","0","0"
"5/11/2026 5:19 pm","809795299116133_1418937096933137","Facebook","Post","Photo","IL Raise Your Hand","https://www.facebook.com/443559341137589/posts/1418937096933137","We know we're a bit late on the Mother's Day post, but we still wanted to show love and appreciation to every single mother in our communities. From supporting their children to advocating for better, stronger neighborhood schools, mothers have always been the heart of our movements. 

Happy Belated Mother's Day! 🌹","https://www.facebook.com/photo.php?fbid=1418930750267105&set=a.369996131827244&type=3","0","0","0","0"
"5/11/2026 4:24 pm","1720771904827240_1403408445158065","Facebook","Post","Photo","Kids First Chicago","https://www.facebook.com/560299942802257/posts/1403408445158065","Meet the parent leaders helping shape change in Chicago schools. ✨

At Kids First Chicago, we know parents and caregivers are powerful advocates for students and communities. This month, we’re spotlighting honorees from our Parent Leadership Team Showcase, leaders creating change through advocacy, engagement, and community action. 💚 🤍💚 Stay tuned as we share more about their stories and impact across Chicago.#ParentLeadership #ChicagoParents #ParentPower
——
Conozca a los líderes de familias que están impulsando el cambio en las escuelas de Chicago. ✨

En Kids First Chicago sabemos que madres, padres y cuidadores son defensores poderosos de sus estudiantes y comunidades. Este mes estaremos destacando a las personas homenajeadas de nuestra Presentación de Equipos de Liderazgo de Padres (PLTs), líderes que están generando impacto a través de la participación familiar, la defensa comunitaria y la acción colectiva. 💚🤍💚 Manténgase al tanto mientras compartimos más sobre sus historias y el impacto que están generando en comunidades de toda la ciudad. #LiderazgoDePadres #PadresDeChicago","https://www.facebook.com/560299942802257/posts/1403408445158065","15","12","1","2"
"5/11/2026 4:08 pm","188187514534378_1529568975197193","Facebook","Post","Link","MacArthur Foundation","https://www.facebook.com/805236477630450/posts/1529568975197193","Fiction writer and #MacFellow Yiyun Li was recently named one the 100 Most Influential People of 2026 by TIME. 

Her profile, written by author Salman Rushdie, praises her latest work for joining ""high intelligence with remarkable emotional restraint.""

Read more ⬇️
","https://time.com/collection/100-most-influential-people/2026/yiyun-li/","1","1","0","0"
"5/11/2026 3:34 pm","200608886633238_1407237551444765","Facebook","Post","Photo","The Joyce Foundation","https://www.facebook.com/480966400738556/posts/1407237551444765","We really enjoyed supporting @chicago_women_in_philanthropy’s 2026 Making A Difference Luncheon! It was a great afternoon of connection and renewed commitment while recognizing transformative leadership and centering opportunities for women and girls across Chicago. We were inspired hearing from Renetta McCann, and congratulations to Making a Difference Award recipient Andrea Sáenz and legacy honoree National Louis University. #Chicago #Philanthropy #Leadership","https://www.facebook.com/photo.php?fbid=1407237541444766&set=a.480798660755330&type=3","3","3","0","0"
"5/11/2026 1:32 pm","931616600195955_1408467551319802","Facebook","Post","Video","Teach Plus Illinois","https://www.facebook.com/646013757565189/posts/1408467551319802","Shout-out to our Chicago Change Agents at C.E. Hughes Elementary School, who were recently featured in this video!

","https://youtube.com/shorts/mTxQo2GYdYM?feature=share","0","0","0","0"
"5/11/2026 1:03 pm","9961411679_1406436431516174","Facebook","Post","Link","City Year","https://www.facebook.com/642274284599063/posts/1406436431516174","City Year doesn’t end at graduation, it propels you towards what is next.

Explore the alumni stories proving how service opens doors, builds skills, and shapes futures:
https://bit.ly/4sIBQu9","https://www.cityyear.org/san-antonio/stories/our-alumni/life-after-city-year-pathways-for-the-future/","21","17","2","2"
"5/11/2026 12:35 pm","100765022373940_952233280770774","Facebook","Post","Photo","Hope Chicago","https://www.facebook.com/235486975778745/posts/952233280770774","A few #HopeLivesHere 🥹Then/Now 📸 's

In every corner of Illinois, Hope Scholar graduates are crossing commencement stages #debtfree for the first time ever. #HopeLivesHere when opportunity meets the incredible potential within our students and families. This is just the beginning. 

🎉 Celebrate #HopeChicago graduates 🎓 with us all month long.","https://www.facebook.com/235486975778745/posts/952233280770774","8","4","3","1"
"5/11/2026 11:31 am","221488995515_1638438144951626","Facebook","Post","Photo","Advance Illinois","https://www.facebook.com/414749720653814/posts/1638438144951626","📣 Illinoisans: Your Education Story Matters 

We’re collecting personal stories from people across Illinois about how federal education policies have shaped your or your family’s access to and experience in education — from early childhood programs through college and beyond. 

Whether it’s Head Start, IDEA, Title I, Pell Grants, FAFSA, school nutrition programs, or other federal initiatives — we want to hear how these policies have impacted real lives, not just statistics. 

✅ You can share anonymously 
✅ All experiences welcome — positive, challenging, or somewhere in between 

Share your story here: https://hubs.la/Q04g6wtL0

Your voice can help illuminate the real impact of federal education policy in Illinois. Thank you for contributing to this important conversation! 
#education #policy #storiesofimpact","https://www.facebook.com/photo.php?fbid=1638438108284963&set=a.414661447329308&type=3","0","0","0","0"
"5/11/2026 9:25 am","125302627796_1434976301991391","Facebook","Post","Link","The Chicago Community Trust","https://www.facebook.com/620686893420340/posts/1434976301991391","""Two-flats and three-flats have benefited Chicago in the past, when the city was growing and developing into a world-class metropolis. Today, re-embracing that model of housing may offer part of the solution for many Chicago families struggling to build a good life and a brighter future. And that’s good for everyone.""

More from the Trust's Christen Wiggins: ","https://www.cct.org/stories/chicagos-housing-future-is-in-its-past-look-to-the-missing-middle/","1","0","0","1"
"5/11/2026 9:00 am","133607023351110_1423692376454702","Facebook","Post","Video","Stand for Children Illinois","https://www.facebook.com/reel/1341352131195974/","We’ve been reading your Stand for Children stories and they are powerful 💪 We're inspired by your courage, dedication and fight for educational justice.

If you haven't shared your story yet, there’s still time — and your voice matters 💙 Share your Stand story today: 🔗 Act.Stand.org/a/Stand-30-Memories","https://www.facebook.com/reel/1341352131195974/","2","2","0","0"
"5/10/2026 9:30 am","1720771904827240_1402232318609011","Facebook","Post","Photo","Kids First Chicago","https://www.facebook.com/560299942802257/posts/1402232318609011","Happy Mother’s Day to all moms, stepmoms, grandmothers, caregivers, parent leaders, and mother figures who show up with love and care for the children and families in their lives. 💚

Thank you for the strength, support, and compassion you bring to your homes, schools, and communities every day. Today and always, we celebrate you. 
—
¡Feliz Día de las Madres a todas las mamás, madrastras, abuelitas, cuidadoras, líderes de familia y figuras maternas que brindan amor y apoyo a los niños y familias en sus vidas! 💚

Gracias por la fortaleza, dedicación y cuidado que usted aporta cada día a sus hogares, escuelas y comunidades. Hoy y siempre celebramos todo lo que usted hace.

#mother #mothersday #mom #madres #diadelasmadres","https://www.facebook.com/560299942802257/posts/1402232318609011","6","5","0","1"
"5/9/2026 10:00 am","2053127855630856405","X","Post","Text","_abetterchicago","https://twitter.com/_abetterchicago/status/2053127855630856405","Congratulations to @1MillionDegrees &amp; @ChiCityColleges for the 5-year expansion on their partnership.

Read here: 04/28/city-colleges-of-chicago-announces-five-year-expansion-of-partnership-with-one-million-degrees-to-scale-wraparound-support-to-reach-over-3000-students-annually","","1","1","0","0"
"5/8/2026 5:41 pm","355075968400258_1379993367571587","Facebook","Post","Photo","Children First Fund","https://www.facebook.com/295295272708074/posts/1379993367571587","Show a teacher you appreciate them by supporting the students they care for every day. 💙

The Compassion Fund provides the essentials students need—from basic supplies to emergency support—so they can show up to class ready to learn. When our students’ needs are met, our teachers can focus on what they do best: helping every child thrive and succeed.

Honor an educator today with a gift that makes a difference in their classroom.

https://cps.networkforgood.com/projects/62622-compassion-fund

#TeacherAppreciationWeek #CompassionFund #CPS #SupportStudents #CFF","https://www.facebook.com/photo.php?fbid=1379993354238255&set=a.290035466567388&type=3","0","0","0","0"
"5/8/2026 2:01 pm","100765022373940_949740301020072","Facebook","Post","Video","Hope Chicago","https://www.facebook.com/reel/1459950758645418/","Hope Scholar graduates 🎓all over Illinois are walking #debtfree across commencement stages this Spring with the pride and self-determination to face any challenge ahead of them. 🙌🏿 Class of 2026 Illinois State University graduate, Lanayia—you did that! 

#Hopeliveshere in Illinois when opportunity meets the incredible potential and resilience within our students and families.

Celebrate the first wave of state-wide #HopeChicago graduations with us all month long.","https://www.facebook.com/reel/1459950758645418/","24","11","6","7"
"5/8/2026 12:07 pm","188187514534378_1526884152132342","Facebook","Post","Link","MacArthur Foundation","https://www.facebook.com/805236477630450/posts/1526884152132342","ICYMI: 2019 #MacFellow Walter Hood was recently named one of TIME's 100 Most Influential People!

Read the full profile, written by 2017 Fellow Kate Orff ⬇️
","https://time.com/collection/100-most-influential-people/2026/walter-hood/","3","3","0","0"
"5/8/2026 11:58 am","355075968400258_1379779600926297","Facebook","Post","Photo","Children First Fund","https://www.facebook.com/295295272708074/posts/1379779600926297","Thank you to everyone who joined us this week for a special reception celebrating the official appointment of Dr. Macquline King as the new CEO/Superintendent of Chicago Public Schools!

It was a meaningful evening spent coming together around a shared vision: advancing the CPS mission and broadening what is possible for our students' education. We were honored to hear remarks from Dr. King about her deep belief in the power of philanthropy and partnership, as well as thoughtful reflections from newly selected Chief Education Officer (CEdO), Dr. Karime Asaf, on our shared priorities moving forward.

It was especially valuable to connect face-to-face, exchange ideas, and, and celebrate this milestone with so many dedicated colleagues and friends.

Thank you for your continued partnership and commitment to Chicago’s students. We look forward to continuing this vital work together!

#CPS #CFF #Chicago #Philanthropy #Partnership","https://www.facebook.com/295295272708074/posts/1379779600926297","3","2","0","1"
"5/8/2026 11:35 am","9961411679_1403796378446846","Facebook","Post","Photo","City Year","https://www.facebook.com/642274284599063/posts/1403796378446846","Last night at the City Year Buffalo gala, we were proud to present the City Year Buffalo Service Champion Award to SUNY Chancellor John King, whose leadership reflects a deep commitment to public service and to preparing engaged citizens.

Chancellor King has made civics and service central to SUNY’s mission, expanding opportunities for students to learn, earn, and serve while strengthening communities across New York State. That values-driven leadership is what makes our partnership so powerful expanding service opportunities, supporting students in schools, and helping young people turn service into academic and long-term success.

Thank you, Chancellor King, for your unwavering commitment to service and young people.

We also announced two new exciting initiatives around credit for prior learning through service and the launch of the New York Student Success Coach pilot. You can read more about this collaborative work here: https://bit.ly/3QXz0V4","https://www.facebook.com/642274284599063/posts/1403796378446846","18","18","0","0"
"5/8/2026 10:53 am","232693460103788_1405979281560698","Facebook","Post","Link","A Better Chicago","https://www.facebook.com/324620916363212/posts/1405979281560698","Every day counts and addressing chronic absenteeism must be a citywide priority.

In this op-ed from A Better Chicago CEO Beth Swanson and board member Janice Jackson, they highlight the urgency of ensuring young people are engaged, supported, and thriving in school.
 
Earlier this year, we announced our Every Day Counts initiative, a call for organizations to submit innovative strategies to combat chronic absenteeism in six Chicago neighborhoods. A Better Chicago has committed to investing at least $10 million over the next five years to support these plans. 

“Our grants will provide funding to support partnerships between community-based nonprofit organizations and schools that prioritize interventions centered on prevention for elementary students and additional support for high school students already struggling with attendance.”

�Read more about this critical issue in the full piece in the Chicago Sun-Times: ","https://chicago.suntimes.com/other-views/2026/05/08/chronic-absenteeism-schools-10-million-community-nonprofit-grants-beth-swanson-janice-jackson","4","4","0","0"
"5/8/2026 10:43 am","931616600195955_1402632151903342","Facebook","Post","Photo","Teach Plus Illinois","https://www.facebook.com/646013757565189/posts/1402632151903342","Happy #teacherappreciationweek to our Senior Change Agents!","https://www.facebook.com/646013757565189/posts/1402632151903342","0","0","0","0"
"5/8/2026 10:00 am","9961411679_1403733121786505","Facebook","Post","Photo","City Year","https://www.facebook.com/642274284599063/posts/1403733121786505","Serve with City Year and gain the kind of experience that makes hiring managers say “yes”.

https://bit.ly/3WlV9gj","https://www.facebook.com/photo.php?fbid=1403733088453175&set=a.642264387933386&type=3","3","3","0","0"
"5/8/2026 9:59 am","125302627796_1432174638938224","Facebook","Post","Photo","The Chicago Community Trust","https://www.facebook.com/620686893420340/posts/1432174638938224","ICYMI: We are proud to congratulate our Trust President & CEO Andrea Sáenz on receiving the Making a Difference Award from Chicago Women in Philanthropy (CWIP) earlier this week — an honor that recognizes a woman whose leadership has made a powerful and lasting contribution to the philanthropic community.

The event was made even more special by the simultaneous recognition of National Louis University, one of Illinois' largest producers of teachers and an organization where Andrea serves as a trustee.

Honorary co-chair Renetta McCann offered a reflection that stayed with us: ""Andrea is a leader built for our city and this moment.""

During the celebration, Andrea spoke about her journey immigrating to the U.S. as a child, the community that supported her family, and the decision years later to pay that care forward. That experience shapes how she leads — with a deep belief in partnership, inclusivity, and collective responsibility.

Philanthropy is about more than resources. It's about relationships, trust, and the will to invest in one another. Andrea embodies all of that.

Learn more about CWIP: https://www.cwiponline.org/","https://www.facebook.com/620686893420340/posts/1432174638938224","47","37","8","2"
"5/8/2026 9:00 am","133607023351110_1420833510073922","Facebook","Post","Video","Stand for Children Illinois","https://www.facebook.com/reel/979116921164076/","⚠️ Bill in progress! ⚠️

Deadline extensions, committee meetings, and a whole lot of waiting. It takes time for a bill to become law, but the work is all worth it at the end!

Follow us for more education advocacy content 💙

#SpringfieldIL #StateCapitol #IllinoisCapitol #Illinois #HowABillBecomesALaw","https://www.facebook.com/reel/979116921164076/","5","2","2","1"
"5/7/2026 8:00 pm","221488995515_1634613665334074","Facebook","Post","Video","Advance Illinois","https://www.facebook.com/reel/1373747651451453/","It's way past time for Illinois to transform higher education - prioritizing adequate investment in all our public universities. In doing so, it will be investing in students of every background and experience and the future sustainability of communities and regions across the state.

Learn more about the work to ensure more students have what they need thrive at our state's public 4-years. transformhigheredil.org hashtag#transformILHigherEd","https://www.facebook.com/reel/1373747651451453/","1","1","0","0"
"5/7/2026 2:00 pm","100765022373940_948940774433358","Facebook","Post","Video","Hope Chicago","https://www.facebook.com/reel/1397624565449480/","#HopeLivesHere 🎓 Graduations

Resilient and determined to achieve his postsecondary dreams, Al Raby alumn Jajuan is now a City Colleges of Chicago #debtfree graduate on his way to a four-year degree—excited and energized by who he’s become. 

Hope lives here in Illinois when opportunity meets the incredible potential within our students and families.

Celebrate the first wave of state-wide #HopeChicago graduations with us all month long.","https://www.facebook.com/reel/1397624565449480/","3","2","0","1"
"5/7/2026 1:30 pm","221488995515_1634520475343393","Facebook","Post","Photo","Advance Illinois","https://www.facebook.com/414749720653814/posts/1634520475343393","ICYMI: Senior Policy Advisor Kate Buchanan discusses how everyday interactions with caregivers and educators shape young children’s brain development, and why a well-trained, well-supported early childhood workforce is vital in the early years of our young learners. https://hubs.la/Q04fSRtG0 #ECEC #earlychildhood #development","https://www.facebook.com/photo.php?fbid=1634520458676728&set=a.414661447329308&type=3","0","0","0","0"
"5/7/2026 1:13 pm","355075968400258_1378893914348199","Facebook","Post","Photo","Children First Fund","https://www.facebook.com/295295272708074/posts/1378893914348199","Exciting Announcement! 🚀

We are thrilled to share that Amazon.com has partnered with Chicago Public Schools and Children First Fund to donate $100,000 toward STEM and Computer Science education for five schools in the Gage Park community! This gift will fund vital teacher training, tech resources, and robotics clubs to help our students thrive. 

We had an incredible day seeing STEM learning in action! A huge thank you to the Amazon team members who joined us, Alderwoman Jeylú B. Gutiérrez, and Acting Chief of Teaching and Learning Annise Lewis for your incredible support.

Most importantly, thank you to Socorro Sandoval Elementary School staff and students for the warm welcome. We were blown away by the impressive computer science projects the students shared with us, and we can’t wait to see what more they can accomplish with this investment!
 
#CPS #Amazon #Community #GagePark #STEM #ChicagoPublicSchools #ComputerScience #CFF #Chicago","https://www.facebook.com/295295272708074/posts/1378893914348199","12","8","0","4"
"5/7/2026 12:18 pm","188187514534378_1526100055544085","Facebook","Post","Link","MacArthur Foundation","https://www.facebook.com/805236477630450/posts/1526100055544085","Researchers are increasingly recognizing the importance of fungi in ecosystem management and climate resilience.

Scienmag shares how findings by evolutionary biologist and #MacFellow Toby Kiers and others in this space are reshaping our understanding of fungal ecology and conservation policy.

Read more ⬇️ 
","https://scienmag.com/soil-fungi-drive-island-regeneration-insights-from-earths-most-remote-atoll/","2","1","0","1"
"5/7/2026 12:10 pm","133607023351110_1420086046815335","Facebook","Post","Photo","Stand for Children Illinois","https://www.facebook.com/557328906424391/posts/1420086046815335","","https://www.facebook.com/1386156140224918/posts/1385520276955171","0","0","0","0"
"5/7/2026 11:24 am","221488995515_1634437808684993","Facebook","Post","Photo","Advance Illinois","https://www.facebook.com/414749720653814/posts/1634437808684993","","https://www.facebook.com/photo.php?fbid=122273779844165370&set=a.122111844500165370&type=3","0","0","0","0"
"5/7/2026 11:24 am","221488995515_1634437758684998","Facebook","Post","Photo","Advance Illinois","https://www.facebook.com/414749720653814/posts/1634437758684998","","https://www.facebook.com/photo.php?fbid=122273780156165370&set=a.122111844500165370&type=3","0","0","0","0"
"5/7/2026 10:41 am","931616600195955_1402630838570140","Facebook","Post","Photo","Teach Plus Illinois","https://www.facebook.com/646013757565189/posts/1402630838570140","Happy #teacherappreciationweek to our Chicago Change Agents!","https://www.facebook.com/646013757565189/posts/1402630838570140","0","0","0","0"
"5/7/2026 9:41 am","1720771904827240_1399545678877675","Facebook","Post","Photo","Kids First Chicago","https://www.facebook.com/560299942802257/posts/1399545678877675","✨ Leadership grows in community. Tierra Pearson’s journey through PLF reflects the power of parents stepping into leadership, advocacy, and community impact. We’re proud to see alumni continuing to create change across Chicago. 💚
Read Tierra’s blog: kidsfirstchicago.org/blog
PLF West Side applications are still open:
kidsfirstchicago.org/plf
—-
✨ El liderazgo crece en comunidad. La experiencia de Tierra Pearson en PLF refleja el poder de los padres que asumen roles de liderazgo, defensa y cambio comunitario. Nos llena de orgullo ver a participantes seguir creando impacto en Chicago. 💚

Las solicitudes para PLF West Side ya están abiertas:
kidsfirstchicago.org/plf

#KidsFirstChicago #ParentLeadership #PLF #ChicagoParents #parentpower","https://www.facebook.com/photo.php?fbid=1399545645544345&set=a.554354493396802&type=3","8","4","1","3"
"5/7/2026 9:19 am","133607023351110_1419967046827235","Facebook","Post","Photo","Stand for Children Illinois","https://www.facebook.com/557328906424391/posts/1419967046827235","Moments like this reflect something bigger happening at John Fiske Elementary School.

Educators like Kelly Charles, CPC Program Lead Teacher, are helping students slow down, reflect, and think about how their actions affect others. During Teacher Appreciation Week, we’re celebrating the teachers who make space for this kind of growth every day. 💛

#TeacherAppreciationWeek #KindSchools #TeachKindness","https://www.facebook.com/photo.php?fbid=1419967006827239&set=a.476579651165984&type=3","0","0","0","0"
"5/7/2026 8:46 am","9961411679_1402829095210241","Facebook","Post","Video","City Year","https://www.facebook.com/reel/2853549964977334/","A service year is a truly unique experience; see what a difference a year can make.","https://www.facebook.com/reel/2853549964977334/","7","5","0","2"
"5/7/2026 8:15 am","125302627796_1431291952359826","Facebook","Post","Link","The Chicago Community Trust","https://www.facebook.com/620686893420340/posts/1431291952359826","In 2025, The Chicago Community Trust launched the Neighborhood Development Champions (NDC) to ensure community voices are the starting point for development in neighborhoods often overlooked by market-rate investment. NDC is a network of community-based organizations serving as anchors in their neighborhoods and doing the painstaking work of attracting the capital and partnerships needed to bring projects to life. 

Together, these organizations demonstrate how development can take root where it otherwise wouldn’t, when it is driven by residents’ realities, local expertise, and long-standing neighborhood relationships.

Learn more: ","https://www.cct.org/stories/south-and-west-side-neighborhood-revitalization-starts-with-its-residents/","3","3","0","0"
"5/6/2026 9:04 pm","809795299116133_1414813604012153","Facebook","Post","Photo","IL Raise Your Hand","https://www.facebook.com/443559341137589/posts/1414813604012153","We expect for all of our staff's emails to be recovered within the next 24 to 48 hours. We deeply apologize for the tech issues!  

In the meantime, message us here or on Instagram if you need to speak with us.","https://www.facebook.com/photo.php?fbid=1414812744012239&set=a.369996131827244&type=3","0","0","0","0"
"5/6/2026 3:36 pm","188187514534378_1525427212278036","Facebook","Post","Link","MacArthur Foundation","https://www.facebook.com/805236477630450/posts/1525427212278036","🎉 We're excited to share that we are co-funding the expansion of the Elevating Culture Near Transit initiative! 

This funding, made possible by our partnership with Elevated Chicago and the Chicago Transit Authority, will support three new creative placekeeping projects beginning this spring.  

Our collaboration reflects a shared commitment to supporting arts and culture projects across Chicago’s transit corridors.

Read the full press release ⬇️
","https://www.transitchicago.com/elevated-chicago-expands-elevating-culture-near-transit-initiative-with-three-new-grants-and-historic-partnership-with-cta-/","8","4","2","2"
"5/6/2026 3:18 pm","1720771904827240_1398893625609547","Facebook","Post","Photo","Kids First Chicago","https://www.facebook.com/560299942802257/posts/1398893625609547","PLTs are parents leading change in their schools and communities. ✨ 

This weekend, we celebrated our Parent Leadership Teams at our annual showcase at @amptchicago, where parent leaders from across Chicago shared the work they are driving to support students and families. From school safety and mental health to food access, parent engagement, and support for diverse learners, PLTs are creating solutions rooted in community voice and lived experience.

At Kids First Chicago, we believe parents are experts in what their children need. Together, we are building a powerful network of Black and Latine parent leaders working toward a more equitable future for CPS students. 💙

#KidsFirstChicago #ParentLeadership #EducationalEquity #ChicagoParents #ParentPower Photo credit: @afkaraclicks
—-
Los PLTs son padres y madres liderando el cambio en sus escuelas y comunidades. ✨

Este fin de semana celebramos a nuestros Equipos de Liderazgo de Padres durante nuestra presentación anual en @amptchicago, donde líderes de familias de diferentes comunidades de Chicago compartieron el trabajo que están impulsando para apoyar a estudiantes y familias. Desde la seguridad escolar y la salud mental hasta el acceso a alimentos, la participación familiar y el apoyo para estudiantes diversos, los PLTs están creando soluciones basadas en la voz de la comunidad y las experiencias vividas.

En Kids First Chicago, creemos que los padres y madres son expertos en las necesidades de sus hijos. Juntos, estamos construyendo una poderosa red de líderes afroamericanos y latinos que trabajan por un futuro más equitativo para los estudiantes de CPS. 💙

KidsFirstChicago LiderazgoDePadres EquidadEducativa PadresDeChicago PoderDeLosPadres

Crédito de fotos: @afkaraclicks","https://www.facebook.com/560299942802257/posts/1398893625609547","10","6","1","3"
"5/6/2026 3:00 pm","221488995515_1633657015429739","Facebook","Post","Photo","Advance Illinois","https://www.facebook.com/414749720653814/posts/1633657015429739","We celebrate the dedication of educators across early childhood, K-12, and higher education. From the classroom to administrative work, including our Educator Advisory Council (EAC), thank you for all you do to help Illinois students succeed. #education #teachers","https://www.facebook.com/photo.php?fbid=1633656992096408&set=a.414661447329308&type=3","2","1","0","1"
"5/6/2026 2:54 pm","9961411679_1402268781932939","Facebook","Post","Photo","City Year","https://www.facebook.com/642274284599063/posts/1402268781932939","You’ve been wanting to make a difference; here’s your chance.

Our upcoming deadline is May 8, and every day you wait is a day closer to missing out.

Step into a year of growth, impact, and service.

Apply now before the deadline closes: https://bit.ly/3WlV9gj","https://www.facebook.com/photo.php?fbid=1402268758599608&set=a.642264387933386&type=3","2","2","0","0"
"5/6/2026 2:42 pm","100765022373940_948201497840619","Facebook","Post","Video","Hope Chicago","https://www.facebook.com/reel/1692938621736941/","#HopeLivesHere 🎓 Graduation Edition

Four years ago, college wasn’t part of the plan for Osvaldo at @bjcaeagles1. Now he’s headed back to Chicago to start his career downtown after earning his degree from @northern_illinois_university #debtfree — a dream he’s had since he was a little boy walking with his parents in the loop.🥹

Hope lives here in Illinois when opportunity meets the incredible potential within our students and families.

Celebrate the first wave of state-wide #hopechicago graduations with us all month long.","https://www.facebook.com/reel/1692938621736941/","15","9","2","4"
"5/6/2026 1:49 pm","196842483717237_1503543108455567","Facebook","Post","Photo","Communities In Schools of Chicago","https://www.facebook.com/681023914040828/posts/1503543108455567","𝗢𝘂𝗿 𝘀𝘁𝘂𝗱𝗲𝗻𝘁𝘀 𝗮𝗿𝗲 𝘁𝗲𝗻𝗮𝗰𝗶𝗼𝘂𝘀.

They partner with their CIS Student Supports Manager to set goals for coming to school, staying in school, and ensuring they are on the path to graduation. They work diligently to reach their goals. And throughout the process, they gain skills for not only succeeding in school, but skills that will serve them well throughout their life.

𝗘𝗮𝗰𝗵 𝘆𝗲𝗮𝗿, 𝗼𝘂𝗿 𝗦𝘁𝘂𝗱𝗲𝗻𝘁 𝗦𝘂𝗽𝗽𝗼𝗿𝘁𝘀 𝗠𝗮𝗻𝗮𝗴𝗲𝗿𝘀 𝗿𝗲𝗰𝗼𝗴𝗻𝗶𝘇𝗲 𝘀𝘁𝘂𝗱𝗲𝗻𝘁 𝘁𝗲𝗻𝗮𝗰𝗶𝘁𝘆. 

They honor one student at each of their schools with a CIS Tenacity Award and celebrate the progress they made.

𝗧𝗵𝗶𝘀 𝘆𝗲𝗮𝗿'𝘀 𝗰𝗲𝗹𝗲𝗯𝗿𝗮𝘁𝗶𝗼𝗻𝘀 𝗮𝗿𝗲 𝗮𝗯𝗼𝘂𝘁 𝘁𝗼 𝗯𝗲𝗴𝗶𝗻! 

And thanks to the efforts of our school-based leadership team and Field Supervisor Paul Fagen, each winner will receive a gift box with a gift card, certificate of recognition, a tenacious T-shirt, and donations from some of our amazing community partners -- the Chicago Architecture Center, the Peggy Notebaert Nature Museum,  Betsy's Blankets, and the Chicago White Sox!","https://www.facebook.com/photo.php?fbid=1503543068455571&set=a.594004809409406&type=3","0","0","0","0"
"5/6/2026 12:28 pm","125302627796_1430608649094823","Facebook","Post","Link","The Chicago Community Trust","https://www.facebook.com/620686893420340/posts/1430608649094823","""Whenever I return to any place I’ve lived or worked, one interaction is almost inevitable: someone recognizes me, and one of us asks, 'Do you remember me?' These moments remind me how much it matters that someone made us feel like we belonged—that we had options, and that our choices mattered. That’s what strong pathways should do. They should expand options, not limit them. As we build systems for education and work, the question isn’t just what the data says, it’s whether people are better off because we showed up. And whether we gave them the freedom, support and opportunity to move forward.""

More from the Trust's Caleb Herod: ","https://www.cct.org/stories/what-illinois-data-reveals-about-promising-college-and-career-pathways/","0","0","0","0"
"5/6/2026 11:40 am","188187514534378_1525305235623567","Facebook","Post","Photo","MacArthur Foundation","https://www.facebook.com/805236477630450/posts/1525305235623567","The 20th annual International Journalism Festival addressed the most prominent challenges for news and media, from gendered attacks on women journalists to shifting AI coverage toward accountability reporting on power, labor, and social impact. 

We were proud to support Journalism and Media, Local News, and Technology and the Public Interest grantees leading wide-ranging discussions on journalism’s resilience and future.

Take a look at a few highlights from the festival ⬇️ 
https://bit.ly/42cxq4b","https://www.facebook.com/805236477630450/posts/1525305235623567","15","12","1","2"
"5/6/2026 11:00 am","221488995515_1633502132111894","Facebook","Post","Photo","Advance Illinois","https://www.facebook.com/414749720653814/posts/1633502132111894","Illinois has the chance to lead the nation in child care access, equity, and quality. It starts with investing in early childhood and care programs. We’re counting on you, Illinois House Democratic Caucus Illinois Senate Republican Caucus Illinois House Republicans Illinois Senate Democratic Caucus. #IL4ChildCare

Illinois tiene la oportunidad de liderar la nación en acceso, equidad y calidad en el cuidado infantil. Todo comienza con invertir en programas de educación infantil  y cuidado. Contamos con ustedes, Illinois House Democratic Caucus Illinois Senate Republican Caucus Illinois House Republicans Illinois Senate Democratic Caucus. #IL4ChildCare","https://www.facebook.com/414749720653814/posts/1633502132111894","1","1","0","0"
"5/6/2026 10:35 am","931616600195955_1402629928570231","Facebook","Post","Photo","Teach Plus Illinois","https://www.facebook.com/646013757565189/posts/1402629928570231","Happy #teacherappreciationweek to our Chicago Change Agents!","https://www.facebook.com/646013757565189/posts/1402629928570231","0","0","0","0"
"5/6/2026 10:27 am","9961411679_1402110865282064","Facebook","Post","Link","City Year","https://www.facebook.com/642274284599063/posts/1402110865282064","One year of service can spark a whole new direction. See how one AmeriCorps member turned powerful student moments into long term purpose: https://bit.ly/48o43iy","https://www.cityyear.org/boston/stories/our-impact/my-life-after-city-year/?utm_campaign=blog&utm_source=facebook&utm_medium=social&utm_content=1778081220","3","3","0","0"
"5/6/2026 9:37 am","931616600195955_1404102841756273","Facebook","Post","Video","Teach Plus Illinois","https://www.facebook.com/reel/1641929940355939/","Hear Policy Fellow Jessica Rivera discuss what's in our newest report on what teachers need from AI guidance!","https://www.facebook.com/reel/1641929940355939/","6","4","1","1"
"5/6/2026 8:00 am","133607023351110_1418991600258113","Facebook","Post","Photo","Stand for Children Illinois","https://www.facebook.com/557328906424391/posts/1418991600258113","Limiting phone use during school hours can help prevent school bullying! 📣

#PhoneFreeSchools can have positive impacts on a student’s mental health and emotional well-being. 🩵

Join Stand for Children in supporting SB2427 by urging your senator to support this bill!

➡️ https://act.stand.org/a/sb2427?sourceid=1134184","https://www.facebook.com/photo.php?fbid=1418991536924786&set=a.476579651165984&type=3","0","0","0","0"
"5/5/2026 8:30 pm","134703166559293_1376499157848391","Facebook","Post","Photo","National Equity Project","https://www.facebook.com/637149075116740/posts/1376499157848391","Slowing down isn't weak leadership. It might be the most equitable thing you do.
Here's what Roxanne Kymaani and Woo Williams-Zou from NEP reflect on from our Coaching & Managing for Equity Institute:

Leaders are stepping away from just fixing problems and starting to lead with curiosity instead of urgency. They're realizing that jumping to solutions can actually shut people down. But when leaders pause, ask better questions, and really listen, they create the conditions for belonging, where people feel seen, trusted, and part of shaping what comes next.

What leaders want next? Less theory, more practice. Real scenarios. Language for hard conversations.

At NEP, we're listening. And we're learning right alongside you.

#EquityInLeadership #NEP #CoachingWithGrace","https://www.facebook.com/photo.php?fbid=1376499127848394&set=a.626300639534917&type=3","0","0","0","0"
"5/5/2026 4:59 pm","188187514534378_1524697472351010","Facebook","Post","Photo","MacArthur Foundation","https://www.facebook.com/805236477630450/posts/1524697472351010","Chicago Water Week brings together water industry leaders to explore innovations that can help shape a sustainable future.

This week's events feature a public conversation among MacArthur Fellows William Dichtel, Juan Salgado, and William Tarpeh on water technology and pathways for education and innovation. #MacFellow

Learn more and check out other Fellows 45th Anniversary events ⬇️ 
https://www.macfound.org/events/freshwater-forum","https://www.facebook.com/photo.php?fbid=1524697452351012&set=a.805215204299244&type=3","6","4","1","1"
"5/5/2026 3:59 pm","133607023351110_1418410386982901","Facebook","Post","Photo","Stand for Children Illinois","https://www.facebook.com/557328906424391/posts/1418410386982901","Teachers shape our future every day! 🧑‍🏫 For #TeacherAppreciationWeek, we encourage you to show your favorite teachers how much you appreciate them.

Join Stand for Children and record a video of yourself thanking your teacher 👉https://act.stand.org/a/thank-teacher-story 

#ThankATeacher 🍎","https://www.facebook.com/photo.php?fbid=1418410363649570&set=a.476579651165984&type=3","0","0","0","0"
"5/5/2026 1:08 pm","931616600195955_1403439485155942","Facebook","Post","Link","Teach Plus Illinois","https://www.facebook.com/646013757565189/posts/1403439485155942","76% of Illinois teachers are already using AI in their work. 
Only 55% have received any training on it. 
That gap matters—and Illinois is finally doing something about it. 

Statewide AI guidance is coming this summer. Here's what teachers said they need it to include: 
","https://teachplus.org/resource/from-rules-and-tools-to-schools/","3","2","0","1"
"5/5/2026 1:00 pm","221488995515_1632701585525282","Facebook","Post","Photo","Advance Illinois","https://www.facebook.com/414749720653814/posts/1632701585525282","In a new blog, Advance Illinois intern and The University of Chicago sophomore Tayshawn Singleton discusses how student support programs shape a student's college experience. https://hubs.la/Q04ftN820

Access to holistic student support services and resources are critical to students persisting and completing their degree at every institution. Learn more about the work to ensure more Illinois students have what they need thrive at any one of our state's public 4-years. https://transformhigheredil.org/
 #transformILhighered","https://www.facebook.com/photo.php?fbid=1632707808857993&set=a.414661447329308&type=3","1","1","0","0"
"5/5/2026 11:48 am","9961411679_1401357292024088","Facebook","Post","Video","City Year","https://www.facebook.com/reel/1712337219920052/","Our #studentsuccess coaches are showing up everyday building up students in the classroom, being a positive impact through the day, and growing toward their future; are you in?","https://www.facebook.com/reel/1712337219920052/","10","10","0","0"
"5/5/2026 11:45 am","188187514534378_1524539252366832","Facebook","Post","Video","MacArthur Foundation","https://www.facebook.com/805236477630450/posts/1524539252366832","""Archaeology reflects what people, unconsciously, have left behind.""

#MacFellow Kristina Douglass speaks with Newsweek about how the things we discard, from food remains to clothing, can lend insight into how we live.

Watch the full interview ⬇️
","https://www.newsweek.com/videos/newsmakers-impact-kristina-douglass","4","2","0","2"
"5/5/2026 11:34 am","221488995515_1632637695531671","Facebook","Post","Photo","Advance Illinois","https://www.facebook.com/414749720653814/posts/1632637695531671","","https://www.facebook.com/photo.php?fbid=122273472464165370&set=a.122111844500165370&type=3","0","0","0","0"
"5/5/2026 11:34 am","221488995515_1632637655531675","Facebook","Post","Photo","Advance Illinois","https://www.facebook.com/414749720653814/posts/1632637655531675","","https://www.facebook.com/photo.php?fbid=122273473124165370&set=a.122111844500165370&type=3","0","0","0","0"
"5/5/2026 10:38 am","931616600195955_1402628878570336","Facebook","Post","Photo","Teach Plus Illinois","https://www.facebook.com/646013757565189/posts/1402628878570336","Happy #teacherappreciationweek to our Chicago Change Agents!","https://www.facebook.com/646013757565189/posts/1402628878570336","1","0","0","1"
"5/5/2026 8:37 am","125302627796_1429612349194453","Facebook","Post","Link","The Chicago Community Trust","https://www.facebook.com/620686893420340/posts/1429612349194453","In February 2026, the Neighborhood Capital Fund (NCF) at The Chicago Community Trust made $7.86 million in grants for nine projects that will expand essential amenities, services, and economic opportunities in these communities, benefiting the broader region. 

NCF investments will bring new services, create jobs, activate buildings that once sat idle, and offer spaces where residents can learn, lead, and come together. This is how neighborhood economies grow, not through one big project, but through many community‑driven efforts that create lasting change.

Learn more: ","https://www.cct.org/stories/neighborhood-capital-fund-fuels-south-and-west-side-corridor-revitalization/","5","5","0","0"
"5/4/2026 7:30 pm","355075968400258_1376431184594472","Facebook","Post","Photo","Children First Fund","https://www.facebook.com/295295272708074/posts/1376431184594472","Teachers and school staff are the foundation of Chicago Public Schools. This week, we are joining together to show our immense appreciation for the educators who make a difference in the lives of our students and families.

The progress CPS students have made over the past decade is due in large part to your hard work. From countless hours of lesson planning to mentoring and nurturing students, you are changing lives for the better.

At CFF, we believe the best way to show our gratitude is through continued partnership. We remain deeply committed to investing in educator development and providing the school support you need to do what you do best.

To our teachers and staff: you are loved and supported by your district and school communities—not just this week, but every week of the year. Thank you for helping our students thrive!

#TeacherAppreciationWeek #ThankATeacher #CPS #CFF #ChicagoEducation","https://www.facebook.com/photo.php?fbid=1376431167927807&set=a.290035466567388&type=3","3","1","0","2"
"5/4/2026 1:39 pm","355075968400258_1376261657944758","Facebook","Post","Photo","Children First Fund","https://www.facebook.com/295295272708074/posts/1376261657944758","On International Firefighters' Day, we are highlighting the Chicago Police and Fire Training Academy (CPFTA Chicago)—a premier pathway for students dedicated to serving our city.

A long-standing collaboration between Chicago Public Schools, the Chicago Fire Dept., and the Chicago Police Department, CPFTA provides a comprehensive view of careers in public safety, law enforcement, and fire science. This program is a vital engine for diversity and leadership, helping students develop the perseverance required for the city’s police and fire academies.

This mission is fueled by the strategic support of the #MotorolaSolutionsFoundation, the philanthropic arm of Motorola Solutions. Their investment ensures our students are equipped for success by providing:

 ⭐  Funding for books, certifications, and ancillary materials, and support for professional development and staffing

We are proud to elevate partners like the Motorola Solutions Foundation who prioritize equity and excellence in the first responder field. Together, we are shaping the future of public safety.

#ChicagosNext #FirefightersDay #CPFTA #PublicSafety #CPS #MotorolaSolutions #Chicago #CFF","https://www.facebook.com/295295272708074/posts/1376261657944758","1","0","0","1"
"5/4/2026 1:36 pm","931616600195955_1402627788570445","Facebook","Post","Photo","Teach Plus Illinois","https://www.facebook.com/646013757565189/posts/1402627788570445","Happy #teacherappreciationweek to our Chicago Change Agents!","https://www.facebook.com/646013757565189/posts/1402627788570445","1","1","0","0"
"5/4/2026 1:24 pm","9961411679_1400582062101611","Facebook","Post","Link","City Year","https://www.facebook.com/642274284599063/posts/1400582062101611","As service wraps up, AmeriCorps members are exploring next steps with support from career resources, mentorship, and a powerful alumni network. The skills they’ve built throughout the year open doors across industries.

Learn how City Year helps members navigate their next chapter:
https://bit.ly/4vvCtK8","https://www.cityyear.org/national/stories/benefits-resources/planning-for-life-after-city-year-differs-for-americorps-members/","4","3","0","1"
"5/4/2026 11:55 am","9961411679_1400529448773539","Facebook","Post","Photo","City Year","https://www.facebook.com/642274284599063/posts/1400529448773539","Apply today and #maythefourthbewithyou!

https://bit.ly/3WlV9gj","https://www.facebook.com/photo.php?fbid=1400529412106876&set=a.642264387933386&type=3","13","11","0","2"
"5/4/2026 11:47 am","133607023351110_1417385840418689","Facebook","Post","Photo","Stand for Children Illinois","https://www.facebook.com/557328906424391/posts/1417385840418689","The Force is strong with our students, but they need your voice to succeed. 💫 Join our group of advocates this #MayThe4th to fight for the resources every Padawan deserves.

🔗 https://act.stand.org/a/join-stand-il/?sourceid=1134184 

#MayThe4thBeWithYou #EducationAdvocacy","https://www.facebook.com/photo.php?fbid=1417385807085359&set=a.476579651165984&type=3","0","0","0","0"
"5/4/2026 11:28 am","221488995515_1631711075624333","Facebook","Post","Photo","Advance Illinois","https://www.facebook.com/414749720653814/posts/1631711075624333","📣 Illinoisans: Your Education Story Matters 

We’re collecting personal stories from people across Illinois about how federal education policies have shaped your or your family’s access to and experience in education — from early childhood programs through college and beyond. 

Whether it’s Head Start, IDEA, Title I, Pell Grants, FAFSA, school nutrition programs, or other federal initiatives — we want to hear how these policies have impacted real lives, not just statistics. 

✅ You can share anonymously 
✅ All experiences welcome — positive, challenging, or somewhere in between 

Share your story here: https://hubs.la/Q04fjkfM0

Your voice can help illuminate the real impact of federal education policy in Illinois. Thank you for contributing to this important conversation! 
#education #policy #storiesofimpact","https://www.facebook.com/photo.php?fbid=1631711055624335&set=a.414661447329308&type=3","0","0","0","0"
"5/4/2026 10:00 am","232693460103788_1402594995232460","Facebook","Post","Photo","A Better Chicago","https://www.facebook.com/324620916363212/posts/1402594995232460","It’s National Teacher's Appreciation Week! 

A huge thank you to the teachers who educate, support, and inspire the next generation. One week of appreciation can’t capture the lifetime of impact you make.

We’re grateful for all that you do.","https://www.facebook.com/photo.php?fbid=1402594955232464&set=a.321187470039890&type=3","0","0","0","0"
"5/4/2026 9:24 am","125302627796_1428718072617214","Facebook","Post","Link","The Chicago Community Trust","https://www.facebook.com/620686893420340/posts/1428718072617214","""With so much uncertainty and funding shifts for nonprofit homelessness service providers, the flexibility and consistency of multi-year, general operating support like Sustainable Solutions for Housing Stability is needed now more than ever. This kind of support is essential for organizations to weather the storms of change. It also enables them time to respond and plan ahead for policy changes while also doing the day-to-day work of preventing evictions, providing emergency shelter, and creating pathways to permanent housing.""

More from the Trust's Joanne Otte: ","https://www.cct.org/stories/building-housing-stability-in-chicago-what-were-learning-and-funding/","6","5","0","1"
"5/4/2026 9:00 am","2051300820726009961","X","Post","Photo","_abetterchicago","https://twitter.com/_abetterchicago/status/2051300820726009961","It’s National Teacher's Appreciation Week!

A huge thank you to the teachers who educate, support, and inspire the next generation. One week of appreciation can’t capture the lifetime of impact you make.

We’re grateful for all that you do. https://t.co/iPxxt6OD7z","","0","0","0","0"
"5/4/2026 7:05 am","188187514534378_1523512709136153","Facebook","Post","Link","MacArthur Foundation","https://www.facebook.com/805236477630450/posts/1523512709136153","The New Delhi Frontier Model Voluntary Commitments, which were announced at India-AI Impact Summit 2026, feature a requirement that AI model providers conduct multilingual evaluations.

Learn how experts and advocates are working to make large language models (LLMs) more widely accessible.

Full story ⬇️
","https://www.techpolicy.press/a-multilingual-paradigm-for-ai-created-by-all-for-all/","2","2","0","0"
"5/1/2026 5:38 pm","222712320927404_122291863004216507","Facebook","Post","Link","The Urban Center","https://www.facebook.com/122209075502216507/posts/122291863004216507","“At a time when Chicago Public Schools and many other school systems across the state are confronting shrinking student populations and increasing costs, the state of Illinois cannot afford to turn down free money,” said Bobby Sylvester, vice president of The Urban Center, a Chicago-based organization which advocates for what it calls a “common sense agenda.”

","https://chicago.suntimes.com/education/2026/04/30/will-pritzker-opt-in-to-federal-program-that-covers-private-and-public-school-costs-these-advocates-hope-so","4","3","1","0"
"5/1/2026 2:57 pm","196842483717237_1499470975529447","Facebook","Post","Photo","Communities In Schools of Chicago","https://www.facebook.com/681023914040828/posts/1499470975529447","Last week, our Chief Partnership Engagement Officer Robin Koelsch shared her perspective at We Are Our Own Medicine gun violence prevention conference.

We Are Own Medicine is a community-led collective whose mission is to empower communities to implement solutions that transform neighborhoods back into safe, thriving spaces. Robin served on a panel with Cameron Barnes, Chicago Public Schools Office of Faith-Based Initiatives; Damien Howard, Together Chicago; and Nick Rivera CarePortal.

Learn more about the conference here: https://weareourownmedicine.com/#about","https://www.facebook.com/681023914040828/posts/1499470975529447","1","1","0","0"
"5/1/2026 12:00 pm","188187514534378_1521328106021280","Facebook","Post","Link","MacArthur Foundation","https://www.facebook.com/805236477630450/posts/1521328106021280","In a recently filed lawsuit, the NAACP alleges that artificial intelligence company xAI's use of gas-burning turbines in Memphis, Tennessee is a violation of the Clean Air Act.

The organization, which is represented by grantee Earthjustice and the SELC, says the turbines pose a risk to the health and safety of nearby residents.

Read more at CNBC ⬇️
","https://www.cnbc.com/2026/04/14/elon-musk-xai-memphis-data-centers.html","3","2","0","1"
"5/1/2026 10:51 am","100765022373940_944216594905776","Facebook","Post","Video","Hope Chicago","https://www.facebook.com/reel/1959476181596018/","Removing barriers to opportunity allows students and families to make decisions that lead to success. 

Cohort after cohort, #HopeChicago families are fueling a movement for #debtfree higher education across Illinois. 

Fly on to greatness, @bjcaeagles1 Class of 2026. 

🎤#HopeChicago Student Success Coach, @mariamarungo 

#DecisionDay #HopeLivesHere","https://www.facebook.com/reel/1959476181596018/","3","1","0","2"
"5/1/2026 10:00 am","232693460103788_1400083592150267","Facebook","Post","Photo","A Better Chicago","https://www.facebook.com/324620916363212/posts/1400083592150267","Happy College Decision Day!

Congratulations to all the students for the hard work you’ve invested so far and your commitment to continuing your education.

A shout out to our partner organizations in the higher education space: National Louis University and Roosevelt University.

We look forward to a new class of students. 

Photos courtesy of National Louis University and Roosevelt University","https://www.facebook.com/324620916363212/posts/1400083592150267","0","0","0","0"
"5/1/2026 10:00 am","9961411679_1397901249036359","Facebook","Post","Photo","City Year","https://www.facebook.com/642274284599063/posts/1397901249036359","City Year AmeriCorps members: part tutor, part mentor, part “you got this” hype squad.

Begin your journey today: https://bit.ly/3WlV9gj","https://www.facebook.com/photo.php?fbid=1397901229036361&set=a.642264387933386&type=3","3","3","0","0"
"5/1/2026 9:35 am","125302627796_1426173346205020","Facebook","Post","Link","The Chicago Community Trust","https://www.facebook.com/620686893420340/posts/1426173346205020","The Chicago Sun-Times reports grocery store owners and food vendors are bracing for a decline in revenue in May when thousands are expected to start losing SNAP benefits due to newly expanded work requirements. In Illinois, there were more than 9,400 authorized SNAP retailers as of fiscal year 2024. The loss in revenue for small businesses will also impact areas outside of Chicago. 

Learn more: ","https://chicago.suntimes.com/health/2026/04/27/cuts-to-snap-food-assistance-starting-may-1-worry-grocers-local-vendors","0","0","0","0"
"5/1/2026 9:34 am","931616600195955_1399998982166659","Facebook","Post","Video","Teach Plus Illinois","https://www.facebook.com/reel/933987816285862/","Sooo many applications for Chicago Change Agent…and yet the deadline is still open to APPLY! Dynamic teacher leaders who are passionate about creating change that you KNOW needs to happen in your school that meet the criteria, APPLY. 

💙Criteria: 
💚70% or more FRL rate in a CHICAGO public, parochial or charter school. (Exceptions for compelling projects/needs may apply). 
💚Be a teacher (coach/counselor/SECA accepted) of record for two years
💚Can mobilize a team willing to work on a year-long project 
💚Be a person that can work alongside a school leader (or principal/network assigned designee) to craft SMART (E) goals that guide the project through the fellowship
💚Can commit to bi-weekly virtual coaching sessions with a coach for 1 hour or weekly for 30 minutes
💚Can commit to monthly cohort meetings (4-in person, 6 virtual) with other selected Change Agent leaders
💚Can commit to goal assessment meetings with school leadership or assigned designee 
💚Willing to be PAID a $2,500 stipend for the work 
💚READY to take this on because we brag differently and get teachers to their leadership goals😘😘 (Check the page—we can walk it like we talk it). 
💚READY BECAUSE YOU KNOW a kid’s future is living at the end of that goal. 
Come create greatness with us, on behalf of Chicago students. Want to use music to get kids to their literacy scores you’ve been dying to see? You want to build your own equity audit? How about a restorative justice positivity project? More kids to AP and honors classes from YOUR project idea? We have done ALL of this and more. 
Come on and apply💚💙😘

Questions: 708-701-1741
Crystal Jameau. (Yes, it’s her real phone number and doesn’t care😂. Text her neowwww) 
Or, email her via cjameau@teachplus.org. 

Link to application: https://teachplus.tfaforms.net/328444

Or, nominate a dope teacher by text (number shared above) or this link: https://teachplus.tfaforms.net/328142","https://www.facebook.com/reel/933987816285862/","0","0","0","0"
"5/1/2026 9:00 am","133607023351110_1414581997365740","Facebook","Post","Photo","Stand for Children Illinois","https://www.facebook.com/557328906424391/posts/1414581997365740","For 30 years, volunteers have been the heartbeat of Stand for Children. 💙

You’ve shown up, spoken out, organized, and stood strong for kids and families across the country.

Tell us: What brought you to Stand for Children and what keeps you in this work?
Share your story 👉 Act.Stand.org/a/Stand-30-Memories","https://www.facebook.com/photo.php?fbid=1414581860699087&set=a.476579651165984&type=3","0","0","0","0"
"4/30/2026 7:05 pm","1720771904827240_1393906046108305","Facebook","Post","Photo","Kids First Chicago","https://www.facebook.com/560299942802257/posts/1393906046108305","Hey, Chicago parents & voters! You get to vote for your first-ever fully elected school board this fall. Inform our candidate questionnaire and school board voter guide by telling us what issues are affecting you and your family, and what questions you have for the candidates. Take the survey at wbez.org/survey! 
—-
Este otoño, Chicago escogerá a su primera junta escolar completamente electa. Ayuda a crear nuestro cuestionario para candidatos y la guía para votantes de la junta escolar, indicándonos qué problemas te afectan a ti y a tu familia, y qué preguntas tienes para los candidatos. Toma la encuesta en wbez.org/encuesta!","https://www.facebook.com/560299942802257/posts/1393906046108305","6","2","0","4"
"4/30/2026 6:16 pm","188187514534378_1520700296084061","Facebook","Post","Video","MacArthur Foundation","https://www.facebook.com/reel/1287021536913681/","“Don’t get discouraged by feeling like everything has to be big...to make a difference.”

At our #SXSW panel, Dr. Timnit Gebru, founder of The Distributed AI Research Institute (DAIR), spoke about movement building and creating alternative visions for the future of AI. 

Visit our website to learn more about our AI Opportunity Big Bet ⬇️
https://www.macfound.org/programs/bigbets/ai-opportunity/","https://www.facebook.com/reel/1287021536913681/","15","12","1","2"
"4/30/2026 5:00 pm","221488995515_1628442809284493","Facebook","Post","Photo","Advance Illinois","https://www.facebook.com/414749720653814/posts/1628442809284493","As the Month of the Young Child comes to a close, Senior Policy Advisor Kate Buchanan discusses how everyday interactions with caregivers and educators shape young children’s brain development, making a well-trained, well-supported early childhood workforce critical during our youngest learners’ early years. https://hubs.la/Q04f40mc0 #ECEC #earlychildhood #development","https://www.facebook.com/photo.php?fbid=1628442772617830&set=a.414661447329308&type=3","0","0","0","0"
"4/30/2026 2:00 pm","188187514534378_1520558649431559","Facebook","Post","Photo","MacArthur Foundation","https://www.facebook.com/805236477630450/posts/1520558649431559","Impact investing is a powerful way foundations can expand their reach. 

Mission Investors Exchange, a MacArthur grantee, hosted their national conference this week, bringing together over 750 people dedicated to investments that strengthen communities – including for a plenary moderated by our President, John Palfrey. 

#MissionInvest2026","https://www.facebook.com/photo.php?fbid=1520558626098228&set=a.805215204299244&type=3","11","8","0","3"
"4/30/2026 1:17 pm","125302627796_1425467922942229","Facebook","Post","Link","The Chicago Community Trust","https://www.facebook.com/620686893420340/posts/1425467922942229","Donors support the arts in many ways. Some make direct gifts to nonprofit organizations. Others partner with The Chicago Community Trust to establish donor advised funds to recommend grants over time, create field of interest funds focused on issue areas such as arts and culture, education, or health care, or make unrestricted gifts to the Trust’s endowment to address evolving community priorities.

Others create restricted funds, also called designated funds, that are endowed for a specific purpose, or to a specific organization. Designated funds are a particularly powerful way to sustain arts organizations and provide reliable, long‑term support while strengthening stability across Chicago’s nonprofit arts ecosystem.

Learn more about how restricted funds can support Chicago's creative community: ","https://www.cct.org/stories/how-restricted-funds-can-support-chicagos-creative-community/","4","4","0","0"
"4/30/2026 1:05 pm","221488995515_1628249449303829","Facebook","Post","Photo","Advance Illinois","https://www.facebook.com/414749720653814/posts/1628249449303829","Meet Pavithra Loganathan, an early childhood educator, as she shares her goal of creating meaningful learning experiences and providing a nurturing environment that supports each child’s growth and development. https://hubs.la/Q04d-HlN0 #EACmembers #educators #illinois","https://www.facebook.com/photo.php?fbid=1628249405970500&set=a.414661447329308&type=3","0","0","0","0"
"4/30/2026 12:00 pm","221488995515_1628206525974788","Facebook","Post","Photo","Advance Illinois","https://www.facebook.com/414749720653814/posts/1628206525974788","Are you an educator (birth through grade 12) who wants to create change through practice or policy? Teach Plus Illinois Fellowships are now open for application! Check out https://hubs.la/Q04f24P60 to learn more.","https://www.facebook.com/photo.php?fbid=1628206492641458&set=a.414661447329308&type=3","0","0","0","0"
"4/30/2026 9:00 am","133607023351110_1413695124121094","Facebook","Post","Photo","Stand for Children Illinois","https://www.facebook.com/557328906424391/posts/1413695124121094","Learn how neurodivergence can affect a student’s educational experience. At Stand for Children, we advocate for educational success and promote learning environments where all students can thrive!

Read our new blog post on neurodivergence ➡️Stand.org/blog/beyond-acceptance-supporting-neurodivergent-in-schools/

#CelebratingNeurodiversity🌈","https://www.facebook.com/557328906424391/posts/1413695124121094","2","1","0","1"
"4/30/2026 8:45 am","9961411679_1396972919129192","Facebook","Post","Video","City Year","https://www.facebook.com/reel/1268740015373912/","Before April wraps, we’re shouting out #LiteratureMonth and every one of our #studentsuccess coaches helping students grow as readers.

Want to level up your #impact?

Watch our quick video with 4 tips to boost your literacy‑coaching skills and support students on their reading journey.","https://www.facebook.com/reel/1268740015373912/","1","1","0","0"
"4/29/2026 5:01 pm","100765022373940_942753415052094","Facebook","Post","Photo","Hope Chicago","https://www.facebook.com/235486975778745/posts/942753415052094","The traditional path from college to career isn’t working for too many students and families. At #HopeChicago, we believe a better system is already within reach—it’s about aligning what exists to truly serve families.

What if a new higher education economy for Illinois could take shape starting in a single neighborhood?

This morning, leaders from Chicago's Pilsen neighborhood representing education, workforce, and community came together with CNN Anchor and Correspondent Omar Jimenez CNN to explore exactly that—a more connected pathway for families, from high school to college to career and beyond.

This is what it looks like when institutions realign around people. When investment meets coordination. When a neighborhood becomes a catalyst for broader economic mobility. #HopeLivesHere when we have the courage to build something better—together.

Thank you, Principal Juan Carlos Ocon of Benito Juárez Community Academy, Dr. Barrington Price of Dominican University, and Joel Rodarte of Wintrust, for pioneering this frontier for Pilsen and all of Illinois. Additional special thanks to leader State Rep Theresa Mah for sharing her time and perspective.","https://www.facebook.com/235486975778745/posts/942753415052094","4","3","0","1"
"4/29/2026 2:56 pm","713783478485460_122171527508926733","Facebook","Post","Photo","Chicago Education Alliance","https://www.facebook.com/122160216644926733/posts/122171527508926733","Congratulations to the Academy of Urban School Leadership Academy for Urban School Leadership (AUSL)  on 25 years of supporting underserved neighborhoods with talented, trained teacher!  

CEA Executive Director Arnie Rivera was proud to attend and present the Beacon Award to Winston & Strawn LLP. 

#chicagopublicschools #teachers #UrbanEducation #greatschools","https://www.facebook.com/122160216644926733/posts/122171527508926733","6","4","1","1"
"4/29/2026 1:01 pm","809795299116133_1408914104602103","Facebook","Post","Photo","IL Raise Your Hand","https://www.facebook.com/443559341137589/posts/1408914104602103","","https://www.facebook.com/930323592570401/posts/1271405301795560","2","1","0","1"
"4/29/2026 10:27 am","9961411679_1396127262547091","Facebook","Post","Link","City Year","https://www.facebook.com/642274284599063/posts/1396127262547091","Your City Year Rhode Island journey starts with these 10 tips; here’s why so many corps members say it changed everything. https://bit.ly/4smPOSy","https://www.cityyear.org/national/stories/benefits-resources/top-10-things-to-know-before-applying-to-city-year-providence/","2","2","0","0"
"4/29/2026 9:56 am","125302627796_1424392669716421","Facebook","Post","Photo","The Chicago Community Trust","https://www.facebook.com/620686893420340/posts/1424392669716421","In the 25th episode of Trust Talks, host Sonianne Lozada sits down with Juan Salgado (City Colleges of Chicago), Mike Abrahamson (Partnership for College Completion), and Meg Bates (Illinois Workforce & Education Research Collaborative - IWERC) to examine why improving the community college-to-four-year transfer process is a critical but often overlooked issue, what the research shows about challenges transfer students face, and how wraparound supports such as advising, financial assistance, and basic needs assistance can help keep students enrolled through graduation. 

The conversation also explores why transfer success matters beyond higher education: a bachelor’s degree is a key driver of long-term earnings and workforce stability, making transfer a powerful lever for expanding access to opportunity and strengthening the regional economy.

Tune in: https://www.cct.org/stories/trust-talks-the-podcast-episode-25-transforming-college-transfer-pathways-in-illinois/","https://www.facebook.com/photo.php?fbid=1424392653049756&set=a.620627833426246&type=3","6","3","0","3"
"4/29/2026 9:00 am","133607023351110_1412752734215333","Facebook","Post","Link","Stand for Children Illinois","https://www.facebook.com/557328906424391/posts/1412752734215333","“We think this bill is one of the most impactful things we could be doing in education now,” said Jessica Handy, the executive director of Stand for Children Illinois. “Kids lose a significant amount of instructional time because of time on their phones. It’s such a barrier to students being able to focus.”

Our schools are almost phone-free! Recently, SB2427, limiting student phone use during instructional time, passed the House and moved on to the Senate. This bill will restore about one hour more learning time to students, improve students’ educational and social experience in school, and become the most equitable cell phone policy in the country.

@followers read the full article here 👇","https://www.chalkbeat.org/chicago/2026/04/28/illinois-bill-to-ban-school-cell-phone-use-moves-forward/","27","19","2","6"
"4/29/2026 7:14 am","188187514534378_1519471979540226","Facebook","Post","Video","MacArthur Foundation","https://www.facebook.com/reel/4350686265174288/","For nearly four decades, People's Action for National Integration (PANI) has worked alongside rural communities in India to build resilience, equity, and environmental stewardship from the ground up. 

This video highlights how community-driven development, women’s leadership, and sustainable resource management are shaping climate solutions that last.

Watch the full episode ⬇️
https://www.macfound.org/press/grantee-stories/climate-solutions-at-work-lessons-from-a-decade-of-investment?utm_campaign=gs-climate-videos-4-29-26&utm_source=facebook&utm_medium=social","https://www.facebook.com/reel/4350686265174288/","3","3","0","0"
"4/28/2026 3:14 pm","125302627796_1423728826449472","Facebook","Post","Photo","The Chicago Community Trust","https://www.facebook.com/620686893420340/posts/1423728826449472","Financial health comes down to whether people have real choices—and too many still don’t. Trust President & CEO Andrea Sáenz notes expanding those choices isn’t the work of any one organization or sector; it will take all of us.

That’s what brought us together yesterday at The Chicago Community Trust to dig into the Financial Health Pulse® 2025 Chicago Trends Report. In partnership with the Financial Health Network, JPMorganChase, and TransUnion, we’re working to better understand what financial health looks like across our region—and how it’s changing over time.

Understanding this data, and using it as a guide, can help us advance the financial health, wealth and well‑being of our neighbors across Chicago. The data tells a nuanced story. There are real signs of progress, but they’re not reaching everyone. That tension matters—and it’s shaping how we think about our role and where we focus next.

Financial health isn’t just about how much money you make. It’s about whether you can afford life today, save, and plan for the future. It was energizing to hear about the many ways partners across the city are responding—everything from new loan products for prospective homebuyers, to flexible savings options for employees, to wraparound supports for college students.

Thank you to the Trust's Jennifer Axelrod for guiding a thoughtful conversation, and to our guests Sarah Gordon (FHN), Verónica Herrero (City Colleges of Chicago, City Colleges of Chicago Foundation), Anthony Simpkins (Neighborhood Housing Services of Chicago), and Sara Wasserteil (Corporate Coalition of Chicago) for sharing their insights.

If you’re working to improve financial stability or economic mobility in Chicago, we hope this data can serve as a shared guide for future work: https://www.cct.org/research-and-reports/financial-health-pulse-2025-chicago-trends-report/","https://www.facebook.com/620686893420340/posts/1423728826449472","6","6","0","0"
"4/28/2026 2:56 pm","188187514534378_1518959586258132","Facebook","Post","Video","MacArthur Foundation","https://www.facebook.com/reel/976547651508108/","“We are here to fortify democracy.” 

During our recent #SXSW panel, Karen Hao, award winning journalist and author of the best-selling book ""Empire of AI,"" challenged the audience to consider how we can keep the public informed and able to participate in the democratic process.

Learn how we're thinking about these questions in our AI Opportunity work ⬇️
https://www.macfound.org/programs/bigbets/ai-opportunity/","https://www.facebook.com/reel/976547651508108/","8","6","0","2"
"4/28/2026 11:48 am","9961411679_1395330192626798","Facebook","Post","Video","City Year","https://www.facebook.com/reel/27449422957978642/","A high‑five in the hallway. A check‑in before class. A cheer when a student finally cracks that tough problem.

City Year Student Success Coaches don’t just support learning, they spark joy, motivation, and belonging. This is how you make a student’s day brighter, one moment at a time.","https://www.facebook.com/reel/27449422957978642/","5","5","0","0"
"4/28/2026 10:01 am","232693460103788_1397449479080345","Facebook","Post","Photo","A Better Chicago","https://www.facebook.com/324620916363212/posts/1397449479080345","Results from an ongoing, randomized trial by the The University of Chicago Urban Labs show that One Million Degrees significantly improves long-term employment outcomes by increasing degree attainment and providing mentoring and advising.

Students who joined the program in high school earned more than $14,000 above their peers. 

These findings highlight the importance of holistic support for students throughout their journey, not just in the classroom.

Read the full piece from the Chicago Sun-Times at https://chicago.suntimes.com/education/2026/03/11/one-million-degrees-program-helps-city-colleges-students-earn-more-uchicago-study-finds","https://www.facebook.com/photo.php?fbid=1397449452413681&set=a.321187470039890&type=3","1","1","0","0"
"4/28/2026 9:29 am","2049133866569388087","X","Post","Link","_abetterchicago","https://twitter.com/_abetterchicago/status/2049133866569388087","Results from an ongoing, randomized trial by the @UChiUrbanLabs show that @1MillionDegrees significantly improves long-term employment outcomes by increasing degree attainment and providing mentoring and advising.

Read from the @Suntimes at: https://t.co/lBaT6LhDaw","","0","0","0","0"
"4/28/2026 9:00 am","125302627796_1423426963146325","Facebook","Post","Photo","The Chicago Community Trust","https://www.facebook.com/620686893420340/posts/1423426963146325","Looking for #internships? The Chicago Community Trust is welcoming applicants from a wide range of academic backgrounds to apply for available internships across several departments within the Trust (subject to change).

Are you a student or recent graduate looking for a chance to gain new skills and connections that may propel your career forward? We want to hear from you!

Apply by May 9, 2026: www.cct.org/internships
Questions? internships@cct.org","https://www.facebook.com/photo.php?fbid=1423426949812993&set=a.620627833426246&type=3","6","2","0","4"
"4/27/2026 5:50 pm","809795299116133_1407232784770235","Facebook","Post","Photo","IL Raise Your Hand","https://www.facebook.com/443559341137589/posts/1407232784770235","Dear RYH Friends.

On April 24th, Chicago lost a long time leader in the progressive organizing movement. Amisha Patel, former Executive Director of the Grassroots Collaborative, transitioned from this earthly plane. Known for her advocacy in affordable housing, education, and labor - she was about building strong and diverse coalitions, meeting people where they were and cultivating relationships. Amisha set the stage for the elections of Mayor Johnson and Congresswoman Ramirez. A mighty warrior was she.  Chicago is better for Amisha's tireless work and community engagement. She will be forever missed. Raise Your Hand sends our condolences to the family and friends of Amisha.

Thank you for your work, comrade.

Rest in Peace and Power.","https://www.facebook.com/photo.php?fbid=1407232641436916&set=a.369996131827244&type=3","30","30","0","0"
"4/27/2026 2:37 pm","188187514534378_1518159046338186","Facebook","Post","Video","MacArthur Foundation","https://www.facebook.com/reel/1498786834959525/","Across the country, Tribal Nations are charting their own clean energy futures. 

In this video, the Alliance For Tribal Clean Energy shares how Indigenous leadership, policy advocacy, and technical expertise are advancing energy sovereignty — while building resilient, community-owned climate solutions. 

Watch how Tribes are shaping a more just clean energy transition. ⬇️
https://www.macfound.org/press/grantee-stories/climate-solutions-at-work-lessons-from-a-decade-of-investment?utm_campaign=gs-climate-videos-4-27-26&utm_source=facebook&utm_medium=social","https://www.facebook.com/reel/1498786834959525/","14","10","1","3"
"4/27/2026 1:25 pm","9961411679_1394516272708190","Facebook","Post","Link","City Year","https://www.facebook.com/642274284599063/posts/1394516272708190","City Year Tulsa: the year that shapes your future while you help shape theirs. ","https://bit.ly/4md2RUV","2","2","0","0"
"4/27/2026 12:31 pm","221488995515_1625343336261107","Facebook","Post","Photo","Advance Illinois","https://www.facebook.com/414749720653814/posts/1625343336261107","","https://www.facebook.com/photo.php?fbid=1257558393215950&set=a.165335572438243&type=3","0","0","0","0"
"4/27/2026 11:00 am","221488995515_1625269902935117","Facebook","Post","Photo","Advance Illinois","https://www.facebook.com/414749720653814/posts/1625269902935117","📣 Illinoisans: Your Education Story Matters 

We’re collecting personal stories from people across Illinois about how federal education policies have shaped your or your family’s access to and experience in education — from early childhood programs through college and beyond. 

Whether it’s Head Start, IDEA, Title I, Pell Grants, FAFSA, school nutrition programs, or other federal initiatives — we want to hear how these policies have impacted real lives, not just statistics. 

✅ You can share anonymously 
✅ All experiences welcome — positive, challenging, or somewhere in between 

Share your story here: https://hubs.la/Q04dyY980

Your voice can help illuminate the real impact of federal education policy in Illinois. Thank you for contributing to this important conversation! 
#education #policy #storiesofimpact","https://www.facebook.com/photo.php?fbid=1625269869601787&set=a.414661447329308&type=3","0","0","0","0"
"4/27/2026 10:02 am","125302627796_1422644559891232","Facebook","Post","Photo","The Chicago Community Trust","https://www.facebook.com/620686893420340/posts/1422644559891232","#SOCAP26 is coming to Chicago, and it's the world's largest global impact investing conference. The Chicago Community Trust is proud to be a sponsor. As we continue to expand our work at the intersection of philanthropy, investment and community impact, we’re excited to help convene leaders from across sectors to explore bold strategies that fill capital gaps and strengthen communities. We look forward to welcoming the global impact ecosystem to Chicago and contributing to the ideas and partnerships this moment will inspire.

Join us in Chicago from October 12-14: https://bit.ly/41Rn0GP","https://www.facebook.com/photo.php?fbid=1422644536557901&set=a.620627833426246&type=3","5","4","0","1"
"4/27/2026 10:00 am","232693460103788_1396590912499535","Facebook","Post","Photo","A Better Chicago","https://www.facebook.com/324620916363212/posts/1396590912499535","Congratulations to Rukiya Curvey Johnson, Vice President of Community Health Equity at Rush University System for Health  and Executive Director of Rush Education and Career Hub, an A Better Chicago portfolio organization.

We are proud to celebrate her recognition on the 2026 Crain's Chicago Business Notable Leaders in Health Care.

Rukiya leads impactful initiatives that improve health outcomes while advancing educational attainment and economic mobility.

She also joined us as a panelist at our 2025 State of Our Girls event.

Congratulations to Rukiya and all of this year’s honorees. See the full list: https://www.chicagobusiness.com/recognitions/notable/leaders-health-care/2026/","https://www.facebook.com/324620916363212/posts/1396590912499535","1","1","0","0"
"4/27/2026 9:30 am","2048771650271781009","X","Post","Photo","_abetterchicago","https://twitter.com/_abetterchicago/status/2048771650271781009","Congratulations to Rukiya Curvey Johnson, VP of Community Health Equity at @RushMedical  and Executive Director of @REACHatRush on being named to the 2026 @CrainsChicago's Notable Leaders in Health Care! https://t.co/3wNsjdu9im","","0","0","0","0"
"4/24/2026 3:58 pm","221488995515_1622573946538046","Facebook","Post","Photo","Advance Illinois","https://www.facebook.com/414749720653814/posts/1622573946538046","At the K-12 appropriations hearing earlier this week, our Director of Government Relations Jelani Saadiq emphasized the need for adequate investments across the education continuum to support all Illinois' children and students equitably including #EBF and #MCATs for K-12, supports for the #wholechild and resources to strengthen and our #educatorpipeline. All these areas are vital to the ecosystem, working together to support all #students.","https://www.facebook.com/photo.php?fbid=1622573919871382&set=a.414661447329308&type=3","0","0","0","0"
"4/24/2026 3:56 pm","133607023351110_1408422311315042","Facebook","Post","Video","Stand for Children Illinois","https://www.facebook.com/reel/1271094158516147/","We are celebrating #NationalLibraryWeek by looking for early literacy books! 📚👀

Are you interested in advocating for early literacy in Illinois? Join Stand for Children’s Early Literacy Coalition! Sign up for our email list
👉 https://act.stand.org/a/join-stand-il/?sourceid=1134184 

#LibraryWeek #LocalLibrary #EarlyLiteracy #KidsBooks","https://www.facebook.com/reel/1271094158516147/","1","1","0","0"
"4/24/2026 3:10 pm","196842483717237_1493242232818988","Facebook","Post","Photo","Communities In Schools of Chicago","https://www.facebook.com/681023914040828/posts/1493242232818988","One week ago, we were able to celebrate our school partners with a day dedicated to self-care, and here was the feedback from one attendee:

𝗪𝗵𝗮𝘁 𝘄𝗮𝘀 𝗺𝗼𝘀𝘁 𝗵𝗲𝗹𝗽𝗳𝘂𝗹 𝗮𝘁 𝘁𝗵𝗶𝘀 𝘆𝗲𝗮𝗿'𝘀 𝗺𝗲𝗲𝘁-𝘂𝗽?
𝘛𝘪𝘮𝘦 𝘧𝘰𝘳 𝘴𝘦𝘭𝘧-𝘤𝘢𝘳𝘦. 𝘗𝘶𝘵𝘵𝘪𝘯𝘨 𝘵𝘩𝘦 𝘩𝘶𝘮𝘢𝘯 𝘪𝘯 𝘮𝘦 𝘧𝘪𝘳𝘴𝘵.

𝗪𝗵𝗮𝘁 𝘀𝘂𝗴𝗴𝗲𝘀𝘁𝗶𝗼𝗻𝘀 𝗼𝗿 𝗮𝗱𝗱𝗶𝘁𝗶𝗼𝗻𝘀 𝗱𝗼 𝘆𝗼𝘂 𝗵𝗮𝘃𝗲?
𝘔𝘰𝘳𝘦 𝘮𝘰𝘳𝘦 𝘮𝘰𝘳𝘦.

𝗜𝘀 𝘁𝗵𝗲𝗿𝗲 𝗮𝗻𝘆𝘁𝗵𝗶𝗻𝗴 𝗲𝗹𝘀𝗲 𝘄𝗲 𝘀𝗵𝗼𝘂𝗹𝗱 𝗸𝗻𝗼𝘄?
𝘛𝘩𝘦 𝘭𝘰𝘷𝘦 𝘪𝘯 𝘵𝘩𝘪𝘴 𝘳𝘰𝘰𝘮 𝘪𝘴 𝘱𝘢𝘭𝘱𝘢𝘣𝘭𝘦.

Feedback like this says it all. We value our schools, and they value their partnership with CIS.","https://www.facebook.com/photo.php?fbid=1493242116152333&set=a.594004809409406&type=3","1","1","0","0"
"4/24/2026 2:43 pm","188187514534378_1515590329928391","Facebook","Post","Video","MacArthur Foundation","https://www.facebook.com/reel/1291676595681627/","In a recent #SXSW panel, our President, John Palfrey, spoke with Timnit Gebru and Karen Hao about the importance of putting autonomy back into human hands. 

A central question of the discussion was how do we empower the next generation of thinkers, researchers, and workers to realize that they have agency in the age of AI? 

Check out our AI Opportunity Big Bet to learn how we're thinking about these complex issues at MacArthur ⬇️ https://www.macfound.org/programs/bigbets/ai-opportunity/","https://www.facebook.com/reel/1291676595681627/","18","14","3","1"
"4/24/2026 10:00 am","9961411679_1391741639652320","Facebook","Post","Photo","City Year","https://www.facebook.com/642274284599063/posts/1391741639652320","If you love hyping people up, City Year is the perfect fit for you!

Find out more: https://bit.ly/3WlV9gj","https://www.facebook.com/photo.php?fbid=1391741616318989&set=a.642264387933386&type=3","2","2","0","0"
"4/24/2026 9:40 am","100765022373940_938354885491947","Facebook","Post","Video","Hope Chicago","https://www.facebook.com/reel/840333631809416/","Commencement ✉️ signing! 🥹 

Debt-free graduates are weeks away from walking across stages in every corner of Illinois for the first time ever!!! 

#HopeLivesHere 
🎥  BTS at #HopeChicago","https://www.facebook.com/reel/840333631809416/","4","3","0","1"
"4/24/2026 9:36 am","125302627796_1419843503504671","Facebook","Post","Photo","The Chicago Community Trust","https://www.facebook.com/620686893420340/posts/1419843503504671","Vote for #SOCAP26! Take a moment to vote for the Trust's Jennifer Axelrod's proposed SOCAP - Social Capital Markets panel discussion on ""Measuring What Matters: From Fragmented Data Collection to Collective Evidence.""

Voting ends April 26: https://socapglobal.com/session-idea/measuring-what-matters-from-fragmented-data-collection-to-collective-evidence/","https://www.facebook.com/photo.php?fbid=1419843490171339&set=a.620627833426246&type=3","1","1","0","0"
"4/24/2026 9:00 am","232693460103788_1393786659446627","Facebook","Post","Link","A Better Chicago","https://www.facebook.com/324620916363212/posts/1393786659446627","Why have Americans lost faith in higher education?

In a recent commentary, our board chair Steve Beard explores this question alongside new research from Yale University.

Research shows that public confidence in higher education has fallen sharply, from 57% to 36% over the past decade.

Beard argues that rebuilding trust requires the courage to ask hard questions and a shared commitment to earn confidence through “what we do, not what we claim.”

Read the full piece in Fortune: ","https://fortune.com/2026/04/22/yale-higher-education-is-college-worth-it-steve-beard-covista-ceo","0","0","0","0"
"4/24/2026 9:00 am","2047676944641081560","X","Post","Link","_abetterchicago","https://twitter.com/_abetterchicago/status/2047676944641081560","Why have Americans lost faith in higher education?

In a recent commentary, our board chair Steve Beard explores this question alongside new research from @Yale.

Read the full piece in @FortuneMagazine: https://t.co/ot8iEV2NTQ","","0","0","0","0"
"4/24/2026 8:48 am","133607023351110_1408123744678232","Facebook","Post","Video","Stand for Children Illinois","https://www.facebook.com/557328906424391/posts/1408123744678232","It's #NationalLibraryWeek 📚 Have you visited a Little Free Library near you?","https://www.facebook.com/reel/3208228756047317/","1","1","0","0"
"4/23/2026 3:45 pm","232693460103788_1393190546172905","Facebook","Post","Photo","A Better Chicago","https://www.facebook.com/324620916363212/posts/1393190546172905","For the first time, Chicago voters will elect every member of the city’s Board of Education this fall. 

WBEZ, Chicago Sun-Times and Chalkbeat have created a brief survey for you to voice what issues matter the most in this upcoming election and what questions you have for school board candidates. 

Submit your response at: https://airtable.com/appu9nu8BNBrotoOR/pagRg1TV9UI2TfPGd/form?DE=WBEZEmail&7845697%3F=","https://www.facebook.com/photo.php?fbid=1393190506172909&set=a.321187470039890&type=3","0","0","0","0"
"4/23/2026 3:44 pm","2047416339170517162","X","Post","Photo","_abetterchicago","https://twitter.com/_abetterchicago/status/2047416339170517162","For the first time, Chicago voters will elect every member of the city’s Board of Education.

@WBEZ, @Suntimes and @chalkbeatCHI have created a survey for you to voice what issues matter the most and what questions you have.

Submit your response: https://t.co/k5lDbJW70G https://t.co/h88eSsQJ23","","0","0","0","0"
"4/23/2026 1:30 pm","221488995515_1621424356653005","Facebook","Post","Photo","Advance Illinois","https://www.facebook.com/414749720653814/posts/1621424356653005","Get to know Sofia Gonzalez, a veteran high school teacher who believes in empowering students to find their own voice in supportive spaces and to recognize their power and agency in civic spaces. https://hubs.ly/Q04dftwP0 #EACMembers #educators #illinois","https://www.facebook.com/photo.php?fbid=1621424313319676&set=a.414661447329308&type=3","2","2","0","0"
"4/23/2026 1:13 pm","188187514534378_1514726503348107","Facebook","Post","Link","MacArthur Foundation","https://www.facebook.com/805236477630450/posts/1514726503348107","The freedom to give is essential to a free, open, and civil society.

On May 14, our President, John Palfrey, joins President and CEO of DonorsTrust, Lawson R. Bader, and Cato Senior Fellow Walter Olson to discuss the importance of philanthropic freedom.

Submit your questions in advance of their conversation below ⬇️ ","https://www.cato.org/events/freedom-give-philanthropy-civil-society-limits-state-power","4","3","0","1"
"4/23/2026 1:08 pm","221488995515_1621409333321174","Facebook","Post","Photo","Advance Illinois","https://www.facebook.com/414749720653814/posts/1621409333321174","Last week, our Director of Government Relations Jelani Saadiq, testified on the importance of investing in early childhood programs, including #ECBG, which supports half and full-day preschool, and the Prevention Initiative (PI). Alongside the Smart Start Workforce Grants (#SSWG) these investments are critical to supporting Illinois' youngest learners and our EC workforce.","https://www.facebook.com/photo.php?fbid=1621409299987844&set=a.414661447329308&type=3","0","0","0","0"
"4/23/2026 12:37 pm","100765022373940_937674672226635","Facebook","Post","Video","Hope Chicago","https://www.facebook.com/reel/1290658936329460/","#HopeLivesHere in Illinois when we remove barriers to higher education access and affordability. 

#HopeChicago families are thriving statewide in large part because financial barriers are not holding them back from opportunity and greatness. We can do more!

Thank you to all our champions who took time to chat with us during Higher Education 🎓 Advocacy Day in Springfield, hosted by Partnership for College Completion.

💙 @repkam_buckner 
🧡 @sencervantesil1 
💙 @staterepmikecrawford 
🧡 @marcuscevansjr 
💙 @staterepammons 
🧡 @representativechung 
💙 @9thdistrictstaterepyolondam 
🧡 @statereplisadavis 
💙 @senatorhalpin 
🧡 @repdelgado3 
💙 @repandrade40 
🧡 Rep. Katie Stuart

...and everyone else we connected with! 🙏","https://www.facebook.com/reel/1290658936329460/","1","0","0","1"
"4/23/2026 9:09 am","9961411679_1390844636408687","Facebook","Post","Video","City Year","https://www.facebook.com/reel/1674250530430395/","A #gapyear with us is not your normal service year; it is a one-of-a-kind experience that will set you up for a great future!","https://www.facebook.com/reel/1674250530430395/","11","8","1","2"
"4/23/2026 8:00 am","125302627796_1418913433597678","Facebook","Post","Photo","The Chicago Community Trust","https://www.facebook.com/620686893420340/posts/1418913433597678","Yesterday, The Chicago Community Trust's Income & Assets team hosted their income grant recipients for a half-day of learning and sharing.

The morning opened with informal networking and welcome remarks, followed by a data presentation on Financial Health Network insights, led by the Trust’s Learning & Impact team. The session grounded partners in what the data reveals about financial hardship and set the stage for small‑group conversations focused on reflection.

The first panel discussion was centered around the data landscape, which featured Amy Huang (UtmostU), Lara Pruitt (The Kinship Foundation), and Brittany Jackson‑Kairis (City Colleges of Chicago). Panelists discussed how data informs strategy, the benefits and challenges of disaggregated data, and how partnerships strengthen both the quality and application of data—while recognizing the limits of what data alone can capture.

Following lunch, the convening continued with the second panel about rethinking economic mobility and featured Julian Posada (LiftUp Enterprises), Pam Tully (Skills for Chicago), and Tiffany Thompson (The CAFE Group). The conversation focused on the importance of social capital, career pathways, and workplace practices, with panelists sharing what supports upward mobility and what changes are needed to better meet people where they are.

The convening closed with shared reflections and a continued commitment to learning from one another and advancing strategies that support financial stability and economic mobility across Chicago. Thank you to our speakers and grant partners for their thoughtful engagement—we look forward to continuing this work together.","https://www.facebook.com/620686893420340/posts/1418913433597678","9","8","0","1"
"4/22/2026 2:38 pm","355075968400258_1363986382505619","Facebook","Post","Photo","Children First Fund","https://www.facebook.com/295295272708074/posts/1363986382505619","Happy Earth Day! 🌎 There is no better way to celebrate our planet than by highlighting the incredible partnerships who are working to make Chicago a greener place to live and learn.

This past weekend marked the second major distribution of the school year for a collaboration between Ambius and the Chicago Public Schools Office of Student Health and Wellness (OSHW).

Ambius is providing more than 6,000 premium plant containers to CPS schools and communities. This isn't just a donation of supplies; it’s a tangible investment in the well-being of Chicago’s students. By integrating living design into the learning environment, this initiative promotes student well-being, empowers schools to lead local food and garden projects, and builds community pride through sustainable neighborhood design.

CFF is grateful for partners like Ambius who invest in CPS students’ learning environments. Today, we celebrate the power of partnership in growing a greener, healthier future for every student! 🌱🏙️

#EarthDay #ChicagoPublicSchools #Ambius #StudentWellness #GreenSchools #Sustainability","https://www.facebook.com/295295272708074/posts/1363986382505619","4","2","1","1"
"4/22/2026 1:18 pm","221488995515_1620421200086654","Facebook","Post","Photo","Advance Illinois","https://www.facebook.com/414749720653814/posts/1620421200086654","Desirae Rodriguez, a graduate (Northeastern Illinois University) alum, shares how her university experience was transformative, how having strong supports and a sense of community helped shape her beyond the classroom. https://hubs.la/Q04d58LW0

As Illinois works to transform its approach to funding its public universities with SB13/HB1581, Desirae's story highlights the vital role higher education plays in creating spaces where where students feel supported, affirmed, and empowered. Learn more: https://hubs.la/Q04d58YZ0
#publicuniversitypround #transformILhighered","https://www.facebook.com/photo.php?fbid=1620421043420003&set=a.414661447329308&type=3","1","0","0","1"
"4/22/2026 11:30 am","221488995515_1620329613429146","Facebook","Post","Photo","Advance Illinois","https://www.facebook.com/414749720653814/posts/1620329613429146","Early educators keep our child care system running, yet wages remain far too low. We need a $50M boost to Smart Start Workforce Grants so programs can raise pay. Please support this in FY27, Illinois House Democratic Caucus Illinois Senate Republican Caucus Illinois House Republicans Illinois Senate Democratic Caucus 

Las y los educadores de la educación infantil mantienen en funcionamiento nuestro sistema de cuidado infantil, sin embargo, los salarios siguen siendo demasiado bajos. Necesitamos un aumento de $50M para las Subvenciones Smart Start para la Fuerza Laboral para que los programas puedan aumentar salarios. Por favor apoyen esto en el FY27, Illinois House Democratic Caucus Illinois Senate Republican Caucus Illinois House Republicans Illinois Senate Democratic Caucus #IL4ChildCare","https://www.facebook.com/414749720653814/posts/1620329613429146","0","0","0","0"
"4/22/2026 10:10 am","9961411679_1390031186490032","Facebook","Post","Link","City Year","https://www.facebook.com/642274284599063/posts/1390031186490032","City Year AmeriCorps members are helping students close out the year with reflection, confidence, and a clear sense of what they’ve accomplished. 

As teams guide students through celebrating growth and setting future goals, they’re also defining the legacy they’ll leave behind in their schools and communities. It’s a powerful reminder that how we end our year matters just as much as how we began.

Explore how City Year is fostering purpose and momentum in the final stretch of the school year: https://bit.ly/3QoPSUl","https://www.cityyear.org/national/stories/our-impact/finishing-the-school-year-with-intention-and-purpose/","4","4","0","0"
"4/22/2026 10:00 am","200608886633238_1390799656421888","Facebook","Post","Photo","The Joyce Foundation","https://www.facebook.com/480966400738556/posts/1390799656421888","A heartfelt Thank You to all of our administrative professionals at The Joyce Foundation. We literally couldn’t do it without you! 🎉","https://www.facebook.com/photo.php?fbid=1390799606421893&set=a.480798660755330&type=3","1","1","0","0"
"4/22/2026 9:41 am","133607023351110_1406412351516038","Facebook","Post","Video","Stand for Children Illinois","https://www.facebook.com/reel/2796772167366064/","Friday marked another deadline on the legislative calendar: After long days of debate on the floor, House bills have moved on to the Senate and Senate bills have moved to the House. 📜 Now they repeat the process of committee, discussion, amendments, and floor debate in the other chamber.💡 Follow us for more content on how a bill becomes law!","https://www.facebook.com/reel/2796772167366064/","4","2","1","1"
"4/22/2026 9:32 am","125302627796_1418125810343107","Facebook","Post","Photo","The Chicago Community Trust","https://www.facebook.com/620686893420340/posts/1418125810343107","As National Volunteer Week continues, The Chicago Community Trust is grateful to the LIFT team for welcoming us into their space to discuss the positive impact they have on the community, assist in curating Mother's Day care packages for families they work with, as well as craft tissue paper flowers.

Volunteer: https://whywelift.org/chicago/","https://www.facebook.com/620686893420340/posts/1418125810343107","4","4","0","0"
"4/21/2026 7:01 pm","133607023351110_1405890444901562","Facebook","Post","Video","Stand for Children Illinois","https://www.facebook.com/reel/1419724176590732/","Teach Kindness, a national initiative of Stand for Children Leadership Center, announced the 32 recipients of the inaugural Kind School Designation for the 2025-26 school year. 🙌

Teach Kindness provides free, research-based resources to help schools build positive school climates by teaching kindness as a skill set. 💙 The designation recognizes schools that make kindness a schoolwide priority through shared language, direct instruction, and daily practice.

For #NationalKindergartenDay, read more here: https://weteachkindness.org/impact/","https://www.facebook.com/reel/1419724176590732/","1","1","0","0"
"4/21/2026 12:12 pm","9961411679_1389125509913933","Facebook","Post","Video","City Year","https://www.facebook.com/reel/1888196765230207/","Keep growing, inspiring, and making a difference, return to serve for a second City Year and take your impact to the next level!","https://www.facebook.com/reel/1888196765230207/","32","26","4","2"
"4/21/2026 9:44 am","2046601049004199975","X","Post","Photo","KidsFirstChi","https://twitter.com/KidsFirstChi/status/2046601049004199975","Adequacy, stability, &amp; equity matters. $450M for EBF + $100M for MCATs ensures districts can plan, &amp; support students without shifting dollars away from classrooms. @HouseDemsIL @ILSenDems @ILSenateGOP @ILHouseGOP let’s get it done. #FundTheFormula https://t.co/g05diOUWZ2","","0","0","0","0"
"4/21/2026 9:16 am","221488995515_1619304740198300","Facebook","Post","Photo","Advance Illinois","https://www.facebook.com/414749720653814/posts/1619304740198300","","https://www.facebook.com/photo.php?fbid=122271297062165370&set=a.122111844500165370&type=3","0","0","0","0"
"4/21/2026 9:16 am","221488995515_1619304673531640","Facebook","Post","Photo","Advance Illinois","https://www.facebook.com/414749720653814/posts/1619304673531640","","https://www.facebook.com/photo.php?fbid=122271297014165370&set=a.122111844500165370&type=3","0","0","0","0"
"4/21/2026 9:16 am","221488995515_1619304423531665","Facebook","Post","Photo","Advance Illinois","https://www.facebook.com/414749720653814/posts/1619304423531665","","https://www.facebook.com/photo.php?fbid=1366498505526055&set=a.626808719495041&type=3","0","0","0","0"
"4/21/2026 8:39 am","125302627796_1417217470433941","Facebook","Post","Link","The Chicago Community Trust","https://www.facebook.com/620686893420340/posts/1417217470433941","Over the Rainbow Association, a Trust grant recipient, focuses on building accessible and independent housing for people with disabilities. It currently has 14 buildings across northern Illinois, including a new building in Lakeview.

Learn more: ","https://bit.ly/48fintT","2","2","0","0"
"4/21/2026 7:49 am","1720771904827240_1385415320290711","Facebook","Post","Photo","Kids First Chicago","https://www.facebook.com/560299942802257/posts/1385415320290711","The Parent Leadership Fellowship is your chance to grow as a leader, connect with other parents, and make a real impact in your school community.

Applications are open now for West Side parents in Austin, Garfield Park, Humboldt Park, and North Lawndale.

Apply today: https://kidsfirstchicago.org/parent-leadership-fellowship","https://www.facebook.com/560299942802257/posts/1385415320290711","4","3","0","1"
"4/21/2026 7:21 am","1720771904827240_1385397020292541","Facebook","Post","Photo","Kids First Chicago","https://www.facebook.com/560299942802257/posts/1385397020292541","We’re proud to celebrate Darrel Hackett, Kids First Chicago Board Member, for being honored with the 2026 Distinguished Fellow Award from Leadership Greater Chicago.

Darrel’s leadership and dedication to advancing stronger communities across Chicago reflect the very best of civic engagement. Congratulations on this well-earned recognition, we’re grateful for your leadership. 🎉#LGCcelebrates #CivicLeadership #Chicago","https://www.facebook.com/560299942802257/posts/1385397020292541","3","2","0","1"
"4/20/2026 7:59 pm","809795299116133_1401404895353024","Facebook","Post","Photo","IL Raise Your Hand","https://www.facebook.com/443559341137589/posts/1401404895353024","","https://www.facebook.com/930323592570401/posts/1266812915588132","0","0","0","0"
"4/20/2026 3:08 pm","221488995515_1618646786930762","Facebook","Post","Photo","Advance Illinois","https://www.facebook.com/414749720653814/posts/1618646786930762","Last week, we were excited to join students, advocates, legislators, and partners at the Coalition for Transforming Higher Education Funding for Higher Ed Advocacy Day 2026—by far the largest so far—where advocates called for increased MAP investments and passage of the student-focused Adequate and Equitable Funding Formula (#SB13/HB1581). The time is now for IL to transform how it funds our public 4-years!

#TransformILHigherEd","https://www.facebook.com/414749720653814/posts/1618646786930762","4","3","0","1"
"4/20/2026 1:01 pm","9961411679_1388337569992727","Facebook","Post","Link","City Year","https://www.facebook.com/642274284599063/posts/1388337569992727","Five reasons City Year New Hampshire stands out and why your next chapter could start there. ","https://bit.ly/3NMD1KY","5","5","0","0"
"4/20/2026 10:07 am","221488995515_1618442693617838","Facebook","Post","Link","Advance Illinois","https://www.facebook.com/414749720653814/posts/1618442693617838","","","0","0","0","0"
"4/20/2026 10:01 am","232693460103788_1390487003109926","Facebook","Post","Photo","A Better Chicago","https://www.facebook.com/324620916363212/posts/1390487003109926","It’s National Volunteer Week!  

Here are some of our portfolio organizations that are always open to new volunteers. 👇 
🏠 A House in Austin
👧 Chicago HOPES for Kids 
📚 Chicago Scholars
🩺 Rush Education and Career Hub
☝️ Project OneTen 

Thank you to all the volunteers who dedicate their time and efforts to our communities.","https://www.facebook.com/324620916363212/posts/1390487003109926","2","1","0","1"
"4/20/2026 10:01 am","809795299116133_1401086495384864","Facebook","Post","Photo","IL Raise Your Hand","https://www.facebook.com/443559341137589/posts/1401086495384864","Hughes' work reminds us that poetry and literacy have allowed us to highlight identity, injustice, power, and to dream of a better society for all of us. 

That is why we continue to fight for education equity in our most vulnerable schools. Every student deserves the space to safely explore who they are, create art, and share their voice. 

#peotrymonth #literacymatters","https://www.facebook.com/photo.php?fbid=1401086452051535&set=a.369996131827244&type=3","0","0","0","0"
"4/20/2026 9:39 am","125302627796_1416369227185432","Facebook","Post","Photo","The Chicago Community Trust","https://www.facebook.com/620686893420340/posts/1416369227185432","It's National Volunteer Week! Thank you to Cara Chicago for welcoming our team at The Chicago Community Trust to your offices. We were grateful to have the opportunity to volunteer and tour your space, learn about the impactful work of Cara's programs, and engage in mock interviews and sorting clothing donations.

Get involved: https://caracollective.org/cara-chicago/","https://www.facebook.com/620686893420340/posts/1416369227185432","5","5","0","0"
"4/20/2026 8:59 am","221488995515_1618392013622906","Facebook","Post","Photo","Advance Illinois","https://www.facebook.com/414749720653814/posts/1618392013622906","📣 Illinoisans: Your Education Story Matters 

We’re collecting personal stories from people across Illinois about how federal education policies have shaped your or your family’s access to and experience in education — from early childhood programs through college and beyond. 

Whether it’s Head Start, IDEA, Title I, Pell Grants, FAFSA, school nutrition programs, or other federal initiatives — we want to hear how these policies have impacted real lives, not just statistics. 

✅ You can share anonymously 
✅ All experiences welcome — positive, challenging, or somewhere in between 

Share your story here: https://hubs.la/Q04cKtd30

Your voice can help illuminate the real impact of federal education policy in Illinois. Thank you for contributing to this important conversation! 
#education #policy #storiesofimpact #federal","https://www.facebook.com/photo.php?fbid=1618391970289577&set=a.414661447329308&type=3","0","0","0","0"
"4/18/2026 8:42 pm","931616600195955_1389488683217689","Facebook","Post","Photo","Teach Plus Illinois","https://www.facebook.com/646013757565189/posts/1389488683217689","Congratulations to Bri Connor, 2024-2025 Change Agent, who was recognized tonight by Illinois State Board of Education with an Award of Special Recognition!","https://www.facebook.com/photo.php?fbid=1389488463217711&set=a.639101751589723&type=3","7","7","0","0"
"4/17/2026 2:49 pm","196842483717237_1487412336735311","Facebook","Post","Photo","Communities In Schools of Chicago","https://www.facebook.com/681023914040828/posts/1487412336735311","Our team believes that when we can invest in self-care and empower our counselors and school staff with the time and space for self-care... students in turn are better served!

Today, we had the opportunity to provide that space for school partners with a day dedicated to self-care. Our partners who give so much to young people were offered special sessions in return -- chair yoga, painting, and more.

Special thanks to Chicago Arts Partnerships in Education (CAPE) for hosting us and shout-out to our Partnership Team for planning such an impactful and much-needed event.","https://www.facebook.com/681023914040828/posts/1487412336735311","2","2","0","0"
"4/17/2026 12:18 pm","221488995515_1615954903866617","Facebook","Post","Photo","Advance Illinois","https://www.facebook.com/414749720653814/posts/1615954903866617","","https://www.facebook.com/photo.php?fbid=1248943044077485&set=a.165335572438243&type=3","1","1","0","0"
"4/17/2026 12:17 pm","221488995515_1615954313866676","Facebook","Post","Photo","Advance Illinois","https://www.facebook.com/414749720653814/posts/1615954313866676","","https://www.facebook.com/photo.php?fbid=990054093361537&set=a.193798619653759&type=3","0","0","0","0"
"4/17/2026 12:12 pm","221488995515_1615950977200343","Facebook","Post","Photo","Advance Illinois","https://www.facebook.com/414749720653814/posts/1615950977200343","Are you an educator (birth through grade 12) who wants to create change through practice or policy? Teach Plus Illinois Fellowships are now open for application! Check out https://hubs.la/Q04cyTgw0 to learn more.","https://www.facebook.com/photo.php?fbid=1615950940533680&set=a.414661447329308&type=3","0","0","0","0"
"4/17/2026 10:00 am","232693460103788_1388073783351248","Facebook","Post","Photo","A Better Chicago","https://www.facebook.com/324620916363212/posts/1388073783351248","“How do you show up for families? That’s what it’s all about. 

When families see we’re going the extra mile to get them to school, those bonds of trust are strengthened, and it goes a long way in building the culture around attendance that we want."" — Barton Dassinger, Principal at Chavez School

At our State of Our Youth event, we explored the creative, yet simple, ways schools are addressing chronic absenteeism. More often than not, it comes down to trust.

To learn more about how to better support Chicago’s youth, read the full report:
https://www.abetterchicago.org/reports-and-insights/state-of-our-youth-2026","https://www.facebook.com/photo.php?fbid=1388073756684584&set=a.321187470039890&type=3","3","3","0","0"
"4/17/2026 10:00 am","9961411679_1385802633579554","Facebook","Post","Photo","City Year","https://www.facebook.com/642274284599063/posts/1385802633579554","Apply to City Year and become the mentor you wish you had in middle school. https://bit.ly/3WlV9gj","https://www.facebook.com/photo.php?fbid=1385802613579556&set=a.642264387933386&type=3","2","2","0","0"
"4/16/2026 8:10 pm","56328402097_1439830538191925","Facebook","Post","Photo","Simon Youth Foundation","https://www.facebook.com/347062204135436/posts/1439830538191925","That's a wrap on DC! Tired feet, full hearts, and a new perspective on what's possible. Huge thanks to your donors for making this impact possible. 

#SimonYouthFoundation #CloseUpDC #CivicEngagement #FutureLeaders","https://www.facebook.com/photo.php?fbid=1439830514858594&set=a.336098405231816&type=3","17","12","2","3"
"4/16/2026 1:00 pm","221488995515_1615016283960479","Facebook","Post","Photo","Advance Illinois","https://www.facebook.com/414749720653814/posts/1615016283960479","Meet Erin Acosta, who shares her belief that while programs and policies help build strong foundations for children and families, there’s an opportunity to better support the educators who live this work every day and are part of the same ecosystem that strengthens communities as a whole. https://hubs.la/Q04cfpY80 #EACmembers #educators #illinois","https://www.facebook.com/photo.php?fbid=1615016257293815&set=a.414661447329308&type=3","2","2","0","0"
"4/16/2026 12:00 pm","1720771904827240_1381339597364950","Facebook","Post","Photo","Kids First Chicago","https://www.facebook.com/560299942802257/posts/1381339597364950","What should school accountability really measure? Kids First Chicago’s Chief of Policy, Hal Woods, is featured in a new Chicago Tribune op-ed, alongside Jessica Handy (Stand for Children Illinois) and Josh Kaufmann (Teach Plus Illinois).

Together, they share perspectives on student assessment and what it means for preparing students beyond high school. A timely conversation as Illinois considers updates to its accountability system. Take a few minutes to read:https://www.chicagotribune.com/2026/04/15/opinion-illinois-k-12-student-assessment-accountability/","https://www.facebook.com/560299942802257/posts/1381339597364950","5","2","1","2"
"4/16/2026 8:51 am","9961411679_1384925643667253","Facebook","Post","Video","City Year","https://www.facebook.com/reel/961333269610271/","How we show up for students matters; see how our student success coaches are showing up every day!","https://www.facebook.com/reel/961333269610271/","8","6","2","0"
"4/16/2026 6:00 am","1720771904827240_1381074834058093","Facebook","Post","Photo","Kids First Chicago","https://www.facebook.com/560299942802257/posts/1381074834058093","What does real impact look like? Not titles. Not recognition. ✨ It’s the lives you help change. Parent leader José Quiles shares a powerful reflection on serving families, immigrants, and young people—and the legacy that lives on through others. Read his story. 🔗 Check out the full blog here: https://kidsfirstchicago.org/blog/parent-leader-reflection-jose-quiles #CommunityLeadership #ParentVoices
---
¿Cómo se ve el verdadero impacto? No son títulos. No es reconocimiento. ✨ Son las vidas que usted ayuda a transformar. El líder de padres José Quiles comparte una reflexión poderosa sobre servir a familias, inmigrantes y jóvenes—y el legado que continúa en otros. Le invitamos a leer su historia.🔗 Puede leer el blog completo aquí: https://kidsfirstchicago.org/es/blog/parent-leader-reflection-jose-quiles#LiderazgoComunitario #VocesDePadres","https://www.facebook.com/560299942802257/posts/1381074834058093","3","2","0","1"
"4/15/2026 8:30 pm","56328402097_1438980438276935","Facebook","Post","Photo","Simon Youth Foundation","https://www.facebook.com/347062204135436/posts/1438980438276935","Civics in action! From the classroom to the Capital, our Academy partners are showing that every student deserves a seat at the table. 

#SimonYouthFoundation #CloseUpDC #CivicEngagement #FutureLeaders","https://www.facebook.com/photo.php?fbid=1438980414943604&set=a.336098405231816&type=3","3","3","0","0"
"4/15/2026 5:47 pm","221488995515_1614173564044751","Facebook","Post","Link","Advance Illinois","https://www.facebook.com/414749720653814/posts/1614173564044751","","https://www.chalkbeat.org/chicago/2026/04/15/illinois-approves-new-school-accountability-system/?utm_campaign=trueanthem&utm_medium=social&utm_source=facebook","0","0","0","0"
"4/15/2026 2:45 pm","221488995515_1614066610722113","Facebook","Post","Photo","Advance Illinois","https://www.facebook.com/414749720653814/posts/1614066610722113","In a new blog, Northeastern Illinois University alum Bob Chikos discusses how his university experience provided not only the opportunity to purse career aspirations, but also the tools that helped him become a great teacher. https://hubs.la/Q04cdCH00

As Illinois works to transform its approach to funding public universities with HB1581/SB13, Bob’s story highlights the role higher education plays in expanding opportunity and providing the supports students need to thrive in their chosen careers and the communities they serve. Learn more:
https://hubs.la/Q04cdz4Z0 #publicuniversitypround #transformILhighered","https://www.facebook.com/photo.php?fbid=1614066494055458&set=a.414661447329308&type=3","0","0","0","0"
"4/15/2026 12:02 pm","232693460103788_1386477703510856","Facebook","Post","Photo","A Better Chicago","https://www.facebook.com/324620916363212/posts/1386477703510856","Project OneTen, an A Better Chicago portfolio organization, creates intentional spaces for Black and Brown male students during the critical transition to high school, through mentorship and peer-to-peer community building.

Founder and Executive Director Dirrick Butler puts it best: Get freshman year right, and everything else opens up. That’s the work.

Learn more about Project OneTen at https://www.projectoneten.org/","https://www.facebook.com/photo.php?fbid=1386477650177528&set=a.321187470039890&type=3","1","1","0","0"
"4/15/2026 11:05 am","9961411679_1384126230413861","Facebook","Post","Link","City Year","https://www.facebook.com/642274284599063/posts/1384126230413861","From Buffalo classrooms to community change: a first‑year corps member shares what service really feels like. ","https://bit.ly/4soywED","8","7","1","0"
"4/14/2026 9:37 pm","56328402097_1438200505021595","Facebook","Post","Photo","Simon Youth Foundation","https://www.facebook.com/347062204135436/posts/1438200505021595","This is what engagement looks like. Today, our students are finding their voices and debating the issues that matter to them.

#SimonYouthFoundation #CloseUpDC #CivicEngagement #FutureLeaders","https://www.facebook.com/photo.php?fbid=1438200485021597&set=a.336098405231816&type=3","5","4","0","1"
"4/14/2026 3:18 pm","1720771904827240_1379703027528607","Facebook","Post","Photo","Kids First Chicago","https://www.facebook.com/560299942802257/posts/1379703027528607","La Beca de Liderazgo para Padres (PLF) está diseñada para padres y cuidadores en Chicago que desean liderar, abogar y generar cambios en sus escuelas y comunidades.

A través de aprendizaje práctico y conexión con otras familias, usted obtendrá las herramientas necesarias para hacer que su voz cuente.

Solicite hoy para unirse a la próxima cohorte:
kidsfirstchicago.org/parent-leadership-fellowship","https://www.facebook.com/560299942802257/posts/1379703027528607","2","2","0","0"
"4/14/2026 11:52 am","9961411679_1383327320493752","Facebook","Post","Video","City Year","https://www.facebook.com/reel/1435402737799117/","AmeriCorps Member + Student Success Coach = a lifetime of impact!

https://bit.ly/3WlV9gj","https://www.facebook.com/reel/1435402737799117/","8","8","0","0"
"4/14/2026 10:07 am","2044070137372762296","X","Post","Photo","KidsFirstChi","https://twitter.com/KidsFirstChi/status/2044070137372762296","Underfunded MCATs strain EBF dollars. Fully funding both ensures every student has what they need to learn &amp; thrive. @HouseDemsIL @ILSenateGOP @ILHouseGOP @ILSenDems. #ILSchools https://t.co/BwKvzx1LDq","","0","0","0","0"
"4/14/2026 9:52 am","355075968400258_1355812859989638","Facebook","Post","Photo","Children First Fund","https://www.facebook.com/295295272708074/posts/1355812859989638","Building a sustainable talent pipeline requires more than just classroom instruction—it requires industry leaders who are willing to open their doors and invest in the next generation.

Through our partnership with Power Construction, Chicago Public Schools students in the Chicago Builds program are transforming technical interest into professional careers. By providing direct industry exposure and site tours, Power Construction is helping 183 trainees from 45 high schools see themselves in the future of the construction trades.

The Impact of Strategic Partnership:
🧰  Certification: Trainees are earning OSHA Safety, First-Aid/CPR, and NCCER Core credentials alongside early college dual credit.
🧰 Barrier Reduction: Power Construction’s support has directly helped 60 alumni navigate the post-secondary transition, covering essential costs like union exam fees and PPE.
🧰 Networking: Students engage directly with leaders from ComEd and the Chicago Department of Buildings to bridge the gap between training and employment.

We are proud to elevate partners like Power Construction who recognize that an investment in CPS students is an investment in the vitality of our city.

Are you ready to help shape ""Chicago’s Next""? Whether through mentorship, site tours, or scholarship support, there are meaningful ways for your organization to invest in the success of our students. Learn more about how you can partner with Children First Fund: https://childrenfirstfund.org/partner/

#ChicagosNext #WorkforceDevelopment #ChicagoBuilds #PowerConstruction #CPS #CivicLeadership #ConstructionTrades #ChildrenFirstFund","https://www.facebook.com/295295272708074/posts/1355812859989638","2","1","0","1"
"4/14/2026 9:51 am","221488995515_1612919144170193","Facebook","Post","Photo","Advance Illinois","https://www.facebook.com/414749720653814/posts/1612919144170193","","https://www.facebook.com/photo.php?fbid=122270211188165370&set=a.122111844500165370&type=3","1","1","0","0"
"4/13/2026 9:42 pm","56328402097_1437423111766001","Facebook","Post","Photo","Simon Youth Foundation","https://www.facebook.com/347062204135436/posts/1437423111766001","Learning without limits. Today, the world's largest museums became our classroom. Our students are proving that when you change the environment, you change the outcome. 

#SimonYouthFoundation #CloseUpDC #CivicEngagement #FutureLeaders","https://www.facebook.com/photo.php?fbid=1437423078432671&set=a.336098405231816&type=3","12","9","0","3"
"4/13/2026 7:51 pm","9961411679_1382778753881942","Facebook","Post","Link","City Year","https://www.facebook.com/642274284599063/posts/1382778753881942","Student Success Coaches are the heart of City Year. Behind every breakthrough moment in the classroom is a dedicated AmeriCorps member. This piece captures what it really means to be a Student Success Coach and why the role matters.

Read the impact story:
","https://www.cityyear.org/national/stories/education/city-year-americorps-members-are-student-success-coaches/","3","2","0","1"
"4/13/2026 5:09 pm","809795299116133_1395719065921607","Facebook","Post","Photo","IL Raise Your Hand","https://www.facebook.com/443559341137589/posts/1395719065921607","With so many changes happening the federal and even state and local level, our organizers are focused on what matters the most right now - preparing and protecting our communities.

Marian shares her thoughts on why we should continue fighting for public education. We cannot stand to lose access to all public goods.","https://www.facebook.com/photo.php?fbid=1395717585921755&set=a.369996131827244&type=3","3","2","0","1"
"4/13/2026 3:16 pm","200608886633238_1383777180457469","Facebook","Post","Photo","The Joyce Foundation","https://www.facebook.com/480966400738556/posts/1383777180457469","Kudos to the Press Forward Chicago and Press Forward Springfield teams for hosting last week’s Illinois Local News Summit at the Union League Club of Chicago. Our team enjoyed participating in an inspiring day of dialogue with local, regional and national leaders all invested in strengthening and elevating local news in our communities.","https://www.facebook.com/480966400738556/posts/1383777180457469","4","4","0","0"
"4/13/2026 3:04 pm","1720771904827240_1378887934276783","Facebook","Post","Photo","Kids First Chicago","https://www.facebook.com/560299942802257/posts/1378887934276783","The Parent Leadership Fellowship (PLF) is designed for Chicago parents and caregivers who want to lead, advocate, and create change in their schools and communities.

Through hands-on learning and connection, you’ll gain the tools to make your voice count.

Apply today to join the next cohort.","https://www.facebook.com/560299942802257/posts/1378887934276783","12","2","0","10"
"4/13/2026 12:09 pm","9961411679_1382557900570694","Facebook","Post","Photo","City Year","https://www.facebook.com/642274284599063/posts/1382557900570694","Join us for a special book talk with Dr. Max Klau, former Vice President of Leadership Development at City Year!

Max will be in conversation with City Year Dean Charlie Rose to discuss his new book, ""Developing Servant Leaders at Scale: How to Do It and Why It Matters"", a deep exploration of what it takes to cultivate values‑driven leaders in large, mission‑driven organizations.

In his new book, Max reflects on his years‑long effort to design an approach to inner development that could work at the scale of City Year, why this model matters today, and how organizations can build leaders who are grounded in purpose, service, and idealism.

We’re excited to welcome Max back to the CY community for this important conversation.

Register Today: https://lnkd.in/eM_YQiVa","https://www.facebook.com/photo.php?fbid=1382557863904031&set=a.642264387933386&type=3","1","1","0","0"
"4/13/2026 10:15 am","232693460103788_1384765767015383","Facebook","Post","Photo","A Better Chicago","https://www.facebook.com/324620916363212/posts/1384765767015383","“Safety is very important. If we can keep the areas around the school safe, more students will come to school. Right now, safety concerns are keeping us away.” — Khari V., high school student

At this year’s State of Our Youth event, we were joined by a special guest on our panel, Khari V., a senior at George Westinghouse College Prep. 

She shared an honest perspective on how young people are navigating their day-to-day lives — including a surprising way in which social media impacts attendance.

Watch the full panel discussion at: https://www.youtube.com/watch?v=aQxGQbUWO6E","https://www.facebook.com/photo.php?fbid=1384765733682053&set=a.321187470039890&type=3","6","5","0","1"
"4/13/2026 9:46 am","2043702413102641240","X","Post","Photo","_abetterchicago","https://twitter.com/_abetterchicago/status/2043702413102641240","At this year’s State of Our Youth event, we were joined by Khari V., a senior at George Westinghouse College Prep.

She shared an honest perspective on how young people are navigating their day-to-day lives.

Watch the full discussion at: https://t.co/hltUhaQHH5 https://t.co/Qojs53Enkw","","1","1","0","0"
"4/12/2026 9:10 pm","56328402097_1436625285179117","Facebook","Post","Photo","Simon Youth Foundation","https://www.facebook.com/347062204135436/posts/1436625285179117","And we're off! We are proud to provide funding for this life-changing trip for SYF students. Follow along as they take on DC!

#SimonYouthFoundation #CloseUpDC #CivicEngagement #FutureLeaders","https://www.facebook.com/photo.php?fbid=1436625231845789&set=a.336098405231816&type=3","14","10","0","4"
"4/10/2026 4:29 pm","713783478485460_122169064310926733","Facebook","Post","Photo","Chicago Education Alliance","https://www.facebook.com/122160216644926733/posts/122169064310926733","Sue Sadlowski Garza has a holistic understanding of Chicago Public Schools from her experience as school counselor to being in leadership in the Chicago Teachers Union.  And In the City Council she championed policies that connect education, workforce development, and community voice to expand opportunity and strengthen public schools.

Bright Star Community Outreach Instituto del Progreso LatinoThe Resurrection Project Metropolitan Family Services The Chicago Urban League The Joyce Foundation  Teach Plus Illinois The Chicago Public Education Fund Chicago Beyond Enlace Chicago","https://www.facebook.com/photo.php?fbid=122169064268926733&set=a.122160109298926733&type=3","4","4","0","0"
"4/10/2026 10:00 am","809795299116133_1393072382852942","Facebook","Post","Photo","IL Raise Your Hand","https://www.facebook.com/443559341137589/posts/1393072382852942","We all know literacy is power.  Poetry offers students, parents, and community members the opportunity to give life to their stories, especially those that are often ignored and misunderstood. 

As parents and advocates, that is why we continue to fight for fully funded and well resourced schools and support parent leaders, so students and parents have the access and opportunities to express who they are. 

Happy National Poetry Month! 📚 #poetry #PoetryMonth","https://www.facebook.com/photo.php?fbid=1393072359519611&set=a.369996131827244&type=3","0","0","0","0"
"4/10/2026 10:00 am","9961411679_1380148537478297","Facebook","Post","Photo","City Year","https://www.facebook.com/642274284599063/posts/1380148537478297","City Year: where service is strong, your team is iconic, and your impact is unmatched.

Begin your journey today: https://bit.ly/3WlV9gj","https://www.facebook.com/photo.php?fbid=1380148520811632&set=a.642264387933386&type=3","4","4","0","0"
"4/10/2026 9:30 am","232693460103788_1382357970589496","Facebook","Post","Photo","A Better Chicago","https://www.facebook.com/324620916363212/posts/1382357970589496","“No application, paperwork, or additional steps.”

A Better Chicago is proud to see the collaboration between Chicago Public Schools  and the Chicago Public Library, expanding access to resources for students across the city.

All CPS students now have automatic access to the online databases, online and in-person tutoring services and many other offerings.

By leveraging automation, this initiative reduces barriers to entry, making access easier and more equitable. 

Learn more in the WBEZ piece: https://www.wbez.org/education/2026/04/07/cps-students-can-now-access-books-tutoring-other-library-services-with-just-a-student-id","https://www.facebook.com/photo.php?fbid=1382357933922833&set=a.321187470039890&type=3","0","0","0","0"
"4/9/2026 7:16 pm","222712320927404_122288392952216507","Facebook","Post","Photo","The Urban Center","https://www.facebook.com/122209075502216507/posts/122288392952216507","","https://www.facebook.com/photo.php?fbid=1506795711043131&set=a.526007739121938&type=3","0","0","0","0"
"4/9/2026 2:00 pm","232693460103788_1381728123985814","Facebook","Post","Photo","A Better Chicago","https://www.facebook.com/324620916363212/posts/1381728123985814","Since welcoming Saga Education  to our portfolio last year, we’ve partnered with the organization to help expand access to their high-impact, research-backed tutoring programs.
 
Founded in 2014 in Chicago and Boston, Saga pioneered a proven, high-intensity tutoring model embedded into the school day. Their work primarily serves 9th and 10th grade students. This year alone, Saga is reaching more than 1,000 students across 16 Chicago schools.
 
A Better Chicago has invested over $250,000 to help accelerate Saga’s impact, including a new pilot to expand their proven model to 5-8th graders on Chicago’s south side.","https://www.facebook.com/photo.php?fbid=1381728093985817&set=a.321187470039890&type=3","1","1","0","0"
"4/9/2026 10:45 am","100765022373940_926956679965101","Facebook","Post","Video","Hope Chicago","https://www.facebook.com/reel/1460081762281085/","🎥 Partnership story time 📖 with @thisissiu. 

Moving systems to better serve Illinois students and families requires partnership that stands on trust, innovation, and mutual accountability. 

🙏 Shout out to all who helped make our recent visit to Carbondale a successful collaboration to frame the next evolution of our work.

Across Illinois, #HopeChicago works closely with its In-Network institutions to build partnerships that move the needle for students and keep opportunity open (today and tomorrow) for Illinois families to thrive. #HopeLivesHere","https://www.facebook.com/reel/1460081762281085/","14","6","0","8"
"4/9/2026 10:00 am","200608886633238_1380398850795302","Facebook","Post","Photo","The Joyce Foundation","https://www.facebook.com/480966400738556/posts/1380398850795302","Strong local news is essential to civic life and democracy. It's why we invest in initiatives like Press Forward. On #LocalNewsDay, we celebrate the journalists and media leaders nationwide ensuring that communities have trustworthy information. We support many innovative news organizations across the #GreatLakes region, including: Block Club Chicago, Chicago Public Media, WTTW - Chicago PBS, Borderless Magazine, Sahan Journal, MinnPost, Outlier Media, Bridge Michigan, Capital B Gary, Wisconsin Watch, and Madison365. We commit to many others through the Institute for Nonprofit News' annual NewsMatch fundraising campaign. Their work is vital to thriving and informed communities. 

Join us in supporting local news today and everyday!","https://www.facebook.com/photo.php?fbid=1380398784128642&set=a.480798660755330&type=3","23","19","1","3"
"4/9/2026 9:10 am","2042243686365311026","X","Post","Photo","KidsFirstChi","https://twitter.com/KidsFirstChi/status/2042243686365311026","Investments in education matter. Illinois students are counting on us—and on you, @HouseDemsIL @ILSenateGOP @ILHouseGOP @ILSenDems. Let’s fund their futures with $550M for schools in FY27. #FundTheFormula https://t.co/67KpCk99oc","","0","0","0","0"
"4/9/2026 9:09 am","9961411679_1379310214228796","Facebook","Post","Video","City Year","https://www.facebook.com/reel/932203806374501/","City Year can prepare you for your future in a multitude of career paths; especially in education! https://bit.ly/3WlV9gj","https://www.facebook.com/reel/932203806374501/","10","9","0","1"
"4/8/2026 2:14 pm","200608886633238_1379779370857250","Facebook","Post","Link","The Joyce Foundation","https://www.facebook.com/480966400738556/posts/1379779370857250","🗣️ 🗣️ 🗣️ The Chicago Police Department has released two landmark reports—the Community Policing Assessment and a comprehensive Workforce Allocation Study -- representing the most substantive operational blueprint for reform in a generation. The co-authors of this Crain's Chicago Business op-ed, including our Gun Violence Prevention and Justice Reform Program Director Soledad Adrianzén McGrath, represent organizations that helped fund these reports because we believe structural transformation at CPD is both necessary and achievable. ⬇️ 
","https://www.chicagobusiness.com/opinion/commentary/ccb-chicago-police-reform-is-possible-with-community-support-20260408/","23","18","2","3"
"4/8/2026 1:50 pm","9961411679_1378663924293425","Facebook","Post","Link","City Year","https://www.facebook.com/642274284599063/posts/1378663924293425","Purpose. Teamwork. Adaptability. The skills employers value most and where young adults build them through City Year. ","https://bit.ly/4tv6NTH","4","1","0","3"
"4/8/2026 10:13 am","1720771904827240_1374602028038707","Facebook","Post","Photo","Kids First Chicago","https://www.facebook.com/560299942802257/posts/1374602028038707","🌟 College starts with a plan and families play a key role. Join our next Living Room session with Bottom Line to break down the college application process, academics, personal statements, financial aid, and more, plus learn about programs currently accepting students (Class of 2027).

📅 The Living Room (English) — April 21, 6:00–7:30 PM
📅 La Sala (en español) — April 22, 6:00–7:30 PM
📍 Virtual
🔗 RSVP using the link in bio. 

Walk away informed, confident, and ready to support your student. #ParentPower #ChicagoFamilies #CollegeReady
-—
🌟 La universidad comienza con un plan—y las familias son clave. Acompáñenos en nuestra próxima sesión de La Sala con Bottom Line para entender el proceso de solicitud universitaria—académico, ensayos, ayuda financiera y más—y conocer programas que actualmente aceptan estudiantes (Clase de 2027).

📅 The Living Room (en inglés) — 21 de abril, 6:00–7:30 p.m.
📅 La Sala (en español) — 22 de abril, 6:00–7:30 p.m.
📍 Virtual
🔗 RSVP utilizando el enlace en nuestro bio. 

Salga con la información y confianza para apoyar a su estudiante. #FamiliasDeChicago #PreparaciónUniversitaria","https://www.facebook.com/560299942802257/posts/1374602028038707","1","1","0","0"
"4/7/2026 3:25 pm","196842483717237_1479375947538950","Facebook","Post","Photo","Communities In Schools of Chicago","https://www.facebook.com/681023914040828/posts/1479375947538950","𝗔𝗿𝘁𝘀 𝗮𝗻𝗱 𝗰𝘂𝗹𝘁𝘂𝗿𝗲 𝗽𝗿𝗼𝗴𝗿𝗮𝗺𝘀 𝗵𝗲𝗹𝗽 𝘆𝗼𝘂𝗻𝗴 𝗽𝗲𝗼𝗽𝗹𝗲 𝗱𝗲𝘃𝗲𝗹𝗼𝗽 𝘁𝗵𝗲𝗶𝗿 𝗰𝗿𝗲𝗮𝘁𝗶𝘃𝗶𝘁𝘆, 𝘀𝗼𝗰𝗶𝗮𝗹 𝗮𝗻𝗱 𝗲𝗺𝗼𝘁𝗶𝗼𝗻𝗮𝗹 𝘀𝗸𝗶𝗹𝗹𝘀, 𝗰𝗿𝗶𝘁𝗶𝗰𝗮𝗹 𝘁𝗵𝗶𝗻𝗸𝗶𝗻𝗴, 𝗮𝗻𝗱 𝗰𝘂𝗹𝘁𝘂𝗿𝗮𝗹 𝘂𝗻𝗱𝗲𝗿𝘀𝘁𝗮𝗻𝗱𝗶𝗻𝗴. 

Recently, our team connected a Goodman Theatre in-school performance to PreK-1st graders at three CIS schools. Inspired by the wildlife of Lake Michigan, the production used music, movement, and imaginative play to meet young children exactly where they are. 

Thank you, Goodman, for providing such an engaging experience for our students with your performance of 𝘚𝘱𝘭𝘪𝘴𝘩 𝘚𝘱𝘭𝘢𝘴𝘩.","https://www.facebook.com/681023914040828/posts/1479375947538950","1","0","0","1"
"4/7/2026 12:10 pm","9961411679_1377786637714487","Facebook","Post","Video","City Year","https://www.facebook.com/reel/1918235238897704/","If you're looking for a sign to join City Year; this is it! https://bit.ly/3WlV9gj","https://www.facebook.com/reel/1918235238897704/","17","13","1","3"
"4/7/2026 10:04 am","232693460103788_1380015427490417","Facebook","Post","Video","A Better Chicago","https://www.facebook.com/reel/944378641851340/","Thank you to everyone who attended our State of Our Youth event last week. 

We were moved to hear the stories and insights from our panels and to see so many members of our community show up for our city!","https://www.facebook.com/reel/944378641851340/","4","4","0","0"
"4/6/2026 7:05 pm","809795299116133_1390295429797304","Facebook","Post","Photo","IL Raise Your Hand","https://www.facebook.com/443559341137589/posts/1390295429797304","We know education is at a critical turning point in our country, so we asked our staff how they're feeling about this current moment in the education justice space.

 For today, we are sharing the words of our  Interim Executive Director Dr. Gaylon Alcaraz. She shares her thoughts on how we should move forward as a collective and why we need to keep organizing for education equity.","https://www.facebook.com/photo.php?fbid=1390289566464557&set=a.369996131827244&type=3","0","0","0","0"
"4/6/2026 3:36 pm","56328402097_1431801298994849","Facebook","Post","Photo","Simon Youth Foundation","https://www.facebook.com/347062204135436/posts/1431801298994849","Grateful for the partnership of Dollar General and for the support of Castleton Square. 

Our team spent the morning sorting and organizing essential items that will directly benefit students across our network, helping ensure they have access to the everyday resources they need to stay on track and succeed.","https://www.facebook.com/photo.php?fbid=1431800915661554&set=a.336098415231815&type=3","10","10","0","0"
"4/6/2026 1:05 pm","9961411679_1377048901121594","Facebook","Post","Link","City Year","https://www.facebook.com/642274284599063/posts/1377048901121594","Embarking on life after high school and unsure of your next step? No worries! 

Let's make your ""gap"" year, your ""growth"" year; packed with transformative experiences, skill-building, and leadership opportunities. Stay tuned with us for your journey toward college or career! 
","https://bit.ly/42sG3J8","10","7","0","3"
"4/6/2026 10:04 am","232693460103788_1379231777568782","Facebook","Post","Photo","A Better Chicago","https://www.facebook.com/324620916363212/posts/1379231777568782","“School climate is more impactful than neighborhood when it comes to attendance.

That’s within our control as educators. From the moment students and families enter the parking lot, we can make it a place they want to be.”
— Elizabeth Cook, Attendance Works

At our State of Our Youth event, one of our core messages was that connection and belonging in the classroom are key drivers of student attendance.

Across all our research, the data shows that students show up when they feel seen and supported in safe and accessible environments. 

To learn more about how Chicago’s youth are faring, and what we can do to better support them, read the full report:
https://www.abetterchicago.org/reports-and-insights/state-of-our-youth-2026","https://www.facebook.com/photo.php?fbid=1379231724235454&set=a.321187470039890&type=3","2","2","0","0"
"4/6/2026 9:36 am","355075968400258_1349067953997462","Facebook","Post","Photo","Children First Fund","https://www.facebook.com/295295272708074/posts/1349067953997462","Preparation for life after high school graduation starts long before a student walks across the stage. It is built through career exposure, dedicated school counseling, and the removal of financial barriers that stand in the way of post-secondary success.

This spring, Children First Fund is highlighting the Chicago Public Schools students and pathways defining “Chicago’s Next”.

Over the coming weeks, we will spotlight the partnerships and programs that provide CPS students with a clear trajectory—from specialized CTE tracks to the scholarship funds and direct support that ensure every student has a path forward.

Follow along as we share the impact of our partners and the success of the students who are charting the future of Chicago.

#ChicagosNext #CPS #CollegeAndCareer #ChildrenFirstFund #ChicagoEducation","https://www.facebook.com/photo.php?fbid=1349067930664131&set=a.290035466567388&type=3","2","0","0","2"
"4/6/2026 9:15 am","2041157729641808092","X","Post","Photo","_abetterchicago","https://twitter.com/_abetterchicago/status/2041157729641808092","At our State of Our Youth event, one of our core messages was that connection and belonging in the classroom are key drivers of student attendance.

To learn more about how Chicago’s youth and what we can do to better support them, read our report:
https://t.co/1905N1dmA6 https://t.co/OJtPu2hvyI","","2","1","0","1"
"4/3/2026 4:55 pm","713783478485460_122168129606926733","Facebook","Post","Photo","Chicago Education Alliance","https://www.facebook.com/122160216644926733/posts/122168129606926733","We are energized and excited following the second meeting of the Co-Design Team hosted by our partners at BUILD Chicago! All seventeen Team organizations were represented as we worked on priorities and plans to launch our upcoming citywide Listening Sessions. 

Breakthrough Urban Ministries Bright Star Community Outreach Chicago Learning Exchange Claretian Associates, Inc. Enlace Chicago Enlace Chicago Greater Chicago of Alliance of Black School Educators -Gcabse","https://www.facebook.com/122160216644926733/posts/122168129606926733","2","2","0","0"
"4/3/2026 4:04 pm","355075968400258_1346774264226831","Facebook","Post","Photo","Children First Fund","https://www.facebook.com/295295272708074/posts/1346774264226831","A huge thank you to All Kids Bike and Motorcycle Safety Lawyers for donating bikes, helmets, and training for the Learn-to-Ride program. We love partners who invest in the safety and joy of our CPS community!

#AllKidsBike #CPS #ChildrenFirstFund #Chicago","https://www.facebook.com/396271052532245/posts/1359214579571216","2","2","0","0"
"4/3/2026 3:34 pm","713783478485460_829868896111867","Facebook","Post","Photo","Chicago Education Alliance","https://www.facebook.com/122160216644926733/posts/829868896111867?substory_index=829868896111867","","https://www.facebook.com/profile.php?id=122160216644926733","0","0","0","0"
"4/3/2026 10:00 am","9961411679_1374543688038782","Facebook","Post","Photo","City Year","https://www.facebook.com/642274284599063/posts/1374543688038782","POV: You spend a year making a real impact AND leveling up your leadership skills, that’s City Year.

Find out more: https://bit.ly/3WlV9gj","https://www.facebook.com/photo.php?fbid=1374543661372118&set=a.642264387933386&type=3","3","3","0","0"
"4/2/2026 10:15 am","232693460103788_1375900171235276","Facebook","Post","Photo","A Better Chicago","https://www.facebook.com/324620916363212/posts/1375900171235276","Our second annual State of Our Youth event left us feeling hopeful and inspired.

We filled City Hall with hundreds of community members for a powerful conversation on how our city’s youth are faring and what we can do to better support them.

Here’s what we discussed:
➡ Data showing how school attendance directly impacts a student’s success and outcomes.
➡ Real stories of creative, yet often simple, ways schools are addressing chronic absenteeism.
➡ A powerful perspective from our youth on the importance of connection, belonging and access to programs.

Thank you to our moderator, Dr. Janice K. Jackson, EdD, to our panelists Elizabeth Cook, Barton Dassinger, and Khari V., and to everyone who showed up. When we come together for our youth, that’s when real change happens.

Learn more about these pressing topics in our State of our Youth report: https://www.abetterchicago.org/reports-and-insights/state-of-our-youth-2026

Photos by Kyle Flubacker","https://www.facebook.com/324620916363212/posts/1375900171235276","9","5","0","4"
"4/2/2026 8:48 am","9961411679_1373648851461599","Facebook","Post","Video","City Year","https://www.facebook.com/reel/886665947688247/","Serving with City Year is the bees-knees; take it from our friend, Honeybutter Popcorn!","https://www.facebook.com/reel/886665947688247/","9","6","1","2"
"4/1/2026 7:52 pm","9961411679_1373159234843894","Facebook","Post","Link","City Year","https://www.facebook.com/642274284599063/posts/1373159234843894","Right out of high school, City Year gives you real-world experience, real impact, and a real jump‑start on your future: ","https://bit.ly/4btg7kF","3","2","0","1"
"4/1/2026 7:51 pm","809795299116133_1386255760201271","Facebook","Post","Photo","IL Raise Your Hand","https://www.facebook.com/443559341137589/posts/1386255760201271","","https://www.facebook.com/photo.php?fbid=1249277434008347&set=a.414268530842579&type=3","2","1","0","1"
"4/1/2026 7:50 pm","809795299116133_1386255500201297","Facebook","Post","Photo","IL Raise Your Hand","https://www.facebook.com/443559341137589/posts/1386255500201297","No jokes here—running for a seat on the CPS Board is serious work.

Join us to learn about different and creative ways to fund your campaign for the upcoming CPS board elections! RSVP at ilraiseyourhand.org/events","https://www.facebook.com/photo.php?fbid=1379442950882552&set=a.369996131827244&type=3","4","2","0","2"
"4/1/2026 3:19 pm","196842483717237_1474516624691549","Facebook","Post","Photo","Communities In Schools of Chicago","https://www.facebook.com/681023914040828/posts/1474516624691549","This spring, our Fundamental Needs Partnership Specialist Jacque has been busy working with community partners to meet students' and families' essential needs. 

-In January, Enchanted Backpack provided backpacks filled with resources to several CIS schools, and more schools are expected to receive resources soon.
-In February, Cradles to Crayons Chicago provided coats to CIS schools with this specific request, ensuring students are staying warm.
-In March, Jacque attended Cradles to Crayons Stronger Together Appreciation Brunch, along with other service partners, and built strong connections with individuals and organizations across the city.","https://www.facebook.com/681023914040828/posts/1474516624691549","2","2","0","0"
"4/1/2026 2:49 pm","713783478485460_122167837070926733","Facebook","Post","Photo","Chicago Education Alliance","https://www.facebook.com/122160216644926733/posts/122167837070926733","Heather has helped shape education systems at every level from managing a $9.4B budget at Chicago Public Schools to advancing statewide policy and funding strategies that center equity and community voice.

Her leadership will be instrumental as we continue working to ensure every student in Chicago has access to opportunity and a high-quality education.

The Chicago Public Education Fund Instituto del Progreso Latino The Joyce Foundation The Chicago Urban League Latino Policy Forum Advance Illinois Latino Policy Forum Metropolitan Family Services Chicago Beyond 
The Resurrection Project Local Initiatives Support Corporation (LISC)","https://www.facebook.com/photo.php?fbid=122167835846926733&set=a.122160109298926733&type=3","2","1","1","0"
"4/1/2026 10:40 am","2039367336931565676","X","Post","Photo","KidsFirstChi","https://twitter.com/KidsFirstChi/status/2039367336931565676","MCATs fund essentials—transportation, special ed, meals. The basics. When those fall short, students pay the price. @HouseDemsIL @ILSenateGOP @ILHouseGOP @ILSenDems, let’s fund MCATs. #FundTheFormula https://t.co/eCfY9Fmm8J","","2","1","0","1"
"3/31/2026 6:00 pm","809795299116133_1385346293625551","Facebook","Post","Photo","IL Raise Your Hand","https://www.facebook.com/443559341137589/posts/1385346293625551","We'd like to end Women's History Month with highlighting our Raise Your Hand team!! 🫶🏼💙  

We deeply value each member's commitment to growing parent empowerment, supporting families, and making our schools more equitable and safer for our children. We're proud of how far we've come and look forward to what's next.","https://www.facebook.com/photo.php?fbid=1385346260292221&set=a.369996131827244&type=3","2","2","0","0"
"3/31/2026 3:25 pm","196842483717237_1473665934776618","Facebook","Post","Photo","Communities In Schools of Chicago","https://www.facebook.com/681023914040828/posts/1473665934776618","Our team at CIS of Chicago is thrilled to welcome Ari Glass to the Board of Directors.
 
Ari Glass serves as the Head of Real Estate at Mansueto Office, an investment firm based in Chicago, and he has more than 28 years of commercial real estate experience across several disciplines. Before Mansueto Office, he served as President of Zeller Realty Corporation, and prior to Zeller, he worked as the Marketing Director at Golub and Company.
 
Ari is a Chicago-area native and brings a wealth of experience, leadership, and passion to CIS of Chicago. We look forward to his continued service on our Board of Directors. Welcome, Ari!","https://www.facebook.com/photo.php?fbid=1473665821443296&set=a.594004809409406&type=3","6","6","0","0"
"3/31/2026 12:09 pm","9961411679_1372016441624840","Facebook","Post","Video","City Year","https://www.facebook.com/reel/1496435542098703/","As a City Year student success coach the bonds you build with your team and students are what makes your day great!","https://www.facebook.com/reel/1496435542098703/","5","4","0","1"
"3/31/2026 9:58 am","1720771904827240_1367801652052078","Facebook","Post","Photo","Kids First Chicago","https://www.facebook.com/560299942802257/posts/1367801652052078","Women in Leadership: Closing out Women’s History Month by celebrating Dr. Macquline King as the permanent CEO of Chicago Public Schools. We look forward to continued partnership to advance equity and opportunity for all Chicago students and families. #CPS #womeninleadership 
—-
Mujeres en Liderazgo: Al cerrar el Mes de la Historia de la Mujer, celebramos a la Dra. Macquline King por su nombramiento como Directora Ejecutiva permanente de las Escuelas Públicas de Chicago. Esperamos continuar colaborando con usted para avanzar la equidad y las oportunidades para todas y todos los estudiantes y familias de Chicago.#MujeresEnLiderazgo","https://www.facebook.com/560299942802257/posts/1367801652052078","10","8","0","2"
"3/30/2026 4:40 pm","1720771904827240_1367229205442656","Facebook","Post","Photo","Kids First Chicago","https://www.facebook.com/560299942802257/posts/1367229205442656","K1C Women in Leadership: Shouting out the women at Kids First Chicago who lead as Chiefs and Directors. Your leadership, perspective, and commitment make a real difference for Chicago students and families every day. Grateful to have you leading the work 💛 #womeninleadership #chicago","https://www.facebook.com/560299942802257/posts/1367229205442656","16","12","4","0"
"3/30/2026 4:34 pm","1720771904827240_1367225248776385","Facebook","Post","Photo","Kids First Chicago","https://www.facebook.com/560299942802257/posts/1367225248776385","K1C Women in Leadership: Shouting out the women at Kids First Chicago who lead as Chiefs and Directors. Your leadership, perspective, and commitment make a real difference for Chicago students and families every day. Grateful to have you leading the work 💛 #womeninleadership #chicago","https://www.facebook.com/560299942802257/posts/1367225248776385","2","2","0","0"
"3/30/2026 4:26 pm","355075968400258_1343268811244043","Facebook","Post","Link","Children First Fund","https://www.facebook.com/295295272708074/posts/1343268811244043","We are thrilled to celebrate the official appointment of Dr. Macquline King as the permanent Superintendent/CEO of Chicago Public Schools! Since stepping into the interim role in June, Dr. King has been a steadfast advocate for our students and schools.

As a true champion for philanthropy, she understands the transformative power that community investment has within our district. Earlier this year, she shared this powerful vision at our Partnering for Progress (P4P) event, highlighting how collective support creates a direct path to student success.

We look forward to continuing our work together to advance the CPS vision and ensuring that every student in every school receives the high-quality educational experience they deserve.

Read the full release here: https://www.cps.edu/press-releases/2026/march/chicago-board-of-education-selects-dr.-macquline-king-as-superintendentceo-of-chicago-public-schools/

#CPS #EducationPhilanthropy #Partnership #Leadership #Chicago #CFF","https://www.cps.edu/press-releases/2026/march/chicago-board-of-education-selects-dr.-macquline-king-as-superintendentceo-of-chicago-public-schools/","2","1","1","0"
"3/30/2026 1:50 pm","9961411679_1371306735029144","Facebook","Post","Link","City Year","https://www.facebook.com/642274284599063/posts/1371306735029144","Behind every breakthrough moment in the classroom is a dedicated City Year AmeriCorps member. Find out what it really means to be a Student Success Coach and why the role matters.

Read the impact story:
https://bit.ly/3VYwhJO","https://www.cityyear.org/national/stories/education/city-year-americorps-members-are-student-success-coaches/","5","4","0","1"
"3/30/2026 8:48 am","2038614269772664883","X","Post","Photo","_abetterchicago","https://twitter.com/_abetterchicago/status/2038614269772664883","See you tomorrow for our second annual State of Our Youth event from 4pm - 6:30pm at City Hall Events! https://t.co/AFBqs8sr8f","","0","0","0","0"
"3/27/2026 1:42 pm","931616600195955_1371719281661296","Facebook","Post","Photo","Teach Plus Illinois","https://www.facebook.com/646013757565189/posts/1371719281661296","On AI Literacy Day, Teach Plus Policy Fellows are sharing the support Illinois teachers want on AI: tinyurl.com/teachplusIL-AI

Last year, we passed SB1920 to require statewide AI guidance. Now, we’re sharing how the Illinois State Board of Education can create guidance that's responsive to teachers' concerns.

Our new memo with the Illinois Digital Educators Alliance, From “Rules and Tools” to Schools, surveyed Illinois educators and found that 58% of teachers are already using AI for lessons—but too many still lack the training they need.

Read our 4 key recommendations for the statewide guidance coming this summer:

1️⃣ Statewide Vetting: Clear frameworks for safe, equitable tools.
2️⃣ Teacher Leaders: Empowering local experts to mentor peers.
3️⃣ Concrete Examples: Moving from ""vague principles"" to classroom-ready models.
4️⃣ Human Connection: AI to support, not replace, relationships.

Get the 2-page roadmap here (or listen to the podcast version in the comments!) tinyurl.com/teachplusIL-AI","https://www.facebook.com/photo.php?fbid=1371708174995740&set=a.639101738256391&type=3","4","2","1","1"
"3/27/2026 11:31 am","9961411679_1368766868616464","Facebook","Post","Photo","City Year","https://www.facebook.com/642274284599063/posts/1368766868616464","AI is accelerating, but the future of work still depends on distinctly human strengths. Across the country, today is a day of action to bring #AILiteracy to every classroom and community as we answer the question: “How do we prepare for what’s next?”

In conjunction with National AI Literacy Day, a new white paper has been released by a coalition including the EDSAFE AI Alliance, City Year, Partnership for Student Success, and Voices for National Service, arguing that the solution isn't to beat the algorithms, but to invest in the unique human skills that AI cannot replicate and that AmeriCorps national service programs can provide.

The message lands:
We don’t win by racing machines. We win by developing people and the durable skills that national service builds every day.

If we want a resilient workforce in the age of AI, investing in human potential isn’t optional it’s essential.
Check out how national service can help rebuild the first rung of the career ladder. https://bit.ly/47nCLbN

Voices for National Service. #NationalAILiteracyDay #Education #K12 #JoinTheMovement","https://www.facebook.com/photo.php?fbid=1368766831949801&set=a.642264387933386&type=3","7","5","0","2"
"3/27/2026 10:00 am","809795299116133_1381808507312663","Facebook","Post","Photo","IL Raise Your Hand","https://www.facebook.com/443559341137589/posts/1381808507312663","💐Professor Elizabeth Todd-Breland is an Associate Professor of History and Black Studies at UIC Chicago, served as a CPS board member since 2019, and later was appointed as the Vice President of CPS by Major Johnson in 2023. 

Through her years of research on harmful education policy and education organizing, Professor Todd-Breland continuously advocated for traditional under-resourced schools in CPS, noting that past racist policy continue to shape the current inequities we see in schools. She also advocated for CPS to truly include the voices of parents, students, and local communities in decision making processes, specifically around school closures, budgets, and leadership. 

Today we honor Professor Todd-Breland's commitment to education equity for the our most vulnerable students and her continued work to center our community's experiences and voices. 💐 

#womenshistorymonth #WomenEmpowerment","https://www.facebook.com/photo.php?fbid=1381808470646000&set=a.369996131827244&type=3","2","1","0","1"
"3/27/2026 10:00 am","9961411679_1368705841955900","Facebook","Post","Photo","City Year","https://www.facebook.com/642274284599063/posts/1368705841955900","Thinking about your next move? Join City Year and become the “main character” in a student’s success story.

Find out more: https://bit.ly/4rQmiEa","https://www.facebook.com/photo.php?fbid=1368705811955903&set=a.642264387933386&type=3","4","3","0","1"
"3/26/2026 7:01 pm","809795299116133_1381243480702499","Facebook","Post","Photo","IL Raise Your Hand","https://www.facebook.com/443559341137589/posts/1381243480702499","💐Grace Lee Boggs was a Chinese American author and labor and civil rights activist. She first became involved in the labor movement, the Black Power Movement, and  environmental movements after moving to Chicago, where she witnessed Black organizers protesting for better living conditions and the dismantling of segregation. 

Later, she became deeply involved in grassroots organizing in Detroit, where she led and established various groups and movements focused on liberation. She also wrote her book The Next American Revolution: Sustainable Activism for the Twenty-First Century.

She believed transformation was possible through long-term relationship building and collective and individual empowerment. Today, we honor Grace Lee Boggs's enlightening contribution to grassroots organizing. Raise Your Hand, like Grace Lee Boggs, believes in the long term growth and leadership of parents in our education justice movement. 💐

#womenshistorymonth #WomenEmpowerment","https://www.facebook.com/photo.php?fbid=1381243450702502&set=a.369996131827244&type=3","0","0","0","0"
"3/26/2026 3:49 pm","196842483717237_1469562548520290","Facebook","Post","Photo","Communities In Schools of Chicago","https://www.facebook.com/681023914040828/posts/1469562548520290","Through a field trip to the American Writers Museum, students experienced not only the reading of a children's book by the author himself. They participated in drawing activities that responded to the book's themes AND went home with their own copies.

Thanks to CIS community partner, the American Writers Museum, for hosting our students and to author Harold Green III, whose reading of his book ""Hugged by the Night"" was enjoyed by all present.","https://www.facebook.com/681023914040828/posts/1469562548520290","3","2","0","1"
"3/26/2026 1:53 pm","1720771904827240_1363708955794681","Facebook","Post","Photo","Kids First Chicago","https://www.facebook.com/560299942802257/posts/1363708955794681","K1C Women in Leadership: Congratulations to Mara Botman, Kids First Chicago board member, on being selected for the 2026 Daniel Burnham Fellowship.

We’re proud to have leaders like Mara helping drive impact for Chicago’s students and communities.#Chicago #WomenInLeadership 
—
K1C Mujeres en Liderazgo: Felicitaciones a Mara Botman, miembro de la Junta Directiva de Kids First Chicago, por haber sido seleccionada para la beca Daniel Burnham 2026.

Nos enorgullece contar con líderes como Mara, quienes impulsan un impacto significativo para los estudiantes y las comunidades de Chicago.

#Chicago #MujeresEnLiderazgo","https://www.facebook.com/560299942802257/posts/1363708955794681","1","0","1","0"
"3/26/2026 10:00 am","232693460103788_1370004675158159","Facebook","Post","Photo","A Better Chicago","https://www.facebook.com/324620916363212/posts/1370004675158159","“Being an effective leader isn’t about the title, or the size of the budget you control or the name recognition. Rather it is honest, authentic connections that translate into influence.” — Beth Swanson, A Better Chicago

People and relationships matter. Genuine connections are what turn intention into impact and leadership into influence. 

Thank you to Crain's Chicago Business for the opportunity to have CEO, Beth Swanson, take the stage at the 2026 Women of Influence luncheon to share her perspective on the power of connection.","https://www.facebook.com/324620916363212/posts/1370004675158159","1","1","0","0"
"3/26/2026 10:00 am","809795299116133_1380927044067476","Facebook","Post","Photo","IL Raise Your Hand","https://www.facebook.com/443559341137589/posts/1380927044067476","We want to give everyone a quick update on what we have been doing the last few months. We're currently focused on rebuilding our organization and centering our organizing on the upcoming CPS board elections and Local School Councils. 

We know how important it is to have a parent space within the education justice movement, and that is why we are committed to continue growing as organizers and as an organization.","https://www.facebook.com/443559341137589/posts/1380927044067476","1","0","0","1"
"3/26/2026 9:00 am","1720771904827240_1363481382484105","Facebook","Post","Photo","Kids First Chicago","https://www.facebook.com/560299942802257/posts/1363481382484105","Did you see K1C staff for LSC elections? Our team was out across Chicago schools making sure families had the info they needed to vote in the Local School Council elections + and looking ahead to the upcoming elected school board races. Community voices matter, and we’re proud to help make them heard!

#K1C #KidsFirstChicago","https://www.facebook.com/560299942802257/posts/1363481382484105","11","10","0","1"
"3/25/2026 2:23 pm","196842483717237_1468604175282794","Facebook","Post","Photo","Communities In Schools of Chicago","https://www.facebook.com/681023914040828/posts/1468604175282794","Special thanks to our friends at Jackson for supporting young people on their path to success!

This spring, Jackson National Asset Management selected CIS of Chicago as one of five nonprofit recipients of a giving campaign. Our own Faith Fox attended a celebration there with other nonprofit partners.

AND the Jackson team hosted CIS students for a recent Inspiring Futures visit, where employees engaged with young people, asked them about their short-term and long-term goals, and discussed their own career paths.","https://www.facebook.com/681023914040828/posts/1468604175282794","3","3","0","0"
"3/25/2026 9:30 am","232693460103788_1369010775257549","Facebook","Post","Photo","A Better Chicago","https://www.facebook.com/324620916363212/posts/1369010775257549","We’re thrilled to see Chicago Scholars, an A Better Chicago portfolio organization, continuing to thrive!

Here are three highlights from the past month:

1️⃣ Chicago Scholars was recognized as a 2026 Inclusive Workplace by Best Companies Group and COLOR Magazine.

2️⃣ Dr. Tamara Hoff Pope, Chicago Scholars’ Chief Strategy Officer, was honored as a 2026 Chicago Defender Women of Excellence recipient.

3️⃣ TIAA made a generous $50,000 donation to support the organization during this year’s Big Ten Tournament.","https://www.facebook.com/324620916363212/posts/1369010775257549","2","2","0","0"
"3/25/2026 9:16 am","100765022373940_915170844477018","Facebook","Post","Video","Hope Chicago","https://www.facebook.com/reel/1252908189792997/","“Hope is a passion everyone needs in their life.” 🧡🥹

Over 380 Hope Parent Scholars have already enrolled in a #debtfree pathway with #HopeChicago, putting our program at the frontier of adult access and completion of higher education in America.

And Hope Parent Scholars are moving the needle. 

Motivated to…

🙌🏾 achieve their dreams.
🙌🏽 motivate their children.
🙌🏿 show the 🌎 what they’ve got.

#HopeLivesHere when two generations can rise together.","https://www.facebook.com/reel/1252908189792997/","3","2","0","1"
"3/24/2026 7:01 pm","809795299116133_1379442964215884","Facebook","Post","Photo","IL Raise Your Hand","https://www.facebook.com/443559341137589/posts/1379442964215884","👉 Need tips and ideas for how to fund your election campaign for the CPS elections? 

Join us on Wednesday, April 8 to learn about practical and creative ways to fund your run as a parent. We don't believe hundreds of thousands of dollars is necessary to win, and we're here to share how that's possible. 

Register using the Linktree in our bio to join our conversation. 😁","https://www.facebook.com/photo.php?fbid=1379442950882552&set=a.369996131827244&type=3","6","0","0","6"
"3/24/2026 4:19 pm","809795299116133_1379364180890429","Facebook","Post","Photo","IL Raise Your Hand","https://www.facebook.com/443559341137589/posts/1379364180890429","💐 Today, we are honoring Barbara Sizemore, an enthusiastic educator theorist, public education teacher, and principal. She was the first Black woman to become a CPS principal and later became the first Black woman to be elected as Superintendent of the District of Columbia. 

She continuously advocated for and empowered Black and low-income students as she believed in preparing them with the resources and support needed to succeed in a system that consistently worked against them. 

We honor and remember Barbara Sizemore's valuable lesson to continuously advocate for the future of our public schools while remaining grounded in the needs of our communities today. 💐","https://www.facebook.com/photo.php?fbid=1379358307557683&set=a.369996131827244&type=3","0","0","0","0"
"3/24/2026 12:00 pm","232693460103788_1368239538668006","Facebook","Post","Photo","A Better Chicago","https://www.facebook.com/324620916363212/posts/1368239538668006","We’re proud to share that Matthew Brewer has joined A Better Chicago’s Board of Directors.

Brewer serves as Operating Chairman of the Chicago Housing Authority (CHA), is a partner at Bartlit Beck LLP, the founder of floChicago and the co-owner of Chicago’s legendary Wiener’s Circle.

A South Side native, Brewer has dedicated his career to expanding opportunity across Chicago, particularly for young people.

We look forward to the leadership he will bring, along with his deep commitment to civic engagement and to Chicago!","https://www.facebook.com/photo.php?fbid=1368239475334679&set=a.321187470039890&type=3","5","4","1","0"
"3/24/2026 12:00 pm","2036488213288657258","X","Post","Photo","_abetterchicago","https://twitter.com/_abetterchicago/status/2036488213288657258","We’re proud to share that Matthew Brewer has joined A Better Chicago’s Board of Directors.

We look forward to the leadership he will bring, along with his deep commitment to civic engagement and to Chicago! https://t.co/KDd0wgJW4v","","2","2","0","0"
"3/24/2026 10:03 am","355075968400258_1337692708468320","Facebook","Post","Video","Children First Fund","https://www.facebook.com/295295272708074/posts/1337692708468320","From barbering to cosmetology, the students at Chicago Public Schools Simeon Career Academy are mastering professional crafts and building the skills they need to lead in their industry!

Huge thanks to SocialWorks for these powerful investments in CTE that create real paths to success for our students. 
Catch the highlight video here:","https://www.facebook.com/reel/2088775388331755/","0","0","0","0"
"3/24/2026 9:00 am","1720771904827240_1361617522670491","Facebook","Post","Photo","Kids First Chicago","https://www.facebook.com/560299942802257/posts/1361617522670491","K1C had their boots on the ground last weekend, as a group of our parents attended the Youth Guidance Parent Conference. Our parents had a chance to engage with other parents across Chicago, and one of our very own staff members and parents had the opportunity to lead their own learning session. Thank you Youth Guidance Chicago for a wonderful time. 💚","https://www.facebook.com/560299942802257/posts/1361617522670491","9","8","0","1"
"3/23/2026 5:25 pm","1720771904827240_1361050029393907","Facebook","Post","Photo","Kids First Chicago","https://www.facebook.com/560299942802257/posts/1361050029393907","K1C Women in Leadership: Today we’re celebrating Brenda Rivera, a dedicated Parent Champion making an impact in education. She recently joined a panel of educators at Leadership Greater Chicago’s Annual Day on Education, sharing a parent perspective with city leaders.

Brenda also co-led a workshop on school enrollment, budgets, and what’s next—showing how women and parents shape the future of our schools.  She is also a fearless leader in her school community and a trailblazer within in her own right.

Here’s to the women leading the way at K1C!","https://www.facebook.com/photo.php?fbid=1361049999393910&set=a.554354493396802&type=3","6","4","0","2"
"3/23/2026 3:42 pm","196842483717237_1466850462124832","Facebook","Post","Photo","Communities In Schools of Chicago","https://www.facebook.com/681023914040828/posts/1466850462124832","𝗖𝗜𝗦 𝘀𝘂𝗽𝗽𝗼𝗿𝘁𝘀 𝘀𝘁𝘂𝗱𝗲𝗻𝘁 𝘀𝘂𝗰𝗰𝗲𝘀𝘀 𝗮𝗻𝗱 𝗮𝗰𝗵𝗶𝗲𝘃𝗲𝘀 𝗶𝗺𝗽𝗿𝗲𝘀𝘀𝗶𝘃𝗲 𝗿𝗲𝘀𝘂𝗹𝘁𝘀! 𝗢𝘂𝗿 𝗽𝗿𝗼𝗴𝗿𝗮𝗺𝘀:
--𝗚𝗲𝗻𝗲𝗿𝗮𝘁𝗲 $𝟮.𝟯𝟲 𝗯𝗮𝗰𝗸 𝗶𝗻 𝗳𝗲𝗱𝗲𝗿𝗮𝗹 𝘁𝗮𝘅 𝗿𝗲𝘃𝗲𝗻𝘂𝗲 𝗳𝗼𝗿 𝗲𝘃𝗲𝗿𝘆 $𝟭 𝗶𝗻𝘃𝗲𝘀𝘁𝗲𝗱.
--𝗟𝗶𝗳𝘁𝘀 𝘀𝘁𝘂𝗱𝗲𝗻𝘁𝘀’ 𝗴𝗿𝗮𝗱𝘂𝗮𝘁𝗶𝗼𝗻 𝗿𝗮𝘁𝗲𝘀 𝗮𝗻𝗱 𝘁𝘄𝗼-𝘆𝗲𝗮𝗿 𝗰𝗼𝗹𝗹𝗲𝗴𝗲 𝗲𝗻𝗿𝗼𝗹𝗹𝗺𝗲𝗻𝘁.
--𝗜𝗻𝗰𝗿𝗲𝗮𝘀𝗲𝘀 𝘆𝗼𝘂𝗻𝗴 𝗽𝗲𝗼𝗽𝗹𝗲'𝘀 𝗲𝗰𝗼𝗻𝗼𝗺𝗶𝗰 𝗺𝗼𝗯𝗶𝗹𝗶𝘁𝘆.

Recently, our CEO Jane Mentzinger and Field Supervisor Paul Brian Fagen had the opportunity to share more about the impact of our programs with the Chicago Sun-Times. Now serving students in 250 Chicago public schools, CIS is ""here for the long haul.""

Read the full article here: https://chicago.suntimes.com/sponsored-content/2026/03/21/sponsored-little-known-nonprofit-ensuring-kids-futures-big-return-tax-dollars","https://www.facebook.com/photo.php?fbid=1466850395458172&set=a.594004809409406&type=3","6","4","0","2"
"3/23/2026 10:10 am","232693460103788_1367295645429062","Facebook","Post","Photo","A Better Chicago","https://www.facebook.com/324620916363212/posts/1367295645429062","Earlier this month, we gathered with our portfolio organizations for a special workshop on finding power in your story. 

Led by Rudd Resources, a Bronzeville-based full-service communications firm, the interactive session focused on strengthening storytelling and development across digital platforms.

Together, we explored practical tools to build confidence, sharpen messaging, and craft authentic posts that connect mission-driven work with the audiences nonprofit leaders seek to engage.

We are always grateful for opportunities to gather and learn. Thank you to Rudd Resources and to all of our portfolio organizations who joined us.","https://www.facebook.com/324620916363212/posts/1367295645429062","4","3","0","1"
"3/23/2026 9:43 am","2036091395845279789","X","Post","Photo","_abetterchicago","https://twitter.com/_abetterchicago/status/2036091395845279789","Thank you to Rudd Resources for hosting a special workshop on finding power in your story with our portfolio organizations! https://t.co/zgqa3Tx6lz","","0","0","0","0"
"3/21/2026 10:00 am","809795299116133_1376496247843889","Facebook","Post","Photo","IL Raise Your Hand","https://www.facebook.com/443559341137589/posts/1376496247843889","💐 Today we are honoring Sandra Cisneros, a Mexican-American novelist and writer known for highlighting Mexican American life in Chicago and its intersections with gender and class in in her books and poetry. She is best known for her book The House on Mango Street and her short-story collection Women Hollering Creek and Other Stories. 

Sandra has paved the way for Mexican American and Latino literature for decades. She has inspired countless generations of women to create and share their experiences and learnings through their writing. Sandra Cisneros's writing reminds us that our lived experiences and story telling are valuable and powerful tools to demand for change. 

#womenshistorymonth #womenempowerment","https://www.facebook.com/photo.php?fbid=1376496234510557&set=a.369996131827244&type=3","2","1","0","1"
"3/20/2026 2:59 pm","355075968400258_1334161525488105","Facebook","Post","Link","Children First Fund","https://www.facebook.com/295295272708074/posts/1334161525488105","The series continues! We are thrilled to share the next stop in SocialWorks series highlighting their CTE grants in action.

At Chicago Public Schools' Dyett High School, creativity meets technology! This look at their Digital Media Arts program shows how investing in our students' artistic visions prepares them for the modern creative economy.

Huge thanks to Social Works for these powerful investments that create real paths to success for our students. See the innovation in action:","","0","0","0","0"
"3/20/2026 10:01 am","809795299116133_1375583807935133","Facebook","Post","Photo","IL Raise Your Hand","https://www.facebook.com/443559341137589/posts/1375583807935133","💐 Today we are continuing to honor trail blazing women for Women's History Month.

Ella Baker was a powerful and critical leader in the Jim Crow era and Civil Rights Movement. She was the co-founder of the Southern Christian Leadership Conference  and created the Student Non-Violent Coordinating Committee, a group of young organizers fighting against segregation with non-violent, direct action. 

Ella Baker was very vocal about grassroots organizing being the key to the any movement's longevity, and she believed in building the leadership of each person long term. We honor Ella Baker's radical grassroots organizing framework as Raise Your Hand also believes in growing and sustaining each parent's leadership as organizers.","https://www.facebook.com/photo.php?fbid=1375583781268469&set=a.369996131827244&type=3","0","0","0","0"
"3/19/2026 12:13 pm","355075968400258_1333065238931067","Facebook","Post","Video","Children First Fund","https://www.facebook.com/295295272708074/posts/1333065238931067","We are excited to share the first in a new video series from SocialWorks highlighting their CTE grants in action.

From the broadcast booth to the automotive shop and the culinary arts kitchen, Dunbar Vocational High School in Chicago Public Schools is a hub of career-ready talent!

Huge thanks to SocialWorks for these powerful investments that create real paths to success for our students. Check out the highlights of how they are mastering their crafts:","https://www.facebook.com/reel/1514904549976936/","0","0","0","0"
"3/19/2026 10:00 am","232693460103788_1363597222465571","Facebook","Post","Photo","A Better Chicago","https://www.facebook.com/324620916363212/posts/1363597222465571","Today we’re gathering for the celebration of Crain's Chicago Business ’ Women of Influence, where our CEO, Beth Swanson, will be honored as one of ten incredible female leaders selected this year.

This annual event recognizes women who lead with impact while creating space for meaningful connection, inspiration and the exchange of ideas that move business and community forward.

We’re proud to be led by an extraordinary leader who works tirelessly to build pathways out of poverty for our city’s youth.","https://www.facebook.com/photo.php?fbid=1363597192465574&set=a.321187470039890&type=3","3","2","0","1"
"3/18/2026 9:30 am","232693460103788_1362797945878832","Facebook","Post","Photo","A Better Chicago","https://www.facebook.com/324620916363212/posts/1362797945878832","RUSH Education and Career Hub (REACH), an A Better Chicago portfolio organization, is a cradle-to-career pipeline supporting students from pre-K through college on Chicago’s West Side. 

As a key strategy within Rush University Medical Center’s broader mission to advance health equity, REACH prepares the next generation of diverse professionals by creating pathways into STEM and healthcare careers for students across the community.

REACH provides academic enrichment, mentoring, and internship opportunities that help students overcome barriers while strengthening community health. Since joining our portfolio last year, we’ve invested more than $100,000 to support the continued growth and impact of this work.","https://www.facebook.com/photo.php?fbid=1362797922545501&set=a.321187470039890&type=3","2","2","0","0"
"3/17/2026 1:54 pm","189261190944495_122264119460174953","Facebook","Post","Photo","Illinois Partners for Teacher Leadership","https://www.facebook.com/61555248605335/posts/122264119460174953/","Big impact. Real momentum. Lasting change.

The 2026 Illinois Teacher Leadership Summit brought together passionate educators ready to lead, learn, and take action and the results speak for themselves. From powerful collaboration to meaningful work time, this weekend wasn’t just about ideas. It was about building solutions that will shape schools and communities across Illinois.

With 16 logic models created, growing confidence in leadership, and 98% of attendees ready to recommend this experience to a colleague, one thing is clear: this work matters.

Now, the real impact begins as teams take their plans back to their schools and turn vision into action.

Here’s to leading today and transforming tomorrow. 💙✨ 

We're already planning for next year!

#TeacherLeadership #IllinoisEducators #LeadTodayLeadTomorrow #EducationLeadership #TeacherLeaders","https://www.facebook.com/photo.php?fbid=122264119328174953&set=a.122101457768174953&type=3","9","2","0","7"
"3/17/2026 5:06 am","1720771904827240_1355131509985759","Facebook","Post","Photo","Kids First Chicago","https://www.facebook.com/560299942802257/posts/1355131509985759","1 day until Local School Council elections for chipubschools. Have you made your plan to vote on March 18? 

Your school community is stronger when families and neighbors participate. 
—
Falta un día para las elecciones del Consejo Escolar Local de Chicago Public Schools. ¿Ya tiene su plan para votar el 18 de marzo?

La comunidad escolar se fortalece cuando las familias y los vecinos participan.

#chicagovotes #votevotevote","https://www.facebook.com/560299942802257/posts/1355131509985759","2","0","0","2"
"3/16/2026 3:59 pm","1720771904827240_1354699900028920","Facebook","Post","Photo","Kids First Chicago","https://www.facebook.com/560299942802257/posts/1354699900028920","Tonight CPS, is hosting the final Black Student Success Plan Community Roundtable, and it’s virtual. We encourage everyone to tune in, raise your voice, and show up for our students.

Pictured is one of our very own staff members attending a recent roundtable and standing alongside community members advocating for Black student success.

Visit kidsfirstchicago.org/events to register — it’s not too late to join the conversation. 🖤 Photo courtesy of Chicago Tribune.","https://www.facebook.com/photo.php?fbid=1354699883362255&set=a.554354493396802&type=3","1","1","0","0"
"3/16/2026 3:52 pm","196842483717237_1460841186059093","Facebook","Post","Photo","Communities In Schools of Chicago","https://www.facebook.com/681023914040828/posts/1460841186059093","Student Supports Manager Marissa connected her students with a field trip to The Art Institute of Chicago, one of CIS' 200+ community partners. The trip exposed students across grade levels to art, culture, and creativity and included a guided museum tour.","https://www.facebook.com/681023914040828/posts/1460841186059093","3","3","0","0"
"3/16/2026 9:30 am","232693460103788_1361210026037624","Facebook","Post","Photo","A Better Chicago","https://www.facebook.com/324620916363212/posts/1361210026037624","Our second annual State of Our Youth event is right around the corner!

This year, we'll be joined by panelists:
⭐️ Hedy Chang, CEO of Attendance Works
⭐️ Barton Dassinger, principal of Cesar Chavez High School
⭐️ Khari V., high school senior at George Westinghouse College Prep

The discussion will be moderated by Dr. Janice Jackson, former CEO of Chicago Public Schools and current A Better Chicago board member.

We’re diving back into the data trends and insights around what it means to be a young person living in Chicago today.

Reserve your seat now at: https://www.eventbrite.com/e/state-of-our-youth-2026-tickets-1982835218515","https://www.facebook.com/324620916363212/posts/1361210026037624","4","4","0","0"
"3/16/2026 9:22 am","809795299116133_1372276508265863","Facebook","Post","Photo","IL Raise Your Hand","https://www.facebook.com/443559341137589/posts/1372276508265863","During this Women’s History Month, we honor Alderwoman Jeanette B. Taylor 20th ward , a parent leader, community organizer, a Dyett Hunger Striker, and a long time ally of Raise Your Hand.

Jeanette Taylor was a powerful leader in the movement against the 2013 Chicago Public Schools school closures, standing alongside parents, students, and educators as a Dyett Hunger Striker. She continues to organize and champion around affordable housing, equitable education, progressive budget policies, and more as Alderwoman of the 20th Ward. She currently sits on multiple committees and is the Chair for the Committee on Education and Child Development. 

Her leadership not only prevented the closure of Dyett High School, but it showed the power of grassroots organizing and the importance of parent leadership in shaping the future of public education.","https://www.facebook.com/photo.php?fbid=1372276191599228&set=a.369996131827244&type=3","3","1","1","1"
"3/16/2026 8:48 am","2033540811862724980","X","Post","Photo","_abetterchicago","https://twitter.com/_abetterchicago/status/2033540811862724980","Our second annual State of Our Youth event is right around the corner!

We’re diving back into the data trends and insights around what it means to be a young person living in Chicago today.

Reserve your seat now at: https://t.co/Ml896rtvGS https://t.co/ePsr2ZehFq","","0","0","0","0"
"3/16/2026 5:04 am","1720771904827240_1354270873405156","Facebook","Post","Photo","Kids First Chicago","https://www.facebook.com/560299942802257/posts/1354270873405156","2 days until Local School Council elections for chipubschools.  Have you made your plan to vote on March 18? 

Your school community is stronger when families and neighbors participate. 
—-

Faltan 2 días para las elecciones del Consejo Escolar Local de Chicago Public Schools. ¿Ya tiene su plan para votar el 18 de marzo?

La comunidad escolar se fortalece cuando las familias y los vecinos participan.

#chicagovotes #votevotevote","https://www.facebook.com/560299942802257/posts/1354270873405156","2","0","0","2"
"3/15/2026 6:12 pm","1720771904827240_1353916213440622","Facebook","Post","Photo","Kids First Chicago","https://www.facebook.com/560299942802257/posts/1353916213440622","3 days until Local School Council elections for Chicago Public Schools.

These councils help shape school priorities, budgets, and leadership. Don’t miss your chance to participate. Make your plan to vote March 18!","https://www.facebook.com/photo.php?fbid=1353915950107315&set=a.554354490063469&type=3","2","2","0","0"
"3/15/2026 11:00 am","809795299116133_1371529161673931","Facebook","Post","Photo","IL Raise Your Hand","https://www.facebook.com/443559341137589/posts/1371529161673931","📣 We are looking for new folks to join our Board! If you're passionate about protecting and improving public education in Illinois and meet the other criteria, please send your resume to info@ilraiseyourhand.org. Feel free to share with folks who would be a good fit. 

👉 We are accepting resumes on an on-going basis.","https://www.facebook.com/photo.php?fbid=1371529121673935&set=a.369996131827244&type=3","4","1","0","3"
"3/13/2026 3:29 pm","713783478485460_122165039120926733","Facebook","Post","Photo","Chicago Education Alliance","https://www.facebook.com/122160216644926733/posts/122165039120926733","See the full list of CEA Co-Design Team member orgs at ChicagoEducationAlliance.org","https://www.facebook.com/photo.php?fbid=122165038910926733&set=a.122160109298926733&type=3","1","1","0","0"
"3/13/2026 3:22 pm","931616600195955_1360006069499284","Facebook","Post","Link","Teach Plus Illinois","https://www.facebook.com/646013757565189/posts/1360006069499284","Calling all Educators of Color in Illinois!

Are you passionate about leading affinity groups and growing as a leader in wellness and liberation? The Illinois Affinity Group Network is now accepting applications for the 2026-27 Affinity Group Fellowship—a year-long transformative experience designed exclusively for Educators of Color in Illinois! 

Learn more: https://bit.ly/IL-AGNappinfo

🌟 What You’ll Gain:
✅ Build facilitation skills to lead affinity groups for Educators of Color
✅ Connect with a community of support for healing, growth, and collective power
✅ Engage in leadership coaching focused on wellness and sustainability

Apply now or nominate an educator of color you know! Let’s spread the word and ensure this incredible opportunity reaches all Educators of Color in Illinois! 

Application Link: https://bit.ly/IL-AGNapp

Nomination Link: https://tinyurl.com/3wdsbp92","http://www.teachplus.org/il","4","1","0","3"
"3/12/2026 1:56 pm","809795299116133_1369305088563005","Facebook","Post","Photo","IL Raise Your Hand","https://www.facebook.com/443559341137589/posts/1369305088563005","💐 Ida B. Wells Barnett was an investigative journalist, an  anti-lynching activist, and a women’s suffragist. She was born enslaved in Holly Springs, Mississippi in 1862. Having been recently emancipated and living during the reconstruction era, Ida B. Wells Barnett became a prominent Black leader and activist, influencing the future of the Civil Rights Movement. 

💐 She began as a Mississippi teacher and lived through the segregation of public schools. Having witnessed the deep inequities in Black schools in Mississippi and eventually Chicago, she began writing about her experiences as a Black teacher and demanded Black students deserved equal funding and opportunities. Although she was eventually dismissed as a teacher due to her views, education remained a key part of her work towards racial equality. 

💐 She is also particularly known for her anti-lynching activism and investigations and fight for Black women’s rights.  She eventually founded several groups such as the League of Colored Women, the National Association of Colored Women, and the Alpha Suffrage Club. Her anti-lynching activism led to 20+ years of collecting stories and evidence, and she  released her findings in her publication A Red Record: Tabulated Statistics and Alleged Causes of Lynchings in the United States in 1895.

💐 We honor Ida. B Wells Barnett’s contributions and leadership efforts in Chicago and Mississippi, bringing to light to the reality of life after emancipation and the continued fight for racial equality and freedom. 

#WomensHistoryMonth #HerStory","https://www.facebook.com/photo.php?fbid=1369304878563026&set=a.369996131827244&type=3","0","0","0","0"
"3/12/2026 1:27 pm","355075968400258_1327304376173820","Facebook","Post","Photo","Children First Fund","https://www.facebook.com/295295272708074/posts/1327304376173820","When schools and community partners come together, new possibilities open for students.

Last week, Children First Fund brought together partners and educators to explore the many ways organizations can directly support Chicago Public Schools students and schools—and to hear firsthand how these collaborations are making a real difference.

A huge thank you to our incredible panelists:
Principal Fred Williams (Chopin Elementary School)
Erin Estrada (Crown Family Philanthropies)
Sarah Kozin (GCM Grosvenor)
Karly Ashlock (Nuveen, a TIAA company)

Your insights and experiences showed what’s possible when schools and community partners work together.

As Principal Williams shared, these partnerships allow school leaders to “dream big”—bringing opportunities to students that might otherwise be out of reach.

Across CPS, schools are filled with talented students and dedicated educators doing amazing work every day. At the same time, many schools face resource gaps and inequities—and community partnerships help bring additional opportunities directly to students and families.

Through Children First Fund, organizations can support CPS students through opportunities such as:
🌟 Sponsor-a-School partnerships
🌟 School space upgrades
🌟 After-school enrichment
🌟 Career-connected learning
🌟 Scholarships
🌟 The Compassion Fund supporting students and families with emergent needs

These partnerships not only support students, but also create meaningful ways for organizations and their employees to connect with and invest in Chicago communities. 

Karly Ashlock shared a highlight from Nuveen/TIAA's annual partnership: “We bring groups of high school students to our offices for a career exploration day, many of whom have never been in a corporate setting before… it’s a day of exposing them to careers in financial services and asset management, but also a day that creates curiosity and connection between the students and our employees.”

We are continually inspired by the organizations and community members stepping forward to invest in Chicago’s students.

If you or your organization are interested in partnering with us, we’d love to connect.

Learn more: https://childrenfirstfund.org/partner","https://www.facebook.com/295295272708074/posts/1327304376173820","3","1","0","2"
"3/12/2026 1:18 pm","222712320927404_122283847376216507","Facebook","Post","Photo","The Urban Center","https://www.facebook.com/122209075502216507/posts/122283847376216507","In its drive to indoctrinate public school children with a radical political agenda, CTU plans to shut down the schools on May 1st and bring kids to a mass protest— No school, No work Day! Shame on CTU. Kids need to be learning, not used as pawns in CTU’s extremist games.","https://www.facebook.com/photo.php?fbid=122283847328216507&set=a.122175499880216507&type=3","2","1","0","1"
"3/12/2026 11:09 am","809795299116133_1369205075239673","Facebook","Post","Photo","IL Raise Your Hand","https://www.facebook.com/443559341137589/posts/1369205075239673","","https://www.facebook.com/663831219113117/posts/1375300507966181","0","0","0","0"
"3/12/2026 9:11 am","100765022373940_904070535587049","Facebook","Post","Link","Hope Chicago","https://www.facebook.com/235486975778745/posts/904070535587049","“I am destined for success.” ✨

Ashley’s affirmation is becoming a reality. 

As a mother of five, a Hope Parent Scholar 🎓enrolled at the City Colleges of Chicago, and a customer advocate at the Blue Cross and Blue Shield of Illinois Morgan Park multipurpose center, Ashley’s “dedication and hunger to grow personally and professionally is unmatched.” 💪🏿

Inspiring her Hope Scholar, her family, and all of us—Ashley’s journey showcases the awesome power of two-generations rising together in Chicago. #HopeLivesHere 

Read more about Ashley’s inspiring journey in this feature from our partners at Blue Cross and Blue Shield of Illinois. 

","https://www.bcbsil.com/newsroom/category/company-news/paving-way-muiltigenerational-success","7","6","1","0"
"3/11/2026 4:01 pm","1720771904827240_1350414343790809","Facebook","Post","Photo","Kids First Chicago","https://www.facebook.com/560299942802257/posts/1350414343790809","Nos vemos afuera. Estamos orgullosos de colaborar con organizaciones en todo Chicago para fomentar la participación en las elecciones de los Consejos Escolares Locales (LSC) de las escuelas de CPS el 18 de marzo. 🗳️

Los LSC ayudan a definir el liderazgo y las prioridades de las escuelas — y la voz de la comunidad importa. ¡Guarda la fecha!

The Chicago Public Education Fund, Chicago Votes, Educators for Excellence","https://www.facebook.com/560299942802257/posts/1350414343790809","4","3","0","1"
"3/11/2026 4:01 pm","1720771904827240_1350414157124161","Facebook","Post","Photo","Kids First Chicago","https://www.facebook.com/560299942802257/posts/1350414157124161","Catch us outside. We’re proud to partner with organizations across Chicago to encourage participation in Local School Council elections for CPS schools on March 18. 🗳️

LSCs help shape school leadership and priorities — and community voice matters. Save the date!

The Chicago Public Education Fund, Chicago Votes, Educators for Excellence","https://www.facebook.com/560299942802257/posts/1350414157124161","1","1","0","0"
"3/11/2026 1:34 pm","1720771904827240_1350337000465210","Facebook","Post","Photo","Kids First Chicago","https://www.facebook.com/560299942802257/posts/1350337000465210","📢 NEW REPORT: Protecting Student Learning in the Era of Immigration Enforcement

Families across Chicago are raising urgent concerns about how immigration enforcement is affecting students and school attendance.

This new report shares what parents are experiencing, what the data shows, and the actions Chicago can take to protect student learning.

📖 Read the full report:
kidsfirstchicago.org/safepassage","https://www.facebook.com/560299942802257/posts/1350337000465210","4","2","0","2"
"3/11/2026 12:01 pm","1720771904827240_1350281090470801","Facebook","Post","Photo","Kids First Chicago","https://www.facebook.com/560299942802257/posts/1350281090470801","Fun fact: Chicago is home to TOP TIER parents that tirelessly advocate for CPS students! Last week, K1C partnered with Learning Heroes as parents and education leaders gathered to launch a new report from Learning Heroes and TNTP. 

We were thrilled to help center parent and educator voices during our parent panel, featuring K1C parents Felipe Perez, Anthony Garcia, Kim Burgess, Sonya Moore, Darlene O’Banner, and Principal Regina Latimer-Lake, 2026 Elementary School Principal of the Year! Their stories inspired meaningful conversations and showcased the real impact parents and educators have on our schools.

Thank you again, Learning Heroes, for having us!
------

Dato curioso: ¡Chicago cuenta con padres de primer nivel que defienden incansablemente a los estudiantes de CPS! La semana pasada, K1C se asoció con Learning Heroes, reuniendo a padres y líderes educativos para presentar un nuevo informe de Learning Heroes y TNTP.

Nos sentimos muy orgullosos de ayudar a poner en el centro las voces de padres y educadores durante nuestro panel de padres, con la participación de los padres de K1C Felipe Perez, Anthony Garcia, Kim Burgess, Sonya Moore, Darlene O’Banner, y la Directora Regina Latimer-Lake, nombrada Directora de Escuela Primaria del Año 2026. ¡Sus historias inspiraron conversaciones significativas y demostraron el impacto real que tienen padres y educadores en nuestras escuelas!

¡Gracias nuevamente a Learning Heroes por invitarnos!","https://www.facebook.com/560299942802257/posts/1350281090470801","8","6","0","2"
"3/11/2026 11:20 am","232693460103788_1357200956438531","Facebook","Post","Photo","A Better Chicago","https://www.facebook.com/324620916363212/posts/1357200956438531","Today, we’re spotlighting one of our portfolio organizations, Springboard Collaborative.

Springboard is all about closing the literacy gap by closing the gap between home and school. Their big goal: to help kids read by the 4th grade.

Springboard joined our portfolio at the start of 2025, as part of our Venture Fund. Since then, we’ve invested over $125,000. 

Last month, Springboard launched a randomized control trial with Chicago Public Schools, in partnership with Education Northwest. The study will strengthen the evidence base for their model and help better understand how their approach can increase literacy growth.

This year, Springboard plans to serve approximately 3,000 students across Chicago.","https://www.facebook.com/photo.php?fbid=1357200919771868&set=a.321187470039890&type=3","2","2","0","0"
"3/10/2026 3:25 pm","196842483717237_1455994209877124","Facebook","Post","Photo","Communities In Schools of Chicago","https://www.facebook.com/681023914040828/posts/1455994209877124","Our Associate Director of Intensive Student Supports, Dr. Jackie Salazar, served on the Kersten Institute for Urban Education's panel, ""Present & Thriving,"" last week and shared the impact of CIS' work in schools.

Dr. Salazar joined other researchers, education leaders, and youth-serving professionals for a day filled with research insights and policy discussions.

During the panel, Dr. Salazar brought real-life stories from CIS' Intensive Program and illustrated the realities facing students and families today. She shared CIS' role in providing students with a sense of safety and belonging, while at the same time celebrating their successes. 
 
In addition to Dr. Salazar's participation on the panel, two of CIS' Leadership Council members played significant roles in the event. Paige Ponder, Senior Executive Director of the Kersten Institute, organized/emceed the event, and Maurice Swinney, Chief Innovation Officer at Chicago Beyond, facilitated Dr. Salazar's panel!","https://www.facebook.com/681023914040828/posts/1455994209877124","4","4","0","0"
"3/10/2026 1:22 pm","931616600195955_1357626443070580","Facebook","Post","Photo","Teach Plus Illinois","https://www.facebook.com/646013757565189/posts/1357626443070580","Chicago Parents! Join the Tie Tuesday Foundation for Spring into STEAM 2026! FREE hands-on AI, Robotics, Coding & more for K-8 students. Plus, a Taco Tuesday feast! March 24th from 9am-1pm. Register:
https://docs.google.com/forms/d/e/1FAIpQLSdjg3kRcBl6DDy7h-6wdNDR2rrlWuUI-VNLVPgUG3_w5GIeCA/viewform","https://www.facebook.com/photo.php?fbid=1357626353070589&set=a.639101751589723&type=3","1","0","0","1"
"3/10/2026 12:33 pm","100765022373940_902433109084125","Facebook","Post","Video","Hope Chicago","https://www.facebook.com/reel/1311843427668355/","Two generations, one BIG💡.

#HopeChicago is a CoGenerate and Stanford Center on Longevity  Big Ideas Winner! 

We are most thankful for this recognition and visibility into the incredible outcomes being achieved by South and West Side families. 

Check out this 📽️ they created for us and learn more about this award at cogenerate.org/big-idea-winner-hope-chicago/","https://www.facebook.com/reel/1311843427668355/","8","5","0","3"
"3/10/2026 9:28 am","1720771904827240_1349378537227723","Facebook","Post","Photo","Kids First Chicago","https://www.facebook.com/560299942802257/posts/1349378537227723","☀️Summer will be here sooner than you think… and the best programs fill up fast.

If you’re wondering:
• What summer programs exist in Chicago
• Which programs match your child’s interests
• How to actually get your student enrolled

Join our next Living Room conversation where we’ll walk families through the different summer opportunities available for Chicago students, from STEM and arts programs to internships, camps, and summer jobs.

The Living Room (English) - March 17, 6:00-7:30 PM
La Sala (en español) - March 18, 6:00-7:30 PM
🔗RSVP: https://kidsfirstchicago.org/events-workshops. 

Come learn how to plan ahead so your student can have a summer full of opportunities.

#ParentPower #ChicagoFamilies #SummerPrograms
—-
☀️ El verano llegará más pronto de lo que piensa… y los mejores programas se llenan rápidamente.

Si se está preguntando:
• Qué programas de verano existen en Chicago
• Cuáles programas se ajustan a los intereses de su hijo/a
• Cómo inscribir a su estudiante en un programa

Acompáñenos en nuestra próxima conversación La Sala, donde guiaremos a las familias a través de las diferentes oportunidades de verano disponibles para estudiantes en Chicago,desde programas de STEM y artes hasta campamentos, pasantías y trabajos de verano.

The Living Room (en inglés) — 17 de marzo, 6:00–7:30 p. m.
La Sala (en español) — 18 de marzo, 6:00–7:30 p. m.

🔗 Confirme su asistencia: https://kidsfirstchicago.org/events-workshops

Venga a aprender cómo planificar con anticipación para que su estudiante tenga un verano lleno de oportunidades.

#PoderDeLosPadres #ProgramasDeVerano","https://www.facebook.com/560299942802257/posts/1349378537227723","1","0","0","1"
"3/9/2026 2:36 pm","56328402097_1408627301312249","Facebook","Post","Link","Simon Youth Foundation","https://www.facebook.com/347062204135436/posts/1408627301312249","📣 We're Hiring! 📣

Simon Youth Foundation is currently seeking a Director of Finance & Administration to join our leadership team. 

This role will help guide the organization's financial strategy, strengthen internal systems, and support the operational foundation that allows our programs to serve students across the country. 

If you or someone in your network is interested in learning more, you can view the full position description and apply at the link below:","https://simon.wd1.myworkdayjobs.com/en-US/Simon/job/Director--Finance-SyF_R13242-1?utm_id=97757_v0_s00_e233_tv2_tp1_a1demo0ees9e3j","3","3","0","0"
"3/9/2026 11:01 am","1720771904827240_1348659377299639","Facebook","Post","Photo","Kids First Chicago","https://www.facebook.com/560299942802257/posts/1348659377299639","We're continuing to celebrate women in K1C making a difference. Today, we want to spotlight another parent, Jackie, leading her own Parent Leadership Team (PLT). She recently led a meeting with principals Sandoval, Hernández, and Solorio, alongside 20 engaged parents, to discuss ways to improve safety in their school communities—like adding safety posts, signage, and other supports. Thank you for your years of continued dedication to our schools and community. #WomensHistoryMonth #ParentLeadership #ChicagoSchools
-----
Seguimos celebrando a las mujeres en K1C que marcan la diferencia. Hoy queremos destacar a otra madre, Jackie, quien lidera su propio Equipo de Liderazgo de Padres (PLT). Recientemente dirigió una reunión con las directoras Sandoval, Hernández y Solorio, junto con 20 padres comprometidos, para hablar sobre maneras de mejorar la seguridad en sus comunidades escolares, como agregar postes de seguridad, señalización y otros apoyos.

Gracias por tus años de dedicación continua a nuestras escuelas y a la comunidad.

#MesDeLaHistoriaDeLaMujer #LiderazgoDePadres #EscuelasDeChicago","https://www.facebook.com/560299942802257/posts/1348659377299639","4","4","0","0"
"3/9/2026 10:42 am","232693460103788_1355646323260661","Facebook","Post","Photo","A Better Chicago","https://www.facebook.com/324620916363212/posts/1355646323260661","This week is National AmeriCorps Week, and we’d like to recognize the AmeriCorps   members who strengthen our youth and communities every day.

Their commitment to service helps power organizations across the country and is a testament to the role service plays in creating stronger communities.

Some of the organizations within our portfolio, including College Possible and Chicago HOPES for Kids, are strengthened by the contributions of AmeriCorps members.

#AmeriCorpsWeek","https://www.facebook.com/photo.php?fbid=1355646299927330&set=a.321187470039890&type=3","1","0","1","0"
"3/9/2026 7:16 am","189261190944495_122263065602174953","Facebook","Post","Photo","Illinois Partners for Teacher Leadership","https://www.facebook.com/61555248605335/posts/122263065602174953/","For teams looking to address attendance issues….","https://www.facebook.com/photo.php?fbid=1338335414999077&set=a.267713178727978&type=3","0","0","0","0"
"3/8/2026 10:20 am","222712320927404_122283150908216507","Facebook","Post","Link","The Urban Center","https://www.facebook.com/122209075502216507/posts/122283150908216507","As the race for Mayor begins, our President and CEO Juan Rangel offers his thoughts on the race.

","https://www.chicagotribune.com/2026/03/08/opinion-chicago-mayor-2027/","7","6","1","0"
"3/7/2026 11:30 am","1720771904827240_1347148854117358","Facebook","Post","Photo","Kids First Chicago","https://www.facebook.com/560299942802257/posts/1347148854117358","Today, we lift up one of our parents, Katrina Adams. To end Black History Month, her organization, S.T.A.R.R., hosted a community-wide event that featured community vendors, community stakeholders to share words of wisdom and encouragement, and a youth talent showcase. K1C was/is proud to support and witness all that she does for her community. #WomensHistoryMonth #ChicagoWomen

//

Hoy destacamos a una de nuestras madres, Katrina Adams. Para cerrar el Mes de la Historia Negra, su organización, S.T.A.R.R., organizó un evento para toda la comunidad que contó con vendedores comunitarios, líderes y organizaciones de la comunidad que compartieron palabras de sabiduría y aliento, y una presentación de talentos juveniles. K1C se enorgullece de apoyar y ser testigo de todo lo que ella hace por su comunidad. #MesDeLaHistoriaDeLaMujer #MujeresDeChicago","https://www.facebook.com/560299942802257/posts/1347148854117358","9","7","0","2"
"3/6/2026 12:54 pm","1720771904827240_1346413617524215","Facebook","Post","Photo","Kids First Chicago","https://www.facebook.com/560299942802257/posts/1346413617524215","This Women’s History Month, we’re celebrating the women who lead, advocate, and inspire across our K1C community. All month long, we’ll highlight the incredible parents, partners, and staff who are helping create stronger schools and brighter futures for Chicago students. Stay tuned for their stories. #WomensHistoryMonth #WomenInLeadership
------
Este Mes de la Historia de la Mujer celebramos a las mujeres que lideran, defienden y nos inspiran en toda la comunidad de K1C. Durante todo el mes destacaremos a las increíbles madres, aliadas y miembros de nuestro equipo que están ayudando a construir escuelas más fuertes y futuros más brillantes para los estudiantes de Chicago. Manténganse atentos a sus historias.","https://www.facebook.com/560299942802257/posts/1346413617524215","9","7","1","1"
"3/6/2026 12:17 pm","931616600195955_1354565133376711","Facebook","Post","Link","Teach Plus Illinois","https://www.facebook.com/646013757565189/posts/1354565133376711","Dr. Fitch, principal of Chicago Public Schools elementary school, Charles Hughes in North Lawndale, Chicago is celebrating an incredible milestone with his entire school family. He ran an incredible race in Tokyo that he will soon be featured for on WGN TV news, Channel 9, on March 25th, 2026. Dr. Fitch is a 2021-22 Chicago Change Agent Teacher leader and is now a host principal for 2025-26 Equity Change Agents!","","3","1","0","2"
"3/6/2026 9:00 am","232693460103788_1353267273498566","Facebook","Post","Photo","A Better Chicago","https://www.facebook.com/324620916363212/posts/1353267273498566","This weekend, we celebrate International Women’s Day and honor the women who strengthen our communities every day.

Last fall, A Better Chicago hosted State of Our Girls, a panel discussion exploring the vital role mentorship and positive relationships play in helping young women thrive.

Research and surveys continue to show that girls are facing mental health challenges at alarming rates. By investing time, guidance, and support, we can help every girl unlock her full potential.

We encourage our city to continue showing up for young women and investing in their success. In doing so, we know they will help build a brighter future for Chicago.

Watch the full conversation here: https://youtu.be/CYRQMzHJ_j0?si=jf6tOOUjECeLQWp- 

Photos courtesy of Beking Media","https://www.facebook.com/photo.php?fbid=1353267240165236&set=a.321187470039890&type=3","1","1","0","0"
"3/6/2026 9:00 am","2029935036691104093","X","Post","Photo","_abetterchicago","https://twitter.com/_abetterchicago/status/2029935036691104093","This weekend, we celebrate International Women’s Day and honor the women who strengthen our communities every day.

We encourage our city to continue showing up for women and investing in their success. In doing so, we know they will help build a brighter future for Chicago. https://t.co/hw3J0m4nsc","","1","1","0","0"
"3/5/2026 2:32 pm","809795299116133_1364045005755680","Facebook","Post","Photo","IL Raise Your Hand","https://www.facebook.com/443559341137589/posts/1364045005755680","💐 As we honor the everyday, unsung heroes during Women’s History Month, we honor our very own. Raise Your Hand’s Parent Organizer, Kendra Snow, began her organizing journey over 15 years ago in the Auburn Gresham community. For years, she led the Local School Council at Harvard Elementary and community outreach and mutual aid efforts at Mothers and Men Against Senseless Killings (MASK). 

We deeply value Kendra and her commitment to her neighbor’s safety and children's access to a quality education and fully funded public schools. 💐","https://www.facebook.com/photo.php?fbid=1364043679089146&set=a.369996131827244&type=3","20","5","0","15"
"3/4/2026 10:49 am","232693460103788_1351826013642692","Facebook","Post","Photo","A Better Chicago","https://www.facebook.com/324620916363212/posts/1351826013642692","Happy Birthday, Chicago!

We love our city and want to take a moment to celebrate the place we call home. 💙

Photo courtesy of Barry Butler","https://www.facebook.com/photo.php?fbid=1351825910309369&set=a.321187470039890&type=3","2","1","0","1"
"3/4/2026 10:28 am","2029232623281676303","X","Post","Photo","_abetterchicago","https://twitter.com/_abetterchicago/status/2029232623281676303","Happy Birthday, Chicago!

We love our city and want to take a moment to celebrate the place we call home. 💙

Photo courtesy of @barrybutler9 https://t.co/uosp7lsbQO","","0","0","0","0"
"3/3/2026 4:03 pm","232693460103788_1351214613703832","Facebook","Post","Photo","A Better Chicago","https://www.facebook.com/324620916363212/posts/1351214613703832","You’re invited to join A Better Chicago on Tuesday, March 31 for our second annual State of Our Youth event.

Together, we’ll explore the latest data trends and insights shaping what it means to be a young person living in Chicago today, and what we can do to create brighter futures for them.

We’re honored to be joined by panelists:
⭐️ Hedy Chang, CEO of Attendance Works
⭐️ Barton Dassinger, principal of Cesar Chavez High School
⭐️ Khari V., high school senior at George Westinghouse College Prep

The discussion will be moderated by Dr. Janice Jackson, former CEO of Chicago Public Schools and current A Better Chicago board member.

Registration is now open: https://www.eventbrite.com/e/state-of-our-youth-2026-tickets-1982835218515?utm-campaign=social&utm-content=attendeeshare&utm-medium=discovery&utm-term=listing&utm-source=cp&aff=ebdsshcopyurl","https://www.facebook.com/photo.php?fbid=1351214087037218&set=a.321187470039890&type=3","1","1","0","0"
"3/3/2026 11:56 am","809795299116133_1362426052584242","Facebook","Post","Photo","IL Raise Your Hand","https://www.facebook.com/443559341137589/posts/1362426052584242","Karen Lewis was a transformative President of the Chicago Teachers Union (2010-2014) and Chemistry educator for 20 years. Her leadership progressively shifted education policy and organizing in Chicago. She advocated for fully funded schools, smaller classroom sizes, wrap-around services, culturally responsive curriculum, and racial equity in CPS. She is often remembered as never backing down from powerful enemies and always living by her principles. She gave strength to thousands of educators who had been ignored for generations. 

Today, Raise Your Hand would like to start Women's History Month by honoring Karen Lewis's strength, wisdom, and passion. Her leadership birthed the education justice movement we see today. May we all continue taking inspiration from her refusal to accept the status quo and fight for what our communities are owed-- especially in a time where the wealthy elite want to destroy public education.","https://www.facebook.com/photo.php?fbid=1362425805917600&set=a.369996131827244&type=3","1","0","0","1"
"3/3/2026 9:01 am","200608886633238_1350298933805294","Facebook","Post","Photo","The Joyce Foundation","https://www.facebook.com/480966400738556/posts/1350298933805294","The 7th annual Gun Violence Prevention Forum hosted by Northwell Health will feature key healthcare and cross-sector leaders who are elevating the national conversation around gun violence as a public health emergency, including Soledad Adrianzén McGrath, our Gun Violence Prevention and Justice Reform Program Director.  

Register at PreventGunViolence.com to join virtually. #PreventGunViolence","https://www.facebook.com/photo.php?fbid=1350298897138631&set=a.480798660755330&type=3","18","14","1","3"
"3/2/2026 12:27 pm","809795299116133_1361661399327374","Facebook","Post","Photo","IL Raise Your Hand","https://www.facebook.com/443559341137589/posts/1361661399327374","We have an important update. Our staff is moving to fully remote. We have officially closed our office this past Friday, February 27th. Please note our new address on the graphic. 

Although we no longer have a physical office, our staff will remain active in pursuing our mission as Raise Your Hand and maintain presence in the CPS community, attending board meetings, Local School Council meetings, community events, actions and more. 

As always, if you have any questions or concerns, please email us at info@ilraiseyourhand.org.","https://www.facebook.com/443559341137589/posts/1361661399327374","5","5","0","0"
"3/2/2026 10:00 am","232693460103788_1350219110470049","Facebook","Post","Photo","A Better Chicago","https://www.facebook.com/324620916363212/posts/1350219110470049","A Better Chicago would like to welcome our newest team members: 

⭐️ Guadalupe Blanco, Senior Data Analyst
⭐️ Reese Gaines, Portfolio Manager
⭐️ Angelis Liriano, External Affairs Associate

They each bring more than a decade of experience across education, nonprofit, and government. As well as a depth of knowledge in their respective fields.

We’re thrilled to see our team grow and to continue bringing together passionate leaders committed to investing in bold ideas for our youth.","https://www.facebook.com/324620916363212/posts/1350219110470049","1","1","0","0"
"2/28/2026 5:45 pm","189261190944495_948886444241830","Facebook","Post","Photo","Illinois Partners for Teacher Leadership","https://www.facebook.com/61555248605335/posts/948886444241830/?substory_index=948886444241830","","https://www.facebook.com/IllinoisPartnersforTeacherLeadership","3","1","0","2"
"2/28/2026 5:39 pm","189261190944495_122262016844174953","Facebook","Post","Photo","Illinois Partners for Teacher Leadership","https://www.facebook.com/61555248605335/posts/122262016844174953/","Today marked the culmination of an incredible weekend of vision, collaboration, and purposeful leadership. What began as ideas and early drafts has now grown into thoughtful, refined logic models grounded in feedback, alignment, and a shared commitment to impact.

Throughout the summit, teams listened deeply, asked hard questions, and worked side by side to strengthen their plans. 

Now, the real work begins. These teams are heading back to their organizations not just with documents, but with actionable plans, renewed confidence, and a clear path forward. 

We are so proud of the dedication, vulnerability, and passion shown by every participant. You showed up, leaned in, supported one another, and committed to doing the work that will make a lasting difference across Illinois.

The Summit may be over, but the impact is just beginning. 🍎

#TeacherLeadership #IllinoisTeacherLeadership #LeadWithPurpose #EducatorLeadership #IllinoisEducators","https://www.facebook.com/61555248605335/posts/122262016844174953/","14","8","1","5"
"2/27/2026 6:01 pm","189261190944495_122261894222174953","Facebook","Post","Photo","Illinois Partners for Teacher Leadership","https://www.facebook.com/61555248605335/posts/122261894222174953/","Day One of the Illinois Teacher Leadership Summit was a powerful reminder of what happens when passionate educators come together with a shared purpose. From the moment we began, the energy in the room was rooted in reflection, collaboration, and a deep commitment to growth.

While we had amazing moments with our ""Ten"" Talks and breakout sessions, what truly defined today was the intentional work. Teams dedicated focused time to digging into their Problems of Practice, thoughtfully using the logic model to unpack challenges, identify root causes, and design solutions that will create lasting impact in their schools and communities. The level of collaboration, vulnerability, and determination was incredible.

Today was not just about learning. It was about doing the work that leads to real change. We are so proud of the thoughtful leadership, innovative thinking, and heart that filled every session. This is what it looks like when educators lead with purpose. 💙🍎 Can't wait to see it all come together tomorrow!

#TeacherLeadership #LeadWithPurpose #EducatorLeadership #IllinoisEducators #IllinoisTeacherLeadership","https://www.facebook.com/61555248605335/posts/122261894222174953/","17","7","4","6"
"2/27/2026 2:01 pm","355075968400258_1316379937266264","Facebook","Post","Photo","Children First Fund","https://www.facebook.com/295295272708074/posts/1316379937266264","To wrap up our Black History Month trailblazing alumni series, we are honoring four icons who took their Chicago Public Schools education and changed the world. From the Pulitzer Prize to the cutting edge of AI, these alumni prove that a Chicago Public Schools foundation leads to limitless possibilities.

- Gwendolyn Brooks (Hyde Park/Englewood): A legendary poet and the first Black author to win the Pulitzer Prize. 

- Kerrie Holley (Kenwood Academy): A pioneer in technology and artificial intelligence. 

- Hannibal Buress (Steinmetz): An acclaimed comedian, actor, and writer. 

- Chance the Rapper (Jones College Prep): A Grammy-winning artist and devoted philanthropist. 

Their paths are different—arts, technology, comedy, and music—but their roots are the same. We are proud to call them CPS Alumni and celebrate the excellence they bring to our city and the world.

#BlackHistoryMonth #CPSAlumni #ChicagoPublicSchools #ChildrensFirstFund #Trailblazers","https://www.facebook.com/295295272708074/posts/1316379937266264","0","0","0","0"
"2/27/2026 10:36 am","196842483717237_1447143037428908","Facebook","Post","Photo","Communities In Schools of Chicago","https://www.facebook.com/681023914040828/posts/1447143037428908","CIS programs are engaging and educational! This week, our partner Crate Free USA presented their ""Meet the Animals Who Feed Us"" program to very eager students at one of our Northwest Side schools. 

Crate Free shared with students accessible farmers markets to visit in Chicago, and the young people shared their experiences with animals. It was a great day of learning and fun.","https://www.facebook.com/photo.php?fbid=1447142897428922&set=a.594004809409406&type=3","0","0","0","0"
"2/27/2026 10:35 am","100765022373940_894245279902908","Facebook","Post","Video","Hope Chicago","https://www.facebook.com/reel/1453818209710206/","“I am somebody. I am Hope.”

Inspired by the late Civil Rights leader Rev. Jesse Jackson, a #HopeChicago tribute and reminder of who we are, and the legacy we strive to continue.

#BlackHistoryMonth #HopeLiveshere","https://www.facebook.com/reel/1453818209710206/","3","1","0","2"
"2/27/2026 9:00 am","232693460103788_1347645994060694","Facebook","Post","Photo","A Better Chicago","https://www.facebook.com/324620916363212/posts/1347645994060694","To close out Black History Month and our Black Excellence spotlight, we’re proud to uplift our Board Chair, Steve Beard.
 
A first-generation college graduate, Steve’s journey is a testament to the power of education. Through hard work and dedication, he rose to become Chairman and CEO of Covista.
 
Leading America's largest healthcare educator, Steve helps advance Covista's purpose to expand access to healthcare education and build a stronger healthcare workforce, opening doors to sustainable career pathways for learners from all backgrounds. Covista serves more than 97,000 students and is supported by a community of 385,000 alumni across five institutions.
 
Steve has served on A Better Chicago’s board since 2014. In 2025, he was named a “Titan” on the TIME100 Health list.
 
We are grateful for Steve’s leadership and partnership. His story inspires us to continue fighting for access to higher learning, which we believe will open doors for our youth and the next generation.","https://www.facebook.com/photo.php?fbid=1347645617394065&set=a.321187470039890&type=3","3","2","0","1"
"2/26/2026 2:06 pm","2027113148319203415","X","Post","Link","KidsFirstChi","https://twitter.com/KidsFirstChi/status/2027113148319203415","Black History is Now. Black History is Chicago. / La historia de la raza negra es ahora. La historia de la raza negra es Chicago. - https://t.co/Uiigmzqwi6","","0","0","0","0"
"2/26/2026 1:59 pm","100765022373940_893535179973918","Facebook","Post","Photo","Hope Chicago","https://www.facebook.com/235486975778745/posts/893535179973918","#HopeLivesHere in Illinois. 

Postsecondary outcomes for two generations of Illinois families are transforming year over year through sustained, collaborative partnerships. Hope lives here in Illinois as a result. 

Thank you to all our IL Champions and leaders for taking the time to meet with scholars during yesterday’s Day of Action. Your commitment to delivering opportunity and Hope to more and more Illinois families is second to none. 

💙 Speaker Emanuel “Chris” Welch
🧡 President Don Harmon
💙 Rep. Kam Buckner
🧡 Sen. Javier Loera - Cervantes
💙 Rep. Sharon Chung
🧡 Sen. Lakesia Collins
💙 Rep. Michael Crawford, PhD, MBA
🧡 Sen. Bill Cunningham
💙 Rep. Lisa Davis
🧡 Rep. Marcus C. Evans, Jr.
💙 Sen. Paul Faraci
🧡 Rep. La Shawn K Ford
💙 Rep. Mary Gill
🧡 Rep. Edgar Gonzalez Jr.
💙 Sen. Senator Graciela Guzmán
🧡 Rep. Norma Hernandez 
💙 Sen. Dave Koehler
🧡 Sen. Kimberly Lightford
💙 Rep. Theresa Mah, Ph.D.
🧡 Rep. Bob Morgan
💙 Rep. IL 9th District State Rep Yolonda Morris
🧡 Sen. Mike Profirio
💙 Sen. Willie Preston
🧡 Sen. Elgie Sims Jr.
💙 Rep. Justin Slaughter
🧡 Rep. Katie Stuart
💙 Sen. Celina Villanueva

#hopechicago","https://www.facebook.com/photo.php?fbid=893535093307260&set=a.232089516118491&type=3","4","1","0","3"
"2/25/2026 10:01 am","809795299116133_1357307153096132","Facebook","Post","Photo","IL Raise Your Hand","https://www.facebook.com/443559341137589/posts/1357307153096132","Rosie Simpson was an Englewood parent and boycott organizer for Chicago Freedom Day in October 1963.  It was a mass boycott against CPS intentionally underfunding and overcrowding Black schools and enforcing segregation policy despite Brown vs. Board passing. There were about 200,000 students and about 10,000 parents who participated in Chicago Freedom Day. Before that, she had led a protest in August 1963 against CPS creating ""Willis Wagons"" or trailer classrooms in an empty parking lot as a way to 'solve overcrowding"" and to prevent Black students from transferring to white schools with empty classrooms. The boycott led to CPS allowing Black students to transfer to white schools, but the fight for equal resources and funding in Black schools continued.  

We thank and deeply value Rosie Simpson's grassroots efforts for fully funded and resourced schools!","https://www.facebook.com/photo.php?fbid=1357307109762803&set=a.369996131827244&type=3","4","0","0","4"
"2/25/2026 10:00 am","232693460103788_1345996194225674","Facebook","Post","Photo","A Better Chicago","https://www.facebook.com/324620916363212/posts/1345996194225674","Next up in our Black Excellence spotlight, we’re proud to honor two of our very own team members: Kamaria Morris and Marshana Pace.

Kamaria, our Director of Communications, leads with both purpose and heart. She’s deeply committed to lifting up the voices of young people and communities that are often overlooked.

Prior to joining A Better Chicago, she served in Governor JB Pritzker’s administration as Deputy Communications Director. Across her roles, she has used her work to help drive impact and change.

Marshana, our Managing Director, is fiercely dedicated to our city and creating sustainable and equitable outcomes for youth and communities of color. She leads the critical work of growing A Better Chicago’s portfolio and ensuring organizations have the resources and support they need. 

With nearly a decade of experience in education and youth development nonprofits, Marshana brings deep expertise, vision, and care to everything she leads.

Together, Kamaria and Marshana exemplify Black Excellence through their leadership and commitment to build a brighter future for Chicago’s young people.","https://www.facebook.com/324620916363212/posts/1345996194225674","2","2","0","0"
"2/24/2026 5:24 pm","189261190944495_122261524352174953","Facebook","Post","Photo","Illinois Partners for Teacher Leadership","https://www.facebook.com/61555248605335/posts/122261524352174953/","We're heading to the Teacher Leadership Summit this weekend feeling excited, grateful, and ready to grow.

Opportunities like this remind us all how powerful it is when educators come together to learn, collaborate, and lead with purpose. We're especially looking forward to connecting with passionate teachers across Illinois, gaining new perspectives, and bringing back ideas that will positively impact students and school community.

The graphic says it best: real change in education starts with learning, reflection, and action. Proud to be part of a community of educators committed to making a difference—one student, one classroom, and one conversation at a time. 🍎✨

#TeacherLeadership #IllinoisEducators #TeacherLeadershipSummit #LifelongLearning","https://www.facebook.com/photo.php?fbid=122261524142174953&set=a.122101457768174953&type=3","4","2","1","1"
"2/23/2026 9:14 pm","809795299116133_1355842079909306","Facebook","Post","Photo","IL Raise Your Hand","https://www.facebook.com/443559341137589/posts/1355842079909306","It is with heavy hearts that we honor the passing of our beloved ally, fierce advocate, and long-time movement builder, Michael Aguhar.
Michael was deeply committed to justice in all its forms. Beyond his connection to Crossroads Fund. he supported the work of Raise Your Hand and other organizations advancing the mission of transformative change.

Michael’s dedication, warmth, and progressive spirit touched all who had the privilege to work alongside him. He reminded us that justice work is not only about vision. It is also about love, joy, and deep care for one another.

This loss is felt profoundly across movement work. As we reflect on his legacy, we keep his family, friends, the Crossroads Fund community, and all Giving Project alumni close to our hearts. May we continue to be guided by the values and hope that Michael so powerfully embodied.

In community and solidarity,
Raise Your Hand for Illinois Public Education","https://www.facebook.com/photo.php?fbid=1345934244241681&set=a.326048442896938&type=3","19","18","1","0"
"2/23/2026 3:14 pm","196842483717237_1443760194433859","Facebook","Post","Photo","Communities In Schools of Chicago","https://www.facebook.com/681023914040828/posts/1443760194433859","More than ever, it's critical for us to have the tools we need to recognize when someone is experiencing a mental health crisis.

Our goal at CIS of Chicago is to empower our community with Mental Health First Aid, a certification course that helps participants ""say something"" when they ""see something"" -- and surround our city with a safety net of support.

𝗢𝘂𝗿 𝘁𝗲𝗮𝗺 𝗶𝘀 𝗼𝗳𝗳𝗲𝗿𝗶𝗻𝗴 𝗠𝗲𝗻𝘁𝗮𝗹 𝗛𝗲𝗮𝗹𝘁𝗵 𝗙𝗶𝗿𝘀𝘁 𝗔𝗶𝗱 𝘁𝗿𝗮𝗶𝗻𝗶𝗻𝗴𝘀 𝘁𝗵𝗿𝗼𝘂𝗴𝗵𝗼𝘂𝘁 𝗠𝗮𝗿𝗰𝗵 𝗮𝗻𝗱 𝗔𝗽𝗿𝗶𝗹! 

In person and virtual options. Youth and Adult trainings. Pick a date that fits best with your schedule. Register at our website here: https://www.cisofchicago.org/mhfa/","https://www.facebook.com/photo.php?fbid=1443760071100538&set=a.594004809409406&type=3","7","6","0","1"
"2/23/2026 2:00 pm","2026024262054859042","X","Post","Photo","_abetterchicago","https://twitter.com/_abetterchicago/status/2026024262054859042","We’re excited to host our second annual State of Our Youth event on Tuesday, March 31.

Join us for an engaging conversation exploring the latest data trends and insights shaping what it means to be a young person living in Chicago.

More details and registration info to come! https://t.co/YkbOf85c6F","","0","0","0","0"
"2/23/2026 1:52 pm","232693460103788_1344392851052675","Facebook","Post","Photo","A Better Chicago","https://www.facebook.com/324620916363212/posts/1344392851052675","We’re excited to host our second annual State of Our Youth event on Tuesday, March 31 from 4pm - 6:30pm at City Hall Events (838 W. Kinzie St.).

Join A Better Chicago for an engaging conversation exploring the latest data trends and insights shaping what it means to be a young person living in Chicago today.

More details and registration information will be shared in the coming weeks — stay tuned!","https://www.facebook.com/photo.php?fbid=1344392787719348&set=a.321187470039890&type=3","1","1","0","0"
"2/23/2026 12:35 pm","355075968400258_1312576410979950","Facebook","Post","Photo","Children First Fund","https://www.facebook.com/295295272708074/posts/1312576410979950","NEXT WEEK! Are you ready to make a real impact for Chicago students?

If you want to support Chicago Public Schools but aren't exactly sure where to start, this is the room you need to be in.

RSVP today for our conversation focused on direct-to-school pathways for support. Whether you're already a supporter or are evaluating your next move to get involved, join Children First Fund on March 5th to discover how to maximize your impact through:

✅ Sponsor-a-School models tailored to unique school goals
✅ Career-connected learning opportunities to build the future workforce
✅ Direct-to-student support like scholarships and crisis funds

Philanthropy isn't one-size-fits-all. Let's build powerful partnerships that connect directly with schools to meet specific, real-time needs.

Secure your spot before registration closes!

🗓 Next Thursday, March 5, 2026
⏰ 3:00 P.M – 4:30 P.M.
👉 RSVP today: https://bit.ly/4rYu9Qw

#CorporateSocialResponsibility #ChicagoBusiness #EducationPartnerships #CPS #Impact","https://www.facebook.com/photo.php?fbid=1312576357646622&set=a.290035466567388&type=3","0","0","0","0"
"2/23/2026 12:16 pm","56328402097_1397219295786383","Facebook","Post","Photo","Simon Youth Foundation","https://www.facebook.com/347062204135436/posts/1397219295786383","At Simon Youth Academies, our educators know that many students walk through the doors carrying far more than a backpack. Life circumstances, instability, and responsibilities at home that don't pause when the school bell rings. 

Simon Youth Foundation supports Academy environments where students can reset, refocus, and move forward. Before learning can happen, students need stability. They need trust. They need someone who sees them.

When young people are navigating trauma or adult-sized responsibilities, education becomes more than academics. It becomes opportunity.","https://www.facebook.com/photo.php?fbid=1397204719121174&set=a.336098415231815&type=3","4","2","0","2"
"2/23/2026 11:16 am","1720771904827240_1336801248485452","Facebook","Post","Photo","Kids First Chicago","https://www.facebook.com/560299942802257/posts/1336801248485452","Black History is not behind us. It is happening now.

From the legacy of Rev. Jesse L. Jackson to the everyday leadership of Black parents across Chicago, the fight for educational equity continues.

This Black History Month, we recommit to ensuring Black students thrive and we invite you to add your voice at the CPS Black Student Success Community Roundtables this March.

Because honoring history means building what comes next.

#BlackHistoryMonth #EducationEquity #ChicagoSchools","https://www.facebook.com/560299942802257/posts/1336801248485452","3","2","0","1"
"2/20/2026 5:06 pm","2024984013945909405","X","Post","Link","KidsFirstChi","https://twitter.com/KidsFirstChi/status/2024984013945909405","Thank you for joining us! / ¡Gracias por acompañarnos! - https://t.co/etPiL8Odfk","","0","0","0","0"
"2/20/2026 1:50 pm","196842483717237_1441179698025242","Facebook","Post","Photo","Communities In Schools of Chicago","https://www.facebook.com/681023914040828/posts/1441179698025242","Our Community Partnership Team is dedicated to meeting our network of more than 200 community organizations in their spaces, learning more about their program impact, and building connections that best serve Chicago students.

Last month, the team had the opportunity to visit The Adler Planetarium and experience their SkyShow live. The planetarium supports 3,000 Chicago students each year at CIS partner schools, and this year, Adler has added a new curriculum called Climate Change & Me.","https://www.facebook.com/photo.php?fbid=1441179534691925&set=a.594004809409406&type=3","2","2","0","0"
"2/20/2026 12:30 pm","100765022373940_888570947137008","Facebook","Post","Photo","Hope Chicago","https://www.facebook.com/235486975778745/posts/888570947137008","How do you land a global tech role before graduation? 🎓 

For University of Illinois Urbana-Champaign  Hope Scholar Devon, it was all about the ""data science pathway"" and 3 key internships Clayco, Accenture, and P33 Chicago.

Next stop: A rotational specialist role McDonald's  HQ! 🍟💻 

Read Devon’s story as featured by the School of Information Sciences at Illinois: 🔗 https://ischool.illinois.edu/news-events/news/2026/02/reynolds-prepares-career-global-tech 

Don't 👀 now, but Devon is one of the many debt-free graduations coming state-wide this May… 🙌
 
#HopeLivesHere","https://www.facebook.com/photo.php?fbid=888570913803678&set=a.232089516118491&type=3","3","2","0","1"
"2/20/2026 11:07 am","355075968400258_1309826407921617","Facebook","Post","Photo","Children First Fund","https://www.facebook.com/295295272708074/posts/1309826407921617","Continuing our #BlackHistoryMonth celebration, we are looking way, way up at two Black women who went from Chicago Public Schools classrooms to orbit.

Dr. Mae Jemison (Morgan Park High School)
A physician, engineer, and the first African American woman to travel into space. Dr. Jemison has dedicated her life to science literacy. 

Joan Higginbotham (Whitney M. Young Magnet HS)
An electrical engineer and NASA astronaut who logged over 300 hours in space aboard the Space Shuttle Discovery and helped build the International Space Station. 

These trailblazers remind our students that their dreams have no boundaries.

NASA - National Aeronautics and Space Administration

#BlackHistoryMonth #CPSAlum #WomenInSTEM #NASA #MorganPark #WhitneyYoung","https://www.facebook.com/295295272708074/posts/1309826407921617","0","0","0","0"
"2/20/2026 10:00 am","232693460103788_1341762191315741","Facebook","Post","Photo","A Better Chicago","https://www.facebook.com/324620916363212/posts/1341762191315741","Applications for Every Day Counts, our chronic absenteeism initiative, closes in one week on February 27, 2026. 

If you are interested in advancing strategies to strengthen student belonging and reduce chronic absenteeism in Austin, Englewood, Garfield Park, South Lawndale, South Shore, and Woodlawn, please consider submitting your proposal.

For more information visit: https://www.abetterchicago.org/chronic-absenteeism-initiative","https://www.facebook.com/photo.php?fbid=1341762167982410&set=a.321187470039890&type=3","0","0","0","0"
"2/20/2026 10:00 am","2024876708441260119","X","Post","Photo","_abetterchicago","https://twitter.com/_abetterchicago/status/2024876708441260119","Applications for Every Day Counts, our chronic absenteeism initiative, closes in one week on February 27, 2026.

For more information visit: https://t.co/cgmLRnnlaT https://t.co/gvZmyZqH6Z","","0","0","0","0"
"2/19/2026 2:34 pm","196842483717237_1440342704775608","Facebook","Post","Link","Communities In Schools of Chicago","https://www.facebook.com/681023914040828/posts/1440342704775608","𝗧𝗛𝗘𝗥𝗘 𝗜𝗦 𝗦𝗧𝗜𝗟𝗟 𝗧𝗜𝗠𝗘 𝗧𝗢 𝗦𝗜𝗚𝗡 𝗨𝗣!

We are looking for YOU to volunteer just one hour of your time and serve as a reader for Do the Write Thing. As a reader, you will have the chance to review writings from Chicago's young people about the causes of youth violence and what they think should be done to reduce it.

After you sign up, you will receive an email prompting you to access the writings for review and the scoring form. It should take about an hour to read and score all assigned writings, which you can complete at your own pace. Interested? Sign up here by February 23: ","https://www.cisofchicago.org/volunteer-to-be-a-dtwt-reader/","1","1","0","0"
"2/19/2026 8:09 am","200608886633238_1339889521512902","Facebook","Post","Link","The Joyce Foundation","https://www.facebook.com/480966400738556/posts/1339889521512902","On this date 84 years ago, more than 120,000 people of Japanese descent were incarcerated during World War II. Two of them were the parents of our President and CEO Julie Morita. 

Julie's op-ed on this Day of Remembrance in today's Chicago Tribune explores the fragility of our civil liberties, the danger of unfairly targeting specific groups, and the salient reminder in this moment to choose discourse and actions that unite rather than divide us. ⬇️","https://www.chicagotribune.com/2026/02/19/opinion-federal-immigration-enforcement-ice-japanese-internment-wwii/?share=cenjrutmninw2agdniui","50","30","4","16"
"2/18/2026 4:12 pm","222712320927404_122280028340216507","Facebook","Post","Link","The Urban Center","https://www.facebook.com/122209075502216507/posts/122280028340216507","","https://trib.al/dwKuzv5","2","1","0","1"
"2/18/2026 3:38 pm","355075968400258_1308162594754665","Facebook","Post","Photo","Children First Fund","https://www.facebook.com/295295272708074/posts/1308162594754665","","https://www.facebook.com/photo.php?fbid=1323645126461495&set=a.395936115899072&type=3","0","0","0","0"
"2/18/2026 3:37 pm","355075968400258_1308162458088012","Facebook","Post","Photo","Children First Fund","https://www.facebook.com/295295272708074/posts/1308162458088012","","https://www.facebook.com/photo.php?fbid=1323934229765918&set=a.395936115899072&type=3","0","0","0","0"
"2/18/2026 11:53 am","809795299116133_1351279007032280","Facebook","Post","Photo","IL Raise Your Hand","https://www.facebook.com/443559341137589/posts/1351279007032280","Congratulations to our Development Associate Marian Patton on being selected in the 2025-2026 Cultivate Cohort! 🫶 🥳

A little about the Cultivate Cohort: ""Cultivate is comprised of visionary women and nonbinary leaders of color committed to social, economic, and racial justice. Since 2013, Cultivate has been committed in supporting change makers across Chicago, championing causes like gender justice, racial equity, and more. Through fostering relationships and collaborations, the program strengthens movements for a just future. This six-month initiative supports participants' growth and reinforces diverse leadership pipelines. This powerful initiative is made possible through the partnerships between the @crossroadsfund, @chifdn4women, @woodsfundchi, and @thechicagocommunitytrust.""

#Cultivate #SocialJustice #EconomicJustice #RacialJustice #Changemakers","https://www.facebook.com/photo.php?fbid=1351272193699628&set=a.369996131827244&type=3","18","7","3","8"
"2/18/2026 11:27 am","222712320927404_122279992550216507","Facebook","Post","Photo","The Urban Center","https://www.facebook.com/122209075502216507/posts/122279992550216507","The Urban Center hosted a full-house community meeting of 10th Ward residents, welcoming Ald. Brendan Reilly, who is a candidate for Cook County Board President. Community leaders asked Reilly about his solutions to rising property taxes as well as his commitment to fully funding the Sheriff and State’s Attorney’s offices to combat crime. Reilly committed to returning to the 10th Ward to meet with Urban Center leaders, if elected.","https://www.facebook.com/122209075502216507/posts/122279992550216507","2","2","0","0"
"2/18/2026 9:43 am","232693460103788_1340047858153841","Facebook","Post","Photo","A Better Chicago","https://www.facebook.com/324620916363212/posts/1340047858153841","Aimée Eubanks Davis, founder and CEO of Braven, an A Better Chicago portfolio organization, is our next spotlight of Black Excellence.

Aimée is a nationally recognized leader with more than three decades of experience strengthening the connection between education and the workforce. 

What many may not know about Aimée is that she often credits her mother, Sharon Eubanks Pope, for instilling in her a deep sense of purpose and an enduring commitment to making the world a better place.

In her own words, Aimée shares a story that captures who her mother was: “The day before my older sister Rebekah was born, my mother planted tulip bulbs in front of our house in Englewood, on the South Side of Chicago, a neighborhood many call desolate. When the flowers bloomed in the spring, neighbors asked about them. The next year, they planted their own. Within a few years, the block was filled with the bright colors of tulips. That was my mother. She had a way of getting simple, practical ideas to take root. When she believed in the potential of a place or a person, she made it visible.”

That same ability to see possibility and cultivate growth is what makes Aimée’s leadership and excellence such an extraordinary force.","https://www.facebook.com/photo.php?fbid=1340047794820514&set=a.321187470039890&type=3","11","8","1","2"
"2/18/2026 9:40 am","2024146938359152909","X","Post","Photo","_abetterchicago","https://twitter.com/_abetterchicago/status/2024146938359152909","Congratulations to @ChiScholars, the recipient of our Challenge Grant investment for REACH Pathways, an app that gives high school students access to personalized guidance and advising.  This grant celebrates the power of partnership and innovation to create lasting pathways. https://t.co/zBq5EUBxsc","","0","0","0","0"
"2/17/2026 2:06 pm","189261190944495_122260569902174953","Facebook","Post","Photo","Illinois Partners for Teacher Leadership","https://www.facebook.com/61555248605335/posts/122260569902174953/","We are so excited to see the incredible lineup of educators, districts, universities, and organizations who will be at the Illinois Teacher Leadership Summit! From award-winning educators to leadership teams across the state, this is a powerful community of changemakers ready to collaborate, learn, and lead together.

Seeing your names on the list reminds us just how impactful this Summit is going to be — and we can’t wait to have you in the room. Expect meaningful conversations, inspiring ideas, and connections that will extend far beyond the event.

Check the list, tag your team, and start the countdown!
We’ll see you soon, teacher leaders. 💙
#TeacherLeadershipSummit #IllinoisEducators #TeacherLeaders #EdLeadership","https://www.facebook.com/61555248605335/posts/122260569902174953/","10","6","4","0"
"2/17/2026 10:10 am","232693460103788_1339225048236122","Facebook","Post","Photo","A Better Chicago","https://www.facebook.com/324620916363212/posts/1339225048236122","Congratulations to Chicago Scholars, the recipient of our $500,000 Challenge Grant investment.

In 2022, Chicago Scholars, an A Better Chicago portfolio organization, launched REACH Pathways, an app that gives high school students 24/7 access to personalized guidance that complements in-person advising. 

Since its launch, more than 25,000 Chicago students have joined the app.

This grant celebrates the power of partnership and innovation to create lasting pathways to success, leadership, and economic mobility for Chicago’s young people.","https://www.facebook.com/photo.php?fbid=1339225004902793&set=a.321187470039890&type=3","0","0","0","0"
"2/17/2026 9:25 am","2023780735593910309","X","Post","Photo","_abetterchicago","https://twitter.com/_abetterchicago/status/2023780735593910309","Congratulations to @ChiScholars, the recipient of our Challenge Grant investment for REACH Pathways, an app that gives high school students access to personalized guidance and advising.

This grant celebrates the power of partnership and innovation to create lasting pathways. https://t.co/Y2YEFLHXnl","","0","0","0","0"
"2/17/2026 8:35 am","56328402097_1391945232980456","Facebook","Post","Photo","Simon Youth Foundation","https://www.facebook.com/347062204135436/posts/1391945232980456","We are now accepting nominations for the 2026 Teacher & Administrator of the Year Awards - exclusively recognizing outstanding leaders within our Simon Youth Academy network. 

To learn more about eligibility requirements or to submit a nomination, visit the link in our bio. Nominations close March 13.","https://www.facebook.com/347062204135436/posts/1391945232980456","1","1","0","0"
"2/16/2026 1:21 pm","196842483717237_1437700675039811","Facebook","Post","Photo","Communities In Schools of Chicago","https://www.facebook.com/681023914040828/posts/1437700675039811","𝗝𝘂𝘀𝘁 𝗮𝘀 𝘄𝗲 𝗽𝗿𝗼𝘃𝗶𝗱𝗲 𝗼𝗽𝗽𝗼𝗿𝘁𝘂𝗻𝗶𝘁𝗶𝗲𝘀 𝗳𝗼𝗿 𝘆𝗼𝘂𝗻𝗴 𝗽𝗲𝗼𝗽𝗹𝗲 𝘁𝗼 𝗹𝗲𝗮𝗿𝗻 𝗮𝗻𝗱 𝗴𝗿𝗼𝘄, 𝗼𝘂𝗿 𝘁𝗲𝗮𝗺 𝗮𝗹𝘀𝗼 𝗽𝗿𝗼𝘃𝗶𝗱𝗲𝘀 𝗼𝗽𝗽𝗼𝗿𝘁𝘂𝗻𝗶𝘁𝗶𝗲𝘀 𝗳𝗼𝗿 𝗼𝘂𝗿 𝗰𝗼𝗺𝗺𝘂𝗻𝗶𝘁𝘆 𝗽𝗮𝗿𝘁𝗻𝗲𝗿𝘀 𝘁𝗼 𝗱𝗲𝘃𝗲𝗹𝗼𝗽 𝗽𝗿𝗼𝗳𝗲𝘀𝘀𝗶𝗼𝗻𝗮𝗹𝗹𝘆 𝗮𝗻𝗱 𝗯𝘂𝗶𝗹𝗱 𝗰𝗼𝗻𝗻𝗲𝗰𝘁𝗶𝗼𝗻𝘀.

These sessions, called NAVIGATE, are offered throughout the year and are always a highlight of CIS' partnership. 

Last week, we hosted a workshop for community partners focused on professional resilience. During the session, partners gained practical knowledge and tools for recognizing challenges and strengthening their resilience in meaningful, sustainable ways.
 
Our network of community partners support students and communities, so they often face ongoing emotional demands that can lead to compassion fatigue and burnout. This session focused on practical, evidence-based strategies to manage stress, prevent burnout, and strengthen their capacity to thrive in challenging environments.
 
Thanks to CAPE Studio, Chicago Arts Partnerships in Education, for serving as our host, and also to our CIS facilitators, Stephanie Estrada and Lo Patrick!","https://www.facebook.com/681023914040828/posts/1437700675039811","4","3","0","1"
"2/14/2026 10:13 am","355075968400258_1304229028481355","Facebook","Post","Photo","Children First Fund","https://www.facebook.com/295295272708074/posts/1304229028481355","Whether it’s the smooth notes of Nat King Cole’s ""L-O-V-E"" or Sam Cooke’s ""You Send Me,"" the soundtrack to your #ValentinesDay was born right here in Chicago. 💙

Today, we’re honoring two Wendell Phillips Academy High School legends. From the ""King of Soul"" to the ""Unforgettable"" voice of a generation, these Chicago Public Schools alumni didn't just top the charts—they broke barriers in television, entrepreneurship, and civil rights.

This February, we celebrate the hearts they touched and the legacy they left behind.

#BlackHistoryMonth #CPSAlumni #Love #ChicagoHistory","https://www.facebook.com/295295272708074/posts/1304229028481355","0","0","0","0"
"2/13/2026 4:56 pm","56328402097_1388713903303589","Facebook","Post","Photo","Simon Youth Foundation","https://www.facebook.com/347062204135436/posts/1388713903303589","Alternative education changes lives. Help us recognize the leaders who make it possible. 

Nominations may be submitted by members of the Simon Youth Academy community and local partners, including superintendents, administrators, teachers, students, Community Advocacy Council members, and Simon mall management team teams.

Nominations close Friday, March 13.
🔗 Link in bio.","https://www.facebook.com/photo.php?fbid=1388713879970258&set=a.336098415231815&type=3","2","1","0","1"
"2/13/2026 3:54 pm","355075968400258_1303444918559766","Facebook","Post","Photo","Children First Fund","https://www.facebook.com/295295272708074/posts/1303444918559766","Career and Technical Education (CTE) empowers students to discover their passions and shape their own futures. But we can't do it alone!

This #CTEMonth, we are shouting out the amazing partners who open doors for our students. Whether it's in construction, tech, health sciences, or engineering, your support turns ""learning"" into ""doing.""

Thank you for bringing CTE to life!","https://www.facebook.com/396271052532245/posts/1319312820228059","1","1","0","0"
"2/13/2026 2:25 pm","196842483717237_1434987511977794","Facebook","Post","Photo","Communities In Schools of Chicago","https://www.facebook.com/681023914040828/posts/1434987511977794","During the month of February, our CIS school-based team members and our Partnership Specialists focus on supporting students across grades with healthy relationship development. 

We were delighted this week to share some of that work with WBBM Newsradio and provide guidance for parents as they support children in developing healthy relationships! 

#mentalhealth #healthyrelationships #beingpresentmatters","https://www.facebook.com/photo.php?fbid=1434987391977806&set=a.594004809409406&type=3","2","2","0","0"
