"Date","Network","Profile","Audience","Net Audience Growth","Published Posts","Public Engagements","Public Engagements per Post","% Audience Growth","Published Carousels","Published Videos","Published Photos","Published Links","Published Text","Reactions","Comments","Shares","Top Hashtags by Lifetime Public Engagements"
"01-01-2022","X","The Chicago Public Education Fund","","","0","0","","","0","0","0","0","0","0","0","0",""
"01-02-2022","X","The Chicago Public Education Fund","","","0","0","","","0","0","0","0","0","0","0","0",""
"01-03-2022","X","The Chicago Public Education Fund","","","1","0","0","","0","0","0","1","0","0","0","0",""
"01-04-2022","X","The Chicago Public Education Fund","","","1","0","0","","0","0","0","1","0","0","0","0",""
"01-05-2022","X","The Chicago Public Education Fund","","","1","0","0","","0","0","0","1","0","0","0","0",""
"01-06-2022","X","The Chicago Public Education Fund","","","0","0","","","0","0","0","0","0","0","0","0",""
"01-07-2022","X","The Chicago Public Education Fund","","","0","0","","","0","0","0","0","0","0","0","0",""
"01-08-2022","X","The Chicago Public Education Fund","","","0","0","","","0","0","0","0","0","0","0","0",""
"01-09-2022","X","The Chicago Public Education Fund","","","0","0","","","0","0","0","0","0","0","0","0",""
"01-10-2022","X","The Chicago Public Education Fund","","","0","0","","","0","0","0","0","0","0","0","0",""
"01-11-2022","X","The Chicago Public Education Fund","","","1","0","0","","0","0","0","1","0","0","0","0",""
"01-12-2022","X","The Chicago Public Education Fund","","","1","0","0","","0","0","0","1","0","0","0","0",""
"01-13-2022","X","The Chicago Public Education Fund","","","1","0","0","","0","0","0","1","0","0","0","0",""
"01-14-2022","X","The Chicago Public Education Fund","","","1","0","0","","0","0","0","1","0","0","0","0",""
"01-15-2022","X","The Chicago Public Education Fund","","","0","0","","","0","0","0","0","0","0","0","0",""
"01-16-2022","X","The Chicago Public Education Fund","","","0","0","","","0","0","0","0","0","0","0","0",""
"01-17-2022","X","The Chicago Public Education Fund","","","1","0","0","","0","0","0","1","0","0","0","0",""
"01-18-2022","X","The Chicago Public Education Fund","","","3","0","0","","0","0","1","2","0","0","0","0",""
"01-19-2022","X","The Chicago Public Education Fund","","","2","0","0","","0","0","1","1","0","0","0","0",""
"01-20-2022","X","The Chicago Public Education Fund","","","2","0","0","","0","0","1","1","0","0","0","0",""
"01-21-2022","X","The Chicago Public Education Fund","","","2","0","0","","0","0","1","1","0","0","0","0",""
"01-22-2022","X","The Chicago Public Education Fund","","","0","0","","","0","0","0","0","0","0","0","0",""
"01-23-2022","X","The Chicago Public Education Fund","","","0","0","","","0","0","0","0","0","0","0","0",""
"01-24-2022","X","The Chicago Public Education Fund","","","1","0","0","","0","0","0","1","0","0","0","0",""
"01-25-2022","X","The Chicago Public Education Fund","","","1","0","0","","0","0","1","0","0","0","0","0",""
"01-26-2022","X","The Chicago Public Education Fund","","","2","0","0","","0","0","0","2","0","0","0","0",""
"01-27-2022","X","The Chicago Public Education Fund","","","2","0","0","","0","0","2","0","0","0","0","0",""
"01-28-2022","X","The Chicago Public Education Fund","","","0","0","","","0","0","0","0","0","0","0","0",""
"01-29-2022","X","The Chicago Public Education Fund","","","0","0","","","0","0","0","0","0","0","0","0",""
"01-30-2022","X","The Chicago Public Education Fund","","","0","0","","","0","0","0","0","0","0","0","0",""
"01-31-2022","X","The Chicago Public Education Fund","","","0","0","","","0","0","0","0","0","0","0","0",""
"02-01-2022","X","The Chicago Public Education Fund","","","0","0","","","0","0","0","0","0","0","0","0",""
"02-02-2022","X","The Chicago Public Education Fund","","","1","0","0","","0","0","0","1","0","0","0","0",""
"02-03-2022","X","The Chicago Public Education Fund","","","1","0","0","","0","0","0","1","0","0","0","0",""
"02-04-2022","X","The Chicago Public Education Fund","","","1","0","0","","0","0","1","0","0","0","0","0",""
"02-05-2022","X","The Chicago Public Education Fund","","","0","0","","","0","0","0","0","0","0","0","0",""
"02-06-2022","X","The Chicago Public Education Fund","","","0","0","","","0","0","0","0","0","0","0","0",""
"02-07-2022","X","The Chicago Public Education Fund","","","1","0","0","","0","0","1","0","0","0","0","0",""
"02-08-2022","X","The Chicago Public Education Fund","","","1","0","0","","0","0","0","1","0","0","0","0",""
"02-09-2022","X","The Chicago Public Education Fund","","","1","0","0","","0","0","0","1","0","0","0","0",""
"02-10-2022","X","The Chicago Public Education Fund","","","1","0","0","","0","0","1","0","0","0","0","0",""
"02-11-2022","X","The Chicago Public Education Fund","","","1","0","0","","0","0","0","1","0","0","0","0",""
"02-12-2022","X","The Chicago Public Education Fund","","","0","0","","","0","0","0","0","0","0","0","0",""
"02-13-2022","X","The Chicago Public Education Fund","","","0","0","","","0","0","0","0","0","0","0","0",""
"02-14-2022","X","The Chicago Public Education Fund","","","1","0","0","","0","0","0","1","0","0","0","0",""
"02-15-2022","X","The Chicago Public Education Fund","","","3","0","0","","0","0","2","0","1","0","0","0",""
"02-16-2022","X","The Chicago Public Education Fund","","","1","0","0","","0","0","0","1","0","0","0","0",""
"02-17-2022","X","The Chicago Public Education Fund","","","3","0","0","","0","0","0","2","1","0","0","0",""
"02-18-2022","X","The Chicago Public Education Fund","","","0","0","","","0","0","0","0","0","0","0","0",""
"02-19-2022","X","The Chicago Public Education Fund","","","0","0","","","0","0","0","0","0","0","0","0",""
"02-20-2022","X","The Chicago Public Education Fund","","","0","0","","","0","0","0","0","0","0","0","0",""
"02-21-2022","X","The Chicago Public Education Fund","","","0","0","","","0","0","0","0","0","0","0","0",""
"02-22-2022","X","The Chicago Public Education Fund","","","1","0","0","","0","0","1","0","0","0","0","0",""
"02-23-2022","X","The Chicago Public Education Fund","","","2","0","0","","0","0","0","2","0","0","0","0",""
"02-24-2022","X","The Chicago Public Education Fund","","","1","0","0","","0","0","0","1","0","0","0","0",""
"02-25-2022","X","The Chicago Public Education Fund","","","1","0","0","","0","0","1","0","0","0","0","0",""
"02-26-2022","X","The Chicago Public Education Fund","","","0","0","","","0","0","0","0","0","0","0","0",""
"02-27-2022","X","The Chicago Public Education Fund","","","0","0","","","0","0","0","0","0","0","0","0",""
"02-28-2022","X","The Chicago Public Education Fund","","","0","0","","","0","0","0","0","0","0","0","0",""
"03-01-2022","X","The Chicago Public Education Fund","","","1","0","0","","0","0","0","1","0","0","0","0",""
"03-02-2022","X","The Chicago Public Education Fund","","","1","0","0","","0","0","0","1","0","0","0","0",""
"03-03-2022","X","The Chicago Public Education Fund","","","1","0","0","","0","1","0","0","0","0","0","0",""
"03-04-2022","X","The Chicago Public Education Fund","","","1","0","0","","0","0","0","1","0","0","0","0",""
"03-05-2022","X","The Chicago Public Education Fund","","","0","0","","","0","0","0","0","0","0","0","0",""
"03-06-2022","X","The Chicago Public Education Fund","","","0","0","","","0","0","0","0","0","0","0","0",""
"03-07-2022","X","The Chicago Public Education Fund","","","1","0","0","","0","0","0","1","0","0","0","0",""
"03-08-2022","X","The Chicago Public Education Fund","","","1","0","0","","0","1","0","0","0","0","0","0",""
"03-09-2022","X","The Chicago Public Education Fund","","","1","0","0","","0","0","1","0","0","0","0","0",""
"03-10-2022","X","The Chicago Public Education Fund","","","0","0","","","0","0","0","0","0","0","0","0",""
"03-11-2022","X","The Chicago Public Education Fund","","","3","0","0","","0","0","1","2","0","0","0","0",""
"03-12-2022","X","The Chicago Public Education Fund","","","0","0","","","0","0","0","0","0","0","0","0",""
"03-13-2022","X","The Chicago Public Education Fund","","","0","0","","","0","0","0","0","0","0","0","0",""
"03-14-2022","X","The Chicago Public Education Fund","","","2","0","0","","0","1","0","1","0","0","0","0",""
"03-15-2022","X","The Chicago Public Education Fund","","","1","0","0","","0","0","0","1","0","0","0","0",""
"03-16-2022","X","The Chicago Public Education Fund","","","0","0","","","0","0","0","0","0","0","0","0",""
"03-17-2022","X","The Chicago Public Education Fund","","","1","0","0","","0","0","1","0","0","0","0","0",""
"03-18-2022","X","The Chicago Public Education Fund","","","1","0","0","","0","0","0","1","0","0","0","0",""
"03-19-2022","X","The Chicago Public Education Fund","","","0","0","","","0","0","0","0","0","0","0","0",""
"03-20-2022","X","The Chicago Public Education Fund","","","0","0","","","0","0","0","0","0","0","0","0",""
"03-21-2022","X","The Chicago Public Education Fund","","","8","0","0","","0","0","0","2","6","0","0","0",""
"03-22-2022","X","The Chicago Public Education Fund","","","7","0","0","","0","0","3","2","2","0","0","0",""
"03-23-2022","X","The Chicago Public Education Fund","","","3","0","0","","0","1","1","1","0","0","0","0",""
"03-24-2022","X","The Chicago Public Education Fund","","","0","0","","","0","0","0","0","0","0","0","0",""
"03-25-2022","X","The Chicago Public Education Fund","","","2","0","0","","0","0","1","1","0","0","0","0",""
"03-26-2022","X","The Chicago Public Education Fund","","","0","0","","","0","0","0","0","0","0","0","0",""
"03-27-2022","X","The Chicago Public Education Fund","","","0","0","","","0","0","0","0","0","0","0","0",""
"03-28-2022","X","The Chicago Public Education Fund","","","1","0","0","","0","0","0","1","0","0","0","0",""
"03-29-2022","X","The Chicago Public Education Fund","","","4","0","0","","0","0","1","3","0","0","0","0",""
"03-30-2022","X","The Chicago Public Education Fund","","","1","0","0","","0","0","0","1","0","0","0","0",""
"03-31-2022","X","The Chicago Public Education Fund","","","1","0","0","","0","0","0","1","0","0","0","0",""
"04-01-2022","X","The Chicago Public Education Fund","","","0","0","","","0","0","0","0","0","0","0","0",""
"04-02-2022","X","The Chicago Public Education Fund","","","0","0","","","0","0","0","0","0","0","0","0",""
"04-03-2022","X","The Chicago Public Education Fund","","","0","0","","","0","0","0","0","0","0","0","0",""
"04-04-2022","X","The Chicago Public Education Fund","","","2","0","0","","0","0","1","0","1","0","0","0",""
"04-05-2022","X","The Chicago Public Education Fund","","","6","0","0","","0","4","0","2","0","0","0","0",""
"04-06-2022","X","The Chicago Public Education Fund","","","5","0","0","","0","3","1","1","0","0","0","0",""
"04-07-2022","X","The Chicago Public Education Fund","","","1","0","0","","0","0","0","1","0","0","0","0",""
"04-08-2022","X","The Chicago Public Education Fund","","","18","0","0","","0","1","9","2","6","0","0","0",""
"04-09-2022","X","The Chicago Public Education Fund","","","0","0","","","0","0","0","0","0","0","0","0",""
"04-10-2022","X","The Chicago Public Education Fund","","","0","0","","","0","0","0","0","0","0","0","0",""
"04-11-2022","X","The Chicago Public Education Fund","","","1","0","0","","0","0","0","1","0","0","0","0",""
"04-12-2022","X","The Chicago Public Education Fund","","","1","0","0","","0","0","0","1","0","0","0","0",""
"04-13-2022","X","The Chicago Public Education Fund","","","2","0","0","","0","0","0","2","0","0","0","0",""
"04-14-2022","X","The Chicago Public Education Fund","","","1","0","0","","0","0","0","1","0","0","0","0",""
"04-15-2022","X","The Chicago Public Education Fund","","","0","0","","","0","0","0","0","0","0","0","0",""
"04-16-2022","X","The Chicago Public Education Fund","","","0","0","","","0","0","0","0","0","0","0","0",""
"04-17-2022","X","The Chicago Public Education Fund","","","0","0","","","0","0","0","0","0","0","0","0",""
"04-18-2022","X","The Chicago Public Education Fund","","","0","0","","","0","0","0","0","0","0","0","0",""
"04-19-2022","X","The Chicago Public Education Fund","","","0","0","","","0","0","0","0","0","0","0","0",""
"04-20-2022","X","The Chicago Public Education Fund","","","3","0","0","","0","0","0","3","0","0","0","0",""
"04-21-2022","X","The Chicago Public Education Fund","","","1","0","0","","0","0","0","1","0","0","0","0",""
"04-22-2022","X","The Chicago Public Education Fund","","","0","0","","","0","0","0","0","0","0","0","0",""
"04-23-2022","X","The Chicago Public Education Fund","","","0","0","","","0","0","0","0","0","0","0","0",""
"04-24-2022","X","The Chicago Public Education Fund","","","0","0","","","0","0","0","0","0","0","0","0",""
"04-25-2022","X","The Chicago Public Education Fund","","","0","0","","","0","0","0","0","0","0","0","0",""
"04-26-2022","X","The Chicago Public Education Fund","","","0","0","","","0","0","0","0","0","0","0","0",""
"04-27-2022","X","The Chicago Public Education Fund","","","1","0","0","","0","0","0","1","0","0","0","0",""
"04-28-2022","X","The Chicago Public Education Fund","","","0","0","","","0","0","0","0","0","0","0","0",""
"04-29-2022","X","The Chicago Public Education Fund","","","1","0","0","","0","0","1","0","0","0","0","0",""
"04-30-2022","X","The Chicago Public Education Fund","","","0","0","","","0","0","0","0","0","0","0","0",""
"05-01-2022","X","The Chicago Public Education Fund","","","0","0","","","0","0","0","0","0","0","0","0",""
"05-02-2022","X","The Chicago Public Education Fund","","","1","0","0","","0","0","1","0","0","0","0","0",""
"05-03-2022","X","The Chicago Public Education Fund","","","0","0","","","0","0","0","0","0","0","0","0",""
"05-04-2022","X","The Chicago Public Education Fund","","","2","0","0","","0","0","0","2","0","0","0","0",""
"05-05-2022","X","The Chicago Public Education Fund","","","2","0","0","","0","0","0","2","0","0","0","0",""
"05-06-2022","X","The Chicago Public Education Fund","","","1","0","0","","0","0","0","1","0","0","0","0",""
"05-07-2022","X","The Chicago Public Education Fund","","","0","0","","","0","0","0","0","0","0","0","0",""
"05-08-2022","X","The Chicago Public Education Fund","","","0","0","","","0","0","0","0","0","0","0","0",""
"05-09-2022","X","The Chicago Public Education Fund","","","0","0","","","0","0","0","0","0","0","0","0",""
"05-10-2022","X","The Chicago Public Education Fund","","","2","0","0","","0","0","1","1","0","0","0","0",""
"05-11-2022","X","The Chicago Public Education Fund","","","2","0","0","","0","0","0","2","0","0","0","0",""
"05-12-2022","X","The Chicago Public Education Fund","","","0","0","","","0","0","0","0","0","0","0","0",""
"05-13-2022","X","The Chicago Public Education Fund","","","0","0","","","0","0","0","0","0","0","0","0",""
"05-14-2022","X","The Chicago Public Education Fund","","","0","0","","","0","0","0","0","0","0","0","0",""
"05-15-2022","X","The Chicago Public Education Fund","","","0","0","","","0","0","0","0","0","0","0","0",""
"05-16-2022","X","The Chicago Public Education Fund","","","0","0","","","0","0","0","0","0","0","0","0",""
"05-17-2022","X","The Chicago Public Education Fund","","","2","0","0","","0","0","1","1","0","0","0","0",""
"05-18-2022","X","The Chicago Public Education Fund","","","0","0","","","0","0","0","0","0","0","0","0",""
"05-19-2022","X","The Chicago Public Education Fund","","","0","0","","","0","0","0","0","0","0","0","0",""
"05-20-2022","X","The Chicago Public Education Fund","","","0","0","","","0","0","0","0","0","0","0","0",""
"05-21-2022","X","The Chicago Public Education Fund","","","0","0","","","0","0","0","0","0","0","0","0",""
"05-22-2022","X","The Chicago Public Education Fund","","","0","0","","","0","0","0","0","0","0","0","0",""
"05-23-2022","X","The Chicago Public Education Fund","","","0","0","","","0","0","0","0","0","0","0","0",""
"05-24-2022","X","The Chicago Public Education Fund","","","9","0","0","","0","0","1","3","5","0","0","0",""
"05-25-2022","X","The Chicago Public Education Fund","","","1","0","0","","0","0","0","0","1","0","0","0",""
"05-26-2022","X","The Chicago Public Education Fund","","","0","0","","","0","0","0","0","0","0","0","0",""
"05-27-2022","X","The Chicago Public Education Fund","","","0","0","","","0","0","0","0","0","0","0","0",""
"05-28-2022","X","The Chicago Public Education Fund","","","0","0","","","0","0","0","0","0","0","0","0",""
"05-29-2022","X","The Chicago Public Education Fund","","","0","0","","","0","0","0","0","0","0","0","0",""
"05-30-2022","X","The Chicago Public Education Fund","","","0","0","","","0","0","0","0","0","0","0","0",""
"05-31-2022","X","The Chicago Public Education Fund","","","0","0","","","0","0","0","0","0","0","0","0",""
"06-01-2022","X","The Chicago Public Education Fund","","","0","0","","","0","0","0","0","0","0","0","0",""
"06-02-2022","X","The Chicago Public Education Fund","","","1","0","0","","0","0","0","1","0","0","0","0",""
"06-03-2022","X","The Chicago Public Education Fund","","","3","0","0","","0","0","0","2","1","0","0","0",""
"06-04-2022","X","The Chicago Public Education Fund","","","0","0","","","0","0","0","0","0","0","0","0",""
"06-05-2022","X","The Chicago Public Education Fund","","","0","0","","","0","0","0","0","0","0","0","0",""
"06-06-2022","X","The Chicago Public Education Fund","","","0","0","","","0","0","0","0","0","0","0","0",""
"06-07-2022","X","The Chicago Public Education Fund","","","3","0","0","","0","0","1","1","1","0","0","0",""
"06-08-2022","X","The Chicago Public Education Fund","","","0","0","","","0","0","0","0","0","0","0","0",""
"06-09-2022","X","The Chicago Public Education Fund","","","1","0","0","","0","0","1","0","0","0","0","0",""
"06-10-2022","X","The Chicago Public Education Fund","","","2","0","0","","0","0","0","0","2","0","0","0",""
"06-11-2022","X","The Chicago Public Education Fund","","","0","0","","","0","0","0","0","0","0","0","0",""
"06-12-2022","X","The Chicago Public Education Fund","","","0","0","","","0","0","0","0","0","0","0","0",""
"06-13-2022","X","The Chicago Public Education Fund","","","0","0","","","0","0","0","0","0","0","0","0",""
"06-14-2022","X","The Chicago Public Education Fund","","","0","0","","","0","0","0","0","0","0","0","0",""
"06-15-2022","X","The Chicago Public Education Fund","","","10","0","0","","0","0","6","0","4","0","0","0",""
"06-16-2022","X","The Chicago Public Education Fund","","","0","0","","","0","0","0","0","0","0","0","0",""
"06-17-2022","X","The Chicago Public Education Fund","","","0","0","","","0","0","0","0","0","0","0","0",""
"06-18-2022","X","The Chicago Public Education Fund","","","0","0","","","0","0","0","0","0","0","0","0",""
"06-19-2022","X","The Chicago Public Education Fund","","","0","0","","","0","0","0","0","0","0","0","0",""
"06-20-2022","X","The Chicago Public Education Fund","","","0","0","","","0","0","0","0","0","0","0","0",""
"06-21-2022","X","The Chicago Public Education Fund","","","0","0","","","0","0","0","0","0","0","0","0",""
"06-22-2022","X","The Chicago Public Education Fund","","","0","0","","","0","0","0","0","0","0","0","0",""
"06-23-2022","X","The Chicago Public Education Fund","","","0","0","","","0","0","0","0","0","0","0","0",""
"06-24-2022","X","The Chicago Public Education Fund","","","0","0","","","0","0","0","0","0","0","0","0",""
"06-25-2022","X","The Chicago Public Education Fund","","","0","0","","","0","0","0","0","0","0","0","0",""
"06-26-2022","X","The Chicago Public Education Fund","","","0","0","","","0","0","0","0","0","0","0","0",""
"06-27-2022","X","The Chicago Public Education Fund","","","0","0","","","0","0","0","0","0","0","0","0",""
"06-28-2022","X","The Chicago Public Education Fund","","","1","0","0","","0","0","1","0","0","0","0","0",""
"06-29-2022","X","The Chicago Public Education Fund","","","1","0","0","","0","0","1","0","0","0","0","0",""
"06-30-2022","X","The Chicago Public Education Fund","","","1","0","0","","0","0","1","0","0","0","0","0",""
"07-01-2022","X","The Chicago Public Education Fund","","","0","0","","","0","0","0","0","0","0","0","0",""
"07-02-2022","X","The Chicago Public Education Fund","","","0","0","","","0","0","0","0","0","0","0","0",""
"07-03-2022","X","The Chicago Public Education Fund","","","0","0","","","0","0","0","0","0","0","0","0",""
"07-04-2022","X","The Chicago Public Education Fund","","","0","0","","","0","0","0","0","0","0","0","0",""
"07-05-2022","X","The Chicago Public Education Fund","","","0","0","","","0","0","0","0","0","0","0","0",""
"07-06-2022","X","The Chicago Public Education Fund","","","1","0","0","","0","0","0","1","0","0","0","0",""
"07-07-2022","X","The Chicago Public Education Fund","","","0","0","","","0","0","0","0","0","0","0","0",""
"07-08-2022","X","The Chicago Public Education Fund","","","0","0","","","0","0","0","0","0","0","0","0",""
"07-09-2022","X","The Chicago Public Education Fund","","","0","0","","","0","0","0","0","0","0","0","0",""
"07-10-2022","X","The Chicago Public Education Fund","","","0","0","","","0","0","0","0","0","0","0","0",""
"07-11-2022","X","The Chicago Public Education Fund","","","0","0","","","0","0","0","0","0","0","0","0",""
"07-12-2022","X","The Chicago Public Education Fund","","","0","0","","","0","0","0","0","0","0","0","0",""
"07-13-2022","X","The Chicago Public Education Fund","","","0","0","","","0","0","0","0","0","0","0","0",""
"07-14-2022","X","The Chicago Public Education Fund","","","0","0","","","0","0","0","0","0","0","0","0",""
"07-15-2022","X","The Chicago Public Education Fund","","","0","0","","","0","0","0","0","0","0","0","0",""
"07-16-2022","X","The Chicago Public Education Fund","","","0","0","","","0","0","0","0","0","0","0","0",""
"07-17-2022","X","The Chicago Public Education Fund","","","0","0","","","0","0","0","0","0","0","0","0",""
"07-18-2022","X","The Chicago Public Education Fund","","","1","0","0","","0","0","0","1","0","0","0","0",""
"07-19-2022","X","The Chicago Public Education Fund","","","0","0","","","0","0","0","0","0","0","0","0",""
"07-20-2022","X","The Chicago Public Education Fund","","","0","0","","","0","0","0","0","0","0","0","0",""
"07-21-2022","X","The Chicago Public Education Fund","","","0","0","","","0","0","0","0","0","0","0","0",""
"07-22-2022","X","The Chicago Public Education Fund","","","0","0","","","0","0","0","0","0","0","0","0",""
"07-23-2022","X","The Chicago Public Education Fund","","","0","0","","","0","0","0","0","0","0","0","0",""
"07-24-2022","X","The Chicago Public Education Fund","","","0","0","","","0","0","0","0","0","0","0","0",""
"07-25-2022","X","The Chicago Public Education Fund","","","2","0","0","","0","0","0","2","0","0","0","0",""
"07-26-2022","X","The Chicago Public Education Fund","","","4","0","0","","0","0","3","1","0","0","0","0",""
"07-27-2022","X","The Chicago Public Education Fund","","","0","0","","","0","0","0","0","0","0","0","0",""
"07-28-2022","X","The Chicago Public Education Fund","","","1","0","0","","0","0","0","1","0","0","0","0",""
"07-29-2022","X","The Chicago Public Education Fund","","","0","0","","","0","0","0","0","0","0","0","0",""
"07-30-2022","X","The Chicago Public Education Fund","","","0","0","","","0","0","0","0","0","0","0","0",""
"07-31-2022","X","The Chicago Public Education Fund","","","0","0","","","0","0","0","0","0","0","0","0",""
"08-01-2022","X","The Chicago Public Education Fund","","","0","0","","","0","0","0","0","0","0","0","0",""
"08-02-2022","X","The Chicago Public Education Fund","","","0","0","","","0","0","0","0","0","0","0","0",""
"08-03-2022","X","The Chicago Public Education Fund","","","0","0","","","0","0","0","0","0","0","0","0",""
"08-04-2022","X","The Chicago Public Education Fund","","","0","0","","","0","0","0","0","0","0","0","0",""
"08-05-2022","X","The Chicago Public Education Fund","","","0","0","","","0","0","0","0","0","0","0","0",""
"08-06-2022","X","The Chicago Public Education Fund","","","0","0","","","0","0","0","0","0","0","0","0",""
"08-07-2022","X","The Chicago Public Education Fund","","","0","0","","","0","0","0","0","0","0","0","0",""
"08-08-2022","X","The Chicago Public Education Fund","","","0","0","","","0","0","0","0","0","0","0","0",""
"08-09-2022","X","The Chicago Public Education Fund","","","0","0","","","0","0","0","0","0","0","0","0",""
"08-10-2022","X","The Chicago Public Education Fund","","","0","0","","","0","0","0","0","0","0","0","0",""
"08-11-2022","X","The Chicago Public Education Fund","","","0","0","","","0","0","0","0","0","0","0","0",""
"08-12-2022","X","The Chicago Public Education Fund","","","0","0","","","0","0","0","0","0","0","0","0",""
"08-13-2022","X","The Chicago Public Education Fund","","","0","0","","","0","0","0","0","0","0","0","0",""
"08-14-2022","X","The Chicago Public Education Fund","","","0","0","","","0","0","0","0","0","0","0","0",""
"08-15-2022","X","The Chicago Public Education Fund","","","0","0","","","0","0","0","0","0","0","0","0",""
"08-16-2022","X","The Chicago Public Education Fund","","","0","0","","","0","0","0","0","0","0","0","0",""
"08-17-2022","X","The Chicago Public Education Fund","","","0","0","","","0","0","0","0","0","0","0","0",""
"08-18-2022","X","The Chicago Public Education Fund","","","0","0","","","0","0","0","0","0","0","0","0",""
"08-19-2022","X","The Chicago Public Education Fund","","","0","0","","","0","0","0","0","0","0","0","0",""
"08-20-2022","X","The Chicago Public Education Fund","","","0","0","","","0","0","0","0","0","0","0","0",""
"08-21-2022","X","The Chicago Public Education Fund","","","0","0","","","0","0","0","0","0","0","0","0",""
"08-22-2022","X","The Chicago Public Education Fund","","","3","0","0","","0","0","3","0","0","0","0","0",""
"08-23-2022","X","The Chicago Public Education Fund","","","1","0","0","","0","0","0","1","0","0","0","0",""
"08-24-2022","X","The Chicago Public Education Fund","","","0","0","","","0","0","0","0","0","0","0","0",""
"08-25-2022","X","The Chicago Public Education Fund","","","6","0","0","","0","0","4","0","2","0","0","0",""
"08-26-2022","X","The Chicago Public Education Fund","","","0","0","","","0","0","0","0","0","0","0","0",""
"08-27-2022","X","The Chicago Public Education Fund","","","0","0","","","0","0","0","0","0","0","0","0",""
"08-28-2022","X","The Chicago Public Education Fund","","","0","0","","","0","0","0","0","0","0","0","0",""
"08-29-2022","X","The Chicago Public Education Fund","","","0","0","","","0","0","0","0","0","0","0","0",""
"08-30-2022","X","The Chicago Public Education Fund","","","0","0","","","0","0","0","0","0","0","0","0",""
"08-31-2022","X","The Chicago Public Education Fund","","","0","0","","","0","0","0","0","0","0","0","0",""
"09-01-2022","X","The Chicago Public Education Fund","","","0","0","","","0","0","0","0","0","0","0","0",""
"09-02-2022","X","The Chicago Public Education Fund","","","0","0","","","0","0","0","0","0","0","0","0",""
"09-03-2022","X","The Chicago Public Education Fund","","","0","0","","","0","0","0","0","0","0","0","0",""
"09-04-2022","X","The Chicago Public Education Fund","","","0","0","","","0","0","0","0","0","0","0","0",""
"09-05-2022","X","The Chicago Public Education Fund","","","0","0","","","0","0","0","0","0","0","0","0",""
"09-06-2022","X","The Chicago Public Education Fund","","","0","0","","","0","0","0","0","0","0","0","0",""
"09-07-2022","X","The Chicago Public Education Fund","","","2","0","0","","0","0","1","1","0","0","0","0",""
"09-08-2022","X","The Chicago Public Education Fund","","","1","0","0","","0","0","0","1","0","0","0","0",""
"09-09-2022","X","The Chicago Public Education Fund","","","0","0","","","0","0","0","0","0","0","0","0",""
"09-10-2022","X","The Chicago Public Education Fund","","","0","0","","","0","0","0","0","0","0","0","0",""
"09-11-2022","X","The Chicago Public Education Fund","","","0","0","","","0","0","0","0","0","0","0","0",""
"09-12-2022","X","The Chicago Public Education Fund","","","1","0","0","","0","0","0","1","0","0","0","0",""
"09-13-2022","X","The Chicago Public Education Fund","","","0","0","","","0","0","0","0","0","0","0","0",""
"09-14-2022","X","The Chicago Public Education Fund","","","3","0","0","","0","0","3","0","0","0","0","0",""
"09-15-2022","X","The Chicago Public Education Fund","","","3","0","0","","0","0","2","0","1","0","0","0",""
"09-16-2022","X","The Chicago Public Education Fund","","","0","0","","","0","0","0","0","0","0","0","0",""
"09-17-2022","X","The Chicago Public Education Fund","","","0","0","","","0","0","0","0","0","0","0","0",""
"09-18-2022","X","The Chicago Public Education Fund","","","0","0","","","0","0","0","0","0","0","0","0",""
"09-19-2022","X","The Chicago Public Education Fund","","","1","0","0","","0","0","0","1","0","0","0","0",""
"09-20-2022","X","The Chicago Public Education Fund","","","4","0","0","","0","0","4","0","0","0","0","0",""
"09-21-2022","X","The Chicago Public Education Fund","","","0","0","","","0","0","0","0","0","0","0","0",""
"09-22-2022","X","The Chicago Public Education Fund","","","3","0","0","","0","0","0","1","2","0","0","0",""
"09-23-2022","X","The Chicago Public Education Fund","","","0","0","","","0","0","0","0","0","0","0","0",""
"09-24-2022","X","The Chicago Public Education Fund","","","0","0","","","0","0","0","0","0","0","0","0",""
"09-25-2022","X","The Chicago Public Education Fund","","","0","0","","","0","0","0","0","0","0","0","0",""
"09-26-2022","X","The Chicago Public Education Fund","","","0","0","","","0","0","0","0","0","0","0","0",""
"09-27-2022","X","The Chicago Public Education Fund","","","2","0","0","","0","0","1","1","0","0","0","0",""
"09-28-2022","X","The Chicago Public Education Fund","","","0","0","","","0","0","0","0","0","0","0","0",""
"09-29-2022","X","The Chicago Public Education Fund","","","2","0","0","","0","0","2","0","0","0","0","0",""
"09-30-2022","X","The Chicago Public Education Fund","","","0","0","","","0","0","0","0","0","0","0","0",""
"10-01-2022","X","The Chicago Public Education Fund","","","0","0","","","0","0","0","0","0","0","0","0",""
"10-02-2022","X","The Chicago Public Education Fund","","","0","0","","","0","0","0","0","0","0","0","0",""
"10-03-2022","X","The Chicago Public Education Fund","","","1","0","0","","0","0","0","1","0","0","0","0",""
"10-04-2022","X","The Chicago Public Education Fund","","","5","0","0","","0","0","3","1","1","0","0","0",""
"10-05-2022","X","The Chicago Public Education Fund","","","2","0","0","","0","0","2","0","0","0","0","0",""
"10-06-2022","X","The Chicago Public Education Fund","","","2","0","0","","0","0","0","2","0","0","0","0",""
"10-07-2022","X","The Chicago Public Education Fund","","","1","0","0","","0","0","0","1","0","0","0","0",""
"10-08-2022","X","The Chicago Public Education Fund","","","0","0","","","0","0","0","0","0","0","0","0",""
"10-09-2022","X","The Chicago Public Education Fund","","","0","0","","","0","0","0","0","0","0","0","0",""
"10-10-2022","X","The Chicago Public Education Fund","","","0","0","","","0","0","0","0","0","0","0","0",""
"10-11-2022","X","The Chicago Public Education Fund","","","0","0","","","0","0","0","0","0","0","0","0",""
"10-12-2022","X","The Chicago Public Education Fund","","","0","0","","","0","0","0","0","0","0","0","0",""
"10-13-2022","X","The Chicago Public Education Fund","","","1","0","0","","0","0","1","0","0","0","0","0",""
"10-14-2022","X","The Chicago Public Education Fund","","","1","0","0","","0","0","1","0","0","0","0","0",""
"10-15-2022","X","The Chicago Public Education Fund","","","0","0","","","0","0","0","0","0","0","0","0",""
"10-16-2022","X","The Chicago Public Education Fund","","","0","0","","","0","0","0","0","0","0","0","0",""
"10-17-2022","X","The Chicago Public Education Fund","","","2","0","0","","0","0","0","1","1","0","0","0",""
"10-18-2022","X","The Chicago Public Education Fund","","","0","0","","","0","0","0","0","0","0","0","0",""
"10-19-2022","X","The Chicago Public Education Fund","","","3","0","0","","0","0","2","0","1","0","0","0",""
"10-20-2022","X","The Chicago Public Education Fund","","","0","0","","","0","0","0","0","0","0","0","0",""
"10-21-2022","X","The Chicago Public Education Fund","","","0","0","","","0","0","0","0","0","0","0","0",""
"10-22-2022","X","The Chicago Public Education Fund","","","0","0","","","0","0","0","0","0","0","0","0",""
"10-23-2022","X","The Chicago Public Education Fund","","","0","0","","","0","0","0","0","0","0","0","0",""
"10-24-2022","X","The Chicago Public Education Fund","","","0","0","","","0","0","0","0","0","0","0","0",""
"10-25-2022","X","The Chicago Public Education Fund","","","4","0","0","","0","0","2","1","1","0","0","0",""
"10-26-2022","X","The Chicago Public Education Fund","","","1","0","0","","0","0","1","0","0","0","0","0",""
"10-27-2022","X","The Chicago Public Education Fund","","","2","0","0","","0","0","1","0","1","0","0","0",""
"10-28-2022","X","The Chicago Public Education Fund","","","0","0","","","0","0","0","0","0","0","0","0",""
"10-29-2022","X","The Chicago Public Education Fund","","","0","0","","","0","0","0","0","0","0","0","0",""
"10-30-2022","X","The Chicago Public Education Fund","","","0","0","","","0","0","0","0","0","0","0","0",""
"10-31-2022","X","The Chicago Public Education Fund","","","0","0","","","0","0","0","0","0","0","0","0",""
"11-01-2022","X","The Chicago Public Education Fund","","","0","0","","","0","0","0","0","0","0","0","0",""
"11-02-2022","X","The Chicago Public Education Fund","","","0","0","","","0","0","0","0","0","0","0","0",""
"11-03-2022","X","The Chicago Public Education Fund","","","0","0","","","0","0","0","0","0","0","0","0",""
"11-04-2022","X","The Chicago Public Education Fund","","","3","0","0","","0","0","3","0","0","0","0","0",""
"11-05-2022","X","The Chicago Public Education Fund","","","0","0","","","0","0","0","0","0","0","0","0",""
"11-06-2022","X","The Chicago Public Education Fund","","","0","0","","","0","0","0","0","0","0","0","0",""
"11-07-2022","X","The Chicago Public Education Fund","","","0","0","","","0","0","0","0","0","0","0","0",""
"11-08-2022","X","The Chicago Public Education Fund","","","0","0","","","0","0","0","0","0","0","0","0",""
"11-09-2022","X","The Chicago Public Education Fund","","","0","0","","","0","0","0","0","0","0","0","0",""
"11-10-2022","X","The Chicago Public Education Fund","","","0","0","","","0","0","0","0","0","0","0","0",""
"11-11-2022","X","The Chicago Public Education Fund","","","0","0","","","0","0","0","0","0","0","0","0",""
"11-12-2022","X","The Chicago Public Education Fund","","","0","0","","","0","0","0","0","0","0","0","0",""
"11-13-2022","X","The Chicago Public Education Fund","","","0","0","","","0","0","0","0","0","0","0","0",""
"11-14-2022","X","The Chicago Public Education Fund","","","0","0","","","0","0","0","0","0","0","0","0",""
"11-15-2022","X","The Chicago Public Education Fund","","","0","0","","","0","0","0","0","0","0","0","0",""
"11-16-2022","X","The Chicago Public Education Fund","","","3","0","0","","0","0","2","1","0","0","0","0",""
"11-17-2022","X","The Chicago Public Education Fund","","","0","0","","","0","0","0","0","0","0","0","0",""
"11-18-2022","X","The Chicago Public Education Fund","","","0","0","","","0","0","0","0","0","0","0","0",""
"11-19-2022","X","The Chicago Public Education Fund","","","0","0","","","0","0","0","0","0","0","0","0",""
"11-20-2022","X","The Chicago Public Education Fund","","","0","0","","","0","0","0","0","0","0","0","0",""
"11-21-2022","X","The Chicago Public Education Fund","","","0","0","","","0","0","0","0","0","0","0","0",""
"11-22-2022","X","The Chicago Public Education Fund","","","0","0","","","0","0","0","0","0","0","0","0",""
"11-23-2022","X","The Chicago Public Education Fund","","","0","0","","","0","0","0","0","0","0","0","0",""
"11-24-2022","X","The Chicago Public Education Fund","","","1","0","0","","0","0","0","0","1","0","0","0",""
"11-25-2022","X","The Chicago Public Education Fund","","","0","0","","","0","0","0","0","0","0","0","0",""
"11-26-2022","X","The Chicago Public Education Fund","","","0","0","","","0","0","0","0","0","0","0","0",""
"11-27-2022","X","The Chicago Public Education Fund","","","0","0","","","0","0","0","0","0","0","0","0",""
"11-28-2022","X","The Chicago Public Education Fund","","","1","0","0","","0","0","0","1","0","0","0","0",""
"11-29-2022","X","The Chicago Public Education Fund","","","1","0","0","","0","0","0","1","0","0","0","0",""
"11-30-2022","X","The Chicago Public Education Fund","","","0","0","","","0","0","0","0","0","0","0","0",""
"12-01-2022","X","The Chicago Public Education Fund","","","0","0","","","0","0","0","0","0","0","0","0",""
"12-02-2022","X","The Chicago Public Education Fund","","","0","0","","","0","0","0","0","0","0","0","0",""
"12-03-2022","X","The Chicago Public Education Fund","","","0","0","","","0","0","0","0","0","0","0","0",""
"12-04-2022","X","The Chicago Public Education Fund","","","0","0","","","0","0","0","0","0","0","0","0",""
"12-05-2022","X","The Chicago Public Education Fund","","","1","0","0","","0","0","0","1","0","0","0","0",""
"12-06-2022","X","The Chicago Public Education Fund","","","0","0","","","0","0","0","0","0","0","0","0",""
"12-07-2022","X","The Chicago Public Education Fund","","","0","0","","","0","0","0","0","0","0","0","0",""
"12-08-2022","X","The Chicago Public Education Fund","","","0","0","","","0","0","0","0","0","0","0","0",""
"12-09-2022","X","The Chicago Public Education Fund","","","0","0","","","0","0","0","0","0","0","0","0",""
"12-10-2022","X","The Chicago Public Education Fund","","","0","0","","","0","0","0","0","0","0","0","0",""
"12-11-2022","X","The Chicago Public Education Fund","","","0","0","","","0","0","0","0","0","0","0","0",""
"12-12-2022","X","The Chicago Public Education Fund","","","2","0","0","","0","0","1","1","0","0","0","0",""
"12-13-2022","X","The Chicago Public Education Fund","","","2","0","0","","0","0","1","1","0","0","0","0",""
"12-14-2022","X","The Chicago Public Education Fund","","","2","0","0","","0","0","1","1","0","0","0","0",""
"12-15-2022","X","The Chicago Public Education Fund","","","3","0","0","","0","0","2","1","0","0","0","0",""
"12-16-2022","X","The Chicago Public Education Fund","","","2","0","0","","0","0","1","1","0","0","0","0",""
"12-17-2022","X","The Chicago Public Education Fund","","","0","0","","","0","0","0","0","0","0","0","0",""
"12-18-2022","X","The Chicago Public Education Fund","","","0","0","","","0","0","0","0","0","0","0","0",""
"12-19-2022","X","The Chicago Public Education Fund","","","0","0","","","0","0","0","0","0","0","0","0",""
"12-20-2022","X","The Chicago Public Education Fund","","","2","0","0","","0","0","0","2","0","0","0","0",""
"12-21-2022","X","The Chicago Public Education Fund","","","0","0","","","0","0","0","0","0","0","0","0",""
"12-22-2022","X","The Chicago Public Education Fund","","","0","0","","","0","0","0","0","0","0","0","0",""
"12-23-2022","X","The Chicago Public Education Fund","","","0","0","","","0","0","0","0","0","0","0","0",""
"12-24-2022","X","The Chicago Public Education Fund","","","0","0","","","0","0","0","0","0","0","0","0",""
"12-25-2022","X","The Chicago Public Education Fund","","","0","0","","","0","0","0","0","0","0","0","0",""
"12-26-2022","X","The Chicago Public Education Fund","","","0","0","","","0","0","0","0","0","0","0","0",""
"12-27-2022","X","The Chicago Public Education Fund","","","0","0","","","0","0","0","0","0","0","0","0",""
"12-28-2022","X","The Chicago Public Education Fund","","","1","2","2","","0","0","1","0","0","1","0","1",""
"12-29-2022","X","The Chicago Public Education Fund","","","1","2","2","","0","0","0","1","0","1","0","1",""
"12-30-2022","X","The Chicago Public Education Fund","","","0","0","","","0","0","0","0","0","0","0","0",""
"12-31-2022","X","The Chicago Public Education Fund","","","0","0","","","0","0","0","0","0","0","0","0",""
"01-01-2023","X","The Chicago Public Education Fund","","","1","2","2","","0","0","1","0","0","1","0","1",""
"01-02-2023","X","The Chicago Public Education Fund","","","0","0","","","0","0","0","0","0","0","0","0",""
"01-03-2023","X","The Chicago Public Education Fund","","","1","0","0","","0","0","0","1","0","0","0","0",""
"01-04-2023","X","The Chicago Public Education Fund","","","0","0","","","0","0","0","0","0","0","0","0",""
"01-05-2023","X","The Chicago Public Education Fund","","","0","0","","","0","0","0","0","0","0","0","0",""
"01-06-2023","X","The Chicago Public Education Fund","","","0","0","","","0","0","0","0","0","0","0","0",""
"01-07-2023","X","The Chicago Public Education Fund","","","0","0","","","0","0","0","0","0","0","0","0",""
"01-08-2023","X","The Chicago Public Education Fund","","","0","0","","","0","0","0","0","0","0","0","0",""
"01-09-2023","X","The Chicago Public Education Fund","","","0","0","","","0","0","0","0","0","0","0","0",""
"01-10-2023","X","The Chicago Public Education Fund","","","0","0","","","0","0","0","0","0","0","0","0",""
"01-11-2023","X","The Chicago Public Education Fund","","","0","0","","","0","0","0","0","0","0","0","0",""
"01-12-2023","X","The Chicago Public Education Fund","","","0","0","","","0","0","0","0","0","0","0","0",""
"01-13-2023","X","The Chicago Public Education Fund","","","0","0","","","0","0","0","0","0","0","0","0",""
"01-14-2023","X","The Chicago Public Education Fund","","","0","0","","","0","0","0","0","0","0","0","0",""
"01-15-2023","X","The Chicago Public Education Fund","","","0","0","","","0","0","0","0","0","0","0","0",""
"01-16-2023","X","The Chicago Public Education Fund","","","0","0","","","0","0","0","0","0","0","0","0",""
"01-17-2023","X","The Chicago Public Education Fund","","","2","2","1","","0","0","1","1","0","1","0","1",""
"01-18-2023","X","The Chicago Public Education Fund","","","0","0","","","0","0","0","0","0","0","0","0",""
"01-19-2023","X","The Chicago Public Education Fund","","","1","0","0","","0","0","1","0","0","0","0","0",""
"01-20-2023","X","The Chicago Public Education Fund","","","5","2","0.4","","0","0","3","1","1","1","0","1",""
"01-21-2023","X","The Chicago Public Education Fund","","","0","0","","","0","0","0","0","0","0","0","0",""
"01-22-2023","X","The Chicago Public Education Fund","","","0","0","","","0","0","0","0","0","0","0","0",""
"01-23-2023","X","The Chicago Public Education Fund","","","1","0","0","","0","0","0","1","0","0","0","0",""
"01-24-2023","X","The Chicago Public Education Fund","","","0","0","","","0","0","0","0","0","0","0","0",""
"01-25-2023","X","The Chicago Public Education Fund","","","3","4","1.33","","0","0","2","1","0","2","0","2",""
"01-26-2023","X","The Chicago Public Education Fund","","","0","0","","","0","0","0","0","0","0","0","0",""
"01-27-2023","X","The Chicago Public Education Fund","","","0","0","","","0","0","0","0","0","0","0","0",""
"01-28-2023","X","The Chicago Public Education Fund","","","0","0","","","0","0","0","0","0","0","0","0",""
"01-29-2023","X","The Chicago Public Education Fund","","","0","0","","","0","0","0","0","0","0","0","0",""
"01-30-2023","X","The Chicago Public Education Fund","","","0","0","","","0","0","0","0","0","0","0","0",""
"01-31-2023","X","The Chicago Public Education Fund","","","6","6","1","","0","0","3","2","1","3","0","3",""
"02-01-2023","X","The Chicago Public Education Fund","","","1","2","2","","0","0","1","0","0","1","0","1",""
"02-02-2023","X","The Chicago Public Education Fund","","","1","0","0","","0","0","0","1","0","0","0","0",""
"02-03-2023","X","The Chicago Public Education Fund","","","1","2","2","","0","0","1","0","0","1","0","1",""
"02-04-2023","X","The Chicago Public Education Fund","","","0","0","","","0","0","0","0","0","0","0","0",""
"02-05-2023","X","The Chicago Public Education Fund","","","0","0","","","0","0","0","0","0","0","0","0",""
"02-06-2023","X","The Chicago Public Education Fund","","","1","3","3","","0","0","0","1","0","2","0","1",""
"02-07-2023","X","The Chicago Public Education Fund","","","0","0","","","0","0","0","0","0","0","0","0",""
"02-08-2023","X","The Chicago Public Education Fund","","","1","0","0","","0","0","1","0","0","0","0","0",""
"02-09-2023","X","The Chicago Public Education Fund","","","1","0","0","","0","0","1","0","0","0","0","0",""
"02-10-2023","X","The Chicago Public Education Fund","","","0","0","","","0","0","0","0","0","0","0","0",""
"02-11-2023","X","The Chicago Public Education Fund","","","0","0","","","0","0","0","0","0","0","0","0",""
"02-12-2023","X","The Chicago Public Education Fund","","","0","0","","","0","0","0","0","0","0","0","0",""
"02-13-2023","X","The Chicago Public Education Fund","","","1","2","2","","0","0","1","0","0","1","0","1",""
"02-14-2023","X","The Chicago Public Education Fund","","","1","0","0","","0","0","1","0","0","0","0","0",""
"02-15-2023","X","The Chicago Public Education Fund","","","2","1","0.5","","0","0","0","0","2","1","0","0",""
"02-16-2023","X","The Chicago Public Education Fund","","","0","0","","","0","0","0","0","0","0","0","0",""
"02-17-2023","X","The Chicago Public Education Fund","","","1","3","3","","0","0","1","0","0","2","0","1",""
"02-18-2023","X","The Chicago Public Education Fund","","","0","0","","","0","0","0","0","0","0","0","0",""
"02-19-2023","X","The Chicago Public Education Fund","","","0","0","","","0","0","0","0","0","0","0","0",""
"02-20-2023","X","The Chicago Public Education Fund","","","0","0","","","0","0","0","0","0","0","0","0",""
"02-21-2023","X","The Chicago Public Education Fund","","","0","0","","","0","0","0","0","0","0","0","0",""
"02-22-2023","X","The Chicago Public Education Fund","","","2","6","3","","0","0","2","0","0","4","0","2",""
"02-23-2023","X","The Chicago Public Education Fund","","","0","0","","","0","0","0","0","0","0","0","0",""
"02-24-2023","X","The Chicago Public Education Fund","","","0","0","","","0","0","0","0","0","0","0","0",""
"02-25-2023","X","The Chicago Public Education Fund","","","0","0","","","0","0","0","0","0","0","0","0",""
"02-26-2023","X","The Chicago Public Education Fund","","","0","0","","","0","0","0","0","0","0","0","0",""
"02-27-2023","X","The Chicago Public Education Fund","","","0","0","","","0","0","0","0","0","0","0","0",""
"02-28-2023","X","The Chicago Public Education Fund","","","0","0","","","0","0","0","0","0","0","0","0",""
"03-01-2023","X","The Chicago Public Education Fund","","","1","10","10","","0","0","0","1","0","8","0","2",""
"03-02-2023","X","The Chicago Public Education Fund","","","0","0","","","0","0","0","0","0","0","0","0",""
"03-03-2023","X","The Chicago Public Education Fund","","","0","0","","","0","0","0","0","0","0","0","0",""
"03-04-2023","X","The Chicago Public Education Fund","","","0","0","","","0","0","0","0","0","0","0","0",""
"03-05-2023","X","The Chicago Public Education Fund","","","0","0","","","0","0","0","0","0","0","0","0",""
"03-06-2023","X","The Chicago Public Education Fund","","","0","0","","","0","0","0","0","0","0","0","0",""
"03-07-2023","X","The Chicago Public Education Fund","","","1","0","0","","0","0","1","0","0","0","0","0",""
"03-08-2023","X","The Chicago Public Education Fund","","","0","0","","","0","0","0","0","0","0","0","0",""
"03-09-2023","X","The Chicago Public Education Fund","","","0","0","","","0","0","0","0","0","0","0","0",""
"03-10-2023","X","The Chicago Public Education Fund","","","3","34","11.33","","0","0","2","1","0","27","2","5",""
"03-11-2023","X","The Chicago Public Education Fund","","","0","0","","","0","0","0","0","0","0","0","0",""
"03-12-2023","X","The Chicago Public Education Fund","","","0","0","","","0","0","0","0","0","0","0","0",""
"03-13-2023","X","The Chicago Public Education Fund","","","0","0","","","0","0","0","0","0","0","0","0",""
"03-14-2023","X","The Chicago Public Education Fund","","","1","0","0","","0","0","1","0","0","0","0","0",""
"03-15-2023","X","The Chicago Public Education Fund","","","1","8","8","","0","0","0","1","0","7","0","1",""
"03-16-2023","X","The Chicago Public Education Fund","","","1","0","0","","0","0","1","0","0","0","0","0",""
"03-17-2023","X","The Chicago Public Education Fund","","","1","0","0","","0","0","0","1","0","0","0","0",""
"03-18-2023","X","The Chicago Public Education Fund","","","0","0","","","0","0","0","0","0","0","0","0",""
"03-19-2023","X","The Chicago Public Education Fund","","","0","0","","","0","0","0","0","0","0","0","0",""
"03-20-2023","X","The Chicago Public Education Fund","","","1","5","5","","0","0","1","0","0","3","0","2",""
"03-21-2023","X","The Chicago Public Education Fund","","","3","19","6.33","","0","0","2","0","1","13","1","5",""
"03-22-2023","X","The Chicago Public Education Fund","","","0","0","","","0","0","0","0","0","0","0","0",""
"03-23-2023","X","The Chicago Public Education Fund","","","0","0","","","0","0","0","0","0","0","0","0",""
"03-24-2023","X","The Chicago Public Education Fund","","","1","6","6","","0","0","0","1","0","5","0","1",""
"03-25-2023","X","The Chicago Public Education Fund","","","0","0","","","0","0","0","0","0","0","0","0",""
"03-26-2023","X","The Chicago Public Education Fund","","","0","0","","","0","0","0","0","0","0","0","0",""
"03-27-2023","X","The Chicago Public Education Fund","","","0","0","","","0","0","0","0","0","0","0","0",""
"03-28-2023","X","The Chicago Public Education Fund","","","0","0","","","0","0","0","0","0","0","0","0",""
"03-29-2023","X","The Chicago Public Education Fund","","","0","0","","","0","0","0","0","0","0","0","0",""
"03-30-2023","X","The Chicago Public Education Fund","","","0","0","","","0","0","0","0","0","0","0","0",""
"03-31-2023","X","The Chicago Public Education Fund","","","1","9","9","","0","0","1","0","0","7","0","2",""
"04-01-2023","X","The Chicago Public Education Fund","","","0","0","","","0","0","0","0","0","0","0","0",""
"04-02-2023","X","The Chicago Public Education Fund","","","0","0","","","0","0","0","0","0","0","0","0",""
"04-03-2023","X","The Chicago Public Education Fund","","","0","0","","","0","0","0","0","0","0","0","0",""
"04-04-2023","X","The Chicago Public Education Fund","","","0","0","","","0","0","0","0","0","0","0","0",""
"04-05-2023","X","The Chicago Public Education Fund","","","2","18","9","","0","0","2","0","0","12","0","6",""
"04-06-2023","X","The Chicago Public Education Fund","","","2","20","10","","0","0","2","0","0","15","0","5",""
"04-07-2023","X","The Chicago Public Education Fund","","","1","2","2","","0","0","1","0","0","1","0","1",""
"04-08-2023","X","The Chicago Public Education Fund","","","0","0","","","0","0","0","0","0","0","0","0",""
"04-09-2023","X","The Chicago Public Education Fund","","","0","0","","","0","0","0","0","0","0","0","0",""
"04-10-2023","X","The Chicago Public Education Fund","","","0","0","","","0","0","0","0","0","0","0","0",""
"04-11-2023","X","The Chicago Public Education Fund","","","0","0","","","0","0","0","0","0","0","0","0",""
"04-12-2023","X","The Chicago Public Education Fund","","","1","0","0","","0","0","0","0","1","0","0","0",""
"04-13-2023","X","The Chicago Public Education Fund","","","0","0","","","0","0","0","0","0","0","0","0",""
"04-14-2023","X","The Chicago Public Education Fund","","","2","6","3","","0","0","2","0","0","4","0","2",""
"04-15-2023","X","The Chicago Public Education Fund","","","0","0","","","0","0","0","0","0","0","0","0",""
"04-16-2023","X","The Chicago Public Education Fund","","","0","0","","","0","0","0","0","0","0","0","0",""
"04-17-2023","X","The Chicago Public Education Fund","","","0","0","","","0","0","0","0","0","0","0","0",""
"04-18-2023","X","The Chicago Public Education Fund","","","0","0","","","0","0","0","0","0","0","0","0",""
"04-19-2023","X","The Chicago Public Education Fund","","","0","0","","","0","0","0","0","0","0","0","0",""
"04-20-2023","X","The Chicago Public Education Fund","","","1","0","0","","0","0","0","1","0","0","0","0",""
"04-21-2023","X","The Chicago Public Education Fund","","","0","0","","","0","0","0","0","0","0","0","0",""
"04-22-2023","X","The Chicago Public Education Fund","","","0","0","","","0","0","0","0","0","0","0","0",""
"04-23-2023","X","The Chicago Public Education Fund","","","0","0","","","0","0","0","0","0","0","0","0",""
"04-24-2023","X","The Chicago Public Education Fund","","","0","0","","","0","0","0","0","0","0","0","0",""
"04-25-2023","X","The Chicago Public Education Fund","","","1","3","3","","0","0","0","0","1","2","0","1",""
"04-26-2023","X","The Chicago Public Education Fund","","","0","0","","","0","0","0","0","0","0","0","0",""
"04-27-2023","X","The Chicago Public Education Fund","","","0","0","","","0","0","0","0","0","0","0","0",""
"04-28-2023","X","The Chicago Public Education Fund","","","0","0","","","0","0","0","0","0","0","0","0",""
"04-29-2023","X","The Chicago Public Education Fund","","","0","0","","","0","0","0","0","0","0","0","0",""
"04-30-2023","X","The Chicago Public Education Fund","","","0","0","","","0","0","0","0","0","0","0","0",""
"05-01-2023","X","The Chicago Public Education Fund","","","0","0","","","0","0","0","0","0","0","0","0",""
"05-02-2023","X","The Chicago Public Education Fund","","","0","0","","","0","0","0","0","0","0","0","0",""
"05-03-2023","X","The Chicago Public Education Fund","","","3","25","8.33","","0","0","3","0","0","20","0","5",""
"05-04-2023","X","The Chicago Public Education Fund","","","1","5","5","","0","0","1","0","0","5","0","0",""
"05-05-2023","X","The Chicago Public Education Fund","","","0","0","","","0","0","0","0","0","0","0","0",""
"05-06-2023","X","The Chicago Public Education Fund","","","0","0","","","0","0","0","0","0","0","0","0",""
"05-07-2023","X","The Chicago Public Education Fund","","","0","0","","","0","0","0","0","0","0","0","0",""
"05-08-2023","X","The Chicago Public Education Fund","","","0","0","","","0","0","0","0","0","0","0","0",""
"05-09-2023","X","The Chicago Public Education Fund","","","0","0","","","0","0","0","0","0","0","0","0",""
"05-10-2023","X","The Chicago Public Education Fund","","","1","13","13","","0","0","0","1","0","11","0","2",""
"05-11-2023","X","The Chicago Public Education Fund","","","0","0","","","0","0","0","0","0","0","0","0",""
"05-12-2023","X","The Chicago Public Education Fund","","","0","0","","","0","0","0","0","0","0","0","0",""
"05-13-2023","X","The Chicago Public Education Fund","","","0","0","","","0","0","0","0","0","0","0","0",""
"05-14-2023","X","The Chicago Public Education Fund","","","0","0","","","0","0","0","0","0","0","0","0",""
"05-15-2023","X","The Chicago Public Education Fund","","","1","12","12","","0","0","1","0","0","12","0","0",""
"05-16-2023","X","The Chicago Public Education Fund","","","1","11","11","","0","0","1","0","0","8","0","3",""
"05-17-2023","X","The Chicago Public Education Fund","","","0","0","","","0","0","0","0","0","0","0","0",""
"05-18-2023","X","The Chicago Public Education Fund","","","3","8","2.67","","0","0","1","1","1","6","2","0",""
"05-19-2023","X","The Chicago Public Education Fund","","","0","0","","","0","0","0","0","0","0","0","0",""
"05-20-2023","X","The Chicago Public Education Fund","","","0","0","","","0","0","0","0","0","0","0","0",""
"05-21-2023","X","The Chicago Public Education Fund","","","0","0","","","0","0","0","0","0","0","0","0",""
"05-22-2023","X","The Chicago Public Education Fund","","","2","12","6","","0","0","1","0","1","10","1","1",""
"05-23-2023","X","The Chicago Public Education Fund","","","2","4","2","","0","0","1","0","1","3","1","0",""
"05-24-2023","X","The Chicago Public Education Fund","","","2","5","2.5","","0","0","1","1","0","4","1","0",""
"05-25-2023","X","The Chicago Public Education Fund","","","2","10","5","","0","0","2","0","0","10","0","0",""
"05-26-2023","X","The Chicago Public Education Fund","","","0","0","","","0","0","0","0","0","0","0","0",""
"05-27-2023","X","The Chicago Public Education Fund","","","0","0","","","0","0","0","0","0","0","0","0",""
"05-28-2023","X","The Chicago Public Education Fund","","","0","0","","","0","0","0","0","0","0","0","0",""
"05-29-2023","X","The Chicago Public Education Fund","","","0","0","","","0","0","0","0","0","0","0","0",""
"05-30-2023","X","The Chicago Public Education Fund","","","0","0","","","0","0","0","0","0","0","0","0",""
"05-31-2023","X","The Chicago Public Education Fund","","","3","17","5.67","","0","0","1","0","2","13","2","2",""
"06-01-2023","X","The Chicago Public Education Fund","","","1","11","11","","0","0","1","0","0","8","0","3",""
"06-02-2023","X","The Chicago Public Education Fund","","","0","0","","","0","0","0","0","0","0","0","0",""
"06-03-2023","X","The Chicago Public Education Fund","","","0","0","","","0","0","0","0","0","0","0","0",""
"06-04-2023","X","The Chicago Public Education Fund","","","0","0","","","0","0","0","0","0","0","0","0",""
"06-05-2023","X","The Chicago Public Education Fund","","","0","0","","","0","0","0","0","0","0","0","0",""
"06-06-2023","X","The Chicago Public Education Fund","","","2","10","5","","0","0","1","1","0","9","1","0",""
"06-07-2023","X","The Chicago Public Education Fund","","","0","0","","","0","0","0","0","0","0","0","0",""
"06-08-2023","X","The Chicago Public Education Fund","","","2","15","7.5","","0","0","1","0","1","13","1","1",""
"06-09-2023","X","The Chicago Public Education Fund","","","0","0","","","0","0","0","0","0","0","0","0",""
"06-10-2023","X","The Chicago Public Education Fund","","","0","0","","","0","0","0","0","0","0","0","0",""
"06-11-2023","X","The Chicago Public Education Fund","","","0","0","","","0","0","0","0","0","0","0","0",""
"06-12-2023","X","The Chicago Public Education Fund","","","0","0","","","0","0","0","0","0","0","0","0",""
"06-13-2023","X","The Chicago Public Education Fund","","","2","4","2","","0","0","0","1","1","3","1","0",""
"06-14-2023","X","The Chicago Public Education Fund","","","2","1","0.5","","0","0","1","1","0","1","0","0",""
"06-15-2023","X","The Chicago Public Education Fund","","","1","0","0","","0","0","1","0","0","0","0","0",""
"06-16-2023","X","The Chicago Public Education Fund","","","3","6","2","","0","0","1","0","2","4","2","0",""
"06-17-2023","X","The Chicago Public Education Fund","","","0","0","","","0","0","0","0","0","0","0","0",""
"06-18-2023","X","The Chicago Public Education Fund","","","0","0","","","0","0","0","0","0","0","0","0",""
"06-19-2023","X","The Chicago Public Education Fund","","","0","0","","","0","0","0","0","0","0","0","0",""
"06-20-2023","X","The Chicago Public Education Fund","","","0","0","","","0","0","0","0","0","0","0","0",""
"06-21-2023","X","The Chicago Public Education Fund","","","1","0","0","","0","0","0","1","0","0","0","0",""
"06-22-2023","X","The Chicago Public Education Fund","","","0","0","","","0","0","0","0","0","0","0","0",""
"06-23-2023","X","The Chicago Public Education Fund","","","0","0","","","0","0","0","0","0","0","0","0",""
"06-24-2023","X","The Chicago Public Education Fund","","","0","0","","","0","0","0","0","0","0","0","0",""
"06-25-2023","X","The Chicago Public Education Fund","","","0","0","","","0","0","0","0","0","0","0","0",""
"06-26-2023","X","The Chicago Public Education Fund","","","0","0","","","0","0","0","0","0","0","0","0",""
"06-27-2023","X","The Chicago Public Education Fund","","","1","12","12","","0","0","1","0","0","9","0","3",""
"06-28-2023","X","The Chicago Public Education Fund","","","1","1","1","","0","0","1","0","0","1","0","0",""
"06-29-2023","X","The Chicago Public Education Fund","","","1","2","2","","0","1","0","0","0","2","0","0",""
"06-30-2023","X","The Chicago Public Education Fund","","","0","0","","","0","0","0","0","0","0","0","0",""
"07-01-2023","X","The Chicago Public Education Fund","","","0","0","","","0","0","0","0","0","0","0","0",""
"07-02-2023","X","The Chicago Public Education Fund","","","0","0","","","0","0","0","0","0","0","0","0",""
"07-03-2023","X","The Chicago Public Education Fund","","","0","0","","","0","0","0","0","0","0","0","0",""
"07-04-2023","X","The Chicago Public Education Fund","","","0","0","","","0","0","0","0","0","0","0","0",""
"07-05-2023","X","The Chicago Public Education Fund","","","0","0","","","0","0","0","0","0","0","0","0",""
"07-06-2023","X","The Chicago Public Education Fund","","","0","0","","","0","0","0","0","0","0","0","0",""
"07-07-2023","X","The Chicago Public Education Fund","","","0","0","","","0","0","0","0","0","0","0","0",""
"07-08-2023","X","The Chicago Public Education Fund","","","0","0","","","0","0","0","0","0","0","0","0",""
"07-09-2023","X","The Chicago Public Education Fund","","","0","0","","","0","0","0","0","0","0","0","0",""
"07-10-2023","X","The Chicago Public Education Fund","","","0","0","","","0","0","0","0","0","0","0","0",""
"07-11-2023","X","The Chicago Public Education Fund","","","0","0","","","0","0","0","0","0","0","0","0",""
"07-12-2023","X","The Chicago Public Education Fund","","","0","0","","","0","0","0","0","0","0","0","0",""
"07-13-2023","X","The Chicago Public Education Fund","","","0","0","","","0","0","0","0","0","0","0","0",""
"07-14-2023","X","The Chicago Public Education Fund","","","0","0","","","0","0","0","0","0","0","0","0",""
"07-15-2023","X","The Chicago Public Education Fund","","","0","0","","","0","0","0","0","0","0","0","0",""
"07-16-2023","X","The Chicago Public Education Fund","","","0","0","","","0","0","0","0","0","0","0","0",""
"07-17-2023","X","The Chicago Public Education Fund","","","0","0","","","0","0","0","0","0","0","0","0",""
"07-18-2023","X","The Chicago Public Education Fund","","","3","8","2.67","","0","1","0","1","1","4","2","2",""
"07-19-2023","X","The Chicago Public Education Fund","","","0","0","","","0","0","0","0","0","0","0","0",""
"07-20-2023","X","The Chicago Public Education Fund","","","1","4","4","","0","0","1","0","0","3","0","1",""
"07-21-2023","X","The Chicago Public Education Fund","","","0","0","","","0","0","0","0","0","0","0","0",""
"07-22-2023","X","The Chicago Public Education Fund","","","0","0","","","0","0","0","0","0","0","0","0",""
"07-23-2023","X","The Chicago Public Education Fund","","","0","0","","","0","0","0","0","0","0","0","0",""
"07-24-2023","X","The Chicago Public Education Fund","","","0","0","","","0","0","0","0","0","0","0","0",""
"07-25-2023","X","The Chicago Public Education Fund","","","1","12","12","","0","0","1","0","0","10","0","2",""
"07-26-2023","X","The Chicago Public Education Fund","","","0","0","","","0","0","0","0","0","0","0","0",""
"07-27-2023","X","The Chicago Public Education Fund","","","1","10","10","","0","1","0","0","0","4","0","6",""
"07-28-2023","X","The Chicago Public Education Fund","","","0","0","","","0","0","0","0","0","0","0","0",""
"07-29-2023","X","The Chicago Public Education Fund","","","0","0","","","0","0","0","0","0","0","0","0",""
"07-30-2023","X","The Chicago Public Education Fund","","","0","0","","","0","0","0","0","0","0","0","0",""
"07-31-2023","X","The Chicago Public Education Fund","","","0","0","","","0","0","0","0","0","0","0","0",""
"08-01-2023","X","The Chicago Public Education Fund","","","0","0","","","0","0","0","0","0","0","0","0",""
"08-02-2023","X","The Chicago Public Education Fund","","","0","0","","","0","0","0","0","0","0","0","0",""
"08-03-2023","X","The Chicago Public Education Fund","","","0","0","","","0","0","0","0","0","0","0","0",""
"08-04-2023","X","The Chicago Public Education Fund","","","1","7","7","","0","0","1","0","0","5","0","2",""
"08-05-2023","X","The Chicago Public Education Fund","","","0","0","","","0","0","0","0","0","0","0","0",""
"08-06-2023","X","The Chicago Public Education Fund","","","0","0","","","0","0","0","0","0","0","0","0",""
"08-07-2023","X","The Chicago Public Education Fund","","","0","0","","","0","0","0","0","0","0","0","0",""
"08-08-2023","X","The Chicago Public Education Fund","","","0","0","","","0","0","0","0","0","0","0","0",""
"08-09-2023","X","The Chicago Public Education Fund","","","0","0","","","0","0","0","0","0","0","0","0",""
"08-10-2023","X","The Chicago Public Education Fund","","","3","11","3.67","","0","0","1","1","1","2","2","7",""
"08-11-2023","X","The Chicago Public Education Fund","","","0","0","","","0","0","0","0","0","0","0","0",""
"08-12-2023","X","The Chicago Public Education Fund","","","0","0","","","0","0","0","0","0","0","0","0",""
"08-13-2023","X","The Chicago Public Education Fund","","","0","0","","","0","0","0","0","0","0","0","0",""
"08-14-2023","X","The Chicago Public Education Fund","","","0","0","","","0","0","0","0","0","0","0","0",""
"08-15-2023","X","The Chicago Public Education Fund","","","1","9","9","","0","0","1","0","0","8","0","1",""
"08-16-2023","X","The Chicago Public Education Fund","","","0","0","","","0","0","0","0","0","0","0","0",""
"08-17-2023","X","The Chicago Public Education Fund","","","0","0","","","0","0","0","0","0","0","0","0",""
"08-18-2023","X","The Chicago Public Education Fund","","","0","0","","","0","0","0","0","0","0","0","0",""
"08-19-2023","X","The Chicago Public Education Fund","","","0","0","","","0","0","0","0","0","0","0","0",""
"08-20-2023","X","The Chicago Public Education Fund","","","0","0","","","0","0","0","0","0","0","0","0",""
"08-21-2023","X","The Chicago Public Education Fund","","","1","10","10","","0","0","0","0","1","9","0","1",""
"08-22-2023","X","The Chicago Public Education Fund","","","0","0","","","0","0","0","0","0","0","0","0",""
"08-23-2023","X","The Chicago Public Education Fund","","","0","0","","","0","0","0","0","0","0","0","0",""
"08-24-2023","X","The Chicago Public Education Fund","","","0","0","","","0","0","0","0","0","0","0","0",""
"08-25-2023","X","The Chicago Public Education Fund","","","3","3","1","","0","0","1","1","1","1","2","0",""
"08-26-2023","X","The Chicago Public Education Fund","","","0","0","","","0","0","0","0","0","0","0","0",""
"08-27-2023","X","The Chicago Public Education Fund","","","0","0","","","0","0","0","0","0","0","0","0",""
"08-28-2023","X","The Chicago Public Education Fund","","","1","2","2","","0","1","0","0","0","1","0","1",""
"08-29-2023","X","The Chicago Public Education Fund","","","0","0","","","0","0","0","0","0","0","0","0",""
"08-30-2023","X","The Chicago Public Education Fund","","","1","6","6","","0","0","1","0","0","5","0","1",""
"08-31-2023","X","The Chicago Public Education Fund","","","0","0","","","0","0","0","0","0","0","0","0",""
"09-01-2023","X","The Chicago Public Education Fund","","","0","0","","","0","0","0","0","0","0","0","0",""
"09-02-2023","X","The Chicago Public Education Fund","","","0","0","","","0","0","0","0","0","0","0","0",""
"09-03-2023","X","The Chicago Public Education Fund","","","0","0","","","0","0","0","0","0","0","0","0",""
"09-04-2023","X","The Chicago Public Education Fund","","","0","0","","","0","0","0","0","0","0","0","0",""
"09-05-2023","X","The Chicago Public Education Fund","","","0","0","","","0","0","0","0","0","0","0","0",""
"09-06-2023","X","The Chicago Public Education Fund","","","0","0","","","0","0","0","0","0","0","0","0",""
"09-07-2023","X","The Chicago Public Education Fund","","","1","8","8","","0","0","1","0","0","5","1","2",""
"09-08-2023","X","The Chicago Public Education Fund","","","0","0","","","0","0","0","0","0","0","0","0",""
"09-09-2023","X","The Chicago Public Education Fund","","","0","0","","","0","0","0","0","0","0","0","0",""
"09-10-2023","X","The Chicago Public Education Fund","","","0","0","","","0","0","0","0","0","0","0","0",""
"09-11-2023","X","The Chicago Public Education Fund","","","0","0","","","0","0","0","0","0","0","0","0",""
"09-12-2023","X","The Chicago Public Education Fund","","","0","0","","","0","0","0","0","0","0","0","0",""
"09-13-2023","X","The Chicago Public Education Fund","","","1","1","1","","0","0","0","1","0","0","0","1",""
"09-14-2023","X","The Chicago Public Education Fund","","","1","6","6","","0","0","1","0","0","6","0","0",""
"09-15-2023","X","The Chicago Public Education Fund","","","0","0","","","0","0","0","0","0","0","0","0",""
"09-16-2023","X","The Chicago Public Education Fund","","","0","0","","","0","0","0","0","0","0","0","0",""
"09-17-2023","X","The Chicago Public Education Fund","","","0","0","","","0","0","0","0","0","0","0","0",""
"09-18-2023","X","The Chicago Public Education Fund","","","0","0","","","0","0","0","0","0","0","0","0",""
"09-19-2023","X","The Chicago Public Education Fund","","","1","9","9","","0","0","1","0","0","7","0","2",""
"09-20-2023","X","The Chicago Public Education Fund","","","0","0","","","0","0","0","0","0","0","0","0",""
"09-21-2023","X","The Chicago Public Education Fund","","","0","0","","","0","0","0","0","0","0","0","0",""
"09-22-2023","X","The Chicago Public Education Fund","","","0","0","","","0","0","0","0","0","0","0","0",""
"09-23-2023","X","The Chicago Public Education Fund","","","0","0","","","0","0","0","0","0","0","0","0",""
"09-24-2023","X","The Chicago Public Education Fund","","","0","0","","","0","0","0","0","0","0","0","0",""
"09-25-2023","X","The Chicago Public Education Fund","","","0","0","","","0","0","0","0","0","0","0","0",""
"09-26-2023","X","The Chicago Public Education Fund","","","0","0","","","0","0","0","0","0","0","0","0",""
"09-27-2023","X","The Chicago Public Education Fund","","","0","0","","","0","0","0","0","0","0","0","0",""
"09-28-2023","X","The Chicago Public Education Fund","","","0","0","","","0","0","0","0","0","0","0","0",""
"09-29-2023","X","The Chicago Public Education Fund","","","1","13","13","","0","0","1","0","0","11","0","2",""
"09-30-2023","X","The Chicago Public Education Fund","","","0","0","","","0","0","0","0","0","0","0","0",""
"10-01-2023","X","The Chicago Public Education Fund","","","0","0","","","0","0","0","0","0","0","0","0",""
"10-02-2023","X","The Chicago Public Education Fund","","","0","0","","","0","0","0","0","0","0","0","0",""
"10-03-2023","X","The Chicago Public Education Fund","","","1","7","7","","0","0","0","1","0","5","0","2",""
"10-04-2023","X","The Chicago Public Education Fund","","","1","15","15","","0","0","1","0","0","10","0","5",""
"10-05-2023","X","The Chicago Public Education Fund","","","1","1","1","","0","0","1","0","0","1","0","0",""
"10-06-2023","X","The Chicago Public Education Fund","","","0","0","","","0","0","0","0","0","0","0","0",""
"10-07-2023","X","The Chicago Public Education Fund","","","0","0","","","0","0","0","0","0","0","0","0",""
"10-08-2023","X","The Chicago Public Education Fund","","","0","0","","","0","0","0","0","0","0","0","0",""
"10-09-2023","X","The Chicago Public Education Fund","","","0","0","","","0","0","0","0","0","0","0","0",""
"10-10-2023","X","The Chicago Public Education Fund","","","1","5","5","","0","0","1","0","0","3","0","2",""
"10-11-2023","X","The Chicago Public Education Fund","","","1","10","10","","0","0","0","1","0","7","1","2",""
"10-12-2023","X","The Chicago Public Education Fund","","","0","0","","","0","0","0","0","0","0","0","0",""
"10-13-2023","X","The Chicago Public Education Fund","","","4","21","5.25","","0","0","1","3","0","19","0","2",""
"10-14-2023","X","The Chicago Public Education Fund","","","0","0","","","0","0","0","0","0","0","0","0",""
"10-15-2023","X","The Chicago Public Education Fund","","","0","0","","","0","0","0","0","0","0","0","0",""
"10-16-2023","X","The Chicago Public Education Fund","","","2","9","4.5","","0","0","1","1","0","8","1","0",""
"10-17-2023","X","The Chicago Public Education Fund","","","3","17","5.67","","0","0","2","0","1","11","0","6",""
"10-18-2023","X","The Chicago Public Education Fund","","","5","25","5","","0","0","1","4","0","22","0","3",""
"10-19-2023","X","The Chicago Public Education Fund","","","17","37","2.18","","0","0","1","6","10","24","7","6",""
"10-20-2023","X","The Chicago Public Education Fund","","","4","7","1.75","","0","0","0","4","0","6","0","1",""
"10-21-2023","X","The Chicago Public Education Fund","","","1","3","3","","0","0","0","1","0","3","0","0",""
"10-22-2023","X","The Chicago Public Education Fund","","","0","0","","","0","0","0","0","0","0","0","0",""
"10-23-2023","X","The Chicago Public Education Fund","","","2","11","5.5","","0","0","1","1","0","9","0","2",""
"10-24-2023","X","The Chicago Public Education Fund","","","1","16","16","","0","0","0","1","0","14","0","2",""
"10-25-2023","X","The Chicago Public Education Fund","","","1","6","6","","0","0","0","1","0","5","0","1",""
"10-26-2023","X","The Chicago Public Education Fund","","","2","12","6","","0","0","1","1","0","10","1","1",""
"10-27-2023","X","The Chicago Public Education Fund","","","2","11","5.5","","0","0","1","1","0","9","0","2",""
"10-28-2023","X","The Chicago Public Education Fund","","","0","0","","","0","0","0","0","0","0","0","0",""
"10-29-2023","X","The Chicago Public Education Fund","","","0","0","","","0","0","0","0","0","0","0","0",""
"10-30-2023","X","The Chicago Public Education Fund","","","0","0","","","0","0","0","0","0","0","0","0",""
"10-31-2023","X","The Chicago Public Education Fund","","","0","0","","","0","0","0","0","0","0","0","0",""
"11-01-2023","X","The Chicago Public Education Fund","","","2","9","4.5","","0","0","0","2","0","7","1","1",""
"11-02-2023","X","The Chicago Public Education Fund","","","0","0","","","0","0","0","0","0","0","0","0",""
"11-03-2023","X","The Chicago Public Education Fund","","","0","0","","","0","0","0","0","0","0","0","0",""
"11-04-2023","X","The Chicago Public Education Fund","","","0","0","","","0","0","0","0","0","0","0","0",""
"11-05-2023","X","The Chicago Public Education Fund","","","0","0","","","0","0","0","0","0","0","0","0",""
"11-06-2023","X","The Chicago Public Education Fund","","","1","5","5","","0","0","1","0","0","2","0","3",""
"11-07-2023","X","The Chicago Public Education Fund","","","1","5","5","","0","0","0","1","0","5","0","0",""
"11-08-2023","X","The Chicago Public Education Fund","","","1","4","4","","0","0","1","0","0","4","0","0",""
"11-09-2023","X","The Chicago Public Education Fund","","","0","0","","","0","0","0","0","0","0","0","0",""
"11-10-2023","X","The Chicago Public Education Fund","","","0","0","","","0","0","0","0","0","0","0","0",""
"11-11-2023","X","The Chicago Public Education Fund","","","0","0","","","0","0","0","0","0","0","0","0",""
"11-12-2023","X","The Chicago Public Education Fund","","","0","0","","","0","0","0","0","0","0","0","0",""
"11-13-2023","X","The Chicago Public Education Fund","","","0","0","","","0","0","0","0","0","0","0","0",""
"11-14-2023","X","The Chicago Public Education Fund","","","0","0","","","0","0","0","0","0","0","0","0",""
"11-15-2023","X","The Chicago Public Education Fund","","","1","2","2","","0","0","0","1","0","2","0","0",""
"11-16-2023","X","The Chicago Public Education Fund","","","0","0","","","0","0","0","0","0","0","0","0",""
"11-17-2023","X","The Chicago Public Education Fund","","","1","2","2","","0","1","0","0","0","1","0","1",""
"11-18-2023","X","The Chicago Public Education Fund","","","0","0","","","0","0","0","0","0","0","0","0",""
"11-19-2023","X","The Chicago Public Education Fund","","","0","0","","","0","0","0","0","0","0","0","0",""
"11-20-2023","X","The Chicago Public Education Fund","","","0","0","","","0","0","0","0","0","0","0","0",""
"11-21-2023","X","The Chicago Public Education Fund","","","0","0","","","0","0","0","0","0","0","0","0",""
"11-22-2023","X","The Chicago Public Education Fund","","","2","3","1.5","","0","0","1","1","0","1","0","2",""
"11-23-2023","X","The Chicago Public Education Fund","","","0","0","","","0","0","0","0","0","0","0","0",""
"11-24-2023","X","The Chicago Public Education Fund","","","0","0","","","0","0","0","0","0","0","0","0",""
"11-25-2023","X","The Chicago Public Education Fund","","","0","0","","","0","0","0","0","0","0","0","0",""
"11-26-2023","X","The Chicago Public Education Fund","","","0","0","","","0","0","0","0","0","0","0","0",""
"11-27-2023","X","The Chicago Public Education Fund","","","0","0","","","0","0","0","0","0","0","0","0",""
"11-28-2023","X","The Chicago Public Education Fund","","","1","2","2","","0","0","0","1","0","1","0","1",""
"11-29-2023","X","The Chicago Public Education Fund","","","0","0","","","0","0","0","0","0","0","0","0",""
"11-30-2023","X","The Chicago Public Education Fund","","","0","0","","","0","0","0","0","0","0","0","0",""
"12-01-2023","X","The Chicago Public Education Fund","3,077","","0","0","","","0","0","0","0","0","0","0","0",""
"12-02-2023","X","The Chicago Public Education Fund","3,077","0","0","0","","0.0000%","0","0","0","0","0","0","0","0",""
"12-03-2023","X","The Chicago Public Education Fund","3,077","0","0","0","","0.0000%","0","0","0","0","0","0","0","0",""
"12-04-2023","X","The Chicago Public Education Fund","3,077","0","0","0","","0.0000%","0","0","0","0","0","0","0","0",""
"12-05-2023","X","The Chicago Public Education Fund","3,079","2","0","0","","0.0650%","0","0","0","0","0","0","0","0",""
"12-06-2023","X","The Chicago Public Education Fund","3,077","-2","1","11","11","-0.0650%","0","0","1","0","0","8","1","2",""
"12-07-2023","X","The Chicago Public Education Fund","3,076","-1","0","0","","-0.0325%","0","0","0","0","0","0","0","0",""
"12-08-2023","X","The Chicago Public Education Fund","3,075","-1","0","0","","-0.0325%","0","0","0","0","0","0","0","0",""
"12-09-2023","X","The Chicago Public Education Fund","3,076","1","0","0","","0.0325%","0","0","0","0","0","0","0","0",""
"12-10-2023","X","The Chicago Public Education Fund","3,077","1","0","0","","0.0325%","0","0","0","0","0","0","0","0",""
"12-11-2023","X","The Chicago Public Education Fund","3,077","0","0","0","","0.0000%","0","0","0","0","0","0","0","0",""
"12-12-2023","X","The Chicago Public Education Fund","3,077","0","0","0","","0.0000%","0","0","0","0","0","0","0","0",""
"12-13-2023","X","The Chicago Public Education Fund","3,076","-1","0","0","","-0.0325%","0","0","0","0","0","0","0","0",""
"12-14-2023","X","The Chicago Public Education Fund","3,075","-1","0","0","","-0.0325%","0","0","0","0","0","0","0","0",""
"12-15-2023","X","The Chicago Public Education Fund","3,075","0","0","0","","0.0000%","0","0","0","0","0","0","0","0",""
"12-16-2023","X","The Chicago Public Education Fund","3,077","2","0","0","","0.0650%","0","0","0","0","0","0","0","0",""
"12-17-2023","X","The Chicago Public Education Fund","3,076","-1","0","0","","-0.0325%","0","0","0","0","0","0","0","0",""
"12-18-2023","X","The Chicago Public Education Fund","3,077","1","1","3","3","0.0325%","0","0","1","0","0","2","0","1",""
"12-19-2023","X","The Chicago Public Education Fund","3,079","2","0","0","","0.0650%","0","0","0","0","0","0","0","0",""
"12-20-2023","X","The Chicago Public Education Fund","3,079","0","0","0","","0.0000%","0","0","0","0","0","0","0","0",""
"12-21-2023","X","The Chicago Public Education Fund","3,079","0","0","0","","0.0000%","0","0","0","0","0","0","0","0",""
"12-22-2023","X","The Chicago Public Education Fund","3,079","0","2","5","2.5","0.0000%","0","0","0","2","0","5","0","0",""
"12-23-2023","X","The Chicago Public Education Fund","3,081","2","0","0","","0.0650%","0","0","0","0","0","0","0","0",""
"12-24-2023","X","The Chicago Public Education Fund","3,083","2","0","0","","0.0649%","0","0","0","0","0","0","0","0",""
"12-25-2023","X","The Chicago Public Education Fund","3,083","0","0","0","","0.0000%","0","0","0","0","0","0","0","0",""
"12-26-2023","X","The Chicago Public Education Fund","3,082","-1","0","0","","-0.0324%","0","0","0","0","0","0","0","0",""
"12-27-2023","X","The Chicago Public Education Fund","3,080","-2","0","0","","-0.0649%","0","0","0","0","0","0","0","0",""
"12-28-2023","X","The Chicago Public Education Fund","3,080","0","0","0","","0.0000%","0","0","0","0","0","0","0","0",""
"12-29-2023","X","The Chicago Public Education Fund","3,081","1","0","0","","0.0325%","0","0","0","0","0","0","0","0",""
"12-30-2023","X","The Chicago Public Education Fund","3,081","0","0","0","","0.0000%","0","0","0","0","0","0","0","0",""
"12-31-2023","X","The Chicago Public Education Fund","3,083","2","0","0","","0.0649%","0","0","0","0","0","0","0","0",""
"01-01-2024","X","The Chicago Public Education Fund","3,083","0","0","0","","0.0000%","0","0","0","0","0","0","0","0",""
"01-02-2024","X","The Chicago Public Education Fund","3,083","0","1","1","1","0.0000%","0","0","0","1","0","1","0","0",""
"01-03-2024","X","The Chicago Public Education Fund","3,083","0","0","0","","0.0000%","0","0","0","0","0","0","0","0",""
"01-04-2024","X","The Chicago Public Education Fund","3,083","0","0","0","","0.0000%","0","0","0","0","0","0","0","0",""
"01-05-2024","X","The Chicago Public Education Fund","3,084","1","1","8","8","0.0324%","0","0","1","0","0","6","0","2",""
"01-06-2024","X","The Chicago Public Education Fund","3,084","0","0","0","","0.0000%","0","0","0","0","0","0","0","0",""
"01-07-2024","X","The Chicago Public Education Fund","3,084","0","0","0","","0.0000%","0","0","0","0","0","0","0","0",""
"01-08-2024","X","The Chicago Public Education Fund","3,084","0","0","0","","0.0000%","0","0","0","0","0","0","0","0",""
"01-09-2024","X","The Chicago Public Education Fund","3,087","3","0","0","","0.0973%","0","0","0","0","0","0","0","0",""
"01-10-2024","X","The Chicago Public Education Fund","3,087","0","0","0","","0.0000%","0","0","0","0","0","0","0","0",""
"01-11-2024","X","The Chicago Public Education Fund","3,087","0","1","3","3","0.0000%","0","0","1","0","0","1","0","2",""
"01-12-2024","X","The Chicago Public Education Fund","3,088","1","0","0","","0.0324%","0","0","0","0","0","0","0","0",""
"01-13-2024","X","The Chicago Public Education Fund","3,088","0","0","0","","0.0000%","0","0","0","0","0","0","0","0",""
"01-14-2024","X","The Chicago Public Education Fund","3,088","0","0","0","","0.0000%","0","0","0","0","0","0","0","0",""
"01-15-2024","X","The Chicago Public Education Fund","3,088","0","5","5","1","0.0000%","0","0","0","3","2","1","4","0",""
"01-16-2024","X","The Chicago Public Education Fund","3,090","2","0","0","","0.0648%","0","0","0","0","0","0","0","0",""
"01-17-2024","X","The Chicago Public Education Fund","3,090","0","0","0","","0.0000%","0","0","0","0","0","0","0","0",""
"01-18-2024","X","The Chicago Public Education Fund","3,089","-1","0","0","","-0.0324%","0","0","0","0","0","0","0","0",""
"01-19-2024","X","The Chicago Public Education Fund","3,089","0","0","0","","0.0000%","0","0","0","0","0","0","0","0",""
"01-20-2024","X","The Chicago Public Education Fund","3,090","1","0","0","","0.0324%","0","0","0","0","0","0","0","0",""
"01-21-2024","X","The Chicago Public Education Fund","3,091","1","0","0","","0.0324%","0","0","0","0","0","0","0","0",""
"01-22-2024","X","The Chicago Public Education Fund","3,092","1","2","9","4.5","0.0324%","0","0","2","0","0","5","1","3",""
"01-23-2024","X","The Chicago Public Education Fund","3,093","1","0","0","","0.0323%","0","0","0","0","0","0","0","0",""
"01-24-2024","X","The Chicago Public Education Fund","3,091","-2","2","6","3","-0.0647%","0","0","1","0","1","5","1","0",""
"01-25-2024","X","The Chicago Public Education Fund","3,090","-1","2","3","1.5","-0.0324%","0","0","0","2","0","3","0","0",""
"01-26-2024","X","The Chicago Public Education Fund","3,093","3","0","0","","0.0971%","0","0","0","0","0","0","0","0",""
"01-27-2024","X","The Chicago Public Education Fund","3,093","0","0","0","","0.0000%","0","0","0","0","0","0","0","0",""
"01-28-2024","X","The Chicago Public Education Fund","3,093","0","0","0","","0.0000%","0","0","0","0","0","0","0","0",""
"01-29-2024","X","The Chicago Public Education Fund","3,093","0","0","0","","0.0000%","0","0","0","0","0","0","0","0",""
"01-30-2024","X","The Chicago Public Education Fund","3,097","4","2","7","3.5","0.1293%","0","0","1","0","1","5","0","2",""
"01-31-2024","X","The Chicago Public Education Fund","3,099","2","0","0","","0.0646%","0","0","0","0","0","0","0","0",""
"02-01-2024","X","The Chicago Public Education Fund","3,103","4","2","5","2.5","0.1291%","0","0","1","0","1","5","0","0",""
"02-02-2024","X","The Chicago Public Education Fund","3,105","2","0","0","","0.0645%","0","0","0","0","0","0","0","0",""
"02-03-2024","X","The Chicago Public Education Fund","3,106","1","0","0","","0.0322%","0","0","0","0","0","0","0","0",""
"02-04-2024","X","The Chicago Public Education Fund","3,107","1","0","0","","0.0322%","0","0","0","0","0","0","0","0",""
"02-05-2024","X","The Chicago Public Education Fund","3,106","-1","0","0","","-0.0322%","0","0","0","0","0","0","0","0",""
"02-06-2024","X","The Chicago Public Education Fund","3,105","-1","0","0","","-0.0322%","0","0","0","0","0","0","0","0",""
"02-07-2024","X","The Chicago Public Education Fund","3,108","3","2","1","0.5","0.0966%","0","0","2","0","0","1","0","0",""
"02-08-2024","X","The Chicago Public Education Fund","3,109","1","0","0","","0.0322%","0","0","0","0","0","0","0","0",""
"02-09-2024","X","The Chicago Public Education Fund","3,108","-1","0","0","","-0.0322%","0","0","0","0","0","0","0","0",""
"02-10-2024","X","The Chicago Public Education Fund","3,108","0","0","0","","0.0000%","0","0","0","0","0","0","0","0",""
"02-11-2024","X","The Chicago Public Education Fund","3,108","0","0","0","","0.0000%","0","0","0","0","0","0","0","0",""
"02-12-2024","X","The Chicago Public Education Fund","3,108","0","1","3","3","0.0000%","0","0","1","0","0","3","0","0",""
"02-13-2024","X","The Chicago Public Education Fund","3,106","-2","0","0","","-0.0644%","0","0","0","0","0","0","0","0",""
"02-14-2024","X","The Chicago Public Education Fund","3,107","1","5","1","0.2","0.0322%","0","0","3","2","0","1","0","0",""
"02-15-2024","X","The Chicago Public Education Fund","3,107","0","1","3","3","0.0000%","0","0","1","0","0","2","0","1",""
"02-16-2024","X","The Chicago Public Education Fund","3,107","0","1","11","11","0.0000%","0","0","1","0","0","9","1","1",""
"02-17-2024","X","The Chicago Public Education Fund","3,106","-1","0","0","","-0.0322%","0","0","0","0","0","0","0","0",""
"02-18-2024","X","The Chicago Public Education Fund","3,108","2","0","0","","0.0644%","0","0","0","0","0","0","0","0",""
"02-19-2024","X","The Chicago Public Education Fund","3,109","1","2","3","1.5","0.0322%","0","0","1","0","1","2","0","1",""
"02-20-2024","X","The Chicago Public Education Fund","3,109","0","1","1","1","0.0000%","0","0","0","1","0","1","0","0",""
"02-21-2024","X","The Chicago Public Education Fund","3,109","0","1","1","1","0.0000%","0","0","1","0","0","0","0","1",""
"02-22-2024","X","The Chicago Public Education Fund","3,109","0","0","0","","0.0000%","0","0","0","0","0","0","0","0",""
"02-23-2024","X","The Chicago Public Education Fund","3,111","2","0","0","","0.0643%","0","0","0","0","0","0","0","0",""
"02-24-2024","X","The Chicago Public Education Fund","3,111","0","0","0","","0.0000%","0","0","0","0","0","0","0","0",""
"02-25-2024","X","The Chicago Public Education Fund","3,111","0","0","0","","0.0000%","0","0","0","0","0","0","0","0",""
"02-26-2024","X","The Chicago Public Education Fund","3,111","0","0","0","","0.0000%","0","0","0","0","0","0","0","0",""
"02-27-2024","X","The Chicago Public Education Fund","3,111","0","1","7","7","0.0000%","0","0","1","0","0","6","1","0",""
"02-28-2024","X","The Chicago Public Education Fund","3,112","1","0","0","","0.0321%","0","0","0","0","0","0","0","0",""
"02-29-2024","X","The Chicago Public Education Fund","3,112","0","0","0","","0.0000%","0","0","0","0","0","0","0","0",""
"03-01-2024","X","The Chicago Public Education Fund","3,113","1","1","5","5","0.0321%","0","0","1","0","0","4","0","1",""
"03-02-2024","X","The Chicago Public Education Fund","3,112","-1","0","0","","-0.0321%","0","0","0","0","0","0","0","0",""
"03-03-2024","X","The Chicago Public Education Fund","3,112","0","0","0","","0.0000%","0","0","0","0","0","0","0","0",""
"03-04-2024","X","The Chicago Public Education Fund","3,113","1","1","1","1","0.0321%","0","0","1","0","0","1","0","0",""
"03-05-2024","X","The Chicago Public Education Fund","3,113","0","2","6","3","0.0000%","0","0","0","1","1","4","0","2",""
"03-06-2024","X","The Chicago Public Education Fund","3,113","0","0","0","","0.0000%","0","0","0","0","0","0","0","0",""
"03-07-2024","X","The Chicago Public Education Fund","3,115","2","0","0","","0.0642%","0","0","0","0","0","0","0","0",""
"03-08-2024","X","The Chicago Public Education Fund","3,114","-1","1","3","3","-0.0321%","0","0","1","0","0","3","0","0",""
"03-09-2024","X","The Chicago Public Education Fund","3,114","0","0","0","","0.0000%","0","0","0","0","0","0","0","0",""
"03-10-2024","X","The Chicago Public Education Fund","3,113","-1","0","0","","-0.0321%","0","0","0","0","0","0","0","0",""
"03-11-2024","X","The Chicago Public Education Fund","3,111","-2","1","2","2","-0.0642%","0","0","0","1","0","2","0","0",""
"03-12-2024","X","The Chicago Public Education Fund","3,112","1","0","0","","0.0321%","0","0","0","0","0","0","0","0",""
"03-13-2024","X","The Chicago Public Education Fund","3,116","4","1","3","3","0.1285%","0","0","0","1","0","2","0","1",""
"03-14-2024","X","The Chicago Public Education Fund","3,115","-1","1","4","4","-0.0321%","0","1","0","0","0","2","0","2",""
"03-15-2024","X","The Chicago Public Education Fund","3,115","0","1","9","9","0.0000%","0","0","0","0","1","6","0","3",""
"03-16-2024","X","The Chicago Public Education Fund","3,115","0","0","0","","0.0000%","0","0","0","0","0","0","0","0",""
"03-17-2024","X","The Chicago Public Education Fund","3,114","-1","1","1","1","-0.0321%","0","0","0","0","1","1","0","0",""
"03-18-2024","X","The Chicago Public Education Fund","3,113","-1","0","0","","-0.0321%","0","0","0","0","0","0","0","0",""
"03-19-2024","X","The Chicago Public Education Fund","3,110","-3","2","19","9.5","-0.0964%","0","0","1","0","1","14","0","5",""
"03-20-2024","X","The Chicago Public Education Fund","3,110","0","0","0","","0.0000%","0","0","0","0","0","0","0","0",""
"03-21-2024","X","The Chicago Public Education Fund","3,110","0","2","12","6","0.0000%","0","0","1","1","0","9","0","3",""
"03-22-2024","X","The Chicago Public Education Fund","3,107","-3","1","6","6","-0.0965%","0","0","1","0","0","6","0","0",""
"03-23-2024","X","The Chicago Public Education Fund","3,107","0","0","0","","0.0000%","0","0","0","0","0","0","0","0",""
"03-24-2024","X","The Chicago Public Education Fund","3,109","2","0","0","","0.0644%","0","0","0","0","0","0","0","0",""
"03-25-2024","X","The Chicago Public Education Fund","3,110","1","0","0","","0.0322%","0","0","0","0","0","0","0","0",""
"03-26-2024","X","The Chicago Public Education Fund","3,111","1","0","0","","0.0322%","0","0","0","0","0","0","0","0",""
"03-27-2024","X","The Chicago Public Education Fund","3,112","1","0","0","","0.0321%","0","0","0","0","0","0","0","0",""
"03-28-2024","X","The Chicago Public Education Fund","3,113","1","1","12","12","0.0321%","0","0","1","0","0","9","0","3",""
"03-29-2024","X","The Chicago Public Education Fund","3,115","2","0","0","","0.0642%","0","0","0","0","0","0","0","0",""
"03-30-2024","X","The Chicago Public Education Fund","3,116","1","0","0","","0.0321%","0","0","0","0","0","0","0","0",""
"03-31-2024","X","The Chicago Public Education Fund","3,116","0","0","0","","0.0000%","0","0","0","0","0","0","0","0",""
"04-01-2024","X","The Chicago Public Education Fund","3,116","0","2","25","12.5","0.0000%","0","1","1","0","0","17","0","8",""
"04-02-2024","X","The Chicago Public Education Fund","3,118","2","3","13","4.33","0.0642%","0","0","2","0","1","6","0","7",""
"04-03-2024","X","The Chicago Public Education Fund","3,122","4","8","21","2.63","0.1283%","0","2","1","0","5","12","0","9",""
"04-04-2024","X","The Chicago Public Education Fund","3,124","2","9","63","7","0.0641%","0","1","3","0","5","49","1","13",""
"04-05-2024","X","The Chicago Public Education Fund","3,127","3","3","18","6","0.0960%","0","1","1","1","0","13","0","5",""
"04-06-2024","X","The Chicago Public Education Fund","3,126","-1","0","0","","-0.0320%","0","0","0","0","0","0","0","0",""
"04-07-2024","X","The Chicago Public Education Fund","3,127","1","0","0","","0.0320%","0","0","0","0","0","0","0","0",""
"04-08-2024","X","The Chicago Public Education Fund","3,129","2","2","11","5.5","0.0640%","0","0","1","1","0","8","0","3",""
"04-09-2024","X","The Chicago Public Education Fund","3,128","-1","1","3","3","-0.0320%","0","0","0","1","0","2","0","1",""
"04-10-2024","X","The Chicago Public Education Fund","3,128","0","1","8","8","0.0000%","0","0","0","1","0","5","0","3",""
"04-11-2024","X","The Chicago Public Education Fund","3,128","0","0","0","","0.0000%","0","0","0","0","0","0","0","0",""
"04-12-2024","X","The Chicago Public Education Fund","3,130","2","2","3","1.5","0.0639%","0","0","2","0","0","2","1","0",""
"04-13-2024","X","The Chicago Public Education Fund","3,130","0","0","0","","0.0000%","0","0","0","0","0","0","0","0",""
"04-14-2024","X","The Chicago Public Education Fund","3,129","-1","0","0","","-0.0319%","0","0","0","0","0","0","0","0",""
"04-15-2024","X","The Chicago Public Education Fund","3,130","1","1","4","4","0.0320%","0","0","1","0","0","3","0","1",""
"04-16-2024","X","The Chicago Public Education Fund","3,131","1","0","0","","0.0319%","0","0","0","0","0","0","0","0",""
"04-17-2024","X","The Chicago Public Education Fund","3,130","-1","0","0","","-0.0319%","0","0","0","0","0","0","0","0",""
"04-18-2024","X","The Chicago Public Education Fund","3,131","1","0","0","","0.0319%","0","0","0","0","0","0","0","0",""
"04-19-2024","X","The Chicago Public Education Fund","3,132","1","2","16","8","0.0319%","0","0","2","0","0","15","0","1",""
"04-20-2024","X","The Chicago Public Education Fund","3,132","0","0","0","","0.0000%","0","0","0","0","0","0","0","0",""
"04-21-2024","X","The Chicago Public Education Fund","3,133","1","0","0","","0.0319%","0","0","0","0","0","0","0","0",""
"04-22-2024","X","The Chicago Public Education Fund","3,132","-1","0","0","","-0.0319%","0","0","0","0","0","0","0","0",""
"04-23-2024","X","The Chicago Public Education Fund","3,133","1","1","6","6","0.0319%","0","0","1","0","0","3","2","1",""
"04-24-2024","X","The Chicago Public Education Fund","3,133","0","1","5","5","0.0000%","0","0","1","0","0","3","0","2",""
"04-25-2024","X","The Chicago Public Education Fund","3,132","-1","1","1","1","-0.0319%","0","0","1","0","0","1","0","0",""
"04-26-2024","X","The Chicago Public Education Fund","3,131","-1","0","0","","-0.0319%","0","0","0","0","0","0","0","0",""
"04-27-2024","X","The Chicago Public Education Fund","3,132","1","0","0","","0.0319%","0","0","0","0","0","0","0","0",""
"04-28-2024","X","The Chicago Public Education Fund","3,132","0","0","0","","0.0000%","0","0","0","0","0","0","0","0",""
"04-29-2024","X","The Chicago Public Education Fund","3,132","0","1","8","8","0.0000%","0","0","1","0","0","5","0","3",""
"04-30-2024","X","The Chicago Public Education Fund","3,132","0","0","0","","0.0000%","0","0","0","0","0","0","0","0",""
"05-01-2024","X","The Chicago Public Education Fund","3,133","1","2","15","7.5","0.0319%","0","0","1","0","1","12","1","2",""
"05-02-2024","X","The Chicago Public Education Fund","3,133","0","0","0","","0.0000%","0","0","0","0","0","0","0","0",""
"05-03-2024","X","The Chicago Public Education Fund","3,135","2","2","14","7","0.0638%","0","0","1","0","1","11","0","3",""
"05-04-2024","X","The Chicago Public Education Fund","3,135","0","0","0","","0.0000%","0","0","0","0","0","0","0","0",""
"05-05-2024","X","The Chicago Public Education Fund","3,135","0","0","0","","0.0000%","0","0","0","0","0","0","0","0",""
"05-06-2024","X","The Chicago Public Education Fund","3,138","3","0","0","","0.0957%","0","0","0","0","0","0","0","0",""
"05-07-2024","X","The Chicago Public Education Fund","3,138","0","1","4","4","0.0000%","0","0","1","0","0","3","1","0",""
"05-08-2024","X","The Chicago Public Education Fund","3,135","-3","0","0","","-0.0956%","0","0","0","0","0","0","0","0",""
"05-09-2024","X","The Chicago Public Education Fund","3,134","-1","2","5","2.5","-0.0319%","0","0","1","0","1","4","0","1",""
"05-10-2024","X","The Chicago Public Education Fund","3,136","2","0","0","","0.0638%","0","0","0","0","0","0","0","0",""
"05-11-2024","X","The Chicago Public Education Fund","3,139","3","0","0","","0.0957%","0","0","0","0","0","0","0","0",""
"05-12-2024","X","The Chicago Public Education Fund","3,139","0","0","0","","0.0000%","0","0","0","0","0","0","0","0",""
"05-13-2024","X","The Chicago Public Education Fund","3,140","1","0","0","","0.0319%","0","0","0","0","0","0","0","0",""
"05-14-2024","X","The Chicago Public Education Fund","3,140","0","0","0","","0.0000%","0","0","0","0","0","0","0","0",""
"05-15-2024","X","The Chicago Public Education Fund","3,140","0","1","2","2","0.0000%","0","0","1","0","0","2","0","0",""
"05-16-2024","X","The Chicago Public Education Fund","3,140","0","0","0","","0.0000%","0","0","0","0","0","0","0","0",""
"05-17-2024","X","The Chicago Public Education Fund","3,140","0","0","0","","0.0000%","0","0","0","0","0","0","0","0",""
"05-18-2024","X","The Chicago Public Education Fund","3,140","0","0","0","","0.0000%","0","0","0","0","0","0","0","0",""
"05-19-2024","X","The Chicago Public Education Fund","3,137","-3","0","0","","-0.0955%","0","0","0","0","0","0","0","0",""
"05-20-2024","X","The Chicago Public Education Fund","3,137","0","0","0","","0.0000%","0","0","0","0","0","0","0","0",""
"05-21-2024","X","The Chicago Public Education Fund","3,138","1","0","0","","0.0319%","0","0","0","0","0","0","0","0",""
"05-22-2024","X","The Chicago Public Education Fund","3,139","1","1","4","4","0.0319%","0","0","1","0","0","4","0","0",""
"05-23-2024","X","The Chicago Public Education Fund","3,141","2","1","4","4","0.0637%","0","0","0","0","1","3","1","0",""
"05-24-2024","X","The Chicago Public Education Fund","3,140","-1","0","0","","-0.0318%","0","0","0","0","0","0","0","0",""
"05-25-2024","X","The Chicago Public Education Fund","3,142","2","0","0","","0.0637%","0","0","0","0","0","0","0","0",""
"05-26-2024","X","The Chicago Public Education Fund","3,140","-2","0","0","","-0.0637%","0","0","0","0","0","0","0","0",""
"05-27-2024","X","The Chicago Public Education Fund","3,139","-1","3","5","1.67","-0.0318%","0","0","0","2","1","5","0","0",""
"05-28-2024","X","The Chicago Public Education Fund","3,138","-1","0","0","","-0.0319%","0","0","0","0","0","0","0","0",""
"05-29-2024","X","The Chicago Public Education Fund","3,138","0","0","0","","0.0000%","0","0","0","0","0","0","0","0",""
"05-30-2024","X","The Chicago Public Education Fund","3,138","0","0","0","","0.0000%","0","0","0","0","0","0","0","0",""
"05-31-2024","X","The Chicago Public Education Fund","3,138","0","1","9","9","0.0000%","0","0","0","0","1","7","0","2",""
"06-01-2024","X","The Chicago Public Education Fund","3,138","0","0","0","","0.0000%","0","0","0","0","0","0","0","0",""
"06-02-2024","X","The Chicago Public Education Fund","3,138","0","0","0","","0.0000%","0","0","0","0","0","0","0","0",""
"06-03-2024","X","The Chicago Public Education Fund","3,138","0","0","0","","0.0000%","0","0","0","0","0","0","0","0",""
"06-04-2024","X","The Chicago Public Education Fund","3,137","-1","1","3","3","-0.0319%","0","0","0","1","0","3","0","0",""
"06-05-2024","X","The Chicago Public Education Fund","3,138","1","1","2","2","0.0319%","0","0","0","1","0","2","0","0",""
"06-06-2024","X","The Chicago Public Education Fund","3,139","1","8","10","1.25","0.0319%","0","0","0","2","6","2","7","1",""
"06-07-2024","X","The Chicago Public Education Fund","3,140","1","1","1","1","0.0319%","0","0","0","1","0","0","0","1",""
"06-08-2024","X","The Chicago Public Education Fund","3,141","1","0","0","","0.0318%","0","0","0","0","0","0","0","0",""
"06-09-2024","X","The Chicago Public Education Fund","3,140","-1","0","0","","-0.0318%","0","0","0","0","0","0","0","0",""
"06-10-2024","X","The Chicago Public Education Fund","3,141","1","2","3","1.5","0.0318%","0","0","1","1","0","1","0","2",""
"06-11-2024","X","The Chicago Public Education Fund","3,144","3","1","5","5","0.0955%","0","0","1","0","0","3","0","2",""
"06-12-2024","X","The Chicago Public Education Fund","3,142","-2","0","0","","-0.0636%","0","0","0","0","0","0","0","0",""
"06-13-2024","X","The Chicago Public Education Fund","3,144","2","1","2","2","0.0637%","0","0","1","0","0","2","0","0",""
"06-14-2024","X","The Chicago Public Education Fund","3,143","-1","0","0","","-0.0318%","0","0","0","0","0","0","0","0",""
"06-15-2024","X","The Chicago Public Education Fund","3,145","2","2","6","3","0.0636%","0","0","0","2","0","5","0","1",""
"06-16-2024","X","The Chicago Public Education Fund","3,145","0","0","0","","0.0000%","0","0","0","0","0","0","0","0",""
"06-17-2024","X","The Chicago Public Education Fund","3,145","0","0","0","","0.0000%","0","0","0","0","0","0","0","0",""
"06-18-2024","X","The Chicago Public Education Fund","3,145","0","1","0","0","0.0000%","0","0","1","0","0","0","0","0",""
"06-19-2024","X","The Chicago Public Education Fund","3,145","0","6","7","1.17","0.0000%","0","0","0","3","3","2","5","0",""
"06-20-2024","X","The Chicago Public Education Fund","3,148","3","0","0","","0.0954%","0","0","0","0","0","0","0","0",""
"06-21-2024","X","The Chicago Public Education Fund","3,148","0","0","0","","0.0000%","0","0","0","0","0","0","0","0",""
"06-22-2024","X","The Chicago Public Education Fund","3,147","-1","0","0","","-0.0318%","0","0","0","0","0","0","0","0",""
"06-23-2024","X","The Chicago Public Education Fund","3,148","1","0","0","","0.0318%","0","0","0","0","0","0","0","0",""
"06-24-2024","X","The Chicago Public Education Fund","3,148","0","1","1","1","0.0000%","0","0","1","0","0","0","0","1",""
"06-25-2024","X","The Chicago Public Education Fund","3,146","-2","1","3","3","-0.0635%","0","0","0","1","0","2","0","1",""
"06-26-2024","X","The Chicago Public Education Fund","3,147","1","0","0","","0.0318%","0","0","0","0","0","0","0","0",""
"06-27-2024","X","The Chicago Public Education Fund","3,147","0","0","0","","0.0000%","0","0","0","0","0","0","0","0",""
"06-28-2024","X","The Chicago Public Education Fund","3,147","0","0","0","","0.0000%","0","0","0","0","0","0","0","0",""
"06-29-2024","X","The Chicago Public Education Fund","3,147","0","0","0","","0.0000%","0","0","0","0","0","0","0","0",""
"06-30-2024","X","The Chicago Public Education Fund","3,147","0","0","0","","0.0000%","0","0","0","0","0","0","0","0",""
"07-01-2024","X","The Chicago Public Education Fund","3,148","1","0","0","","0.0318%","0","0","0","0","0","0","0","0",""
"07-02-2024","X","The Chicago Public Education Fund","3,146","-2","0","0","","-0.0635%","0","0","0","0","0","0","0","0",""
"07-03-2024","X","The Chicago Public Education Fund","3,142","-4","0","0","","-0.1271%","0","0","0","0","0","0","0","0",""
"07-04-2024","X","The Chicago Public Education Fund","3,142","0","0","0","","0.0000%","0","0","0","0","0","0","0","0",""
"07-05-2024","X","The Chicago Public Education Fund","3,142","0","2","3","1.5","0.0000%","0","0","1","1","0","2","0","1",""
"07-06-2024","X","The Chicago Public Education Fund","3,140","-2","1","0","0","-0.0637%","0","0","1","0","0","0","0","0",""
"07-07-2024","X","The Chicago Public Education Fund","3,142","2","0","0","","0.0637%","0","0","0","0","0","0","0","0",""
"07-08-2024","X","The Chicago Public Education Fund","3,142","0","0","0","","0.0000%","0","0","0","0","0","0","0","0",""
"07-09-2024","X","The Chicago Public Education Fund","3,142","0","1","0","0","0.0000%","0","0","1","0","0","0","0","0",""
"07-10-2024","X","The Chicago Public Education Fund","3,143","1","0","0","","0.0318%","0","0","0","0","0","0","0","0",""
"07-11-2024","X","The Chicago Public Education Fund","3,143","0","1","0","0","0.0000%","0","1","0","0","0","0","0","0",""
"07-12-2024","X","The Chicago Public Education Fund","3,143","0","2","5","2.5","0.0000%","0","0","2","0","0","4","0","1",""
"07-13-2024","X","The Chicago Public Education Fund","3,143","0","0","0","","0.0000%","0","0","0","0","0","0","0","0",""
"07-14-2024","X","The Chicago Public Education Fund","3,143","0","0","0","","0.0000%","0","0","0","0","0","0","0","0",""
"07-15-2024","X","The Chicago Public Education Fund","3,143","0","2","8","4","0.0000%","0","0","2","0","0","7","0","1",""
"07-16-2024","X","The Chicago Public Education Fund","3,146","3","1","0","0","0.0955%","0","0","1","0","0","0","0","0",""
"07-17-2024","X","The Chicago Public Education Fund","3,145","-1","1","0","0","-0.0318%","0","0","1","0","0","0","0","0",""
"07-18-2024","X","The Chicago Public Education Fund","3,146","1","1","0","0","0.0318%","0","0","1","0","0","0","0","0",""
"07-19-2024","X","The Chicago Public Education Fund","3,146","0","1","0","0","0.0000%","0","0","1","0","0","0","0","0",""
"07-20-2024","X","The Chicago Public Education Fund","3,148","2","0","0","","0.0636%","0","0","0","0","0","0","0","0",""
"07-21-2024","X","The Chicago Public Education Fund","3,147","-1","0","0","","-0.0318%","0","0","0","0","0","0","0","0",""
"07-22-2024","X","The Chicago Public Education Fund","3,147","0","1","0","0","0.0000%","0","0","1","0","0","0","0","0",""
"07-23-2024","X","The Chicago Public Education Fund","3,146","-1","0","0","","-0.0318%","0","0","0","0","0","0","0","0",""
"07-24-2024","X","The Chicago Public Education Fund","3,146","0","1","1","1","0.0000%","0","0","1","0","0","1","0","0",""
"07-25-2024","X","The Chicago Public Education Fund","3,150","4","0","0","","0.1271%","0","0","0","0","0","0","0","0",""
"07-26-2024","X","The Chicago Public Education Fund","3,150","0","3","2","0.67","0.0000%","0","0","3","0","0","1","1","0",""
"07-27-2024","X","The Chicago Public Education Fund","3,153","3","0","0","","0.0952%","0","0","0","0","0","0","0","0",""
"07-28-2024","X","The Chicago Public Education Fund","3,153","0","0","0","","0.0000%","0","0","0","0","0","0","0","0",""
"07-29-2024","X","The Chicago Public Education Fund","3,153","0","3","2","0.67","0.0000%","0","0","0","3","0","1","1","0",""
"07-30-2024","X","The Chicago Public Education Fund","3,154","1","2","1","0.5","0.0317%","0","1","0","0","1","1","0","0",""
"07-31-2024","X","The Chicago Public Education Fund","3,149","-5","0","0","","-0.1585%","0","0","0","0","0","0","0","0",""
"08-01-2024","X","The Chicago Public Education Fund","3,149","0","0","0","","0.0000%","0","0","0","0","0","0","0","0",""
"08-02-2024","X","The Chicago Public Education Fund","3,149","0","1","4","4","0.0000%","0","0","1","0","0","4","0","0",""
"08-03-2024","X","The Chicago Public Education Fund","3,149","0","0","0","","0.0000%","0","0","0","0","0","0","0","0",""
"08-04-2024","X","The Chicago Public Education Fund","3,150","1","0","0","","0.0318%","0","0","0","0","0","0","0","0",""
"08-05-2024","X","The Chicago Public Education Fund","3,147","-3","0","0","","-0.0952%","0","0","0","0","0","0","0","0",""
"08-06-2024","X","The Chicago Public Education Fund","3,147","0","0","0","","0.0000%","0","0","0","0","0","0","0","0",""
"08-07-2024","X","The Chicago Public Education Fund","3,147","0","1","2","2","0.0000%","0","0","0","1","0","2","0","0",""
"08-08-2024","X","The Chicago Public Education Fund","3,148","1","1","4","4","0.0318%","0","0","0","1","0","2","1","1",""
"08-09-2024","X","The Chicago Public Education Fund","3,147","-1","0","0","","-0.0318%","0","0","0","0","0","0","0","0",""
"08-10-2024","X","The Chicago Public Education Fund","3,151","4","0","0","","0.1271%","0","0","0","0","0","0","0","0",""
"08-11-2024","X","The Chicago Public Education Fund","3,153","2","0","0","","0.0635%","0","0","0","0","0","0","0","0",""
"08-12-2024","X","The Chicago Public Education Fund","3,152","-1","1","1","1","-0.0317%","0","1","0","0","0","0","0","1",""
"08-13-2024","X","The Chicago Public Education Fund","3,151","-1","1","0","0","-0.0317%","0","0","0","1","0","0","0","0",""
"08-14-2024","X","The Chicago Public Education Fund","3,152","1","0","0","","0.0317%","0","0","0","0","0","0","0","0",""
"08-15-2024","X","The Chicago Public Education Fund","3,151","-1","0","0","","-0.0317%","0","0","0","0","0","0","0","0",""
"08-16-2024","X","The Chicago Public Education Fund","3,152","1","0","0","","0.0317%","0","0","0","0","0","0","0","0",""
"08-17-2024","X","The Chicago Public Education Fund","3,152","0","0","0","","0.0000%","0","0","0","0","0","0","0","0",""
"08-18-2024","X","The Chicago Public Education Fund","3,152","0","0","0","","0.0000%","0","0","0","0","0","0","0","0",""
"08-19-2024","X","The Chicago Public Education Fund","3,152","0","0","0","","0.0000%","0","0","0","0","0","0","0","0",""
"08-20-2024","X","The Chicago Public Education Fund","3,153","1","0","0","","0.0317%","0","0","0","0","0","0","0","0",""
"08-21-2024","X","The Chicago Public Education Fund","3,154","1","1","4","4","0.0317%","0","0","0","1","0","3","0","1",""
"08-22-2024","X","The Chicago Public Education Fund","3,154","0","0","0","","0.0000%","0","0","0","0","0","0","0","0",""
"08-23-2024","X","The Chicago Public Education Fund","3,155","1","0","0","","0.0317%","0","0","0","0","0","0","0","0",""
"08-24-2024","X","The Chicago Public Education Fund","3,155","0","0","0","","0.0000%","0","0","0","0","0","0","0","0",""
"08-25-2024","X","The Chicago Public Education Fund","3,156","1","0","0","","0.0317%","0","0","0","0","0","0","0","0",""
"08-26-2024","X","The Chicago Public Education Fund","3,159","3","1","6","6","0.0951%","0","0","1","0","0","5","0","1",""
"08-27-2024","X","The Chicago Public Education Fund","3,159","0","4","7","1.75","0.0000%","0","0","0","1","3","6","0","1",""
"08-28-2024","X","The Chicago Public Education Fund","3,160","1","0","0","","0.0317%","0","0","0","0","0","0","0","0",""
"08-29-2024","X","The Chicago Public Education Fund","3,161","1","1","3","3","0.0316%","0","0","0","0","1","3","0","0",""
"08-30-2024","X","The Chicago Public Education Fund","3,160","-1","0","0","","-0.0316%","0","0","0","0","0","0","0","0",""
"08-31-2024","X","The Chicago Public Education Fund","3,159","-1","0","0","","-0.0316%","0","0","0","0","0","0","0","0",""
"09-01-2024","X","The Chicago Public Education Fund","3,159","0","0","0","","0.0000%","0","0","0","0","0","0","0","0",""
"09-02-2024","X","The Chicago Public Education Fund","3,160","1","0","0","","0.0317%","0","0","0","0","0","0","0","0",""
"09-03-2024","X","The Chicago Public Education Fund","3,161","1","0","0","","0.0316%","0","0","0","0","0","0","0","0",""
"09-04-2024","X","The Chicago Public Education Fund","3,161","0","1","1","1","0.0000%","0","0","0","1","0","1","0","0",""
"09-05-2024","X","The Chicago Public Education Fund","3,164","3","1","1","1","0.0949%","0","0","0","1","0","1","0","0",""
"09-06-2024","X","The Chicago Public Education Fund","3,162","-2","0","0","","-0.0632%","0","0","0","0","0","0","0","0",""
"09-07-2024","X","The Chicago Public Education Fund","3,163","1","0","0","","0.0316%","0","0","0","0","0","0","0","0",""
"09-08-2024","X","The Chicago Public Education Fund","3,163","0","0","0","","0.0000%","0","0","0","0","0","0","0","0",""
"09-09-2024","X","The Chicago Public Education Fund","3,162","-1","0","0","","-0.0316%","0","0","0","0","0","0","0","0",""
"09-10-2024","X","The Chicago Public Education Fund","3,160","-2","0","0","","-0.0633%","0","0","0","0","0","0","0","0",""
"09-11-2024","X","The Chicago Public Education Fund","3,168","8","1","1","1","0.2532%","0","0","0","0","1","1","0","0",""
"09-12-2024","X","The Chicago Public Education Fund","3,168","0","0","0","","0.0000%","0","0","0","0","0","0","0","0",""
"09-13-2024","X","The Chicago Public Education Fund","3,170","2","1","5","5","0.0631%","0","0","1","0","0","5","0","0",""
"09-14-2024","X","The Chicago Public Education Fund","3,173","3","0","0","","0.0946%","0","0","0","0","0","0","0","0",""
"09-15-2024","X","The Chicago Public Education Fund","3,176","3","0","0","","0.0945%","0","0","0","0","0","0","0","0",""
"09-16-2024","X","The Chicago Public Education Fund","3,176","0","0","0","","0.0000%","0","0","0","0","0","0","0","0",""
"09-17-2024","X","The Chicago Public Education Fund","3,177","1","0","0","","0.0315%","0","0","0","0","0","0","0","0",""
"09-18-2024","X","The Chicago Public Education Fund","3,177","0","2","2","1","0.0000%","0","0","1","1","0","1","1","0",""
"09-19-2024","X","The Chicago Public Education Fund","3,177","0","0","0","","0.0000%","0","0","0","0","0","0","0","0",""
"09-20-2024","X","The Chicago Public Education Fund","3,176","-1","0","0","","-0.0315%","0","0","0","0","0","0","0","0",""
"09-21-2024","X","The Chicago Public Education Fund","3,177","1","0","0","","0.0315%","0","0","0","0","0","0","0","0",""
"09-22-2024","X","The Chicago Public Education Fund","3,180","3","0","0","","0.0944%","0","0","0","0","0","0","0","0",""
"09-23-2024","X","The Chicago Public Education Fund","3,180","0","0","0","","0.0000%","0","0","0","0","0","0","0","0",""
"09-24-2024","X","The Chicago Public Education Fund","3,179","-1","0","0","","-0.0314%","0","0","0","0","0","0","0","0",""
"09-25-2024","X","The Chicago Public Education Fund","3,179","0","1","0","0","0.0000%","0","0","0","1","0","0","0","0",""
"09-26-2024","X","The Chicago Public Education Fund","3,180","1","0","0","","0.0315%","0","0","0","0","0","0","0","0",""
"09-27-2024","X","The Chicago Public Education Fund","3,180","0","8","6","0.75","0.0000%","0","0","0","7","1","0","6","0",""
"09-28-2024","X","The Chicago Public Education Fund","3,180","0","0","0","","0.0000%","0","0","0","0","0","0","0","0",""
"09-29-2024","X","The Chicago Public Education Fund","3,178","-2","0","0","","-0.0629%","0","0","0","0","0","0","0","0",""
"09-30-2024","X","The Chicago Public Education Fund","3,178","0","0","0","","0.0000%","0","0","0","0","0","0","0","0",""
"10-01-2024","X","The Chicago Public Education Fund","3,178","0","4","5","1.25","0.0000%","0","0","2","2","0","2","0","3",""
"10-02-2024","X","The Chicago Public Education Fund","3,178","0","1","0","0","0.0000%","0","0","0","1","0","0","0","0",""
"10-03-2024","X","The Chicago Public Education Fund","3,179","1","1","0","0","0.0315%","0","0","1","0","0","0","0","0",""
"10-04-2024","X","The Chicago Public Education Fund","3,179","0","2","3","1.5","0.0000%","0","0","0","1","1","3","0","0",""
"10-05-2024","X","The Chicago Public Education Fund","3,179","0","0","0","","0.0000%","0","0","0","0","0","0","0","0",""
"10-06-2024","X","The Chicago Public Education Fund","3,178","-1","0","0","","-0.0315%","0","0","0","0","0","0","0","0",""
"10-07-2024","X","The Chicago Public Education Fund","3,180","2","3","6","2","0.0629%","0","0","2","0","1","4","0","2",""
"10-08-2024","X","The Chicago Public Education Fund","3,179","-1","3","1","0.33","-0.0314%","0","0","1","1","1","0","0","1",""
"10-09-2024","X","The Chicago Public Education Fund","3,181","2","0","0","","0.0629%","0","0","0","0","0","0","0","0",""
"10-10-2024","X","The Chicago Public Education Fund","3,181","0","7","9","1.29","0.0000%","0","0","0","7","0","6","0","3",""
"10-11-2024","X","The Chicago Public Education Fund","3,178","-3","2","2","1","-0.0943%","0","0","0","0","2","1","0","1",""
"10-12-2024","X","The Chicago Public Education Fund","3,178","0","0","0","","0.0000%","0","0","0","0","0","0","0","0",""
"10-13-2024","X","The Chicago Public Education Fund","3,179","1","0","0","","0.0315%","0","0","0","0","0","0","0","0",""
"10-14-2024","X","The Chicago Public Education Fund","3,178","-1","0","0","","-0.0315%","0","0","0","0","0","0","0","0",""
"10-15-2024","X","The Chicago Public Education Fund","3,178","0","1","1","1","0.0000%","0","0","1","0","0","0","0","1",""
"10-16-2024","X","The Chicago Public Education Fund","3,178","0","3","11","3.67","0.0000%","0","0","1","0","2","6","2","3",""
"10-17-2024","X","The Chicago Public Education Fund","3,179","1","2","2","1","0.0315%","0","0","1","0","1","1","0","1",""
"10-18-2024","X","The Chicago Public Education Fund","3,179","0","0","0","","0.0000%","0","0","0","0","0","0","0","0",""
"10-19-2024","X","The Chicago Public Education Fund","3,181","2","0","0","","0.0629%","0","0","0","0","0","0","0","0",""
"10-20-2024","X","The Chicago Public Education Fund","3,181","0","0","0","","0.0000%","0","0","0","0","0","0","0","0",""
"10-21-2024","X","The Chicago Public Education Fund","3,179","-2","4","3","0.75","-0.0629%","0","0","1","0","3","3","0","0",""
"10-22-2024","X","The Chicago Public Education Fund","3,180","1","4","13","3.25","0.0315%","0","0","2","0","2","8","2","3",""
"10-23-2024","X","The Chicago Public Education Fund","3,180","0","5","10","2","0.0000%","0","0","3","0","2","6","2","2",""
"10-24-2024","X","The Chicago Public Education Fund","3,178","-2","2","4","2","-0.0629%","0","0","1","0","1","4","0","0",""
"10-25-2024","X","The Chicago Public Education Fund","3,180","2","4","6","1.5","0.0629%","0","0","0","0","4","5","0","1",""
"10-26-2024","X","The Chicago Public Education Fund","3,177","-3","1","2","2","-0.0943%","0","0","1","0","0","2","0","0",""
"10-27-2024","X","The Chicago Public Education Fund","3,177","0","0","0","","0.0000%","0","0","0","0","0","0","0","0",""
"10-28-2024","X","The Chicago Public Education Fund","3,179","2","6","3","0.5","0.0630%","0","0","2","1","3","2","0","1",""
"10-29-2024","X","The Chicago Public Education Fund","3,176","-3","5","5","1","-0.0944%","0","0","2","2","1","3","0","2",""
"10-30-2024","X","The Chicago Public Education Fund","3,176","0","8","6","0.75","0.0000%","0","0","1","1","6","5","0","1",""
"10-31-2024","X","The Chicago Public Education Fund","3,177","1","9","7","0.78","0.0315%","0","0","4","1","4","5","2","0",""
"11-01-2024","X","The Chicago Public Education Fund","3,177","0","8","12","1.5","0.0000%","0","0","1","4","3","2","7","3",""
"11-02-2024","X","The Chicago Public Education Fund","3,176","-1","0","0","","-0.0315%","0","0","0","0","0","0","0","0",""
"11-03-2024","X","The Chicago Public Education Fund","3,176","0","0","0","","0.0000%","0","0","0","0","0","0","0","0",""
"11-04-2024","X","The Chicago Public Education Fund","3,176","0","7","13","1.86","0.0000%","0","0","0","5","2","6","5","2",""
"11-05-2024","X","The Chicago Public Education Fund","3,175","-1","0","0","","-0.0315%","0","0","0","0","0","0","0","0",""
"11-06-2024","X","The Chicago Public Education Fund","3,172","-3","0","0","","-0.0945%","0","0","0","0","0","0","0","0",""
"11-07-2024","X","The Chicago Public Education Fund","3,167","-5","1","0","0","-0.1576%","0","0","0","1","0","0","0","0",""
"11-08-2024","X","The Chicago Public Education Fund","3,162","-5","1","3","3","-0.1579%","0","0","1","0","0","3","0","0",""
"11-09-2024","X","The Chicago Public Education Fund","","","0","0","","","0","0","0","0","0","0","0","0",""
"11-10-2024","X","The Chicago Public Education Fund","3,159","","0","0","","","0","0","0","0","0","0","0","0",""
"11-11-2024","X","The Chicago Public Education Fund","3,154","-5","1","0","0","-0.1583%","0","0","0","0","1","0","0","0",""
"11-12-2024","X","The Chicago Public Education Fund","3,150","-4","1","1","1","-0.1268%","0","0","1","0","0","0","0","1",""
"11-13-2024","X","The Chicago Public Education Fund","3,145","-5","2","2","1","-0.1587%","0","0","0","0","2","2","0","0",""
"11-14-2024","X","The Chicago Public Education Fund","3,142","-3","1","0","0","-0.0954%","0","0","0","1","0","0","0","0",""
"11-15-2024","X","The Chicago Public Education Fund","3,135","-7","1","0","0","-0.2228%","0","0","1","0","0","0","0","0",""
"11-16-2024","X","The Chicago Public Education Fund","3,123","-12","0","0","","-0.3828%","0","0","0","0","0","0","0","0",""
"11-17-2024","X","The Chicago Public Education Fund","3,113","-10","0","0","","-0.3202%","0","0","0","0","0","0","0","0",""
"11-18-2024","X","The Chicago Public Education Fund","3,112","-1","1","0","0","-0.0321%","0","0","0","1","0","0","0","0",""
"11-19-2024","X","The Chicago Public Education Fund","3,110","-2","1","3","3","-0.0643%","0","0","0","1","0","2","0","1",""
"11-20-2024","X","The Chicago Public Education Fund","3,108","-2","1","0","0","-0.0643%","0","0","1","0","0","0","0","0",""
"11-21-2024","X","The Chicago Public Education Fund","3,109","1","1","0","0","0.0322%","0","0","1","0","0","0","0","0",""
"11-22-2024","X","The Chicago Public Education Fund","3,108","-1","0","0","","-0.0322%","0","0","0","0","0","0","0","0",""
"11-23-2024","X","The Chicago Public Education Fund","3,106","-2","0","0","","-0.0644%","0","0","0","0","0","0","0","0",""
"11-24-2024","X","The Chicago Public Education Fund","3,104","-2","1","0","0","-0.0644%","0","0","0","1","0","0","0","0",""
"11-25-2024","X","The Chicago Public Education Fund","3,103","-1","0","0","","-0.0322%","0","0","0","0","0","0","0","0",""
"11-26-2024","X","The Chicago Public Education Fund","3,103","0","0","0","","0.0000%","0","0","0","0","0","0","0","0",""
"11-27-2024","X","The Chicago Public Education Fund","3,097","-6","1","8","8","-0.1934%","0","0","1","0","0","6","0","2",""
"11-28-2024","X","The Chicago Public Education Fund","3,099","2","0","0","","0.0646%","0","0","0","0","0","0","0","0",""
"11-29-2024","X","The Chicago Public Education Fund","3,097","-2","0","0","","-0.0645%","0","0","0","0","0","0","0","0",""
"11-30-2024","X","The Chicago Public Education Fund","3,095","-2","0","0","","-0.0646%","0","0","0","0","0","0","0","0",""
"12-01-2024","X","The Chicago Public Education Fund","3,090","-5","0","0","","-0.1616%","0","0","0","0","0","0","0","0",""
"12-02-2024","X","The Chicago Public Education Fund","3,092","2","1","0","0","0.0647%","0","0","0","1","0","0","0","0",""
"12-03-2024","X","The Chicago Public Education Fund","3,092","0","2","2","1","0.0000%","0","0","1","0","1","1","0","1",""
"12-04-2024","X","The Chicago Public Education Fund","3,088","-4","0","0","","-0.1294%","0","0","0","0","0","0","0","0",""
"12-05-2024","X","The Chicago Public Education Fund","3,086","-2","2","5","2.5","-0.0648%","0","0","0","0","2","3","2","0",""
"12-06-2024","X","The Chicago Public Education Fund","3,085","-1","0","0","","-0.0324%","0","0","0","0","0","0","0","0",""
"12-07-2024","X","The Chicago Public Education Fund","3,084","-1","0","0","","-0.0324%","0","0","0","0","0","0","0","0",""
"12-08-2024","X","The Chicago Public Education Fund","3,084","0","0","0","","0.0000%","0","0","0","0","0","0","0","0",""
"12-09-2024","X","The Chicago Public Education Fund","3,080","-4","0","0","","-0.1297%","0","0","0","0","0","0","0","0",""
"12-10-2024","X","The Chicago Public Education Fund","3,077","-3","1","5","5","-0.0974%","0","1","0","0","0","4","0","1",""
"12-11-2024","X","The Chicago Public Education Fund","3,077","0","1","1","1","0.0000%","0","0","0","0","1","1","0","0",""
"12-12-2024","X","The Chicago Public Education Fund","3,076","-1","1","7","7","-0.0325%","0","1","0","0","0","4","0","3",""
"12-13-2024","X","The Chicago Public Education Fund","3,076","0","0","0","","0.0000%","0","0","0","0","0","0","0","0",""
"12-14-2024","X","The Chicago Public Education Fund","3,077","1","0","0","","0.0325%","0","0","0","0","0","0","0","0",""
"12-15-2024","X","The Chicago Public Education Fund","3,077","0","0","0","","0.0000%","0","0","0","0","0","0","0","0",""
"12-16-2024","X","The Chicago Public Education Fund","3,077","0","0","0","","0.0000%","0","0","0","0","0","0","0","0",""
"12-17-2024","X","The Chicago Public Education Fund","3,074","-3","1","1","1","-0.0975%","0","0","0","1","0","1","0","0",""
"12-18-2024","X","The Chicago Public Education Fund","3,074","0","1","1","1","0.0000%","0","0","0","1","0","1","0","0",""
"12-19-2024","X","The Chicago Public Education Fund","3,075","1","2","14","7","0.0325%","0","0","2","0","0","8","0","6",""
"12-20-2024","X","The Chicago Public Education Fund","3,076","1","0","0","","0.0325%","0","0","0","0","0","0","0","0",""
"12-21-2024","X","The Chicago Public Education Fund","3,078","2","0","0","","0.0650%","0","0","0","0","0","0","0","0",""
"12-22-2024","X","The Chicago Public Education Fund","3,078","0","0","0","","0.0000%","0","0","0","0","0","0","0","0",""
"12-23-2024","X","The Chicago Public Education Fund","3,077","-1","0","0","","-0.0325%","0","0","0","0","0","0","0","0",""
"12-24-2024","X","The Chicago Public Education Fund","3,078","1","1","0","0","0.0325%","0","0","0","1","0","0","0","0",""
"12-25-2024","X","The Chicago Public Education Fund","3,078","0","0","0","","0.0000%","0","0","0","0","0","0","0","0",""
"12-26-2024","X","The Chicago Public Education Fund","3,078","0","1","0","0","0.0000%","0","0","0","1","0","0","0","0",""
"12-27-2024","X","The Chicago Public Education Fund","3,078","0","0","0","","0.0000%","0","0","0","0","0","0","0","0",""
"12-28-2024","X","The Chicago Public Education Fund","3,078","0","0","0","","0.0000%","0","0","0","0","0","0","0","0",""
"12-29-2024","X","The Chicago Public Education Fund","3,079","1","0","0","","0.0325%","0","0","0","0","0","0","0","0",""
"12-30-2024","X","The Chicago Public Education Fund","3,079","0","0","0","","0.0000%","0","0","0","0","0","0","0","0",""
"12-31-2024","X","The Chicago Public Education Fund","3,081","2","0","0","","0.0650%","0","0","0","0","0","0","0","0",""
"01-01-2025","X","The Chicago Public Education Fund","3,081","0","0","0","","0.0000%","0","0","0","0","0","0","0","0",""
"01-02-2025","X","The Chicago Public Education Fund","3,082","1","0","0","","0.0325%","0","0","0","0","0","0","0","0",""
"01-03-2025","X","The Chicago Public Education Fund","3,082","0","1","0","0","0.0000%","0","0","0","1","0","0","0","0",""
"01-04-2025","X","The Chicago Public Education Fund","3,083","1","0","0","","0.0324%","0","0","0","0","0","0","0","0",""
"01-05-2025","X","The Chicago Public Education Fund","3,082","-1","0","0","","-0.0324%","0","0","0","0","0","0","0","0",""
"01-06-2025","X","The Chicago Public Education Fund","3,081","-1","0","0","","-0.0324%","0","0","0","0","0","0","0","0",""
"01-07-2025","X","The Chicago Public Education Fund","3,080","-1","1","7","7","-0.0325%","0","0","0","1","0","4","0","3",""
"01-08-2025","X","The Chicago Public Education Fund","3,080","0","0","0","","0.0000%","0","0","0","0","0","0","0","0",""
"01-09-2025","X","The Chicago Public Education Fund","3,079","-1","1","4","4","-0.0325%","0","0","1","0","0","3","0","1",""
"01-10-2025","X","The Chicago Public Education Fund","3,081","2","1","1","1","0.0650%","0","1","0","0","0","1","0","0",""
"01-11-2025","X","The Chicago Public Education Fund","3,081","0","0","0","","0.0000%","0","0","0","0","0","0","0","0",""
"01-12-2025","X","The Chicago Public Education Fund","3,082","1","0","0","","0.0325%","0","0","0","0","0","0","0","0",""
"01-13-2025","X","The Chicago Public Education Fund","3,082","0","2","3","1.5","0.0000%","0","0","0","1","1","2","0","1",""
"01-14-2025","X","The Chicago Public Education Fund","3,082","0","0","0","","0.0000%","0","0","0","0","0","0","0","0",""
"01-15-2025","X","The Chicago Public Education Fund","3,082","0","2","11","5.5","0.0000%","0","0","2","0","0","10","0","1",""
"01-16-2025","X","The Chicago Public Education Fund","3,081","-1","2","4","2","-0.0324%","0","0","2","0","0","3","0","1",""
"01-17-2025","X","The Chicago Public Education Fund","3,081","0","2","6","3","0.0000%","0","0","2","0","0","5","0","1",""
"01-18-2025","X","The Chicago Public Education Fund","3,081","0","0","0","","0.0000%","0","0","0","0","0","0","0","0",""
"01-19-2025","X","The Chicago Public Education Fund","3,078","-3","0","0","","-0.0974%","0","0","0","0","0","0","0","0",""
"01-20-2025","X","The Chicago Public Education Fund","3,079","1","0","0","","0.0325%","0","0","0","0","0","0","0","0",""
"01-21-2025","X","The Chicago Public Education Fund","3,077","-2","0","0","","-0.0650%","0","0","0","0","0","0","0","0",""
"01-22-2025","X","The Chicago Public Education Fund","3,074","-3","0","0","","-0.0975%","0","0","0","0","0","0","0","0",""
"01-23-2025","X","The Chicago Public Education Fund","3,071","-3","0","0","","-0.0976%","0","0","0","0","0","0","0","0",""
"01-24-2025","X","The Chicago Public Education Fund","3,067","-4","1","4","4","-0.1303%","0","0","1","0","0","3","0","1",""
"01-25-2025","X","The Chicago Public Education Fund","3,061","-6","0","0","","-0.1956%","0","0","0","0","0","0","0","0",""
"01-26-2025","X","The Chicago Public Education Fund","3,060","-1","0","0","","-0.0327%","0","0","0","0","0","0","0","0",""
"01-27-2025","X","The Chicago Public Education Fund","3,059","-1","1","1","1","-0.0327%","0","0","1","0","0","0","0","1",""
"01-28-2025","X","The Chicago Public Education Fund","3,062","3","4","9","2.25","0.0981%","0","0","1","1","2","4","3","2",""
"01-29-2025","X","The Chicago Public Education Fund","3,062","0","6","11","1.83","0.0000%","0","0","1","2","3","4","4","3",""
"01-30-2025","X","The Chicago Public Education Fund","3,060","-2","2","7","3.5","-0.0653%","0","0","1","0","1","4","0","3",""
"01-31-2025","X","The Chicago Public Education Fund","3,056","-4","0","0","","-0.1307%","0","0","0","0","0","0","0","0",""
"02-01-2025","X","The Chicago Public Education Fund","3,056","0","0","0","","0.0000%","0","0","0","0","0","0","0","0",""
"02-02-2025","X","The Chicago Public Education Fund","3,056","0","0","0","","0.0000%","0","0","0","0","0","0","0","0",""
"02-03-2025","X","The Chicago Public Education Fund","3,053","-3","0","0","","-0.0982%","0","0","0","0","0","0","0","0",""
"02-04-2025","X","The Chicago Public Education Fund","3,053","0","1","0","0","0.0000%","0","0","1","0","0","0","0","0",""
"02-05-2025","X","The Chicago Public Education Fund","3,051","-2","3","2","0.67","-0.0655%","0","0","0","1","2","0","2","0",""
"02-06-2025","X","The Chicago Public Education Fund","3,049","-2","0","0","","-0.0656%","0","0","0","0","0","0","0","0",""
"02-07-2025","X","The Chicago Public Education Fund","3,049","0","2","4","2","0.0000%","0","0","1","0","1","3","1","0",""
"02-08-2025","X","The Chicago Public Education Fund","3,050","1","0","0","","0.0328%","0","0","0","0","0","0","0","0",""
"02-09-2025","X","The Chicago Public Education Fund","3,047","-3","0","0","","-0.0984%","0","0","0","0","0","0","0","0",""
"02-10-2025","X","The Chicago Public Education Fund","3,046","-1","1","0","0","-0.0328%","0","0","1","0","0","0","0","0",""
"02-11-2025","X","The Chicago Public Education Fund","3,044","-2","2","8","4","-0.0657%","0","0","2","0","0","6","0","2",""
"02-12-2025","X","The Chicago Public Education Fund","3,045","1","1","0","0","0.0329%","0","0","0","0","1","0","0","0",""
"02-13-2025","X","The Chicago Public Education Fund","3,044","-1","0","0","","-0.0328%","0","0","0","0","0","0","0","0",""
"02-14-2025","X","The Chicago Public Education Fund","3,045","1","6","8","1.33","0.0329%","0","0","1","3","2","3","5","0",""
"02-15-2025","X","The Chicago Public Education Fund","3,043","-2","1","1","1","-0.0657%","0","0","0","0","1","1","0","0",""
"02-16-2025","X","The Chicago Public Education Fund","3,043","0","0","0","","0.0000%","0","0","0","0","0","0","0","0",""
"02-17-2025","X","The Chicago Public Education Fund","3,044","1","0","0","","0.0329%","0","0","0","0","0","0","0","0",""
"02-18-2025","X","The Chicago Public Education Fund","3,043","-1","3","5","1.67","-0.0329%","0","0","0","1","2","1","3","1",""
"02-19-2025","X","The Chicago Public Education Fund","3,043","0","0","0","","0.0000%","0","0","0","0","0","0","0","0",""
"02-20-2025","X","The Chicago Public Education Fund","3,043","0","0","0","","0.0000%","0","0","0","0","0","0","0","0",""
"02-21-2025","X","The Chicago Public Education Fund","3,042","-1","4","13","3.25","-0.0329%","0","0","0","0","4","8","3","2",""
"02-22-2025","X","The Chicago Public Education Fund","3,042","0","0","0","","0.0000%","0","0","0","0","0","0","0","0",""
"02-23-2025","X","The Chicago Public Education Fund","3,040","-2","0","0","","-0.0657%","0","0","0","0","0","0","0","0",""
"02-24-2025","X","The Chicago Public Education Fund","3,041","1","0","0","","0.0329%","0","0","0","0","0","0","0","0",""
"02-25-2025","X","The Chicago Public Education Fund","3,038","-3","0","0","","-0.0987%","0","0","0","0","0","0","0","0",""
"02-26-2025","X","The Chicago Public Education Fund","3,039","1","3","7","2.33","0.0329%","0","0","1","0","2","7","0","0",""
"02-27-2025","X","The Chicago Public Education Fund","3,040","1","1","6","6","0.0329%","0","0","1","0","0","5","0","1",""
"02-28-2025","X","The Chicago Public Education Fund","3,040","0","5","11","2.2","0.0000%","0","0","1","1","3","7","3","1",""
"03-01-2025","X","The Chicago Public Education Fund","3,041","1","3","4","1.33","0.0329%","0","0","1","2","0","1","2","1",""
"03-02-2025","X","The Chicago Public Education Fund","3,040","-1","0","0","","-0.0329%","0","0","0","0","0","0","0","0",""
"03-03-2025","X","The Chicago Public Education Fund","3,039","-1","0","0","","-0.0329%","0","0","0","0","0","0","0","0",""
"03-04-2025","X","The Chicago Public Education Fund","3,041","2","5","5","1","0.0658%","0","0","1","1","3","1","4","0",""
"03-05-2025","X","The Chicago Public Education Fund","3,042","1","4","5","1.25","0.0329%","0","1","0","2","1","2","2","1",""
"03-06-2025","X","The Chicago Public Education Fund","3,042","0","2","1","0.5","0.0000%","0","0","2","0","0","1","0","0",""
"03-07-2025","X","The Chicago Public Education Fund","3,041","-1","2","2","1","-0.0329%","0","0","0","2","0","2","0","0",""
"03-08-2025","X","The Chicago Public Education Fund","3,041","0","0","0","","0.0000%","0","0","0","0","0","0","0","0",""
"03-09-2025","X","The Chicago Public Education Fund","3,042","1","0","0","","0.0329%","0","0","0","0","0","0","0","0",""
"03-10-2025","X","The Chicago Public Education Fund","3,042","0","4","5","1.25","0.0000%","0","0","0","1","3","2","3","0",""
"03-11-2025","X","The Chicago Public Education Fund","3,043","1","0","0","","0.0329%","0","0","0","0","0","0","0","0",""
"03-12-2025","X","The Chicago Public Education Fund","3,043","0","0","0","","0.0000%","0","0","0","0","0","0","0","0",""
"03-13-2025","X","The Chicago Public Education Fund","3,043","0","3","16","5.33","0.0000%","0","0","3","0","0","12","2","2",""
"03-14-2025","X","The Chicago Public Education Fund","3,043","0","3","7","2.33","0.0000%","0","1","0","0","2","2","2","3",""
"03-15-2025","X","The Chicago Public Education Fund","3,040","-3","0","0","","-0.0986%","0","0","0","0","0","0","0","0",""
"03-16-2025","X","The Chicago Public Education Fund","3,040","0","0","0","","0.0000%","0","0","0","0","0","0","0","0",""
"03-17-2025","X","The Chicago Public Education Fund","3,042","2","0","0","","0.0658%","0","0","0","0","0","0","0","0",""
"03-18-2025","X","The Chicago Public Education Fund","3,041","-1","5","7","1.4","-0.0329%","0","0","1","3","1","3","1","3",""
"03-19-2025","X","The Chicago Public Education Fund","3,041","0","2","2","1","0.0000%","0","0","1","1","0","1","1","0",""
"03-20-2025","X","The Chicago Public Education Fund","3,040","-1","0","0","","-0.0329%","0","0","0","0","0","0","0","0",""
"03-21-2025","X","The Chicago Public Education Fund","3,041","1","4","2","0.5","0.0329%","0","0","2","1","1","0","2","0",""
"03-22-2025","X","The Chicago Public Education Fund","3,041","0","0","0","","0.0000%","0","0","0","0","0","0","0","0",""
"03-23-2025","X","The Chicago Public Education Fund","3,043","2","0","0","","0.0658%","0","0","0","0","0","0","0","0",""
"03-24-2025","X","The Chicago Public Education Fund","3,043","0","0","0","","0.0000%","0","0","0","0","0","0","0","0",""
"03-25-2025","X","The Chicago Public Education Fund","3,043","0","1","2","2","0.0000%","0","0","1","0","0","1","1","0",""
"03-26-2025","X","The Chicago Public Education Fund","3,044","1","0","0","","0.0329%","0","0","0","0","0","0","0","0",""
"03-27-2025","X","The Chicago Public Education Fund","3,045","1","0","0","","0.0329%","0","0","0","0","0","0","0","0",""
"03-28-2025","X","The Chicago Public Education Fund","3,046","1","3","4","1.33","0.0328%","0","0","2","0","1","2","1","1",""
"03-29-2025","X","The Chicago Public Education Fund","3,047","1","0","0","","0.0328%","0","0","0","0","0","0","0","0",""
"03-30-2025","X","The Chicago Public Education Fund","3,048","1","0","0","","0.0328%","0","0","0","0","0","0","0","0",""
"03-31-2025","X","The Chicago Public Education Fund","3,049","1","0","0","","0.0328%","0","0","0","0","0","0","0","0",""
"04-01-2025","X","The Chicago Public Education Fund","3,048","-1","0","0","","-0.0328%","0","0","0","0","0","0","0","0",""
"04-02-2025","X","The Chicago Public Education Fund","3,046","-2","0","0","","-0.0656%","0","0","0","0","0","0","0","0",""
"04-03-2025","X","The Chicago Public Education Fund","3,047","1","0","0","","0.0328%","0","0","0","0","0","0","0","0",""
"04-04-2025","X","The Chicago Public Education Fund","3,044","-3","4","1","0.25","-0.0985%","0","0","3","0","1","0","0","1",""
"04-05-2025","X","The Chicago Public Education Fund","3,044","0","0","0","","0.0000%","0","0","0","0","0","0","0","0",""
"04-06-2025","X","The Chicago Public Education Fund","3,044","0","0","0","","0.0000%","0","0","0","0","0","0","0","0",""
"04-07-2025","X","The Chicago Public Education Fund","3,044","0","2","9","4.5","0.0000%","0","0","1","0","1","8","0","1",""
"04-08-2025","X","The Chicago Public Education Fund","3,044","0","4","8","2","0.0000%","0","0","2","0","2","6","0","2",""
"04-09-2025","X","The Chicago Public Education Fund","3,043","-1","8","20","2.5","-0.0329%","0","0","2","0","6","13","1","6",""
"04-10-2025","X","The Chicago Public Education Fund","3,043","0","2","12","6","0.0000%","0","0","2","0","0","7","0","5",""
"04-11-2025","X","The Chicago Public Education Fund","3,045","2","7","22","3.14","0.0657%","0","1","3","2","1","14","2","6",""
"04-12-2025","X","The Chicago Public Education Fund","3,046","1","4","10","2.5","0.0328%","0","0","1","2","1","7","0","3",""
"04-13-2025","X","The Chicago Public Education Fund","3,045","-1","0","0","","-0.0328%","0","0","0","0","0","0","0","0",""
"04-14-2025","X","The Chicago Public Education Fund","3,044","-1","1","4","4","-0.0328%","0","0","1","0","0","3","0","1",""
"04-15-2025","X","The Chicago Public Education Fund","3,044","0","0","0","","0.0000%","0","0","0","0","0","0","0","0",""
"04-16-2025","X","The Chicago Public Education Fund","3,044","0","0","0","","0.0000%","0","0","0","0","0","0","0","0",""
"04-17-2025","X","The Chicago Public Education Fund","3,043","-1","1","7","7","-0.0329%","0","0","1","0","0","4","0","3",""
"04-18-2025","X","The Chicago Public Education Fund","3,042","-1","0","0","","-0.0329%","0","0","0","0","0","0","0","0",""
"04-19-2025","X","The Chicago Public Education Fund","3,042","0","0","0","","0.0000%","0","0","0","0","0","0","0","0",""
"04-20-2025","X","The Chicago Public Education Fund","3,044","2","0","0","","0.0657%","0","0","0","0","0","0","0","0",""
"04-21-2025","X","The Chicago Public Education Fund","3,044","0","1","1","1","0.0000%","0","0","0","1","0","1","0","0",""
"04-22-2025","X","The Chicago Public Education Fund","3,044","0","3","5","1.67","0.0000%","0","0","1","0","2","2","2","1",""
"04-23-2025","X","The Chicago Public Education Fund","3,044","0","0","0","","0.0000%","0","0","0","0","0","0","0","0",""
"04-24-2025","X","The Chicago Public Education Fund","3,043","-1","2","5","2.5","-0.0329%","0","0","1","0","1","3","1","1",""
"04-25-2025","X","The Chicago Public Education Fund","3,044","1","0","0","","0.0329%","0","0","0","0","0","0","0","0",""
"04-26-2025","X","The Chicago Public Education Fund","3,044","0","0","0","","0.0000%","0","0","0","0","0","0","0","0",""
"04-27-2025","X","The Chicago Public Education Fund","3,044","0","0","0","","0.0000%","0","0","0","0","0","0","0","0",""
"04-28-2025","X","The Chicago Public Education Fund","3,047","3","0","0","","0.0986%","0","0","0","0","0","0","0","0",""
"04-29-2025","X","The Chicago Public Education Fund","3,047","0","3","9","3","0.0000%","0","0","1","0","2","5","2","2",""
"04-30-2025","X","The Chicago Public Education Fund","3,048","1","1","5","5","0.0328%","0","0","1","0","0","3","0","2",""
"05-01-2025","X","The Chicago Public Education Fund","3,047","-1","1","4","4","-0.0328%","0","0","1","0","0","3","0","1",""
"05-02-2025","X","The Chicago Public Education Fund","3,048","1","1","0","0","0.0328%","0","0","0","0","1","0","0","0",""
"05-03-2025","X","The Chicago Public Education Fund","3,051","3","0","0","","0.0984%","0","0","0","0","0","0","0","0",""
"05-04-2025","X","The Chicago Public Education Fund","3,051","0","0","0","","0.0000%","0","0","0","0","0","0","0","0",""
"05-05-2025","X","The Chicago Public Education Fund","3,051","0","0","0","","0.0000%","0","0","0","0","0","0","0","0",""
"05-06-2025","X","The Chicago Public Education Fund","3,051","0","0","0","","0.0000%","0","0","0","0","0","0","0","0",""
"05-07-2025","X","The Chicago Public Education Fund","3,054","3","3","7","2.33","0.0983%","0","0","1","0","2","5","1","1",""
"05-08-2025","X","The Chicago Public Education Fund","3,053","-1","0","0","","-0.0327%","0","0","0","0","0","0","0","0",""
"05-09-2025","X","The Chicago Public Education Fund","3,054","1","1","2","2","0.0328%","0","0","0","1","0","2","0","0",""
"05-10-2025","X","The Chicago Public Education Fund","3,053","-1","0","0","","-0.0327%","0","0","0","0","0","0","0","0",""
"05-11-2025","X","The Chicago Public Education Fund","3,052","-1","0","0","","-0.0328%","0","0","0","0","0","0","0","0",""
"05-12-2025","X","The Chicago Public Education Fund","3,050","-2","0","0","","-0.0655%","0","0","0","0","0","0","0","0",""
"05-13-2025","X","The Chicago Public Education Fund","3,052","2","6","10","1.67","0.0656%","0","0","0","1","5","3","5","2",""
"05-14-2025","X","The Chicago Public Education Fund","3,052","0","4","15","3.75","0.0000%","0","1","0","0","3","9","3","3",""
"05-15-2025","X","The Chicago Public Education Fund","3,048","-4","0","0","","-0.1311%","0","0","0","0","0","0","0","0",""
"05-16-2025","X","The Chicago Public Education Fund","3,049","1","2","3","1.5","0.0328%","0","0","1","1","0","2","0","1",""
"05-17-2025","X","The Chicago Public Education Fund","3,049","0","0","0","","0.0000%","0","0","0","0","0","0","0","0",""
"05-18-2025","X","The Chicago Public Education Fund","3,049","0","0","0","","0.0000%","0","0","0","0","0","0","0","0",""
"05-19-2025","X","The Chicago Public Education Fund","3,050","1","1","4","4","0.0328%","0","0","1","0","0","3","0","1",""
"05-20-2025","X","The Chicago Public Education Fund","3,047","-3","1","1","1","-0.0984%","0","0","0","1","0","1","0","0",""
"05-21-2025","X","The Chicago Public Education Fund","3,046","-1","0","0","","-0.0328%","0","0","0","0","0","0","0","0",""
"05-22-2025","X","The Chicago Public Education Fund","3,046","0","1","2","2","0.0000%","0","0","0","0","1","2","0","0",""
"05-23-2025","X","The Chicago Public Education Fund","3,046","0","1","0","0","0.0000%","0","0","0","1","0","0","0","0",""
"05-24-2025","X","The Chicago Public Education Fund","3,047","1","0","0","","0.0328%","0","0","0","0","0","0","0","0",""
"05-25-2025","X","The Chicago Public Education Fund","3,045","-2","0","0","","-0.0656%","0","0","0","0","0","0","0","0",""
"05-26-2025","X","The Chicago Public Education Fund","3,045","0","0","0","","0.0000%","0","0","0","0","0","0","0","0",""
"05-27-2025","X","The Chicago Public Education Fund","3,046","1","0","0","","0.0328%","0","0","0","0","0","0","0","0",""
"05-28-2025","X","The Chicago Public Education Fund","3,047","1","3","6","2","0.0328%","0","0","1","1","1","2","2","2",""
"05-29-2025","X","The Chicago Public Education Fund","3,048","1","0","0","","0.0328%","0","0","0","0","0","0","0","0",""
"05-30-2025","X","The Chicago Public Education Fund","3,048","0","0","0","","0.0000%","0","0","0","0","0","0","0","0",""
"05-31-2025","X","The Chicago Public Education Fund","3,049","1","0","0","","0.0328%","0","0","0","0","0","0","0","0",""
"06-01-2025","X","The Chicago Public Education Fund","3,049","0","0","0","","0.0000%","0","0","0","0","0","0","0","0",""
"06-02-2025","X","The Chicago Public Education Fund","3,049","0","3","8","2.67","0.0000%","0","0","1","0","2","5","2","1",""
"06-03-2025","X","The Chicago Public Education Fund","3,049","0","0","0","","0.0000%","0","0","0","0","0","0","0","0",""
"06-04-2025","X","The Chicago Public Education Fund","3,050","1","0","0","","0.0328%","0","0","0","0","0","0","0","0",""
"06-05-2025","X","The Chicago Public Education Fund","3,050","0","2","5","2.5","0.0000%","0","0","1","0","1","2","1","2",""
"06-06-2025","X","The Chicago Public Education Fund","3,050","0","3","6","2","0.0000%","0","0","1","1","1","3","2","1",""
"06-07-2025","X","The Chicago Public Education Fund","3,049","-1","0","0","","-0.0328%","0","0","0","0","0","0","0","0",""
"06-08-2025","X","The Chicago Public Education Fund","3,049","0","0","0","","0.0000%","0","0","0","0","0","0","0","0",""
"06-09-2025","X","The Chicago Public Education Fund","3,049","0","0","0","","0.0000%","0","0","0","0","0","0","0","0",""
"06-10-2025","X","The Chicago Public Education Fund","3,049","0","1","1","1","0.0000%","0","0","1","0","0","1","0","0",""
"06-11-2025","X","The Chicago Public Education Fund","3,049","0","1","16","16","0.0000%","0","1","0","0","0","9","0","7",""
"06-12-2025","X","The Chicago Public Education Fund","3,050","1","3","6","2","0.0328%","0","0","3","0","0","4","2","0",""
"06-13-2025","X","The Chicago Public Education Fund","3,052","2","5","16","3.2","0.0656%","0","0","1","0","4","9","4","3",""
"06-14-2025","X","The Chicago Public Education Fund","3,053","1","0","0","","0.0328%","0","0","0","0","0","0","0","0",""
"06-15-2025","X","The Chicago Public Education Fund","3,054","1","0","0","","0.0328%","0","0","0","0","0","0","0","0",""
"06-16-2025","X","The Chicago Public Education Fund","3,054","0","5","9","1.8","0.0000%","0","0","1","0","4","2","4","3",""
"06-17-2025","X","The Chicago Public Education Fund","3,053","-1","3","8","2.67","-0.0327%","0","0","0","1","2","5","2","1",""
"06-18-2025","X","The Chicago Public Education Fund","3,053","0","4","9","2.25","0.0000%","0","0","0","1","3","2","3","4",""
"06-19-2025","X","The Chicago Public Education Fund","3,053","0","2","1","0.5","0.0000%","0","0","1","0","1","0","1","0",""
"06-20-2025","X","The Chicago Public Education Fund","3,054","1","0","0","","0.0328%","0","0","0","0","0","0","0","0",""
"06-21-2025","X","The Chicago Public Education Fund","3,053","-1","0","0","","-0.0327%","0","0","0","0","0","0","0","0",""
"06-22-2025","X","The Chicago Public Education Fund","3,054","1","0","0","","0.0328%","0","0","0","0","0","0","0","0",""
"06-23-2025","X","The Chicago Public Education Fund","3,054","0","6","6","1","0.0000%","0","0","0","0","6","0","5","1",""
"06-24-2025","X","The Chicago Public Education Fund","3,054","0","0","0","","0.0000%","0","0","0","0","0","0","0","0",""
"06-25-2025","X","The Chicago Public Education Fund","3,055","1","0","0","","0.0327%","0","0","0","0","0","0","0","0",""
"06-26-2025","X","The Chicago Public Education Fund","3,056","1","0","0","","0.0327%","0","0","0","0","0","0","0","0",""
"06-27-2025","X","The Chicago Public Education Fund","3,056","0","2","4","2","0.0000%","0","0","1","0","1","2","1","1",""
"06-28-2025","X","The Chicago Public Education Fund","3,055","-1","3","2","0.67","-0.0327%","0","0","0","1","2","0","2","0",""
"06-29-2025","X","The Chicago Public Education Fund","3,054","-1","0","0","","-0.0327%","0","0","0","0","0","0","0","0",""
"06-30-2025","X","The Chicago Public Education Fund","3,057","3","2","5","2.5","0.0982%","0","0","0","1","1","3","1","1",""
"07-01-2025","X","The Chicago Public Education Fund","3,057","0","0","0","","0.0000%","0","0","0","0","0","0","0","0",""
"07-02-2025","X","The Chicago Public Education Fund","3,055","-2","4","3","0.75","-0.0654%","0","0","1","1","2","0","3","0",""
"07-03-2025","X","The Chicago Public Education Fund","3,057","2","5","18","3.6","0.0655%","0","0","0","0","5","5","5","8",""
"07-04-2025","X","The Chicago Public Education Fund","3,057","0","0","0","","0.0000%","0","0","0","0","0","0","0","0",""
"07-05-2025","X","The Chicago Public Education Fund","3,057","0","0","0","","0.0000%","0","0","0","0","0","0","0","0",""
"07-06-2025","X","The Chicago Public Education Fund","3,057","0","0","0","","0.0000%","0","0","0","0","0","0","0","0",""
"07-07-2025","X","The Chicago Public Education Fund","3,056","-1","3","2","0.67","-0.0327%","0","1","0","0","2","0","2","0",""
"07-08-2025","X","The Chicago Public Education Fund","3,055","-1","2","2","1","-0.0327%","0","0","0","1","1","1","1","0",""
"07-09-2025","X","The Chicago Public Education Fund","3,055","0","1","3","3","0.0000%","0","0","1","0","0","2","0","1",""
"07-10-2025","X","The Chicago Public Education Fund","3,054","-1","1","5","5","-0.0327%","0","1","0","0","0","4","0","1",""
"07-11-2025","X","The Chicago Public Education Fund","3,055","1","0","0","","0.0327%","0","0","0","0","0","0","0","0",""
"07-12-2025","X","The Chicago Public Education Fund","3,054","-1","0","0","","-0.0327%","0","0","0","0","0","0","0","0",""
"07-13-2025","X","The Chicago Public Education Fund","3,054","0","0","0","","0.0000%","0","0","0","0","0","0","0","0",""
"07-14-2025","X","The Chicago Public Education Fund","3,054","0","2","4","2","0.0000%","0","0","1","1","0","2","0","2",""
"07-15-2025","X","The Chicago Public Education Fund","3,054","0","1","2","2","0.0000%","0","0","1","0","0","2","0","0",""
"07-16-2025","X","The Chicago Public Education Fund","3,054","0","5","4","0.8","0.0000%","0","0","0","1","4","0","4","0",""
"07-17-2025","X","The Chicago Public Education Fund","3,056","2","1","0","0","0.0655%","0","0","0","0","1","0","0","0",""
"07-18-2025","X","The Chicago Public Education Fund","3,056","0","2","3","1.5","0.0000%","0","0","1","1","0","2","1","0",""
"07-19-2025","X","The Chicago Public Education Fund","3,055","-1","0","0","","-0.0327%","0","0","0","0","0","0","0","0",""
"07-20-2025","X","The Chicago Public Education Fund","3,055","0","0","0","","0.0000%","0","0","0","0","0","0","0","0",""
"07-21-2025","X","The Chicago Public Education Fund","3,056","1","8","15","1.88","0.0327%","0","0","0","1","7","8","6","1",""
"07-22-2025","X","The Chicago Public Education Fund","3,055","-1","0","0","","-0.0327%","0","0","0","0","0","0","0","0",""
"07-23-2025","X","The Chicago Public Education Fund","3,055","0","2","7","3.5","0.0000%","0","0","1","1","0","3","2","2",""
"07-24-2025","X","The Chicago Public Education Fund","3,056","1","0","0","","0.0327%","0","0","0","0","0","0","0","0",""
"07-25-2025","X","The Chicago Public Education Fund","3,056","0","0","0","","0.0000%","0","0","0","0","0","0","0","0",""
"07-26-2025","X","The Chicago Public Education Fund","3,056","0","0","0","","0.0000%","0","0","0","0","0","0","0","0",""
"07-27-2025","X","The Chicago Public Education Fund","3,056","0","0","0","","0.0000%","0","0","0","0","0","0","0","0",""
"07-28-2025","X","The Chicago Public Education Fund","3,056","0","10","14","1.4","0.0000%","0","0","0","0","10","2","9","3",""
"07-29-2025","X","The Chicago Public Education Fund","3,055","-1","0","0","","-0.0327%","0","0","0","0","0","0","0","0",""
"07-30-2025","X","The Chicago Public Education Fund","3,055","0","2","2","1","0.0000%","0","0","1","1","0","1","1","0",""
"07-31-2025","X","The Chicago Public Education Fund","3,056","1","1","6","6","0.0327%","0","0","0","1","0","6","0","0",""
"08-01-2025","X","The Chicago Public Education Fund","3,058","2","9","13","1.44","0.0654%","0","0","0","0","9","3","8","2",""
"08-02-2025","X","The Chicago Public Education Fund","3,059","1","0","0","","0.0327%","0","0","0","0","0","0","0","0",""
"08-03-2025","X","The Chicago Public Education Fund","3,058","-1","0","0","","-0.0327%","0","0","0","0","0","0","0","0",""
"08-04-2025","X","The Chicago Public Education Fund","3,058","0","0","0","","0.0000%","0","0","0","0","0","0","0","0",""
"08-05-2025","X","The Chicago Public Education Fund","3,058","0","0","0","","0.0000%","0","0","0","0","0","0","0","0",""
"08-06-2025","X","The Chicago Public Education Fund","3,058","0","0","0","","0.0000%","0","0","0","0","0","0","0","0",""
"08-07-2025","X","The Chicago Public Education Fund","3,059","1","6","16","2.67","0.0327%","0","0","0","1","5","7","7","2",""
"08-08-2025","X","The Chicago Public Education Fund","3,059","0","7","6","0.86","0.0000%","0","0","0","0","7","0","6","0",""
"08-09-2025","X","The Chicago Public Education Fund","3,059","0","0","0","","0.0000%","0","0","0","0","0","0","0","0",""
"08-10-2025","X","The Chicago Public Education Fund","3,059","0","0","0","","0.0000%","0","0","0","0","0","0","0","0",""
"08-11-2025","X","The Chicago Public Education Fund","3,060","1","7","9","1.29","0.0327%","0","0","0","1","6","2","6","1",""
"08-12-2025","X","The Chicago Public Education Fund","3,061","1","1","0","0","0.0327%","0","0","0","0","1","0","0","0",""
"08-13-2025","X","The Chicago Public Education Fund","3,061","0","1","0","0","0.0000%","0","0","0","1","0","0","0","0",""
"08-14-2025","X","The Chicago Public Education Fund","3,061","0","0","0","","0.0000%","0","0","0","0","0","0","0","0",""
"08-15-2025","X","The Chicago Public Education Fund","3,061","0","0","0","","0.0000%","0","0","0","0","0","0","0","0",""
"08-16-2025","X","The Chicago Public Education Fund","3,062","1","0","0","","0.0327%","0","0","0","0","0","0","0","0",""
"08-17-2025","X","The Chicago Public Education Fund","3,062","0","0","0","","0.0000%","0","0","0","0","0","0","0","0",""
"08-18-2025","X","The Chicago Public Education Fund","3,063","1","1","5","5","0.0327%","0","0","0","0","1","5","0","0",""
"08-19-2025","X","The Chicago Public Education Fund","3,063","0","11","22","2","0.0000%","0","1","0","1","9","9","8","5",""
"08-20-2025","X","The Chicago Public Education Fund","3,064","1","1","1","1","0.0326%","0","0","0","0","1","1","0","0",""
"08-21-2025","X","The Chicago Public Education Fund","3,064","0","0","0","","0.0000%","0","0","0","0","0","0","0","0",""
"08-22-2025","X","The Chicago Public Education Fund","3,064","0","0","0","","0.0000%","0","0","0","0","0","0","0","0",""
"08-23-2025","X","The Chicago Public Education Fund","3,064","0","0","0","","0.0000%","0","0","0","0","0","0","0","0",""
"08-24-2025","X","The Chicago Public Education Fund","3,065","1","0","0","","0.0326%","0","0","0","0","0","0","0","0",""
"08-25-2025","X","The Chicago Public Education Fund","3,064","-1","10","13","1.3","-0.0326%","0","0","0","1","9","0","9","4",""
"08-26-2025","X","The Chicago Public Education Fund","3,064","0","2","3","1.5","0.0000%","0","0","1","1","0","1","2","0",""
"08-27-2025","X","The Chicago Public Education Fund","3,064","0","9","17","1.89","0.0000%","0","0","0","1","8","0","8","9",""
"08-28-2025","X","The Chicago Public Education Fund","3,064","0","0","0","","0.0000%","0","0","0","0","0","0","0","0",""
"08-29-2025","X","The Chicago Public Education Fund","3,064","0","0","0","","0.0000%","0","0","0","0","0","0","0","0",""
"08-30-2025","X","The Chicago Public Education Fund","3,063","-1","0","0","","-0.0326%","0","0","0","0","0","0","0","0",""
"08-31-2025","X","The Chicago Public Education Fund","3,065","2","0","0","","0.0653%","0","0","0","0","0","0","0","0",""
"09-01-2025","X","The Chicago Public Education Fund","3,065","0","0","0","","0.0000%","0","0","0","0","0","0","0","0",""
"09-02-2025","X","The Chicago Public Education Fund","3,067","2","0","0","","0.0653%","0","0","0","0","0","0","0","0",""
"09-03-2025","X","The Chicago Public Education Fund","3,067","0","0","0","","0.0000%","0","0","0","0","0","0","0","0",""
"09-04-2025","X","The Chicago Public Education Fund","3,066","-1","5","17","3.4","-0.0326%","0","0","1","1","3","8","6","3",""
"09-05-2025","X","The Chicago Public Education Fund","3,065","-1","0","0","","-0.0326%","0","0","0","0","0","0","0","0",""
"09-06-2025","X","The Chicago Public Education Fund","3,065","0","1","9","9","0.0000%","0","0","0","1","0","5","1","3",""
"09-07-2025","X","The Chicago Public Education Fund","3,065","0","0","0","","0.0000%","0","0","0","0","0","0","0","0",""
"09-08-2025","X","The Chicago Public Education Fund","3,066","1","2","4","2","0.0326%","0","0","1","1","0","1","2","1",""
"09-09-2025","X","The Chicago Public Education Fund","3,065","-1","0","0","","-0.0326%","0","0","0","0","0","0","0","0",""
"09-10-2025","X","The Chicago Public Education Fund","3,065","0","0","0","","0.0000%","0","0","0","0","0","0","0","0",""
"09-11-2025","X","The Chicago Public Education Fund","3,065","0","0","0","","0.0000%","0","0","0","0","0","0","0","0",""
"09-12-2025","X","The Chicago Public Education Fund","3,065","0","0","0","","0.0000%","0","0","0","0","0","0","0","0",""
"09-13-2025","X","The Chicago Public Education Fund","3,067","2","0","0","","0.0653%","0","0","0","0","0","0","0","0",""
"09-14-2025","X","The Chicago Public Education Fund","3,066","-1","0","0","","-0.0326%","0","0","0","0","0","0","0","0",""
"09-15-2025","X","The Chicago Public Education Fund","3,067","1","8","20","2.5","0.0326%","0","0","0","2","6","5","7","8",""
"09-16-2025","X","The Chicago Public Education Fund","3,067","0","1","1","1","0.0000%","0","0","1","0","0","1","0","0",""
"09-17-2025","X","The Chicago Public Education Fund","3,066","-1","5","10","2","-0.0326%","0","0","1","1","3","5","4","1",""
"09-18-2025","X","The Chicago Public Education Fund","3,065","-1","0","0","","-0.0326%","0","0","0","0","0","0","0","0",""
"09-19-2025","X","The Chicago Public Education Fund","3,066","1","0","0","","0.0326%","0","0","0","0","0","0","0","0",""
"09-20-2025","X","The Chicago Public Education Fund","3,066","0","0","0","","0.0000%","0","0","0","0","0","0","0","0",""
"09-21-2025","X","The Chicago Public Education Fund","3,066","0","0","0","","0.0000%","0","0","0","0","0","0","0","0",""
"09-22-2025","X","The Chicago Public Education Fund","3,067","1","0","0","","0.0326%","0","0","0","0","0","0","0","0",""
"09-23-2025","X","The Chicago Public Education Fund","3,067","0","3","2","0.67","0.0000%","0","0","0","1","2","0","2","0",""
"09-24-2025","X","The Chicago Public Education Fund","3,067","0","0","0","","0.0000%","0","0","0","0","0","0","0","0",""
"09-25-2025","X","The Chicago Public Education Fund","3,068","1","2","6","3","0.0326%","0","0","2","0","0","3","1","2",""
"09-26-2025","X","The Chicago Public Education Fund","3,066","-2","4","6","1.5","-0.0652%","0","0","1","1","2","3","3","0",""
"09-27-2025","X","The Chicago Public Education Fund","3,067","1","0","0","","0.0326%","0","0","0","0","0","0","0","0",""
"09-28-2025","X","The Chicago Public Education Fund","3,069","2","0","0","","0.0652%","0","0","0","0","0","0","0","0",""
"09-29-2025","X","The Chicago Public Education Fund","3,069","0","4","7","1.75","0.0000%","0","0","0","1","3","3","3","1",""
"09-30-2025","X","The Chicago Public Education Fund","3,066","-3","2","6","3","-0.0978%","0","0","0","1","1","4","1","1",""
"10-01-2025","X","The Chicago Public Education Fund","3,068","2","3","16","5.33","0.0652%","0","0","2","0","1","8","3","5",""
"10-02-2025","X","The Chicago Public Education Fund","3,069","1","0","0","","0.0326%","0","0","0","0","0","0","0","0",""
"10-03-2025","X","The Chicago Public Education Fund","3,070","1","8","10","1.25","0.0326%","0","0","1","1","6","2","7","1",""
"10-04-2025","X","The Chicago Public Education Fund","3,070","0","0","0","","0.0000%","0","0","0","0","0","0","0","0",""
"10-05-2025","X","The Chicago Public Education Fund","3,070","0","0","0","","0.0000%","0","0","0","0","0","0","0","0",""
"10-06-2025","X","The Chicago Public Education Fund","3,070","0","3","15","5","0.0000%","0","0","1","0","2","7","4","4",""
"10-07-2025","X","The Chicago Public Education Fund","3,070","0","5","18","3.6","0.0000%","0","0","2","0","3","9","3","6",""
"10-08-2025","X","The Chicago Public Education Fund","3,070","0","7","18","2.57","0.0000%","0","0","2","0","5","9","6","3",""
"10-09-2025","X","The Chicago Public Education Fund","3,069","-1","0","0","","-0.0326%","0","0","0","0","0","0","0","0",""
"10-10-2025","X","The Chicago Public Education Fund","3,067","-2","0","0","","-0.0652%","0","0","0","0","0","0","0","0",""
"10-11-2025","X","The Chicago Public Education Fund","3,067","0","0","0","","0.0000%","0","0","0","0","0","0","0","0",""
"10-12-2025","X","The Chicago Public Education Fund","3,067","0","0","0","","0.0000%","0","0","0","0","0","0","0","0",""
"10-13-2025","X","The Chicago Public Education Fund","3,067","0","5","16","3.2","0.0000%","0","1","0","0","4","10","4","2",""
"10-14-2025","X","The Chicago Public Education Fund","3,068","1","8","25","3.13","0.0326%","0","0","1","1","6","9","12","4",""
"10-15-2025","X","The Chicago Public Education Fund","3,065","-3","0","0","","-0.0978%","0","0","0","0","0","0","0","0",""
"10-16-2025","X","The Chicago Public Education Fund","3,067","2","1","2","2","0.0653%","0","0","1","0","0","2","0","0",""
"10-17-2025","X","The Chicago Public Education Fund","3,067","0","0","0","","0.0000%","0","0","0","0","0","0","0","0",""
"10-18-2025","X","The Chicago Public Education Fund","3,067","0","0","0","","0.0000%","0","0","0","0","0","0","0","0",""
"10-19-2025","X","The Chicago Public Education Fund","3,066","-1","0","0","","-0.0326%","0","0","0","0","0","0","0","0",""
"10-20-2025","X","The Chicago Public Education Fund","3,065","-1","6","16","2.67","-0.0326%","0","0","1","0","5","6","7","3",""
"10-21-2025","X","The Chicago Public Education Fund","3,065","0","6","31","5.17","0.0000%","0","0","1","0","5","14","12","5",""
"10-22-2025","X","The Chicago Public Education Fund","3,065","0","0","0","","0.0000%","0","0","0","0","0","0","0","0",""
"10-23-2025","X","The Chicago Public Education Fund","3,065","0","0","0","","0.0000%","0","0","0","0","0","0","0","0",""
"10-24-2025","X","The Chicago Public Education Fund","3,065","0","0","0","","0.0000%","0","0","0","0","0","0","0","0",""
"10-25-2025","X","The Chicago Public Education Fund","3,065","0","0","0","","0.0000%","0","0","0","0","0","0","0","0",""
"10-26-2025","X","The Chicago Public Education Fund","3,064","-1","0","0","","-0.0326%","0","0","0","0","0","0","0","0",""
"10-27-2025","X","The Chicago Public Education Fund","3,065","1","8","15","1.88","0.0326%","0","0","2","1","5","6","8","1",""
"10-28-2025","X","The Chicago Public Education Fund","3,065","0","0","0","","0.0000%","0","0","0","0","0","0","0","0",""
"10-29-2025","X","The Chicago Public Education Fund","3,065","0","0","0","","0.0000%","0","0","0","0","0","0","0","0",""
"10-30-2025","X","The Chicago Public Education Fund","3,067","2","0","0","","0.0653%","0","0","0","0","0","0","0","0",""
"10-31-2025","X","The Chicago Public Education Fund","3,067","0","4","5","1.25","0.0000%","0","1","0","0","3","2","3","0",""
"11-01-2025","X","The Chicago Public Education Fund","3,066","-1","0","0","","-0.0326%","0","0","0","0","0","0","0","0",""
"11-02-2025","X","The Chicago Public Education Fund","3,066","0","0","0","","0.0000%","0","0","0","0","0","0","0","0",""
"11-03-2025","X","The Chicago Public Education Fund","3,065","-1","0","0","","-0.0326%","0","0","0","0","0","0","0","0",""
"11-04-2025","X","The Chicago Public Education Fund","3,067","2","2","11","5.5","0.0653%","0","0","2","0","0","6","2","3",""
"11-05-2025","X","The Chicago Public Education Fund","3,069","2","0","0","","0.0652%","0","0","0","0","0","0","0","0",""
"11-06-2025","X","The Chicago Public Education Fund","3,067","-2","0","0","","-0.0652%","0","0","0","0","0","0","0","0",""
"11-07-2025","X","The Chicago Public Education Fund","3,067","0","0","0","","0.0000%","0","0","0","0","0","0","0","0",""
"11-08-2025","X","The Chicago Public Education Fund","3,066","-1","0","0","","-0.0326%","0","0","0","0","0","0","0","0",""
"11-09-2025","X","The Chicago Public Education Fund","3,066","0","0","0","","0.0000%","0","0","0","0","0","0","0","0",""
"11-10-2025","X","The Chicago Public Education Fund","3,067","1","0","0","","0.0326%","0","0","0","0","0","0","0","0",""
"11-11-2025","X","The Chicago Public Education Fund","3,069","2","0","0","","0.0652%","0","0","0","0","0","0","0","0",""
"11-12-2025","X","The Chicago Public Education Fund","3,069","0","0","0","","0.0000%","0","0","0","0","0","0","0","0",""
"11-13-2025","X","The Chicago Public Education Fund","3,070","1","0","0","","0.0326%","0","0","0","0","0","0","0","0",""
"11-14-2025","X","The Chicago Public Education Fund","3,068","-2","0","0","","-0.0651%","0","0","0","0","0","0","0","0",""
"11-15-2025","X","The Chicago Public Education Fund","3,069","1","0","0","","0.0326%","0","0","0","0","0","0","0","0",""
"11-16-2025","X","The Chicago Public Education Fund","3,067","-2","0","0","","-0.0652%","0","0","0","0","0","0","0","0",""
"11-17-2025","X","The Chicago Public Education Fund","3,067","0","0","0","","0.0000%","0","0","0","0","0","0","0","0",""
"11-18-2025","X","The Chicago Public Education Fund","3,067","0","0","0","","0.0000%","0","0","0","0","0","0","0","0",""
"11-19-2025","X","The Chicago Public Education Fund","3,067","0","0","0","","0.0000%","0","0","0","0","0","0","0","0",""
"11-20-2025","X","The Chicago Public Education Fund","3,064","-3","3","7","2.33","-0.0978%","0","0","1","0","2","0","4","3",""
"11-21-2025","X","The Chicago Public Education Fund","3,064","0","0","0","","0.0000%","0","0","0","0","0","0","0","0",""
"11-22-2025","X","The Chicago Public Education Fund","3,064","0","0","0","","0.0000%","0","0","0","0","0","0","0","0",""
"11-23-2025","X","The Chicago Public Education Fund","3,064","0","0","0","","0.0000%","0","0","0","0","0","0","0","0",""
"11-24-2025","X","The Chicago Public Education Fund","3,063","-1","1","1","1","-0.0326%","0","0","0","1","0","0","0","1",""
"11-25-2025","X","The Chicago Public Education Fund","3,063","0","2","3","1.5","0.0000%","0","0","1","1","0","2","1","0",""
"11-26-2025","X","The Chicago Public Education Fund","3,063","0","0","0","","0.0000%","0","0","0","0","0","0","0","0",""
"11-27-2025","X","The Chicago Public Education Fund","3,063","0","0","0","","0.0000%","0","0","0","0","0","0","0","0",""
"11-28-2025","X","The Chicago Public Education Fund","3,062","-1","0","0","","-0.0326%","0","0","0","0","0","0","0","0",""
"11-29-2025","X","The Chicago Public Education Fund","3,061","-1","0","0","","-0.0327%","0","0","0","0","0","0","0","0",""
"11-30-2025","X","The Chicago Public Education Fund","3,061","0","0","0","","0.0000%","0","0","0","0","0","0","0","0",""
"12-01-2025","X","The Chicago Public Education Fund","3,061","0","0","0","","0.0000%","0","0","0","0","0","0","0","0",""
"12-02-2025","X","The Chicago Public Education Fund","3,060","-1","6","6","1","-0.0327%","0","0","2","0","4","1","4","1",""
"12-03-2025","X","The Chicago Public Education Fund","3,060","0","0","0","","0.0000%","0","0","0","0","0","0","0","0",""
"12-04-2025","X","The Chicago Public Education Fund","3,062","2","0","0","","0.0654%","0","0","0","0","0","0","0","0",""
"12-05-2025","X","The Chicago Public Education Fund","3,063","1","4","3","0.75","0.0327%","0","2","0","2","0","1","1","1",""
"12-06-2025","X","The Chicago Public Education Fund","3,062","-1","0","0","","-0.0326%","0","0","0","0","0","0","0","0",""
"12-07-2025","X","The Chicago Public Education Fund","3,062","0","0","0","","0.0000%","0","0","0","0","0","0","0","0",""
"12-08-2025","X","The Chicago Public Education Fund","3,059","-3","1","4","4","-0.0980%","0","0","1","0","0","2","0","2",""
"12-09-2025","X","The Chicago Public Education Fund","3,059","0","0","0","","0.0000%","0","0","0","0","0","0","0","0",""
"12-10-2025","X","The Chicago Public Education Fund","3,059","0","2","4","2","0.0000%","0","1","0","1","0","2","1","1",""
"12-11-2025","X","The Chicago Public Education Fund","3,061","2","0","0","","0.0654%","0","0","0","0","0","0","0","0",""
"12-12-2025","X","The Chicago Public Education Fund","3,062","1","0","0","","0.0327%","0","0","0","0","0","0","0","0",""
"12-13-2025","X","The Chicago Public Education Fund","3,063","1","0","0","","0.0327%","0","0","0","0","0","0","0","0",""
"12-14-2025","X","The Chicago Public Education Fund","3,063","0","0","0","","0.0000%","0","0","0","0","0","0","0","0",""
"12-15-2025","X","The Chicago Public Education Fund","3,063","0","1","1","1","0.0000%","0","0","0","1","0","1","0","0",""
"12-16-2025","X","The Chicago Public Education Fund","3,063","0","0","0","","0.0000%","0","0","0","0","0","0","0","0",""
"12-17-2025","X","The Chicago Public Education Fund","3,063","0","1","2","2","0.0000%","0","1","0","0","0","1","0","1",""
"12-18-2025","X","The Chicago Public Education Fund","3,062","-1","0","0","","-0.0326%","0","0","0","0","0","0","0","0",""
"12-19-2025","X","The Chicago Public Education Fund","3,062","0","0","0","","0.0000%","0","0","0","0","0","0","0","0",""
"12-20-2025","X","The Chicago Public Education Fund","3,065","3","0","0","","0.0980%","0","0","0","0","0","0","0","0",""
"12-21-2025","X","The Chicago Public Education Fund","3,065","0","0","0","","0.0000%","0","0","0","0","0","0","0","0",""
"12-22-2025","X","The Chicago Public Education Fund","3,065","0","1","2","2","0.0000%","0","0","0","0","1","2","0","0",""
"12-23-2025","X","The Chicago Public Education Fund","3,065","0","0","0","","0.0000%","0","0","0","0","0","0","0","0",""
"12-24-2025","X","The Chicago Public Education Fund","3,064","-1","0","0","","-0.0326%","0","0","0","0","0","0","0","0",""
"12-25-2025","X","The Chicago Public Education Fund","3,065","1","0","0","","0.0326%","0","0","0","0","0","0","0","0",""
"12-26-2025","X","The Chicago Public Education Fund","3,065","0","1","0","0","0.0000%","0","1","0","0","0","0","0","0",""
"12-27-2025","X","The Chicago Public Education Fund","3,065","0","0","0","","0.0000%","0","0","0","0","0","0","0","0",""
"12-28-2025","X","The Chicago Public Education Fund","3,065","0","0","0","","0.0000%","0","0","0","0","0","0","0","0",""
"12-29-2025","X","The Chicago Public Education Fund","3,065","0","1","1","1","0.0000%","0","1","0","0","0","1","0","0",""
"12-30-2025","X","The Chicago Public Education Fund","3,065","0","0","0","","0.0000%","0","0","0","0","0","0","0","0",""
"12-31-2025","X","The Chicago Public Education Fund","3,065","0","1","2","2","0.0000%","0","0","1","0","0","2","0","0",""
"01-01-2026","X","The Chicago Public Education Fund","3,065","0","0","0","","0.0000%","0","0","0","0","0","0","0","0",""
"01-02-2026","X","The Chicago Public Education Fund","3,065","0","0","0","","0.0000%","0","0","0","0","0","0","0","0",""
"01-03-2026","X","The Chicago Public Education Fund","3,064","-1","0","0","","-0.0326%","0","0","0","0","0","0","0","0",""
"01-04-2026","X","The Chicago Public Education Fund","3,064","0","0","0","","0.0000%","0","0","0","0","0","0","0","0",""
"01-05-2026","X","The Chicago Public Education Fund","3,064","0","1","3","3","0.0000%","0","1","0","0","0","2","0","1",""
"01-06-2026","X","The Chicago Public Education Fund","3,064","0","0","0","","0.0000%","0","0","0","0","0","0","0","0",""
"01-07-2026","X","The Chicago Public Education Fund","3,063","-1","0","0","","-0.0326%","0","0","0","0","0","0","0","0",""
"01-08-2026","X","The Chicago Public Education Fund","3,063","0","0","0","","0.0000%","0","0","0","0","0","0","0","0",""
"01-09-2026","X","The Chicago Public Education Fund","3,063","0","2","2","1","0.0000%","0","0","0","2","0","0","0","2",""
"01-10-2026","X","The Chicago Public Education Fund","3,063","0","0","0","","0.0000%","0","0","0","0","0","0","0","0",""
"01-11-2026","X","The Chicago Public Education Fund","3,063","0","0","0","","0.0000%","0","0","0","0","0","0","0","0",""
"01-12-2026","X","The Chicago Public Education Fund","3,063","0","1","0","0","0.0000%","0","0","0","0","1","0","0","0",""
"01-13-2026","X","The Chicago Public Education Fund","3,061","-2","1","3","3","-0.0653%","0","1","0","0","0","2","0","1",""
"01-14-2026","X","The Chicago Public Education Fund","","","3","7","2.33","","0","0","0","1","2","3","2","2",""
"01-15-2026","X","The Chicago Public Education Fund","3,060","","0","0","","","0","0","0","0","0","0","0","0",""
"01-16-2026","X","The Chicago Public Education Fund","3,059","-1","0","0","","-0.0327%","0","0","0","0","0","0","0","0",""
"01-17-2026","X","The Chicago Public Education Fund","3,058","-1","0","0","","-0.0327%","0","0","0","0","0","0","0","0",""
"01-18-2026","X","The Chicago Public Education Fund","3,058","0","0","0","","0.0000%","0","0","0","0","0","0","0","0",""
"01-19-2026","X","The Chicago Public Education Fund","3,058","0","1","3","3","0.0000%","0","1","0","0","0","2","0","1",""
"01-20-2026","X","The Chicago Public Education Fund","3,057","-1","0","0","","-0.0327%","0","0","0","0","0","0","0","0",""
"01-21-2026","X","The Chicago Public Education Fund","3,056","-1","0","0","","-0.0327%","0","0","0","0","0","0","0","0",""
"01-22-2026","X","The Chicago Public Education Fund","3,056","0","1","5","5","0.0000%","0","0","1","0","0","4","0","1",""
"01-23-2026","X","The Chicago Public Education Fund","3,056","0","0","0","","0.0000%","0","0","0","0","0","0","0","0",""
"01-24-2026","X","The Chicago Public Education Fund","3,055","-1","0","0","","-0.0327%","0","0","0","0","0","0","0","0",""
"01-25-2026","X","The Chicago Public Education Fund","3,055","0","0","0","","0.0000%","0","0","0","0","0","0","0","0",""
"01-26-2026","X","The Chicago Public Education Fund","3,056","1","0","0","","0.0327%","0","0","0","0","0","0","0","0",""
"01-27-2026","X","The Chicago Public Education Fund","3,055","-1","0","0","","-0.0327%","0","0","0","0","0","0","0","0",""
"01-28-2026","X","The Chicago Public Education Fund","3,055","0","3","3","1","0.0000%","0","0","1","0","2","0","2","1",""
"01-29-2026","X","The Chicago Public Education Fund","3,055","0","0","0","","0.0000%","0","0","0","0","0","0","0","0",""
"01-30-2026","X","The Chicago Public Education Fund","3,055","0","0","0","","0.0000%","0","0","0","0","0","0","0","0",""
"01-31-2026","X","The Chicago Public Education Fund","3,054","-1","0","0","","-0.0327%","0","0","0","0","0","0","0","0",""
"02-01-2026","X","The Chicago Public Education Fund","3,055","1","0","0","","0.0327%","0","0","0","0","0","0","0","0",""
"02-02-2026","X","The Chicago Public Education Fund","3,055","0","0","0","","0.0000%","0","0","0","0","0","0","0","0",""
"02-03-2026","X","The Chicago Public Education Fund","3,054","-1","0","0","","-0.0327%","0","0","0","0","0","0","0","0",""
"02-04-2026","X","The Chicago Public Education Fund","3,054","0","0","0","","0.0000%","0","0","0","0","0","0","0","0",""
"02-05-2026","X","The Chicago Public Education Fund","3,054","0","0","0","","0.0000%","0","0","0","0","0","0","0","0",""
"02-06-2026","X","The Chicago Public Education Fund","3,055","1","0","0","","0.0327%","0","0","0","0","0","0","0","0",""
"02-07-2026","X","The Chicago Public Education Fund","3,056","1","0","0","","0.0327%","0","0","0","0","0","0","0","0",""
"02-08-2026","X","The Chicago Public Education Fund","3,055","-1","0","0","","-0.0327%","0","0","0","0","0","0","0","0",""
"02-09-2026","X","The Chicago Public Education Fund","3,056","1","2","13","6.5","0.0327%","0","0","1","0","1","8","1","4",""
"02-10-2026","X","The Chicago Public Education Fund","3,055","-1","0","0","","-0.0327%","0","0","0","0","0","0","0","0",""
"02-11-2026","X","The Chicago Public Education Fund","3,058","3","0","0","","0.0982%","0","0","0","0","0","0","0","0",""
"02-12-2026","X","The Chicago Public Education Fund","3,058","0","0","0","","0.0000%","0","0","0","0","0","0","0","0",""
"02-13-2026","X","The Chicago Public Education Fund","3,058","0","0","0","","0.0000%","0","0","0","0","0","0","0","0",""
"02-14-2026","X","The Chicago Public Education Fund","3,055","-3","0","0","","-0.0981%","0","0","0","0","0","0","0","0",""
"02-15-2026","X","The Chicago Public Education Fund","3,055","0","0","0","","0.0000%","0","0","0","0","0","0","0","0",""
"02-16-2026","X","The Chicago Public Education Fund","3,055","0","3","8","2.67","0.0000%","0","0","1","0","2","4","3","1",""
"02-17-2026","X","The Chicago Public Education Fund","3,054","-1","0","0","","-0.0327%","0","0","0","0","0","0","0","0",""
"02-18-2026","X","The Chicago Public Education Fund","3,056","2","0","0","","0.0655%","0","0","0","0","0","0","0","0",""
"02-19-2026","X","The Chicago Public Education Fund","3,056","0","4","6","1.5","0.0000%","0","0","1","0","3","2","3","1",""
"02-20-2026","X","The Chicago Public Education Fund","3,056","0","1","3","3","0.0000%","0","0","1","0","0","3","0","0",""
"02-21-2026","X","The Chicago Public Education Fund","3,056","0","0","0","","0.0000%","0","0","0","0","0","0","0","0",""
"02-22-2026","X","The Chicago Public Education Fund","3,056","0","0","0","","0.0000%","0","0","0","0","0","0","0","0",""
"02-23-2026","X","The Chicago Public Education Fund","3,056","0","3","9","3","0.0000%","0","0","1","0","2","4","3","2",""
"02-24-2026","X","The Chicago Public Education Fund","3,056","0","0","0","","0.0000%","0","0","0","0","0","0","0","0",""
"02-25-2026","X","The Chicago Public Education Fund","3,054","-2","1","0","0","-0.0654%","0","0","0","0","1","0","0","0",""
"02-26-2026","X","The Chicago Public Education Fund","3,054","0","0","0","","0.0000%","0","0","0","0","0","0","0","0",""
"02-27-2026","X","The Chicago Public Education Fund","3,054","0","0","0","","0.0000%","0","0","0","0","0","0","0","0",""
"02-28-2026","X","The Chicago Public Education Fund","3,054","0","0","0","","0.0000%","0","0","0","0","0","0","0","0",""
"03-01-2026","X","The Chicago Public Education Fund","3,054","0","0","0","","0.0000%","0","0","0","0","0","0","0","0",""
"03-02-2026","X","The Chicago Public Education Fund","3,054","0","5","7","1.4","0.0000%","0","0","1","0","4","2","4","1",""
"03-03-2026","X","The Chicago Public Education Fund","3,054","0","0","0","","0.0000%","0","0","0","0","0","0","0","0",""
"03-04-2026","X","The Chicago Public Education Fund","3,053","-1","6","8","1.33","-0.0327%","0","0","1","1","4","2","5","1",""
"03-05-2026","X","The Chicago Public Education Fund","3,053","0","0","0","","0.0000%","0","0","0","0","0","0","0","0",""
"03-06-2026","X","The Chicago Public Education Fund","3,053","0","0","0","","0.0000%","0","0","0","0","0","0","0","0",""
"03-07-2026","X","The Chicago Public Education Fund","3,052","-1","0","0","","-0.0328%","0","0","0","0","0","0","0","0",""
"03-08-2026","X","The Chicago Public Education Fund","3,053","1","0","0","","0.0328%","0","0","0","0","0","0","0","0",""
"03-09-2026","X","The Chicago Public Education Fund","3,054","1","7","20","2.86","0.0328%","0","0","1","0","6","10","7","3",""
"03-10-2026","X","The Chicago Public Education Fund","3,054","0","1","0","0","0.0000%","0","0","0","0","1","0","0","0",""
"03-11-2026","X","The Chicago Public Education Fund","3,053","-1","0","0","","-0.0327%","0","0","0","0","0","0","0","0",""
"03-12-2026","X","The Chicago Public Education Fund","3,053","0","0","0","","0.0000%","0","0","0","0","0","0","0","0",""
"03-13-2026","X","The Chicago Public Education Fund","3,054","1","1","2","2","0.0328%","0","0","1","0","0","1","0","1",""
"03-14-2026","X","The Chicago Public Education Fund","3,054","0","0","0","","0.0000%","0","0","0","0","0","0","0","0",""
"03-15-2026","X","The Chicago Public Education Fund","3,054","0","0","0","","0.0000%","0","0","0","0","0","0","0","0",""
"03-16-2026","X","The Chicago Public Education Fund","3,053","-1","0","0","","-0.0327%","0","0","0","0","0","0","0","0",""
"03-17-2026","X","The Chicago Public Education Fund","3,053","0","1","3","3","0.0000%","0","0","1","0","0","1","0","2",""
"03-18-2026","X","The Chicago Public Education Fund","3,054","1","0","0","","0.0328%","0","0","0","0","0","0","0","0",""
"03-19-2026","X","The Chicago Public Education Fund","3,054","0","0","0","","0.0000%","0","0","0","0","0","0","0","0",""
"03-20-2026","X","The Chicago Public Education Fund","3,054","0","0","0","","0.0000%","0","0","0","0","0","0","0","0",""
"03-21-2026","X","The Chicago Public Education Fund","3,053","-1","0","0","","-0.0327%","0","0","0","0","0","0","0","0",""
"03-22-2026","X","The Chicago Public Education Fund","3,051","-2","0","0","","-0.0655%","0","0","0","0","0","0","0","0",""
"03-23-2026","X","The Chicago Public Education Fund","3,051","0","5","7","1.4","0.0000%","0","0","1","0","4","2","4","1",""
"03-24-2026","X","The Chicago Public Education Fund","3,052","1","0","0","","0.0328%","0","0","0","0","0","0","0","0",""
"03-25-2026","X","The Chicago Public Education Fund","3,050","-2","0","0","","-0.0655%","0","0","0","0","0","0","0","0",""
"03-26-2026","X","The Chicago Public Education Fund","3,050","0","0","0","","0.0000%","0","0","0","0","0","0","0","0",""
"03-27-2026","X","The Chicago Public Education Fund","3,050","0","0","0","","0.0000%","0","0","0","0","0","0","0","0",""
"03-28-2026","X","The Chicago Public Education Fund","3,048","-2","0","0","","-0.0656%","0","0","0","0","0","0","0","0",""
"03-29-2026","X","The Chicago Public Education Fund","3,047","-1","0","0","","-0.0328%","0","0","0","0","0","0","0","0",""
"03-30-2026","X","The Chicago Public Education Fund","3,046","-1","6","8","1.33","-0.0328%","0","0","1","0","5","2","5","1",""
"03-31-2026","X","The Chicago Public Education Fund","3,046","0","0","0","","0.0000%","0","0","0","0","0","0","0","0",""
"04-01-2026","X","The Chicago Public Education Fund","3,046","0","0","0","","0.0000%","0","0","0","0","0","0","0","0",""
"04-02-2026","X","The Chicago Public Education Fund","3,047","1","0","0","","0.0328%","0","0","0","0","0","0","0","0",""
"04-03-2026","X","The Chicago Public Education Fund","3,048","1","0","0","","0.0328%","0","0","0","0","0","0","0","0",""
"04-04-2026","X","The Chicago Public Education Fund","3,048","0","0","0","","0.0000%","0","0","0","0","0","0","0","0",""
"04-05-2026","X","The Chicago Public Education Fund","3,049","1","0","0","","0.0328%","0","0","0","0","0","0","0","0",""
"04-06-2026","X","The Chicago Public Education Fund","3,048","-1","9","22","2.44","-0.0328%","0","0","3","0","6","12","6","4",""
"04-07-2026","X","The Chicago Public Education Fund","3,048","0","3","22","7.33","0.0000%","0","1","2","0","0","16","1","5",""
"04-08-2026","X","The Chicago Public Education Fund","3,048","0","5","18","3.6","0.0000%","0","1","2","1","1","11","1","6",""
"04-09-2026","X","The Chicago Public Education Fund","3,048","0","10","28","2.8","0.0000%","0","0","7","2","1","16","5","7",""
"04-10-2026","X","The Chicago Public Education Fund","3,047","-1","3","15","5","-0.0328%","0","1","2","0","0","9","1","5",""
"04-11-2026","X","The Chicago Public Education Fund","3,046","-1","0","0","","-0.0328%","0","0","0","0","0","0","0","0",""
"04-12-2026","X","The Chicago Public Education Fund","3,046","0","0","0","","0.0000%","0","0","0","0","0","0","0","0",""
"04-13-2026","X","The Chicago Public Education Fund","3,047","1","8","13","1.63","0.0328%","0","0","2","0","6","4","7","2",""
"04-14-2026","X","The Chicago Public Education Fund","3,045","-2","3","8","2.67","-0.0656%","0","1","0","1","1","5","3","0",""
"04-15-2026","X","The Chicago Public Education Fund","3,046","1","1","0","0","0.0328%","0","0","1","0","0","0","0","0",""
"04-16-2026","X","The Chicago Public Education Fund","3,047","1","3","4","1.33","0.0328%","0","0","1","1","1","2","2","0",""
"04-17-2026","X","The Chicago Public Education Fund","3,046","-1","0","0","","-0.0328%","0","0","0","0","0","0","0","0",""
"04-18-2026","X","The Chicago Public Education Fund","3,046","0","0","0","","0.0000%","0","0","0","0","0","0","0","0",""
"04-19-2026","X","The Chicago Public Education Fund","3,044","-2","0","0","","-0.0657%","0","0","0","0","0","0","0","0",""
"04-20-2026","X","The Chicago Public Education Fund","3,048","4","4","6","1.5","0.1314%","0","0","1","0","3","2","3","1",""
"04-21-2026","X","The Chicago Public Education Fund","3,047","-1","0","0","","-0.0328%","0","0","0","0","0","0","0","0",""
"04-22-2026","X","The Chicago Public Education Fund","3,046","-1","0","0","","-0.0328%","0","0","0","0","0","0","0","0",""
"04-23-2026","X","The Chicago Public Education Fund","3,047","1","7","9","1.29","0.0328%","0","0","3","0","4","5","3","1",""
"04-24-2026","X","The Chicago Public Education Fund","3,047","0","4","11","2.75","0.0000%","0","0","1","0","3","6","3","2",""
"04-25-2026","X","The Chicago Public Education Fund","3,048","1","0","0","","0.0328%","0","0","0","0","0","0","0","0",""
"04-26-2026","X","The Chicago Public Education Fund","3,046","-2","0","0","","-0.0656%","0","0","0","0","0","0","0","0",""
"04-27-2026","X","The Chicago Public Education Fund","3,047","1","2","4","2","0.0328%","0","0","1","0","1","3","1","0",""
"04-28-2026","X","The Chicago Public Education Fund","3,046","-1","1","1","1","-0.0328%","0","0","1","0","0","1","0","0",""
"04-29-2026","X","The Chicago Public Education Fund","3,048","2","5","11","2.2","0.0657%","0","0","1","0","4","6","4","1",""
"04-30-2026","X","The Chicago Public Education Fund","3,048","0","0","0","","0.0000%","0","0","0","0","0","0","0","0",""
"05-01-2026","X","The Chicago Public Education Fund","3,049","1","3","6","2","0.0328%","0","0","1","0","2","4","2","0",""
"05-02-2026","X","The Chicago Public Education Fund","3,050","1","0","0","","0.0328%","0","0","0","0","0","0","0","0",""
"05-03-2026","X","The Chicago Public Education Fund","3,049","-1","0","0","","-0.0328%","0","0","0","0","0","0","0","0",""
"05-04-2026","X","The Chicago Public Education Fund","3,050","1","1","4","4","0.0328%","0","0","1","0","0","1","3","0",""
"05-05-2026","X","The Chicago Public Education Fund","3,050","0","3","3","1","0.0000%","0","0","1","0","2","3","0","0",""
"05-06-2026","X","The Chicago Public Education Fund","3,051","1","1","2","2","0.0328%","0","0","1","0","0","2","0","0",""
"05-07-2026","X","The Chicago Public Education Fund","3,050","-1","0","0","","-0.0328%","0","0","0","0","0","0","0","0",""
"05-08-2026","X","The Chicago Public Education Fund","3,048","-2","0","0","","-0.0656%","0","0","0","0","0","0","0","0",""
"05-09-2026","X","The Chicago Public Education Fund","3,048","0","0","0","","0.0000%","0","0","0","0","0","0","0","0",""
"05-10-2026","X","The Chicago Public Education Fund","3,047","-1","0","0","","-0.0328%","0","0","0","0","0","0","0","0",""
"05-11-2026","X","The Chicago Public Education Fund","3,047","0","8","14","1.75","0.0000%","0","1","2","0","5","8","6","0",""
"05-12-2026","X","The Chicago Public Education Fund","3,047","0","0","0","","0.0000%","0","0","0","0","0","0","0","0",""
"05-13-2026","X","The Chicago Public Education Fund","3,048","1","0","0","","0.0328%","0","0","0","0","0","0","0","0",""
"05-14-2026","X","The Chicago Public Education Fund","3,048","0","3","5","1.67","0.0000%","0","1","0","0","2","3","2","0",""
"05-15-2026","X","The Chicago Public Education Fund","3,050","2","0","0","","0.0656%","0","0","0","0","0","0","0","0",""
"05-16-2026","X","The Chicago Public Education Fund","3,052","2","0","0","","0.0656%","0","0","0","0","0","0","0","0",""
"05-17-2026","X","The Chicago Public Education Fund","3,050","-2","0","0","","-0.0655%","0","0","0","0","0","0","0","0",""
"05-18-2026","X","The Chicago Public Education Fund","3,050","0","0","0","","0.0000%","0","0","0","0","0","0","0","0",""
"05-19-2026","X","The Chicago Public Education Fund","3,050","0","0","0","","0.0000%","0","0","0","0","0","0","0","0",""
"05-20-2026","X","The Chicago Public Education Fund","3,050","0","2","4","2","0.0000%","0","0","0","1","1","2","1","1",""
"05-21-2026","X","The Chicago Public Education Fund","3,049","-1","0","0","","-0.0328%","0","0","0","0","0","0","0","0",""
"05-22-2026","X","The Chicago Public Education Fund","3,050","1","0","0","","0.0328%","0","0","0","0","0","0","0","0",""
"05-23-2026","X","The Chicago Public Education Fund","3,050","0","0","0","","0.0000%","0","0","0","0","0","0","0","0",""
"05-24-2026","X","The Chicago Public Education Fund","3,049","-1","0","0","","-0.0328%","0","0","0","0","0","0","0","0",""
"05-25-2026","X","The Chicago Public Education Fund","3,049","0","1","5","5","0.0000%","0","0","1","0","0","1","4","0",""
"05-26-2026","X","The Chicago Public Education Fund","3,050","1","3","0","0","0.0328%","0","0","0","0","3","0","0","0",""
"05-27-2026","X","The Chicago Public Education Fund","3,050","0","0","0","","0.0000%","0","0","0","0","0","0","0","0",""
"05-28-2026","X","The Chicago Public Education Fund","3,050","0","3","2","0.67","0.0000%","0","0","1","0","2","0","2","0",""
"05-29-2026","X","The Chicago Public Education Fund","3,050","0","2","3","1.5","0.0000%","0","0","1","0","1","0","1","2",""
"05-30-2026","X","The Chicago Public Education Fund","3,051","1","0","0","","0.0328%","0","0","0","0","0","0","0","0",""
"05-31-2026","X","The Chicago Public Education Fund","3,049","-2","0","0","","-0.0656%","0","0","0","0","0","0","0","0",""
"06-01-2026","X","The Chicago Public Education Fund","3,049","0","4","7","1.75","0.0000%","0","0","1","0","3","2","3","2",""
"06-02-2026","X","The Chicago Public Education Fund","3,046","-3","0","0","","-0.0984%","0","0","0","0","0","0","0","0",""
"06-03-2026","X","The Chicago Public Education Fund","3,046","0","0","0","","0.0000%","0","0","0","0","0","0","0","0",""
"06-04-2026","X","The Chicago Public Education Fund","3,047","1","0","0","","0.0328%","0","0","0","0","0","0","0","0",""
"06-05-2026","X","The Chicago Public Education Fund","3,048","1","0","0","","0.0328%","0","0","0","0","0","0","0","0",""
"06-06-2026","X","The Chicago Public Education Fund","3,047","-1","0","0","","-0.0328%","0","0","0","0","0","0","0","0",""
"06-07-2026","X","The Chicago Public Education Fund","3,048","1","0","0","","0.0328%","0","0","0","0","0","0","0","0",""
"06-08-2026","X","The Chicago Public Education Fund","3,048","0","4","6","1.5","0.0000%","0","0","1","0","3","2","3","1",""
"06-09-2026","X","The Chicago Public Education Fund","3,048","0","0","0","","0.0000%","0","0","0","0","0","0","0","0",""
"06-10-2026","X","The Chicago Public Education Fund","3,046","-2","0","0","","-0.0656%","0","0","0","0","0","0","0","0",""
"06-11-2026","X","The Chicago Public Education Fund","3,048","2","0","0","","0.0657%","0","0","0","0","0","0","0","0",""
"06-12-2026","X","The Chicago Public Education Fund","3,047","-1","0","0","","-0.0328%","0","0","0","0","0","0","0","0",""
"06-13-2026","X","The Chicago Public Education Fund","3,047","0","0","0","","0.0000%","0","0","0","0","0","0","0","0",""
"06-14-2026","X","The Chicago Public Education Fund","3,047","0","0","0","","0.0000%","0","0","0","0","0","0","0","0",""
"06-15-2026","X","The Chicago Public Education Fund","3,045","-2","2","8","4","-0.0656%","0","0","2","0","0","4","3","1",""
"06-16-2026","X","The Chicago Public Education Fund","3,045","0","3","0","0","0.0000%","0","0","0","0","3","0","0","0",""
"06-17-2026","X","The Chicago Public Education Fund","3,045","0","0","0","","0.0000%","0","0","0","0","0","0","0","0",""
"06-18-2026","X","The Chicago Public Education Fund","3,044","-1","0","0","","-0.0328%","0","0","0","0","0","0","0","0",""
"06-19-2026","X","The Chicago Public Education Fund","3,044","0","1","10","10","0.0000%","0","0","0","0","1","2","8","0",""
"06-20-2026","X","The Chicago Public Education Fund","3,044","0","0","0","","0.0000%","0","0","0","0","0","0","0","0",""
"06-21-2026","X","The Chicago Public Education Fund","3,045","1","0","0","","0.0329%","0","0","0","0","0","0","0","0",""
"06-22-2026","X","The Chicago Public Education Fund","3,045","0","11","8","0.73","0.0000%","0","0","1","0","10","3","3","2",""
"06-23-2026","X","The Chicago Public Education Fund","3,045","0","1","4","4","0.0000%","0","0","0","1","0","3","0","1",""
"06-24-2026","X","The Chicago Public Education Fund","3,044","-1","0","0","","-0.0328%","0","0","0","0","0","0","0","0",""
"06-25-2026","X","The Chicago Public Education Fund","3,044","0","0","0","","0.0000%","0","0","0","0","0","0","0","0",""
"06-26-2026","X","The Chicago Public Education Fund","3,043","-1","0","0","","-0.0329%","0","0","0","0","0","0","0","0",""
"06-27-2026","X","The Chicago Public Education Fund","3,043","0","0","0","","0.0000%","0","0","0","0","0","0","0","0",""
"06-28-2026","X","The Chicago Public Education Fund","3,043","0","0","0","","0.0000%","0","0","0","0","0","0","0","0",""
"06-29-2026","X","The Chicago Public Education Fund","3,043","0","1","5","5","0.0000%","0","0","1","0","0","1","4","0",""
"06-30-2026","X","The Chicago Public Education Fund","3,043","0","5","2","0.4","0.0000%","0","0","1","0","4","2","0","0",""
"07-01-2026","X","The Chicago Public Education Fund","3,043","0","0","0","","0.0000%","0","0","0","0","0","0","0","0",""
"07-02-2026","X","The Chicago Public Education Fund","3,043","0","0","0","","0.0000%","0","0","0","0","0","0","0","0",""
"07-03-2026","X","The Chicago Public Education Fund","3,043","0","1","1","1","0.0000%","0","0","0","0","1","0","1","0",""
"07-04-2026","X","The Chicago Public Education Fund","3,044","1","0","0","","0.0329%","0","0","0","0","0","0","0","0",""
"07-05-2026","X","The Chicago Public Education Fund","3,043","-1","0","0","","-0.0329%","0","0","0","0","0","0","0","0",""
"07-06-2026","X","The Chicago Public Education Fund","3,043","0","5","5","1","0.0000%","0","0","1","1","3","0","3","2",""
"07-07-2026","X","The Chicago Public Education Fund","3,043","0","0","0","","0.0000%","0","0","0","0","0","0","0","0",""
"07-08-2026","X","The Chicago Public Education Fund","3,043","0","0","0","","0.0000%","0","0","0","0","0","0","0","0",""
"07-09-2026","X","The Chicago Public Education Fund","3,043","0","0","0","","0.0000%","0","0","0","0","0","0","0","0",""
"07-10-2026","X","The Chicago Public Education Fund","3,042","-1","1","0","0","-0.0329%","0","0","0","1","0","0","0","0",""
"07-11-2026","X","The Chicago Public Education Fund","3,041","-1","0","0","","-0.0329%","0","0","0","0","0","0","0","0",""
"07-12-2026","X","The Chicago Public Education Fund","3,041","0","0","0","","0.0000%","0","0","0","0","0","0","0","0",""
"07-13-2026","X","The Chicago Public Education Fund","3,043","2","1","0","0","0.0658%","0","0","1","0","0","0","0","0",""
"07-14-2026","X","The Chicago Public Education Fund","3,042","-1","0","0","","-0.0329%","0","0","0","0","0","0","0","0",""
"07-15-2026","X","The Chicago Public Education Fund","3,042","0","1","5","5","0.0000%","0","0","1","0","0","3","0","2",""
"07-16-2026","X","The Chicago Public Education Fund","3,042","0","0","0","","0.0000%","0","0","0","0","0","0","0","0",""
"07-17-2026","X","The Chicago Public Education Fund","3,042","0","0","0","","0.0000%","0","0","0","0","0","0","0","0",""
"07-18-2026","X","The Chicago Public Education Fund","3,041","-1","0","0","","-0.0329%","0","0","0","0","0","0","0","0",""
"07-19-2026","X","The Chicago Public Education Fund","3,041","0","0","0","","0.0000%","0","0","0","0","0","0","0","0",""
"07-20-2026","X","The Chicago Public Education Fund","3,039","-2","1","4","4","-0.0658%","0","0","1","0","0","0","4","0",""
"07-21-2026","X","The Chicago Public Education Fund","3,039","0","4","1","0.25","0.0000%","0","0","0","0","4","1","0","0",""
"07-22-2026","X","The Chicago Public Education Fund","3,039","0","0","0","","0.0000%","0","0","0","0","0","0","0","0",""
"07-23-2026","X","The Chicago Public Education Fund","3,038","-1","0","0","","-0.0329%","0","0","0","0","0","0","0","0",""
"07-24-2026","X","The Chicago Public Education Fund","3,037","-1","0","0","","-0.0329%","0","0","0","0","0","0","0","0",""
"07-25-2026","X","The Chicago Public Education Fund","3,037","0","0","0","","0.0000%","0","0","0","0","0","0","0","0",""
"07-26-2026","X","The Chicago Public Education Fund","3,037","0","0","0","","0.0000%","0","0","0","0","0","0","0","0",""
"07-27-2026","X","The Chicago Public Education Fund","3,035","-2","0","0","","-0.0659%","0","0","0","0","0","0","0","0",""
"07-28-2026","X","The Chicago Public Education Fund","3,036","1","0","0","","0.0329%","0","0","0","0","0","0","0","0",""
"07-29-2026","X","The Chicago Public Education Fund","3,036","0","0","0","","0.0000%","0","0","0","0","0","0","0","0",""
"07-30-2026","X","The Chicago Public Education Fund","3,039","3","0","0","","0.0988%","0","0","0","0","0","0","0","0",""
"07-31-2026","X","The Chicago Public Education Fund","3,039","0","0","0","","0.0000%","0","0","0","0","0","0","0","0",""
"08-01-2026","X","The Chicago Public Education Fund","3,039","0","0","0","","0.0000%","0","0","0","0","0","0","0","0",""
"08-02-2026","X","The Chicago Public Education Fund","3,040","1","0","0","","0.0329%","0","0","0","0","0","0","0","0",""
"08-03-2026","X","The Chicago Public Education Fund","3,040","0","0","0","","0.0000%","0","0","0","0","0","0","0","0",""
"08-04-2026","X","The Chicago Public Education Fund","3,040","0","0","0","","0.0000%","0","0","0","0","0","0","0","0",""
"08-05-2026","X","The Chicago Public Education Fund","3,040","0","0","0","","0.0000%","0","0","0","0","0","0","0","0",""
"08-06-2026","X","The Chicago Public Education Fund","3,039","-1","0","0","","-0.0329%","0","0","0","0","0","0","0","0",""
"08-07-2026","X","The Chicago Public Education Fund","3,038","-1","0","0","","-0.0329%","0","0","0","0","0","0","0","0",""
"08-08-2026","X","The Chicago Public Education Fund","3,038","0","0","0","","0.0000%","0","0","0","0","0","0","0","0",""
"08-09-2026","X","The Chicago Public Education Fund","3,037","-1","0","0","","-0.0329%","0","0","0","0","0","0","0","0",""
"08-10-2026","X","The Chicago Public Education Fund","3,036","-1","0","0","","-0.0329%","0","0","0","0","0","0","0","0",""
"08-11-2026","X","The Chicago Public Education Fund","3,036","0","0","0","","0.0000%","0","0","0","0","0","0","0","0",""
"08-12-2026","X","The Chicago Public Education Fund","3,036","0","0","0","","0.0000%","0","0","0","0","0","0","0","0",""
"08-13-2026","X","The Chicago Public Education Fund","3,036","0","0","0","","0.0000%","0","0","0","0","0","0","0","0",""
"08-14-2026","X","The Chicago Public Education Fund","3,036","0","0","0","","0.0000%","0","0","0","0","0","0","0","0",""
"08-15-2026","X","The Chicago Public Education Fund","3,036","0","0","0","","0.0000%","0","0","0","0","0","0","0","0",""
"08-16-2026","X","The Chicago Public Education Fund","3,036","0","0","0","","0.0000%","0","0","0","0","0","0","0","0",""
"08-17-2026","X","The Chicago Public Education Fund","3,036","0","0","0","","0.0000%","0","0","0","0","0","0","0","0",""
"08-18-2026","X","The Chicago Public Education Fund","3,036","0","0","0","","0.0000%","0","0","0","0","0","0","0","0",""
"08-19-2026","X","The Chicago Public Education Fund","3,036","0","0","0","","0.0000%","0","0","0","0","0","0","0","0",""
"08-20-2026","X","The Chicago Public Education Fund","3,036","0","0","0","","0.0000%","0","0","0","0","0","0","0","0",""
"08-21-2026","X","The Chicago Public Education Fund","3,035","-1","0","0","","-0.0329%","0","0","0","0","0","0","0","0",""
"08-22-2026","X","The Chicago Public Education Fund","3,034","-1","0","0","","-0.0329%","0","0","0","0","0","0","0","0",""
"08-23-2026","X","The Chicago Public Education Fund","3,034","0","0","0","","0.0000%","0","0","0","0","0","0","0","0",""
"08-24-2026","X","The Chicago Public Education Fund","3,034","0","0","0","","0.0000%","0","0","0","0","0","0","0","0",""
"08-25-2026","X","The Chicago Public Education Fund","3,033","-1","0","0","","-0.0330%","0","0","0","0","0","0","0","0",""
"08-26-2026","X","The Chicago Public Education Fund","3,033","0","0","0","","0.0000%","0","0","0","0","0","0","0","0",""
"08-27-2026","X","The Chicago Public Education Fund","3,033","0","0","0","","0.0000%","0","0","0","0","0","0","0","0",""
"08-28-2026","X","The Chicago Public Education Fund","3,033","0","0","0","","0.0000%","0","0","0","0","0","0","0","0",""
"08-29-2026","X","The Chicago Public Education Fund","3,033","0","0","0","","0.0000%","0","0","0","0","0","0","0","0",""
"08-30-2026","X","The Chicago Public Education Fund","3,032","-1","0","0","","-0.0330%","0","0","0","0","0","0","0","0",""
"08-31-2026","X","The Chicago Public Education Fund","3,032","0","0","0","","0.0000%","0","0","0","0","0","0","0","0",""
