"Date","Facebook Page","Followers","Net Follower Growth","Published Posts","Views","Organic Views","Paid Views","Reach","Organic Reach","Paid Reach","Engagements","Reactions","Comments","Shares","Post Link Clicks","Other Post Clicks","Page Actions","Engagement Rate (per View)","Video Views","Full Video Views","Partial Video Views","Organic Video Views","Organic Full Video Views","Organic Partial Video Views","Paid Video Views","Paid Full Video Views","Paid Partial Video Views","Click to Play Video Views","Autoplay Video Views"
"01-01-2022","The Chicago Public Education Fund","","","0","","","","","","","","","","","","","","","","","","","","","","","","",""
"01-02-2022","The Chicago Public Education Fund","","","0","","","","","","","","","","","","","","","","","","","","","","","","",""
"01-03-2022","The Chicago Public Education Fund","","","0","","","","","","","","","","","","","","","","","","","","","","","","",""
"01-04-2022","The Chicago Public Education Fund","","","0","","","","","","","","","","","","","","","","","","","","","","","","",""
"01-05-2022","The Chicago Public Education Fund","","","0","","","","","","","","","","","","","","","","","","","","","","","","",""
"01-06-2022","The Chicago Public Education Fund","","","0","","","","","","","","","","","","","","","","","","","","","","","","",""
"01-07-2022","The Chicago Public Education Fund","","","0","","","","","","","","","","","","","","","","","","","","","","","","",""
"01-08-2022","The Chicago Public Education Fund","","","0","","","","","","","","","","","","","","","","","","","","","","","","",""
"01-09-2022","The Chicago Public Education Fund","","","0","","","","","","","","","","","","","","","","","","","","","","","","",""
"01-10-2022","The Chicago Public Education Fund","","","0","","","","","","","","","","","","","","","","","","","","","","","","",""
"01-11-2022","The Chicago Public Education Fund","","","0","","","","","","","","","","","","","","","","","","","","","","","","",""
"01-12-2022","The Chicago Public Education Fund","","","0","","","","","","","","","","","","","","","","","","","","","","","","",""
"01-13-2022","The Chicago Public Education Fund","","","0","","","","","","","","","","","","","","","","","","","","","","","","",""
"01-14-2022","The Chicago Public Education Fund","","","0","","","","","","","","","","","","","","","","","","","","","","","","",""
"01-15-2022","The Chicago Public Education Fund","","","0","","","","","","","","","","","","","","","","","","","","","","","","",""
"01-16-2022","The Chicago Public Education Fund","","","0","","","","","","","","","","","","","","","","","","","","","","","","",""
"01-17-2022","The Chicago Public Education Fund","","","0","","","","","","","","","","","","","","","","","","","","","","","","",""
"01-18-2022","The Chicago Public Education Fund","","","0","","","","","","","","","","","","","","","","","","","","","","","","",""
"01-19-2022","The Chicago Public Education Fund","","","0","","","","","","","","","","","","","","","","","","","","","","","","",""
"01-20-2022","The Chicago Public Education Fund","","","0","","","","","","","","","","","","","","","","","","","","","","","","",""
"01-21-2022","The Chicago Public Education Fund","","","0","","","","","","","","","","","","","","","","","","","","","","","","",""
"01-22-2022","The Chicago Public Education Fund","","","0","","","","","","","","","","","","","","","","","","","","","","","","",""
"01-23-2022","The Chicago Public Education Fund","","","0","","","","","","","","","","","","","","","","","","","","","","","","",""
"01-24-2022","The Chicago Public Education Fund","","","0","","","","","","","","","","","","","","","","","","","","","","","","",""
"01-25-2022","The Chicago Public Education Fund","","","0","","","","","","","","","","","","","","","","","","","","","","","","",""
"01-26-2022","The Chicago Public Education Fund","","","0","","","","","","","","","","","","","","","","","","","","","","","","",""
"01-27-2022","The Chicago Public Education Fund","","","0","","","","","","","","","","","","","","","","","","","","","","","","",""
"01-28-2022","The Chicago Public Education Fund","","","0","","","","","","","","","","","","","","","","","","","","","","","","",""
"01-29-2022","The Chicago Public Education Fund","","","0","","","","","","","","","","","","","","","","","","","","","","","","",""
"01-30-2022","The Chicago Public Education Fund","","","0","","","","","","","","","","","","","","","","","","","","","","","","",""
"01-31-2022","The Chicago Public Education Fund","","","0","","","","","","","","","","","","","","","","","","","","","","","","",""
"02-01-2022","The Chicago Public Education Fund","","","0","","","","","","","","","","","","","","","","","","","","","","","","",""
"02-02-2022","The Chicago Public Education Fund","","","0","","","","","","","","","","","","","","","","","","","","","","","","",""
"02-03-2022","The Chicago Public Education Fund","","","0","","","","","","","","","","","","","","","","","","","","","","","","",""
"02-04-2022","The Chicago Public Education Fund","","","0","","","","","","","","","","","","","","","","","","","","","","","","",""
"02-05-2022","The Chicago Public Education Fund","","","0","","","","","","","","","","","","","","","","","","","","","","","","",""
"02-06-2022","The Chicago Public Education Fund","","","0","","","","","","","","","","","","","","","","","","","","","","","","",""
"02-07-2022","The Chicago Public Education Fund","","","0","","","","","","","","","","","","","","","","","","","","","","","","",""
"02-08-2022","The Chicago Public Education Fund","","","0","","","","","","","","","","","","","","","","","","","","","","","","",""
"02-09-2022","The Chicago Public Education Fund","","","0","","","","","","","","","","","","","","","","","","","","","","","","",""
"02-10-2022","The Chicago Public Education Fund","","","0","","","","","","","","","","","","","","","","","","","","","","","","",""
"02-11-2022","The Chicago Public Education Fund","","","0","","","","","","","","","","","","","","","","","","","","","","","","",""
"02-12-2022","The Chicago Public Education Fund","","","0","","","","","","","","","","","","","","","","","","","","","","","","",""
"02-13-2022","The Chicago Public Education Fund","","","0","","","","","","","","","","","","","","","","","","","","","","","","",""
"02-14-2022","The Chicago Public Education Fund","","","0","","","","","","","","","","","","","","","","","","","","","","","","",""
"02-15-2022","The Chicago Public Education Fund","","","0","","","","","","","","","","","","","","","","","","","","","","","","",""
"02-16-2022","The Chicago Public Education Fund","","","0","","","","","","","","","","","","","","","","","","","","","","","","",""
"02-17-2022","The Chicago Public Education Fund","","","0","","","","","","","","","","","","","","","","","","","","","","","","",""
"02-18-2022","The Chicago Public Education Fund","","","0","","","","","","","","","","","","","","","","","","","","","","","","",""
"02-19-2022","The Chicago Public Education Fund","","","0","","","","","","","","","","","","","","","","","","","","","","","","",""
"02-20-2022","The Chicago Public Education Fund","2,094","","0","34","34","0","32","","0","1","1","0","0","0","0","0","2.94%","2","0","2","2","0","2","0","0","0","0","2"
"02-21-2022","The Chicago Public Education Fund","2,093","-1","0","12","12","0","9","","0","0","0","0","0","0","0","0","0%","0","0","0","0","0","0","0","0","0","0","0"
"02-22-2022","The Chicago Public Education Fund","2,094","1","0","213","207","0","193","","0","10","3","0","0","1","6","0","4.69%","1","0","1","1","0","1","0","0","0","0","1"
"02-23-2022","The Chicago Public Education Fund","2,094","0","0","141","136","0","93","","0","6","2","0","1","2","1","0","4.26%","5","0","5","5","0","5","0","0","0","0","5"
"02-24-2022","The Chicago Public Education Fund","2,094","0","0","68","66","0","57","","0","2","0","0","1","1","0","0","2.94%","2","1","1","2","1","1","0","0","0","0","2"
"02-25-2022","The Chicago Public Education Fund","2,093","-1","0","145","144","0","126","","0","10","2","0","1","3","4","0","6.9%","3","1","2","3","1","2","0","0","0","0","3"
"02-26-2022","The Chicago Public Education Fund","2,093","0","0","124","115","0","55","","0","4","1","0","0","1","2","0","3.23%","1","1","0","1","1","0","0","0","0","0","1"
"02-27-2022","The Chicago Public Education Fund","2,093","0","0","28","28","0","26","","0","2","1","0","0","1","0","0","7.14%","3","0","3","3","0","3","0","0","0","0","3"
"02-28-2022","The Chicago Public Education Fund","2,093","0","0","26","24","0","14","","0","1","0","0","0","1","0","0","3.85%","0","0","0","0","0","0","0","0","0","0","0"
"03-01-2022","The Chicago Public Education Fund","2,095","2","0","10","9","0","10","","0","0","0","0","0","0","0","0","0%","0","0","0","0","0","0","0","0","0","0","0"
"03-02-2022","The Chicago Public Education Fund","2,096","1","0","18","15","0","14","","0","1","1","0","0","0","0","0","5.56%","2","0","2","2","0","2","0","0","0","0","2"
"03-03-2022","The Chicago Public Education Fund","2,096","0","0","314","302","0","128","","0","18","8","0","2","5","3","0","5.73%","0","0","0","0","0","0","0","0","0","0","0"
"03-04-2022","The Chicago Public Education Fund","2,096","0","0","96","94","0","73","","0","0","0","0","0","0","0","0","0%","0","0","0","0","0","0","0","0","0","0","0"
"03-05-2022","The Chicago Public Education Fund","2,096","0","0","37","35","0","32","","0","0","0","0","0","0","0","0","0%","1","1","0","1","1","0","0","0","0","0","1"
"03-06-2022","The Chicago Public Education Fund","2,096","0","0","48","48","0","40","","0","1","0","0","0","1","0","0","2.08%","1","0","1","1","0","1","0","0","0","0","1"
"03-07-2022","The Chicago Public Education Fund","2,096","0","0","169","163","0","14","","0","2","0","0","0","2","0","0","1.18%","1","1","0","1","1","0","0","0","0","0","1"
"03-08-2022","The Chicago Public Education Fund","2,096","0","0","170","167","0","134","","0","6","4","0","1","0","1","0","3.53%","1","0","1","1","0","1","0","0","0","0","1"
"03-09-2022","The Chicago Public Education Fund","2,096","0","0","160","156","0","101","","0","4","3","0","1","0","0","0","2.5%","1","0","1","1","0","1","0","0","0","0","1"
"03-10-2022","The Chicago Public Education Fund","2,098","2","0","137","137","0","111","","0","9","2","0","1","5","1","0","6.57%","4","1","3","4","1","3","0","0","0","0","4"
"03-11-2022","The Chicago Public Education Fund","2,098","0","0","250","244","0","206","","0","20","15","0","1","1","3","0","8%","1","0","1","1","0","1","0","0","0","0","1"
"03-12-2022","The Chicago Public Education Fund","2,098","0","0","114","114","0","104","","0","3","3","0","0","0","0","0","2.63%","2","0","2","2","0","2","0","0","0","0","2"
"03-13-2022","The Chicago Public Education Fund","2,098","0","0","54","54","0","47","","0","1","0","0","0","0","1","0","1.85%","0","0","0","0","0","0","0","0","0","0","0"
"03-14-2022","The Chicago Public Education Fund","2,098","0","0","171","168","0","113","","0","14","7","0","1","3","3","0","8.19%","11","2","9","11","2","9","0","0","0","1","10"
"03-15-2022","The Chicago Public Education Fund","2,098","0","0","204","198","0","123","","0","4","3","0","0","0","1","0","1.96%","5","0","5","5","0","5","0","0","0","0","5"
"03-16-2022","The Chicago Public Education Fund","2,097","-1","0","29","27","0","26","","0","2","1","0","0","0","1","0","6.9%","3","0","3","3","0","3","0","0","0","0","3"
"03-17-2022","The Chicago Public Education Fund","2,097","0","0","142","140","0","79","","0","2","1","0","0","0","1","0","1.41%","0","0","0","0","0","0","0","0","0","0","0"
"03-18-2022","The Chicago Public Education Fund","2,097","0","0","187","186","0","143","","0","5","3","0","1","0","1","0","2.67%","3","1","2","3","1","2","0","0","0","0","3"
"03-19-2022","The Chicago Public Education Fund","2,097","0","0","96","96","0","82","","0","0","0","0","0","0","0","0","0%","2","0","2","2","0","2","0","0","0","0","2"
"03-20-2022","The Chicago Public Education Fund","2,097","0","0","45","45","0","37","","0","1","1","0","0","0","0","0","2.22%","1","0","1","1","0","1","0","0","0","0","1"
"03-21-2022","The Chicago Public Education Fund","2,096","-1","0","770","766","0","474","","0","50","18","2","1","14","15","0","6.49%","1","1","0","1","1","0","0","0","0","0","1"
"03-22-2022","The Chicago Public Education Fund","2,098","2","0","193","191","0","146","","0","7","2","0","0","2","3","0","3.63%","1","0","1","1","0","1","0","0","0","0","1"
"03-23-2022","The Chicago Public Education Fund","2,098","0","0","63","62","0","36","","0","9","1","0","0","1","7","0","14.29%","2","1","1","2","1","1","0","0","0","0","2"
"03-24-2022","The Chicago Public Education Fund","2,097","-1","0","121","117","0","85","","0","7","4","0","0","1","2","0","5.79%","3","1","2","3","1","2","0","0","0","0","3"
"03-25-2022","The Chicago Public Education Fund","2,097","0","0","435","427","0","209","","0","20","8","0","2","8","2","1","4.6%","4","1","3","4","1","3","0","0","0","0","4"
"03-26-2022","The Chicago Public Education Fund","2,097","0","0","156","153","0","109","","0","7","3","0","0","4","0","0","4.49%","0","0","0","0","0","0","0","0","0","0","0"
"03-27-2022","The Chicago Public Education Fund","2,097","0","0","43","43","0","39","","0","1","0","0","0","1","0","0","2.33%","2","0","2","2","0","2","0","0","0","0","2"
"03-28-2022","The Chicago Public Education Fund","2,097","0","0","62","57","0","44","","0","2","1","0","0","1","0","0","3.23%","1","0","1","1","0","1","0","0","0","0","1"
"03-29-2022","The Chicago Public Education Fund","2,098","1","0","204","193","0","115","","0","12","4","0","0","7","1","0","5.88%","0","0","0","0","0","0","0","0","0","0","0"
"03-30-2022","The Chicago Public Education Fund","2,098","0","0","267","262","0","139","","0","9","4","0","1","3","1","0","3.37%","0","0","0","0","0","0","0","0","0","0","0"
"03-31-2022","The Chicago Public Education Fund","2,099","1","0","320","315","0","145","","0","24","5","0","1","12","6","0","7.5%","0","0","0","0","0","0","0","0","0","0","0"
"04-01-2022","The Chicago Public Education Fund","2,100","1","0","158","155","0","89","","0","9","2","0","0","4","3","0","5.7%","1","1","0","1","1","0","0","0","0","1","0"
"04-02-2022","The Chicago Public Education Fund","2,100","0","0","71","70","0","37","","0","4","1","0","0","2","1","0","5.63%","1","0","1","1","0","1","0","0","0","0","1"
"04-03-2022","The Chicago Public Education Fund","2,101","1","0","48","47","0","36","","0","0","0","0","0","0","0","0","0%","2","1","1","2","1","1","0","0","0","0","2"
"04-04-2022","The Chicago Public Education Fund","2,100","-1","0","155","146","0","98","","0","15","8","1","0","0","6","0","9.68%","2","1","1","2","1","1","0","0","0","0","2"
"04-05-2022","The Chicago Public Education Fund","2,101","1","0","440","422","0","243","","0","45","14","0","0","2","29","0","10.23%","69","11","58","69","11","58","0","0","0","4","65"
"04-06-2022","The Chicago Public Education Fund","2,101","0","0","434","402","0","231","","0","50","21","3","0","2","24","0","11.52%","29","3","26","29","3","26","0","0","0","1","28"
"04-07-2022","The Chicago Public Education Fund","2,102","1","0","107","96","0","80","","0","3","1","0","0","0","2","0","2.8%","11","1","10","11","1","10","0","0","0","1","10"
"04-08-2022","The Chicago Public Education Fund","2,103","1","0","446","429","0","196","","0","54","11","1","0","2","40","0","12.11%","94","19","75","94","19","75","0","0","0","5","89"
"04-09-2022","The Chicago Public Education Fund","2,102","-1","0","137","135","0","81","","0","8","2","0","0","1","5","0","5.84%","20","4","16","20","4","16","0","0","0","2","18"
"04-10-2022","The Chicago Public Education Fund","2,102","0","0","87","87","0","63","","0","1","1","0","0","0","0","0","1.15%","11","3","8","11","3","8","0","0","0","0","11"
"04-11-2022","The Chicago Public Education Fund","2,101","-1","0","547","540","0","269","","0","25","8","1","2","10","4","0","4.57%","6","2","4","6","2","4","0","0","0","0","6"
"04-12-2022","The Chicago Public Education Fund","2,102","1","0","464","457","0","186","","0","13","6","0","1","2","4","0","2.8%","8","0","8","8","0","8","0","0","0","0","8"
"04-13-2022","The Chicago Public Education Fund","2,102","0","0","189","167","0","131","","0","23","1","0","0","4","18","0","12.17%","18","11","7","18","11","7","0","0","0","4","14"
"04-14-2022","The Chicago Public Education Fund","2,102","0","0","144","138","0","88","","0","4","2","0","0","1","1","0","2.78%","4","0","4","4","0","4","0","0","0","0","4"
"04-15-2022","The Chicago Public Education Fund","2,102","0","0","84","80","0","29","","0","2","0","0","0","1","1","0","2.38%","10","3","7","10","3","7","0","0","0","1","9"
"04-16-2022","The Chicago Public Education Fund","2,102","0","0","33","33","0","26","","0","1","0","0","0","1","0","0","3.03%","0","0","0","0","0","0","0","0","0","0","0"
"04-17-2022","The Chicago Public Education Fund","2,102","0","0","27","27","0","24","","0","0","0","0","0","0","0","0","0%","2","1","1","2","1","1","0","0","0","0","2"
"04-18-2022","The Chicago Public Education Fund","2,101","-1","0","20","18","0","13","","0","0","0","0","0","0","0","0","0%","3","1","2","3","1","2","0","0","0","0","3"
"04-19-2022","The Chicago Public Education Fund","2,101","0","0","48","46","0","19","","0","0","0","0","0","0","0","0","0%","6","1","5","6","1","5","0","0","0","0","6"
"04-20-2022","The Chicago Public Education Fund","2,101","0","0","192","183","0","91","","0","9","3","0","0","5","1","0","4.69%","1","1","0","1","1","0","0","0","0","0","1"
"04-21-2022","The Chicago Public Education Fund","2,101","0","0","93","89","0","76","","0","4","0","0","0","3","1","0","4.3%","0","0","0","0","0","0","0","0","0","0","0"
"04-22-2022","The Chicago Public Education Fund","2,100","-1","0","103","98","0","34","","0","2","0","0","0","1","1","0","1.94%","2","2","0","2","2","0","0","0","0","1","1"
"04-23-2022","The Chicago Public Education Fund","2,099","-1","0","30","30","0","26","","0","0","0","0","0","0","0","0","0%","0","0","0","0","0","0","0","0","0","0","0"
"04-24-2022","The Chicago Public Education Fund","2,100","1","0","36","34","0","10","","0","1","0","0","0","0","1","0","2.78%","0","0","0","0","0","0","0","0","0","0","0"
"04-25-2022","The Chicago Public Education Fund","2,100","0","0","160","152","0","99","","0","4","1","0","0","0","3","0","2.5%","0","0","0","0","0","0","0","0","0","0","0"
"04-26-2022","The Chicago Public Education Fund","2,100","0","0","59","59","0","48","","0","2","1","0","0","0","1","0","3.39%","2","0","2","2","0","2","0","0","0","0","2"
"04-27-2022","The Chicago Public Education Fund","2,100","0","0","54","53","0","25","","0","1","0","0","0","0","1","0","1.85%","1","1","0","1","1","0","0","0","0","0","1"
"04-28-2022","The Chicago Public Education Fund","2,102","2","0","41","36","0","16","","0","0","0","0","0","0","0","0","0%","0","0","0","0","0","0","0","0","0","0","0"
"04-29-2022","The Chicago Public Education Fund","2,103","1","0","179","166","0","107","","0","12","5","0","0","4","3","0","6.7%","0","0","0","0","0","0","0","0","0","0","0"
"04-30-2022","The Chicago Public Education Fund","2,103","0","0","61","59","0","47","","0","3","1","0","0","0","2","0","4.92%","5","2","3","5","2","3","0","0","0","0","5"
"05-01-2022","The Chicago Public Education Fund","2,103","0","0","19","19","0","18","","0","0","0","0","0","0","0","0","0%","1","0","1","1","0","1","0","0","0","0","1"
"05-02-2022","The Chicago Public Education Fund","2,103","0","0","51","39","0","22","","0","3","0","0","0","1","2","0","5.88%","3","1","2","3","1","2","0","0","0","1","2"
"05-03-2022","The Chicago Public Education Fund","2,106","3","0","95","93","0","86","","0","2","2","0","0","0","0","0","2.11%","1","0","1","1","0","1","0","0","0","0","1"
"05-04-2022","The Chicago Public Education Fund","2,106","0","0","181","168","0","131","","0","29","3","0","0","17","9","0","16.02%","5","3","2","5","3","2","0","0","0","2","3"
"05-05-2022","The Chicago Public Education Fund","2,107","1","0","136","130","0","104","","0","4","3","0","0","1","0","0","2.94%","2","1","1","2","1","1","0","0","0","0","2"
"05-06-2022","The Chicago Public Education Fund","2,107","0","0","72","69","0","38","","0","2","1","0","0","1","0","0","2.78%","3","1","2","3","1","2","0","0","0","0","3"
"05-07-2022","The Chicago Public Education Fund","2,107","0","0","49","47","0","31","","0","1","0","0","0","1","0","0","2.04%","1","0","1","1","0","1","0","0","0","0","1"
"05-08-2022","The Chicago Public Education Fund","2,107","0","0","14","14","0","14","","0","0","0","0","0","0","0","0","0%","2","0","2","2","0","2","0","0","0","0","2"
"05-09-2022","The Chicago Public Education Fund","2,108","1","0","11","9","0","8","","0","0","0","0","0","0","0","0","0%","0","0","0","0","0","0","0","0","0","0","0"
"05-10-2022","The Chicago Public Education Fund","2,108","0","0","89","85","0","77","","0","9","2","0","0","0","7","0","10.11%","4","2","2","4","2","2","0","0","0","2","2"
"05-11-2022","The Chicago Public Education Fund","2,109","1","0","227","222","0","126","","0","9","3","0","0","5","1","0","3.96%","1","0","1","1","0","1","0","0","0","0","1"
"05-12-2022","The Chicago Public Education Fund","2,109","0","0","93","90","0","60","","0","4","3","0","0","1","0","0","4.3%","1","0","1","1","0","1","0","0","0","0","1"
"05-13-2022","The Chicago Public Education Fund","2,109","0","0","28","28","0","25","","0","0","0","0","0","0","0","0","0%","0","0","0","0","0","0","0","0","0","0","0"
"05-14-2022","The Chicago Public Education Fund","2,109","0","0","27","27","0","23","","0","0","0","0","0","0","0","0","0%","0","0","0","0","0","0","0","0","0","0","0"
"05-15-2022","The Chicago Public Education Fund","2,109","0","0","23","18","0","12","","0","1","0","0","0","1","0","0","4.35%","0","0","0","0","0","0","0","0","0","0","0"
"05-16-2022","The Chicago Public Education Fund","2,110","1","0","5","5","0","5","","0","1","0","0","0","0","1","0","20%","0","0","0","0","0","0","0","0","0","0","0"
"05-17-2022","The Chicago Public Education Fund","2,111","1","0","96","92","0","88","","0","6","3","0","0","3","0","0","6.25%","0","0","0","0","0","0","0","0","0","0","0"
"05-18-2022","The Chicago Public Education Fund","2,111","0","0","63","60","0","28","","0","2","1","0","0","1","0","0","3.17%","2","1","1","2","1","1","0","0","0","0","2"
"05-19-2022","The Chicago Public Education Fund","2,112","1","0","42","35","0","14","","0","1","0","0","0","1","0","0","2.38%","1","0","1","1","0","1","0","0","0","0","1"
"05-20-2022","The Chicago Public Education Fund","2,112","0","0","18","18","0","18","","0","0","0","0","0","0","0","0","0%","1","0","1","1","0","1","0","0","0","0","1"
"05-21-2022","The Chicago Public Education Fund","2,112","0","0","20","19","0","19","","0","0","0","0","0","0","0","0","0%","2","0","2","2","0","2","0","0","0","0","2"
"05-22-2022","The Chicago Public Education Fund","2,112","0","0","17","16","0","13","","0","0","0","0","0","0","0","0","0%","0","0","0","0","0","0","0","0","0","0","0"
"05-23-2022","The Chicago Public Education Fund","2,112","0","0","13","11","0","12","","0","0","0","0","0","0","0","0","0%","2","0","2","2","0","2","0","0","0","0","2"
"05-24-2022","The Chicago Public Education Fund","2,112","0","0","12","10","0","8","","0","0","0","0","0","0","0","0","0%","0","0","0","0","0","0","0","0","0","0","0"
"05-25-2022","The Chicago Public Education Fund","2,112","0","0","143","136","0","126","","0","10","3","0","1","4","2","0","6.99%","2","2","0","2","2","0","0","0","0","0","2"
"05-26-2022","The Chicago Public Education Fund","2,112","0","0","42","42","0","41","","0","1","0","0","0","1","0","0","2.38%","2","1","1","2","1","1","0","0","0","0","2"
"05-27-2022","The Chicago Public Education Fund","2,113","1","0","39","35","0","25","","0","0","0","0","0","0","0","0","0%","2","0","2","2","0","2","0","0","0","0","2"
"05-28-2022","The Chicago Public Education Fund","2,113","0","0","28","28","0","25","","0","0","0","0","0","0","0","0","0%","2","0","2","2","0","2","0","0","0","0","2"
"05-29-2022","The Chicago Public Education Fund","2,112","-1","0","10","10","0","9","","0","0","0","0","0","0","0","0","0%","0","0","0","0","0","0","0","0","0","0","0"
"05-30-2022","The Chicago Public Education Fund","2,113","1","0","24","19","0","5","","0","0","0","0","0","0","0","0","0%","0","0","0","0","0","0","0","0","0","0","0"
"05-31-2022","The Chicago Public Education Fund","2,113","0","0","18","11","0","6","","0","0","0","0","0","0","0","0","0%","0","0","0","0","0","0","0","0","0","0","0"
"06-01-2022","The Chicago Public Education Fund","2,112","-1","0","17","15","0","11","","0","0","0","0","0","0","0","0","0%","0","0","0","0","0","0","0","0","0","0","0"
"06-02-2022","The Chicago Public Education Fund","2,112","0","0","18","17","0","12","","0","1","0","0","0","0","1","0","5.56%","1","0","1","1","0","1","0","0","0","0","1"
"06-03-2022","The Chicago Public Education Fund","2,112","0","0","549","538","0","309","","0","291","175","72","4","26","14","0","53.01%","0","0","0","0","0","0","0","0","0","0","0"
"06-04-2022","The Chicago Public Education Fund","2,111","-1","0","180","180","0","117","","0","76","47","18","0","6","5","0","42.22%","1","0","1","1","0","1","0","0","0","0","1"
"06-05-2022","The Chicago Public Education Fund","2,111","0","0","68","68","0","49","","0","7","6","0","0","0","1","0","10.29%","0","0","0","0","0","0","0","0","0","0","0"
"06-06-2022","The Chicago Public Education Fund","2,111","0","0","41","39","0","26","","0","5","3","1","0","0","1","0","12.2%","0","0","0","0","0","0","0","0","0","0","0"
"06-07-2022","The Chicago Public Education Fund","2,111","0","0","38","32","0","26","","0","3","2","1","0","0","0","0","7.89%","1","0","1","1","0","1","0","0","0","0","1"
"06-08-2022","The Chicago Public Education Fund","2,111","0","0","23","20","0","15","","0","0","0","0","0","0","0","0","0%","0","0","0","0","0","0","0","0","0","0","0"
"06-09-2022","The Chicago Public Education Fund","2,111","0","0","42","38","0","8","","0","3","1","1","0","0","1","0","7.14%","1","0","1","1","0","1","0","0","0","0","1"
"06-10-2022","The Chicago Public Education Fund","2,111","0","0","30","27","0","23","","0","6","3","2","0","0","1","0","20%","3","0","3","3","0","3","0","0","0","0","3"
"06-11-2022","The Chicago Public Education Fund","2,111","0","0","11","11","0","10","","0","0","0","0","0","0","0","0","0%","2","0","2","2","0","2","0","0","0","0","2"
"06-12-2022","The Chicago Public Education Fund","2,109","-2","0","5","5","0","5","","0","0","0","0","0","0","0","0","0%","1","1","0","1","1","0","0","0","0","0","1"
"06-13-2022","The Chicago Public Education Fund","2,109","0","0","19","16","0","11","","0","2","0","0","0","2","0","0","10.53%","2","0","2","2","0","2","0","0","0","0","2"
"06-14-2022","The Chicago Public Education Fund","2,109","0","0","25","24","0","14","","0","1","0","0","0","0","1","0","4%","4","1","3","4","1","3","0","0","0","0","4"
"06-15-2022","The Chicago Public Education Fund","2,109","0","0","10","9","0","5","","0","0","0","0","0","0","0","0","0%","1","0","1","1","0","1","0","0","0","0","1"
"06-16-2022","The Chicago Public Education Fund","2,109","0","0","16","14","0","11","","0","1","0","0","0","0","1","0","6.25%","0","0","0","0","0","0","0","0","0","0","0"
"06-17-2022","The Chicago Public Education Fund","2,109","0","0","4","4","0","4","","0","0","0","0","0","0","0","0","0%","0","0","0","0","0","0","0","0","0","0","0"
"06-18-2022","The Chicago Public Education Fund","2,109","0","0","8","8","0","6","","0","3","1","0","0","0","2","0","37.5%","2","0","2","2","0","2","0","0","0","0","2"
"06-19-2022","The Chicago Public Education Fund","2,109","0","0","15","12","0","11","","0","4","0","0","0","1","3","0","26.67%","0","0","0","0","0","0","0","0","0","0","0"
"06-20-2022","The Chicago Public Education Fund","2,110","1","0","8","8","0","6","","0","1","0","0","0","0","1","0","12.5%","2","0","2","2","0","2","0","0","0","0","2"
"06-21-2022","The Chicago Public Education Fund","2,110","0","0","36","32","0","11","","0","0","0","0","0","0","0","0","0%","1","0","1","1","0","1","0","0","0","0","1"
"06-22-2022","The Chicago Public Education Fund","2,109","-1","0","11","11","0","11","","0","2","0","0","0","0","2","0","18.18%","2","2","0","2","2","0","0","0","0","0","2"
"06-23-2022","The Chicago Public Education Fund","2,109","0","0","19","18","0","15","","0","5","0","0","0","0","5","0","26.32%","3","1","2","3","1","2","0","0","0","1","2"
"06-24-2022","The Chicago Public Education Fund","2,110","1","0","17","17","0","16","","0","2","0","0","0","0","2","0","11.76%","3","1","2","3","1","2","0","0","0","1","2"
"06-25-2022","The Chicago Public Education Fund","2,110","0","0","10","10","0","10","","0","1","0","0","0","0","1","0","10%","3","1","2","3","1","2","0","0","0","0","3"
"06-26-2022","The Chicago Public Education Fund","2,110","0","0","5","4","0","4","","0","0","0","0","0","0","0","0","0%","1","0","1","1","0","1","0","0","0","0","1"
"06-27-2022","The Chicago Public Education Fund","2,109","-1","0","71","66","0","21","","0","2","0","0","0","0","2","0","2.82%","7","1","6","7","1","6","0","0","0","0","7"
"06-28-2022","The Chicago Public Education Fund","2,118","9","0","185","171","0","98","","0","7","2","0","0","4","1","1","3.78%","3","0","3","3","0","3","0","0","0","0","3"
"06-29-2022","The Chicago Public Education Fund","2,119","1","0","149","146","0","126","","0","4","2","0","0","1","1","0","2.68%","1","0","1","1","0","1","0","0","0","0","1"
"06-30-2022","The Chicago Public Education Fund","2,119","0","0","345","343","0","98","","0","5","1","0","0","1","3","0","1.45%","8","1","7","8","1","7","0","0","0","0","8"
"07-01-2022","The Chicago Public Education Fund","2,119","0","0","33","33","0","30","","0","0","0","0","0","0","0","0","0%","0","0","0","0","0","0","0","0","0","0","0"
"07-02-2022","The Chicago Public Education Fund","2,119","0","0","33","33","0","27","","0","2","1","0","0","1","0","0","6.06%","0","0","0","0","0","0","0","0","0","0","0"
"07-03-2022","The Chicago Public Education Fund","2,118","-1","0","22","22","0","21","","0","1","1","0","0","0","0","0","4.55%","1","0","1","1","0","1","0","0","0","0","1"
"07-04-2022","The Chicago Public Education Fund","2,119","1","0","25","22","0","21","","0","1","0","0","0","0","1","0","4%","3","0","3","3","0","3","0","0","0","0","3"
"07-05-2022","The Chicago Public Education Fund","2,122","3","0","9","9","0","8","","0","2","0","0","0","0","2","0","22.22%","3","1","2","3","1","2","0","0","0","0","3"
"07-06-2022","The Chicago Public Education Fund","2,125","3","0","14","11","0","7","","0","2","0","0","0","0","2","0","14.29%","1","0","1","1","0","1","0","0","0","1","0"
"07-07-2022","The Chicago Public Education Fund","2,125","0","0","105","104","0","95","","0","7","0","0","1","5","1","0","6.67%","1","0","1","1","0","1","0","0","0","0","1"
"07-08-2022","The Chicago Public Education Fund","2,126","1","0","44","42","0","27","","0","0","0","0","0","0","0","0","0%","0","0","0","0","0","0","0","0","0","0","0"
"07-09-2022","The Chicago Public Education Fund","2,126","0","0","14","11","0","10","","0","1","1","0","0","0","0","0","7.14%","1","1","0","1","1","0","0","0","0","0","1"
"07-10-2022","The Chicago Public Education Fund","2,126","0","0","30","28","0","27","","0","3","0","0","0","1","2","0","10%","1","1","0","1","1","0","0","0","0","1","0"
"07-11-2022","The Chicago Public Education Fund","2,126","0","0","13","11","0","11","","0","0","0","0","0","0","0","0","0%","0","0","0","0","0","0","0","0","0","0","0"
"07-12-2022","The Chicago Public Education Fund","2,127","1","0","10","10","0","9","","0","0","0","0","0","0","0","0","0%","1","0","1","1","0","1","0","0","0","0","1"
"07-13-2022","The Chicago Public Education Fund","2,128","1","0","17","13","0","8","","0","2","1","0","0","0","1","0","11.76%","2","0","2","2","0","2","0","0","0","0","2"
"07-14-2022","The Chicago Public Education Fund","2,127","-1","0","4","4","0","4","","0","0","0","0","0","0","0","0","0%","1","0","1","1","0","1","0","0","0","0","1"
"07-15-2022","The Chicago Public Education Fund","2,128","1","0","37","34","0","14","","0","2","0","0","0","1","1","0","5.41%","1","0","1","1","0","1","0","0","0","0","1"
"07-16-2022","The Chicago Public Education Fund","2,128","0","0","13","12","0","7","","0","6","2","1","0","0","3","0","46.15%","1","0","1","1","0","1","0","0","0","1","0"
"07-17-2022","The Chicago Public Education Fund","2,128","0","0","13","12","0","5","","0","3","0","0","0","0","3","0","23.08%","1","1","0","1","1","0","0","0","0","0","1"
"07-18-2022","The Chicago Public Education Fund","2,128","0","0","17","15","0","6","","0","0","0","0","0","0","0","0","0%","0","0","0","0","0","0","0","0","0","0","0"
"07-19-2022","The Chicago Public Education Fund","2,128","0","0","30","26","0","3","","0","2","0","0","0","2","0","0","6.67%","1","0","1","1","0","1","0","0","0","0","1"
"07-20-2022","The Chicago Public Education Fund","2,128","0","0","11","9","0","3","","0","0","0","0","0","0","0","0","0%","0","0","0","0","0","0","0","0","0","0","0"
"07-21-2022","The Chicago Public Education Fund","2,129","1","0","19","18","0","13","","0","3","0","0","0","0","3","0","15.79%","0","0","0","0","0","0","0","0","0","0","0"
"07-22-2022","The Chicago Public Education Fund","2,136","7","0","61","57","0","9","","0","1","0","0","0","0","1","0","1.64%","0","0","0","0","0","0","0","0","0","0","0"
"07-23-2022","The Chicago Public Education Fund","2,136","0","0","13","10","0","10","","0","0","0","0","0","0","0","0","0%","0","0","0","0","0","0","0","0","0","0","0"
"07-24-2022","The Chicago Public Education Fund","2,136","0","0","5","5","0","3","","0","0","0","0","0","0","0","0","0%","0","0","0","0","0","0","0","0","0","0","0"
"07-25-2022","The Chicago Public Education Fund","2,136","0","0","88","84","0","81","","0","6","1","0","0","4","1","0","6.82%","0","0","0","0","0","0","0","0","0","0","0"
"07-26-2022","The Chicago Public Education Fund","2,135","-1","0","769","758","0","378","","0","30","14","0","0","0","16","0","3.9%","0","0","0","0","0","0","0","0","0","0","0"
"07-27-2022","The Chicago Public Education Fund","2,136","1","0","198","191","0","144","","0","9","2","0","0","0","7","0","4.55%","1","0","1","1","0","1","0","0","0","0","1"
"07-28-2022","The Chicago Public Education Fund","2,137","1","0","111","109","0","69","","0","0","0","0","0","0","0","0","0%","0","0","0","0","0","0","0","0","0","0","0"
"07-29-2022","The Chicago Public Education Fund","2,136","-1","0","34","34","0","27","","0","4","2","0","0","0","2","0","11.76%","0","0","0","0","0","0","0","0","0","0","0"
"07-30-2022","The Chicago Public Education Fund","2,136","0","0","24","24","0","16","","0","1","0","0","0","1","0","0","4.17%","0","0","0","0","0","0","0","0","0","0","0"
"07-31-2022","The Chicago Public Education Fund","2,136","0","0","21","21","0","11","","0","0","0","0","0","0","0","0","0%","0","0","0","0","0","0","0","0","0","0","0"
"08-01-2022","The Chicago Public Education Fund","2,136","0","0","31","30","0","8","","0","0","0","0","0","0","0","0","0%","0","0","0","0","0","0","0","0","0","0","0"
"08-02-2022","The Chicago Public Education Fund","2,136","0","0","19","15","0","9","","0","2","0","0","0","0","2","0","10.53%","0","0","0","0","0","0","0","0","0","0","0"
"08-03-2022","The Chicago Public Education Fund","2,136","0","0","98","90","0","8","","0","2","0","0","0","1","1","0","2.04%","1","0","1","1","0","1","0","0","0","0","1"
"08-04-2022","The Chicago Public Education Fund","2,136","0","0","10","8","0","6","","0","1","0","0","0","1","0","0","10%","0","0","0","0","0","0","0","0","0","0","0"
"08-05-2022","The Chicago Public Education Fund","2,136","0","0","40","36","0","7","","0","0","0","0","0","0","0","0","0%","1","0","1","1","0","1","0","0","0","0","1"
"08-06-2022","The Chicago Public Education Fund","2,136","0","0","19","19","0","15","","0","0","0","0","0","0","0","0","0%","3","1","2","3","1","2","0","0","0","0","3"
"08-07-2022","The Chicago Public Education Fund","2,136","0","0","6","6","0","6","","0","0","0","0","0","0","0","0","0%","1","0","1","1","0","1","0","0","0","0","1"
"08-08-2022","The Chicago Public Education Fund","2,136","0","0","16","15","0","6","","0","0","0","0","0","0","0","0","0%","0","0","0","0","0","0","0","0","0","0","0"
"08-09-2022","The Chicago Public Education Fund","2,136","0","0","10","9","0","8","","0","6","0","0","0","0","6","0","60%","2","2","0","2","2","0","0","0","0","2","0"
"08-10-2022","The Chicago Public Education Fund","2,137","1","0","7","7","0","6","","0","2","0","0","0","0","2","0","28.57%","2","2","0","2","2","0","0","0","0","1","1"
"08-11-2022","The Chicago Public Education Fund","2,139","2","0","15","14","0","9","","0","1","0","0","0","0","1","0","6.67%","2","1","1","2","1","1","0","0","0","0","2"
"08-12-2022","The Chicago Public Education Fund","2,139","0","0","16","15","0","6","","0","1","0","0","0","1","0","0","6.25%","2","0","2","2","0","2","0","0","0","0","2"
"08-13-2022","The Chicago Public Education Fund","2,139","0","0","9","9","0","9","","0","0","0","0","0","0","0","0","0%","2","0","2","2","0","2","0","0","0","0","2"
"08-14-2022","The Chicago Public Education Fund","2,139","0","0","8","6","0","6","","0","0","0","0","0","0","0","0","0%","0","0","0","0","0","0","0","0","0","0","0"
"08-15-2022","The Chicago Public Education Fund","2,142","3","0","9","8","0","9","","0","1","0","0","0","0","1","0","11.11%","2","1","1","2","1","1","0","0","0","0","2"
"08-16-2022","The Chicago Public Education Fund","2,142","0","0","2","2","0","2","","0","2","0","0","0","0","2","0","100%","2","1","1","2","1","1","0","0","0","1","1"
"08-17-2022","The Chicago Public Education Fund","2,143","1","0","11","11","0","11","","0","2","0","0","0","0","2","0","18.18%","2","0","2","2","0","2","0","0","0","0","2"
"08-18-2022","The Chicago Public Education Fund","2,144","1","0","11","10","0","7","","0","2","0","0","0","0","2","0","18.18%","1","0","1","1","0","1","0","0","0","0","1"
"08-19-2022","The Chicago Public Education Fund","2,148","4","0","10","10","0","5","","0","1","0","0","0","0","1","0","10%","1","1","0","1","1","0","0","0","0","0","1"
"08-20-2022","The Chicago Public Education Fund","2,148","0","0","8","8","0","3","","0","0","0","0","0","0","0","0","0%","2","0","2","2","0","2","0","0","0","0","2"
"08-21-2022","The Chicago Public Education Fund","2,148","0","0","16","16","0","14","","0","0","0","0","0","0","0","0","0%","1","0","1","1","0","1","0","0","0","0","1"
"08-22-2022","The Chicago Public Education Fund","2,149","1","0","134","126","0","118","","0","16","4","0","0","0","12","0","11.94%","1","0","1","1","0","1","0","0","0","0","1"
"08-23-2022","The Chicago Public Education Fund","2,149","0","0","30","30","0","26","","0","4","0","0","0","0","4","0","13.33%","0","0","0","0","0","0","0","0","0","0","0"
"08-24-2022","The Chicago Public Education Fund","2,149","0","0","23","19","0","17","","0","0","0","0","0","0","0","0","0%","1","0","1","1","0","1","0","0","0","0","1"
"08-25-2022","The Chicago Public Education Fund","2,150","1","0","22","21","0","10","","0","0","0","0","0","0","0","0","0%","0","0","0","0","0","0","0","0","0","0","0"
"08-26-2022","The Chicago Public Education Fund","2,151","1","0","13","12","0","11","","0","0","0","0","0","0","0","0","0%","0","0","0","0","0","0","0","0","0","0","0"
"08-27-2022","The Chicago Public Education Fund","2,151","0","0","7","7","0","5","","0","0","0","0","0","0","0","0","0%","0","0","0","0","0","0","0","0","0","0","0"
"08-28-2022","The Chicago Public Education Fund","2,151","0","0","8","6","0","4","","0","0","0","0","0","0","0","0","0%","0","0","0","0","0","0","0","0","0","0","0"
"08-29-2022","The Chicago Public Education Fund","2,154","3","0","27","24","0","8","","0","1","0","0","0","1","0","0","3.7%","0","0","0","0","0","0","0","0","0","0","0"
"08-30-2022","The Chicago Public Education Fund","2,154","0","0","7","7","0","7","","0","0","0","0","0","0","0","0","0%","3","0","3","3","0","3","0","0","0","0","3"
"08-31-2022","The Chicago Public Education Fund","2,154","0","0","6","6","0","6","","0","0","0","0","0","0","0","0","0%","0","0","0","0","0","0","0","0","0","0","0"
"09-01-2022","The Chicago Public Education Fund","2,159","5","0","3","3","0","3","","0","0","0","0","0","0","0","0","0%","1","0","1","1","0","1","0","0","0","0","1"
"09-02-2022","The Chicago Public Education Fund","2,158","-1","0","11","11","0","11","","0","2","0","0","0","0","2","0","18.18%","3","1","2","3","1","2","0","0","0","1","2"
"09-03-2022","The Chicago Public Education Fund","2,159","1","0","11","11","0","8","","0","0","0","0","0","0","0","0","0%","2","1","1","2","1","1","0","0","0","0","2"
"09-04-2022","The Chicago Public Education Fund","2,159","0","0","12","12","0","11","","0","0","0","0","0","0","0","0","0%","2","2","0","2","2","0","0","0","0","0","2"
"09-05-2022","The Chicago Public Education Fund","2,160","1","0","16","16","0","9","","0","0","0","0","0","0","0","0","0%","0","0","0","0","0","0","0","0","0","0","0"
"09-06-2022","The Chicago Public Education Fund","2,162","2","0","2","2","0","2","","0","0","0","0","0","0","0","0","0%","2","0","2","2","0","2","0","0","0","0","2"
"09-07-2022","The Chicago Public Education Fund","2,163","1","0","332","327","0","301","","0","21","6","0","0","0","15","0","6.33%","0","0","0","0","0","0","0","0","0","0","0"
"09-08-2022","The Chicago Public Education Fund","2,166","3","0","71","71","0","70","","0","4","1","0","0","0","3","0","5.63%","3","1","2","3","1","2","0","0","0","1","2"
"09-09-2022","The Chicago Public Education Fund","2,172","6","0","55","49","0","36","","0","3","0","0","0","0","3","0","5.45%","1","0","1","1","0","1","0","0","0","0","1"
"09-10-2022","The Chicago Public Education Fund","2,172","0","0","22","22","0","22","","0","2","1","0","0","0","1","0","9.09%","0","0","0","0","0","0","0","0","0","0","0"
"09-11-2022","The Chicago Public Education Fund","2,172","0","0","10","9","0","8","","0","0","0","0","0","0","0","0","0%","0","0","0","0","0","0","0","0","0","0","0"
"09-12-2022","The Chicago Public Education Fund","2,172","0","0","448","440","0","265","","0","45","10","1","1","21","12","0","10.04%","1","0","1","1","0","1","0","0","0","0","1"
"09-13-2022","The Chicago Public Education Fund","2,172","0","0","65","65","0","46","","0","6","1","0","0","2","3","0","9.23%","0","0","0","0","0","0","0","0","0","0","0"
"09-14-2022","The Chicago Public Education Fund","2,172","0","0","30","29","0","15","","0","1","0","0","0","1","0","0","3.33%","0","0","0","0","0","0","0","0","0","0","0"
"09-15-2022","The Chicago Public Education Fund","2,172","0","0","15","12","0","10","","0","0","0","0","0","0","0","0","0%","1","0","1","1","0","1","0","0","0","0","1"
"09-16-2022","The Chicago Public Education Fund","2,172","0","0","16","15","0","7","","0","1","0","0","0","1","0","0","6.25%","0","0","0","0","0","0","0","0","0","0","0"
"09-17-2022","The Chicago Public Education Fund","2,172","0","0","27","25","0","5","","0","0","0","0","0","0","0","0","0%","8","2","6","8","2","6","0","0","0","0","8"
"09-18-2022","The Chicago Public Education Fund","2,172","0","0","6","6","0","4","","0","0","0","0","0","0","0","0","0%","1","0","1","1","0","1","0","0","0","0","1"
"09-19-2022","The Chicago Public Education Fund","2,171","-1","0","84","77","0","60","","0","9","0","0","0","7","2","0","10.71%","0","0","0","0","0","0","0","0","0","0","0"
"09-20-2022","The Chicago Public Education Fund","2,173","2","0","53","52","0","19","","0","0","0","0","0","0","0","0","0%","2","1","1","2","1","1","0","0","0","0","2"
"09-21-2022","The Chicago Public Education Fund","2,173","0","0","11","11","0","10","","0","0","0","0","0","0","0","0","0%","0","0","0","0","0","0","0","0","0","0","0"
"09-22-2022","The Chicago Public Education Fund","2,173","0","0","358","353","0","334","","0","64","21","3","0","1","39","0","17.88%","0","0","0","0","0","0","0","0","0","0","0"
"09-23-2022","The Chicago Public Education Fund","2,176","3","0","119","119","0","119","","0","16","8","1","0","0","7","0","13.45%","0","0","0","0","0","0","0","0","0","0","0"
"09-24-2022","The Chicago Public Education Fund","2,176","0","0","47","47","0","41","","0","1","0","0","0","1","0","0","2.13%","1","0","1","1","0","1","0","0","0","0","1"
"09-25-2022","The Chicago Public Education Fund","2,176","0","0","17","17","0","17","","0","1","0","0","0","1","0","0","5.88%","0","0","0","0","0","0","0","0","0","0","0"
"09-26-2022","The Chicago Public Education Fund","2,180","4","0","10","10","0","9","","0","0","0","0","0","0","0","0","0%","1","0","1","1","0","1","0","0","0","0","1"
"09-27-2022","The Chicago Public Education Fund","2,185","5","0","20","18","0","14","","0","1","0","0","0","0","1","0","5%","1","0","1","1","0","1","0","0","0","0","1"
"09-28-2022","The Chicago Public Education Fund","2,194","9","0","14","11","0","9","","0","2","0","0","0","0","2","0","14.29%","2","1","1","2","1","1","0","0","0","0","2"
"09-29-2022","The Chicago Public Education Fund","2,196","2","0","18","14","0","11","","0","1","0","0","0","0","1","0","5.56%","1","0","1","1","0","1","0","0","0","0","1"
"09-30-2022","The Chicago Public Education Fund","2,198","2","0","24","23","0","11","","0","1","0","0","0","1","0","0","4.17%","0","0","0","0","0","0","0","0","0","0","0"
"10-01-2022","The Chicago Public Education Fund","2,198","0","0","8","8","0","8","","0","3","0","0","0","1","2","0","37.5%","0","0","0","0","0","0","0","0","0","0","0"
"10-02-2022","The Chicago Public Education Fund","2,198","0","0","41","39","0","9","","0","4","0","0","0","0","4","0","9.76%","3","1","2","3","1","2","0","0","0","1","2"
"10-03-2022","The Chicago Public Education Fund","2,201","3","0","63","59","0","16","","0","1","0","0","0","0","1","0","1.59%","5","1","4","5","1","4","0","0","0","0","5"
"10-04-2022","The Chicago Public Education Fund","2,206","5","0","1,890","1,867","0","943","","0","143","32","1","2","2","106","0","7.57%","2","0","2","2","0","2","0","0","0","0","2"
"10-05-2022","The Chicago Public Education Fund","2,207","1","0","1,404","1,385","0","763","","0","95","26","1","0","2","66","0","6.77%","1","1","0","1","1","0","0","0","0","0","1"
"10-06-2022","The Chicago Public Education Fund","2,207","0","0","411","404","0","250","","0","22","6","0","0","2","14","0","5.35%","0","0","0","0","0","0","0","0","0","0","0"
"10-07-2022","The Chicago Public Education Fund","2,208","1","0","151","143","0","93","","0","7","3","0","0","0","4","0","4.64%","0","0","0","0","0","0","0","0","0","0","0"
"10-08-2022","The Chicago Public Education Fund","2,208","0","0","94","93","0","64","","0","13","1","0","0","0","12","0","13.83%","8","7","1","8","7","1","0","0","0","0","8"
"10-09-2022","The Chicago Public Education Fund","2,208","0","0","33","31","0","22","","0","5","1","0","0","0","4","0","15.15%","4","2","2","4","2","2","0","0","0","0","4"
"10-10-2022","The Chicago Public Education Fund","2,208","0","0","47","45","0","35","","0","15","2","0","0","0","13","0","31.91%","20","7","13","20","7","13","0","0","0","2","18"
"10-11-2022","The Chicago Public Education Fund","2,209","1","0","32","30","0","28","","0","0","0","0","0","0","0","0","0%","2","2","0","2","2","0","0","0","0","0","2"
"10-12-2022","The Chicago Public Education Fund","2,210","1","0","18","18","0","18","","0","1","0","0","0","0","1","0","5.56%","1","0","1","1","0","1","0","0","0","0","1"
"10-13-2022","The Chicago Public Education Fund","2,209","-1","0","225","221","0","161","","0","14","2","0","0","1","11","0","6.22%","4","1","3","4","1","3","0","0","0","1","3"
"10-14-2022","The Chicago Public Education Fund","2,209","0","0","478","477","0","275","","0","38","6","0","0","1","31","0","7.95%","3","0","3","3","0","3","0","0","0","0","3"
"10-15-2022","The Chicago Public Education Fund","2,209","0","0","194","193","0","119","","0","9","1","0","0","0","8","0","4.64%","1","0","1","1","0","1","0","0","0","0","1"
"10-16-2022","The Chicago Public Education Fund","2,210","1","0","53","52","0","46","","0","6","1","0","0","0","5","0","11.32%","4","0","4","4","0","4","0","0","0","2","2"
"10-17-2022","The Chicago Public Education Fund","2,210","0","0","43","42","0","34","","0","5","1","0","0","1","3","0","11.63%","2","0","2","2","0","2","0","0","0","1","1"
"10-18-2022","The Chicago Public Education Fund","2,210","0","0","22","22","0","18","","0","4","0","0","0","1","3","0","18.18%","2","1","1","2","1","1","0","0","0","1","1"
"10-19-2022","The Chicago Public Education Fund","2,211","1","0","70","64","0","43","","0","5","0","0","0","0","5","0","7.14%","3","2","1","3","2","1","0","0","0","1","2"
"10-20-2022","The Chicago Public Education Fund","2,211","0","0","48","45","0","19","","0","2","1","0","0","0","1","0","4.17%","0","0","0","0","0","0","0","0","0","0","0"
"10-21-2022","The Chicago Public Education Fund","2,212","1","0","101","97","0","73","","0","19","3","0","1","2","13","0","18.81%","2","1","1","2","1","1","0","0","0","1","1"
"10-22-2022","The Chicago Public Education Fund","2,214","2","0","316","309","0","216","","0","24","9","0","0","6","9","0","7.59%","4","0","4","4","0","4","0","0","0","0","4"
"10-23-2022","The Chicago Public Education Fund","2,214","0","0","119","119","0","88","","0","3","2","0","0","1","0","0","2.52%","1","0","1","1","0","1","0","0","0","0","1"
"10-24-2022","The Chicago Public Education Fund","2,217","3","0","81","81","0","72","","0","4","1","0","0","0","3","0","4.94%","1","0","1","1","0","1","0","0","0","0","1"
"10-25-2022","The Chicago Public Education Fund","2,217","0","0","78","75","0","50","","0","1","0","0","0","0","1","0","1.28%","5","1","4","5","1","4","0","0","0","0","5"
"10-26-2022","The Chicago Public Education Fund","2,217","0","0","534","529","0","326","","0","30","9","1","0","0","20","0","5.62%","1","0","1","1","0","1","0","0","0","0","1"
"10-27-2022","The Chicago Public Education Fund","2,217","0","0","257","254","0","204","","0","23","11","1","0","4","7","0","8.95%","1","0","1","1","0","1","0","0","0","0","1"
"10-28-2022","The Chicago Public Education Fund","2,217","0","0","222","220","0","128","","0","20","4","0","0","0","16","0","9.01%","3","2","1","3","2","1","0","0","0","0","3"
"10-29-2022","The Chicago Public Education Fund","2,218","1","0","48","48","0","43","","0","0","0","0","0","0","0","0","0%","4","3","1","4","3","1","0","0","0","0","4"
"10-30-2022","The Chicago Public Education Fund","2,218","0","0","92","90","0","39","","0","2","0","0","0","1","1","0","2.17%","0","0","0","0","0","0","0","0","0","0","0"
"10-31-2022","The Chicago Public Education Fund","2,219","1","0","39","38","0","22","","0","1","0","0","0","0","1","0","2.56%","9","1","8","9","1","8","0","0","0","0","9"
"11-01-2022","The Chicago Public Education Fund","2,219","0","0","19","19","0","13","","0","0","0","0","0","0","0","0","0%","5","0","5","5","0","5","0","0","0","0","5"
"11-02-2022","The Chicago Public Education Fund","2,220","1","0","12","12","0","11","","0","0","0","0","0","0","0","0","0%","0","0","0","0","0","0","0","0","0","0","0"
"11-03-2022","The Chicago Public Education Fund","2,220","0","0","82","77","0","17","","0","2","0","0","0","1","1","0","2.44%","0","0","0","0","0","0","0","0","0","0","0"
"11-04-2022","The Chicago Public Education Fund","2,220","0","0","42","37","0","21","","0","0","0","0","0","0","0","0","0%","3","2","1","3","2","1","0","0","0","0","3"
"11-05-2022","The Chicago Public Education Fund","2,220","0","0","10","10","0","10","","0","0","0","0","0","0","0","0","0%","2","0","2","2","0","2","0","0","0","0","2"
"11-06-2022","The Chicago Public Education Fund","2,220","0","0","9","9","0","9","","0","1","0","0","0","1","0","0","11.11%","1","0","1","1","0","1","0","0","0","0","1"
"11-07-2022","The Chicago Public Education Fund","2,220","0","0","14","12","0","8","","0","0","0","0","0","0","0","0","0%","0","0","0","0","0","0","0","0","0","0","0"
"11-08-2022","The Chicago Public Education Fund","2,220","0","0","30","29","0","20","","0","3","0","0","0","0","3","0","10%","1","1","0","1","1","0","0","0","0","0","1"
"11-09-2022","The Chicago Public Education Fund","2,221","1","0","29","28","0","12","","0","3","0","0","0","1","2","0","10.34%","0","0","0","0","0","0","0","0","0","0","0"
"11-10-2022","The Chicago Public Education Fund","2,221","0","0","15","14","0","8","","0","0","0","0","0","0","0","0","0%","0","0","0","0","0","0","0","0","0","0","0"
"11-11-2022","The Chicago Public Education Fund","2,221","0","0","10","10","0","10","","0","2","0","0","0","0","2","0","20%","1","1","0","1","1","0","0","0","0","1","0"
"11-12-2022","The Chicago Public Education Fund","2,221","0","0","21","19","0","12","","0","2","0","0","0","1","1","0","9.52%","0","0","0","0","0","0","0","0","0","0","0"
"11-13-2022","The Chicago Public Education Fund","2,221","0","0","15","14","0","5","","0","0","0","0","0","0","0","0","0%","0","0","0","0","0","0","0","0","0","0","0"
"11-14-2022","The Chicago Public Education Fund","2,222","1","0","17","16","0","13","","0","0","0","0","0","0","0","0","0%","0","0","0","0","0","0","0","0","0","0","0"
"11-15-2022","The Chicago Public Education Fund","2,222","0","0","753","751","0","383","","0","34","0","0","0","0","34","0","4.52%","1","0","1","1","0","1","0","0","0","0","1"
"11-16-2022","The Chicago Public Education Fund","2,222","0","0","616","616","0","296","","0","39","0","0","0","0","39","0","6.33%","0","0","0","0","0","0","0","0","0","0","0"
"11-17-2022","The Chicago Public Education Fund","2,222","0","0","158","157","0","72","","0","19","0","0","0","0","19","0","12.03%","1","0","1","1","0","1","0","0","0","0","1"
"11-18-2022","The Chicago Public Education Fund","2,223","1","0","339","331","0","294","","0","33","11","1","0","0","21","0","9.73%","1","1","0","1","1","0","0","0","0","0","1"
"11-19-2022","The Chicago Public Education Fund","2,223","0","0","124","124","0","111","","0","12","5","0","0","0","7","0","9.68%","0","0","0","0","0","0","0","0","0","0","0"
"11-20-2022","The Chicago Public Education Fund","2,223","0","0","53","52","0","38","","0","3","0","0","0","0","3","0","5.66%","0","0","0","0","0","0","0","0","0","0","0"
"11-21-2022","The Chicago Public Education Fund","2,224","1","0","42","41","0","31","","0","6","2","0","0","0","4","0","14.29%","0","0","0","0","0","0","0","0","0","0","0"
"11-22-2022","The Chicago Public Education Fund","2,223","-1","0","45","45","0","41","","0","5","1","1","0","0","3","0","11.11%","0","0","0","0","0","0","0","0","0","0","0"
"11-23-2022","The Chicago Public Education Fund","2,223","0","0","9","9","0","9","","0","0","0","0","0","0","0","0","0%","1","0","1","1","0","1","0","0","0","0","1"
"11-24-2022","The Chicago Public Education Fund","2,223","0","0","115","114","0","110","","0","14","9","0","0","0","5","0","12.17%","1","0","1","1","0","1","0","0","0","0","1"
"11-25-2022","The Chicago Public Education Fund","2,223","0","0","48","45","0","34","","0","3","0","0","0","0","3","0","6.25%","0","0","0","0","0","0","0","0","0","0","0"
"11-26-2022","The Chicago Public Education Fund","2,225","2","0","15","15","0","14","","0","0","0","0","0","0","0","0","0%","0","0","0","0","0","0","0","0","0","0","0"
"11-27-2022","The Chicago Public Education Fund","2,225","0","0","14","14","0","12","","0","0","0","0","0","0","0","0","0%","2","0","2","2","0","2","0","0","0","0","2"
"11-28-2022","The Chicago Public Education Fund","2,225","0","0","9","8","0","7","","0","0","0","0","0","0","0","0","0%","0","0","0","0","0","0","0","0","0","0","0"
"11-29-2022","The Chicago Public Education Fund","2,226","1","0","41","36","0","9","","0","0","0","0","0","0","0","0","0%","0","0","0","0","0","0","0","0","0","0","0"
"11-30-2022","The Chicago Public Education Fund","2,226","0","0","13","13","0","12","","0","0","0","0","0","0","0","0","0%","1","0","1","1","0","1","0","0","0","0","1"
"12-01-2022","The Chicago Public Education Fund","2,226","0","0","374","372","0","237","","0","29","6","0","0","0","23","0","7.75%","1","0","1","1","0","1","0","0","0","0","1"
"12-02-2022","The Chicago Public Education Fund","2,226","0","0","121","120","0","87","","0","5","1","0","0","0","4","0","4.13%","1","1","0","1","1","0","0","0","0","0","1"
"12-03-2022","The Chicago Public Education Fund","2,226","0","0","37","37","0","33","","0","0","0","0","0","0","0","0","0%","0","0","0","0","0","0","0","0","0","0","0"
"12-04-2022","The Chicago Public Education Fund","2,226","0","0","45","44","0","35","","0","0","0","0","0","0","0","0","0%","1","0","1","1","0","1","0","0","0","0","1"
"12-05-2022","The Chicago Public Education Fund","2,226","0","0","120","116","0","106","","0","2","2","0","0","0","0","0","1.67%","1","1","0","1","1","0","0","0","0","0","1"
"12-06-2022","The Chicago Public Education Fund","2,226","0","0","37","35","0","31","","0","4","0","0","0","0","4","0","10.81%","2","2","0","2","2","0","0","0","0","1","1"
"12-07-2022","The Chicago Public Education Fund","2,226","0","0","172","168","0","13","","0","15","0","0","0","0","15","0","8.72%","16","11","5","16","11","5","0","0","0","11","5"
"12-08-2022","The Chicago Public Education Fund","2,226","0","0","16","16","0","13","","0","0","0","0","0","0","0","0","0%","1","0","1","1","0","1","0","0","0","0","1"
"12-09-2022","The Chicago Public Education Fund","2,227","1","0","44","41","0","28","","0","0","0","0","0","0","0","0","0%","2","1","1","2","1","1","0","0","0","0","2"
"12-10-2022","The Chicago Public Education Fund","2,227","0","0","111","110","0","91","","0","1","0","0","0","1","0","0","0.9%","0","0","0","0","0","0","0","0","0","0","0"
"12-11-2022","The Chicago Public Education Fund","2,227","0","0","86","84","0","69","","0","4","0","0","0","0","4","0","4.65%","2","0","2","2","0","2","0","0","0","0","2"
"12-12-2022","The Chicago Public Education Fund","2,227","0","0","118","113","0","96","","0","7","3","0","0","2","2","0","5.93%","0","0","0","0","0","0","0","0","0","0","0"
"12-13-2022","The Chicago Public Education Fund","2,229","2","0","183","179","0","109","","0","8","1","0","0","1","6","0","4.37%","3","0","3","3","0","3","0","0","0","0","3"
"12-14-2022","The Chicago Public Education Fund","2,229","0","0","174","172","0","146","","0","12","4","0","0","4","4","0","6.9%","1","1","0","1","1","0","0","0","0","0","1"
"12-15-2022","The Chicago Public Education Fund","2,229","0","0","316","312","0","227","","0","40","13","0","0","1","26","0","12.66%","2","0","2","2","0","2","0","0","0","0","2"
"12-16-2022","The Chicago Public Education Fund","2,230","1","0","214","211","0","176","","0","25","10","1","0","2","12","0","11.68%","2","1","1","2","1","1","0","0","0","0","2"
"12-17-2022","The Chicago Public Education Fund","2,230","0","0","89","87","0","69","","0","7","4","0","0","0","3","0","7.87%","2","1","1","2","1","1","0","0","0","0","2"
"12-18-2022","The Chicago Public Education Fund","2,232","2","0","536","532","0","488","","0","297","121","24","2","22","128","0","55.41%","3","2","1","3","2","1","0","0","0","1","2"
"12-19-2022","The Chicago Public Education Fund","2,234","2","0","555","548","0","522","","0","281","121","32","1","16","111","0","50.63%","2","0","2","2","0","2","0","0","0","0","2"
"12-20-2022","The Chicago Public Education Fund","2,234","0","0","64","60","0","57","","0","25","15","2","0","2","6","0","39.06%","1","0","1","1","0","1","0","0","0","0","1"
"12-21-2022","The Chicago Public Education Fund","2,235","1","0","47","47","0","39","","0","17","5","2","0","1","9","0","36.17%","0","0","0","0","0","0","0","0","0","0","0"
"12-22-2022","The Chicago Public Education Fund","2,235","0","0","27","27","0","25","","0","8","5","1","0","0","2","0","29.63%","2","0","2","2","0","2","0","0","0","0","2"
"12-23-2022","The Chicago Public Education Fund","2,235","0","0","19","19","0","13","","0","2","1","0","0","0","1","0","10.53%","0","0","0","0","0","0","0","0","0","0","0"
"12-24-2022","The Chicago Public Education Fund","2,235","0","0","63","59","0","10","","0","1","0","0","0","0","1","0","1.59%","1","0","1","1","0","1","0","0","0","0","1"
"12-25-2022","The Chicago Public Education Fund","2,235","0","0","15","13","0","14","","0","0","0","0","0","0","0","0","0%","0","0","0","0","0","0","0","0","0","0","0"
"12-26-2022","The Chicago Public Education Fund","2,235","0","0","12","12","0","8","","0","1","0","0","0","0","1","0","8.33%","1","1","0","1","1","0","0","0","0","0","1"
"12-27-2022","The Chicago Public Education Fund","2,235","0","0","6","6","0","6","","0","1","0","0","0","0","1","0","16.67%","0","0","0","0","0","0","0","0","0","0","0"
"12-28-2022","The Chicago Public Education Fund","2,235","0","0","18","18","0","18","","0","1","0","0","0","0","1","0","5.56%","1","1","0","1","1","0","0","0","0","0","1"
"12-29-2022","The Chicago Public Education Fund","2,235","0","0","68","66","0","43","","0","4","0","0","0","1","3","0","5.88%","1","0","1","1","0","1","0","0","0","0","1"
"12-30-2022","The Chicago Public Education Fund","2,235","0","0","57","54","0","24","","0","2","0","0","0","0","2","0","3.51%","0","0","0","0","0","0","0","0","0","0","0"
"12-31-2022","The Chicago Public Education Fund","2,235","0","0","138","135","0","87","","0","4","4","0","0","0","0","0","2.9%","1","1","0","1","1","0","0","0","0","0","1"
"01-01-2023","The Chicago Public Education Fund","2,233","-2","0","45","42","0","39","","0","2","2","0","0","0","0","0","4.44%","1","0","1","1","0","1","0","0","0","0","1"
"01-02-2023","The Chicago Public Education Fund","2,233","0","0","43","40","0","23","","0","0","0","0","0","0","0","0","0%","0","0","0","0","0","0","0","0","0","0","0"
"01-03-2023","The Chicago Public Education Fund","2,234","1","0","122","121","0","112","","0","5","3","0","0","0","2","0","4.1%","1","0","1","1","0","1","0","0","0","0","1"
"01-04-2023","The Chicago Public Education Fund","2,234","0","0","80","77","0","56","","0","13","4","1","0","1","7","0","16.25%","1","0","1","1","0","1","0","0","0","0","1"
"01-05-2023","The Chicago Public Education Fund","2,234","0","0","20","18","0","18","","0","0","0","0","0","0","0","0","0%","0","0","0","0","0","0","0","0","0","0","0"
"01-06-2023","The Chicago Public Education Fund","2,234","0","0","15","14","0","12","","0","1","0","0","0","1","0","0","6.67%","0","0","0","0","0","0","0","0","0","0","0"
"01-07-2023","The Chicago Public Education Fund","2,234","0","0","9","9","0","9","","0","0","0","0","0","0","0","0","0%","1","1","0","1","1","0","0","0","0","0","1"
"01-08-2023","The Chicago Public Education Fund","2,234","0","0","10","9","0","8","","0","0","0","0","0","0","0","0","0%","0","0","0","0","0","0","0","0","0","0","0"
"01-09-2023","The Chicago Public Education Fund","2,234","0","0","12","12","0","12","","0","0","0","0","0","0","0","0","0%","0","0","0","0","0","0","0","0","0","0","0"
"01-10-2023","The Chicago Public Education Fund","2,234","0","0","11","11","0","10","","0","0","0","0","0","0","0","0","0%","0","0","0","0","0","0","0","0","0","0","0"
"01-11-2023","The Chicago Public Education Fund","2,234","0","0","13","11","0","9","","0","0","0","0","0","0","0","0","0%","0","0","0","0","0","0","0","0","0","0","0"
"01-12-2023","The Chicago Public Education Fund","2,234","0","0","18","15","0","14","","0","0","0","0","0","0","0","0","0%","1","0","1","1","0","1","0","0","0","0","1"
"01-13-2023","The Chicago Public Education Fund","2,234","0","0","124","123","0","7","","0","0","0","0","0","0","0","0","0%","1","0","1","1","0","1","0","0","0","0","1"
"01-14-2023","The Chicago Public Education Fund","2,234","0","0","5","5","0","5","","0","0","0","0","0","0","0","0","0%","0","0","0","0","0","0","0","0","0","0","0"
"01-15-2023","The Chicago Public Education Fund","2,234","0","0","9","9","0","8","","0","0","0","0","0","0","0","0","0%","1","1","0","1","1","0","0","0","0","0","1"
"01-16-2023","The Chicago Public Education Fund","2,234","0","0","35","30","0","9","","0","0","0","0","0","0","0","0","0%","1","0","1","1","0","1","0","0","0","0","1"
"01-17-2023","The Chicago Public Education Fund","2,234","0","0","54","48","0","28","","0","4","0","0","0","2","2","0","7.41%","0","0","0","0","0","0","0","0","0","0","0"
"01-18-2023","The Chicago Public Education Fund","2,234","0","0","26","25","0","24","","0","2","0","0","0","2","0","0","7.69%","0","0","0","0","0","0","0","0","0","0","0"
"01-19-2023","The Chicago Public Education Fund","2,234","0","0","347","334","0","309","","0","57","12","1","0","2","42","0","16.43%","3","1","2","3","1","2","0","0","0","0","3"
"01-20-2023","The Chicago Public Education Fund","2,234","0","0","337","330","0","285","","0","76","6","0","0","0","70","0","22.55%","2","0","2","2","0","2","0","0","0","0","2"
"01-21-2023","The Chicago Public Education Fund","2,234","0","0","152","150","0","120","","0","11","1","0","0","1","9","0","7.24%","1","0","1","1","0","1","0","0","0","0","1"
"01-22-2023","The Chicago Public Education Fund","2,234","0","0","540","538","0","534","","0","109","6","0","1","0","102","0","20.19%","1","1","0","1","1","0","0","0","0","0","1"
"01-23-2023","The Chicago Public Education Fund","2,234","0","0","159","158","0","133","","0","21","2","2","0","0","17","0","13.21%","0","0","0","0","0","0","0","0","0","0","0"
"01-24-2023","The Chicago Public Education Fund","2,234","0","0","127","122","0","47","","0","6","1","0","0","0","5","0","4.72%","0","0","0","0","0","0","0","0","0","0","0"
"01-25-2023","The Chicago Public Education Fund","2,234","0","0","72","71","0","31","","0","6","0","0","0","1","5","0","8.33%","0","0","0","0","0","0","0","0","0","0","0"
"01-26-2023","The Chicago Public Education Fund","2,236","2","0","35","32","0","20","","0","1","0","0","0","0","1","0","2.86%","2","2","0","2","2","0","0","0","0","0","2"
"01-27-2023","The Chicago Public Education Fund","2,236","0","0","187","177","0","121","","0","14","3","1","0","0","10","0","7.49%","0","0","0","0","0","0","0","0","0","0","0"
"01-28-2023","The Chicago Public Education Fund","2,236","0","0","74","71","0","67","","0","2","0","0","0","0","2","0","2.7%","1","0","1","1","0","1","0","0","0","0","1"
"01-29-2023","The Chicago Public Education Fund","2,236","0","0","23","23","0","20","","0","0","0","0","0","0","0","0","0%","0","0","0","0","0","0","0","0","0","0","0"
"01-30-2023","The Chicago Public Education Fund","2,236","0","0","174","174","0","165","","0","17","3","0","1","9","4","0","9.77%","0","0","0","0","0","0","0","0","0","0","0"
"01-31-2023","The Chicago Public Education Fund","2,236","0","0","218","214","0","174","","0","13","1","0","2","6","4","0","5.96%","0","0","0","0","0","0","0","0","0","0","0"
"02-01-2023","The Chicago Public Education Fund","2,236","0","0","101","93","0","79","","0","8","3","0","0","4","1","0","7.92%","4","2","2","4","2","2","0","0","0","0","4"
"02-02-2023","The Chicago Public Education Fund","2,236","0","0","37","37","0","34","","0","0","0","0","0","0","0","0","0%","1","0","1","1","0","1","0","0","0","0","1"
"02-03-2023","The Chicago Public Education Fund","2,236","0","0","78","76","0","33","","0","1","0","0","0","1","0","0","1.28%","3","0","3","3","0","3","0","0","0","0","3"
"02-04-2023","The Chicago Public Education Fund","2,236","0","0","23","23","0","23","","0","4","0","0","0","4","0","0","17.39%","2","0","2","2","0","2","0","0","0","0","2"
"02-05-2023","The Chicago Public Education Fund","2,236","0","0","25","25","0","17","","0","3","0","0","0","1","2","0","12%","1","0","1","1","0","1","0","0","0","0","1"
"02-06-2023","The Chicago Public Education Fund","2,236","0","0","7","7","0","6","","0","0","0","0","0","0","0","0","0%","0","0","0","0","0","0","0","0","0","0","0"
"02-07-2023","The Chicago Public Education Fund","2,236","0","0","19","19","0","16","","0","0","0","0","0","0","0","0","0%","0","0","0","0","0","0","0","0","0","0","0"
"02-08-2023","The Chicago Public Education Fund","2,235","-1","0","390","389","0","343","","0","90","9","0","0","0","81","0","23.08%","1","0","1","1","0","1","0","0","0","0","1"
"02-09-2023","The Chicago Public Education Fund","2,235","0","0","157","155","0","145","","0","36","4","0","0","0","32","0","22.93%","1","1","0","1","1","0","0","0","0","0","1"
"02-10-2023","The Chicago Public Education Fund","2,235","0","0","94","93","0","82","","0","5","3","0","0","0","2","0","5.32%","0","0","0","0","0","0","0","0","0","0","0"
"02-11-2023","The Chicago Public Education Fund","2,237","2","0","106","99","0","64","","0","13","5","0","0","0","8","0","12.26%","0","0","0","0","0","0","0","0","0","0","0"
"02-12-2023","The Chicago Public Education Fund","2,237","0","0","35","34","0","28","","0","4","2","0","0","0","2","0","11.43%","1","0","1","1","0","1","0","0","0","0","1"
"02-13-2023","The Chicago Public Education Fund","2,237","0","0","24","20","0","18","","0","6","2","0","0","2","2","0","25%","0","0","0","0","0","0","0","0","0","0","0"
"02-14-2023","The Chicago Public Education Fund","2,237","0","0","146","146","0","143","","0","13","0","0","1","8","4","0","8.9%","0","0","0","0","0","0","0","0","0","0","0"
"02-15-2023","The Chicago Public Education Fund","2,238","1","0","189","185","0","185","","0","30","3","0","0","19","8","0","15.87%","4","2","2","4","2","2","0","0","0","0","4"
"02-16-2023","The Chicago Public Education Fund","2,238","0","0","270","264","0","193","","0","37","5","0","0","5","27","0","13.7%","3","0","3","3","0","3","0","0","0","0","3"
"02-17-2023","The Chicago Public Education Fund","2,238","0","0","137","137","0","128","","0","18","1","0","0","3","14","0","13.14%","2","1","1","2","1","1","0","0","0","0","2"
"02-18-2023","The Chicago Public Education Fund","2,238","0","0","127","126","0","117","","0","9","2","0","1","4","2","0","7.09%","2","2","0","2","2","0","0","0","0","0","2"
"02-19-2023","The Chicago Public Education Fund","2,238","0","0","61","61","0","60","","0","2","0","0","0","2","0","0","3.28%","0","0","0","0","0","0","0","0","0","0","0"
"02-20-2023","The Chicago Public Education Fund","2,238","0","0","35","35","0","33","","0","3","0","0","0","0","3","0","8.57%","0","0","0","0","0","0","0","0","0","0","0"
"02-21-2023","The Chicago Public Education Fund","2,238","0","0","14","14","0","14","","0","1","0","0","0","0","1","0","7.14%","1","0","1","1","0","1","0","0","0","0","1"
"02-22-2023","The Chicago Public Education Fund","2,240","2","0","48","42","0","20","","0","13","0","0","0","1","12","0","27.08%","0","0","0","0","0","0","0","0","0","0","0"
"02-23-2023","The Chicago Public Education Fund","2,240","0","0","11","11","0","10","","0","0","0","0","0","0","0","0","0%","0","0","0","0","0","0","0","0","0","0","0"
"02-24-2023","The Chicago Public Education Fund","2,242","2","0","17","16","0","11","","0","1","0","0","0","1","0","0","5.88%","2","0","2","2","0","2","0","0","0","0","2"
"02-25-2023","The Chicago Public Education Fund","2,242","0","0","6","6","0","6","","0","0","0","0","0","0","0","0","0%","0","0","0","0","0","0","0","0","0","0","0"
"02-26-2023","The Chicago Public Education Fund","2,242","0","0","27","25","0","10","","0","1","0","0","0","0","1","0","3.7%","2","1","1","2","1","1","0","0","0","0","2"
"02-27-2023","The Chicago Public Education Fund","2,242","0","0","7","7","0","6","","0","5","1","0","0","0","4","0","71.43%","2","2","0","2","2","0","0","0","0","0","2"
"02-28-2023","The Chicago Public Education Fund","2,243","1","0","78","70","0","12","","0","11","0","0","0","0","11","0","14.1%","2","2","0","2","2","0","0","0","0","1","1"
"03-01-2023","The Chicago Public Education Fund","2,243","0","0","154","152","0","10","","0","2","0","0","0","2","0","0","1.3%","1","1","0","1","1","0","0","0","0","0","1"
"03-02-2023","The Chicago Public Education Fund","2,243","0","0","15","15","0","10","","0","0","0","0","0","0","0","0","0%","1","0","1","1","0","1","0","0","0","0","1"
"03-03-2023","The Chicago Public Education Fund","2,243","0","0","13","11","0","10","","0","0","0","0","0","0","0","0","0%","2","0","2","2","0","2","0","0","0","0","2"
"03-04-2023","The Chicago Public Education Fund","2,243","0","0","27","27","0","6","","0","2","0","0","0","1","1","0","7.41%","1","1","0","1","1","0","0","0","0","0","1"
"03-05-2023","The Chicago Public Education Fund","2,243","0","0","6","5","0","6","","0","2","0","0","0","0","2","0","33.33%","3","1","2","3","1","2","0","0","0","0","3"
"03-06-2023","The Chicago Public Education Fund","2,243","0","0","9","9","0","9","","0","0","0","0","0","0","0","0","0%","0","0","0","0","0","0","0","0","0","0","0"
"03-07-2023","The Chicago Public Education Fund","2,244","1","0","12","12","0","9","","0","0","0","0","0","0","0","0","0%","0","0","0","0","0","0","0","0","0","0","0"
"03-08-2023","The Chicago Public Education Fund","2,244","0","0","6","6","0","6","","0","4","0","0","0","0","4","0","66.67%","3","1","2","3","1","2","0","0","0","1","2"
"03-09-2023","The Chicago Public Education Fund","2,244","0","0","9","9","0","8","","0","0","0","0","0","0","0","0","0%","0","0","0","0","0","0","0","0","0","0","0"
"03-10-2023","The Chicago Public Education Fund","2,244","0","2","381","374","0","295","","0","50","9","0","1","1","39","0","13.12%","0","0","0","0","0","0","0","0","0","0","0"
"03-11-2023","The Chicago Public Education Fund","2,245","1","0","261","259","0","242","","0","62","14","4","1","12","31","0","23.75%","1","0","1","1","0","1","0","0","0","0","1"
"03-12-2023","The Chicago Public Education Fund","2,245","0","0","67","67","0","46","","0","6","2","0","0","2","2","0","8.96%","2","1","1","2","1","1","0","0","0","0","2"
"03-13-2023","The Chicago Public Education Fund","2,245","0","1","107","101","0","51","","0","12","1","0","0","0","11","0","11.21%","1","0","1","1","0","1","0","0","0","0","1"
"03-14-2023","The Chicago Public Education Fund","2,245","0","0","43","43","0","40","","0","3","2","0","0","1","0","0","6.98%","1","1","0","1","1","0","0","0","0","0","1"
"03-15-2023","The Chicago Public Education Fund","2,245","0","1","73","65","0","44","","0","4","0","0","0","1","3","0","5.48%","0","0","0","0","0","0","0","0","0","0","0"
"03-16-2023","The Chicago Public Education Fund","2,245","0","0","35","34","0","20","","0","3","0","0","0","0","3","0","8.57%","2","2","0","2","2","0","0","0","0","0","2"
"03-17-2023","The Chicago Public Education Fund","2,246","1","1","98","94","0","88","","0","9","3","0","0","4","2","0","9.18%","2","0","2","2","0","2","0","0","0","0","2"
"03-18-2023","The Chicago Public Education Fund","2,246","0","0","30","30","0","30","","0","6","2","0","0","1","3","0","20%","0","0","0","0","0","0","0","0","0","0","0"
"03-19-2023","The Chicago Public Education Fund","2,246","0","0","22","22","0","16","","0","2","0","0","0","0","2","0","9.09%","4","0","4","4","0","4","0","0","0","2","2"
"03-20-2023","The Chicago Public Education Fund","2,246","0","0","29","25","0","18","","0","1","1","0","0","0","0","0","3.45%","1","0","1","1","0","1","0","0","0","0","1"
"03-21-2023","The Chicago Public Education Fund","2,246","0","0","14","13","0","10","","0","0","0","0","0","0","0","0","0%","1","0","1","1","0","1","0","0","0","0","1"
"03-22-2023","The Chicago Public Education Fund","2,246","0","0","16","14","0","10","","0","0","0","0","0","0","0","0","0%","1","0","1","1","0","1","0","0","0","0","1"
"03-23-2023","The Chicago Public Education Fund","2,246","0","0","69","65","0","7","","0","5","0","0","0","0","5","0","7.25%","2","0","2","2","0","2","0","0","0","0","2"
"03-24-2023","The Chicago Public Education Fund","2,246","0","1","56","52","0","44","","0","9","3","1","0","1","4","0","16.07%","0","0","0","0","0","0","0","0","0","0","0"
"03-25-2023","The Chicago Public Education Fund","2,246","0","0","38","37","0","32","","0","9","1","0","0","3","5","0","23.68%","3","2","1","3","2","1","0","0","0","0","3"
"03-26-2023","The Chicago Public Education Fund","2,246","0","0","21","21","0","21","","0","7","2","2","1","1","1","0","33.33%","0","0","0","0","0","0","0","0","0","0","0"
"03-27-2023","The Chicago Public Education Fund","2,246","0","0","32","32","0","31","","0","15","4","0","0","4","7","0","46.88%","1","0","1","1","0","1","0","0","0","0","1"
"03-28-2023","The Chicago Public Education Fund","2,246","0","0","66","66","0","65","","0","17","7","1","1","3","5","0","25.76%","1","1","0","1","1","0","0","0","0","0","1"
"03-29-2023","The Chicago Public Education Fund","2,246","0","0","33","30","0","22","","0","8","2","0","0","3","3","0","24.24%","1","0","1","1","0","1","0","0","0","0","1"
"03-30-2023","The Chicago Public Education Fund","2,248","2","0","29","29","0","24","","0","6","1","0","0","1","4","0","20.69%","0","0","0","0","0","0","0","0","0","0","0"
"03-31-2023","The Chicago Public Education Fund","2,248","0","0","26","26","0","18","","0","3","1","0","0","1","1","0","11.54%","1","0","1","1","0","1","0","0","0","0","1"
"04-01-2023","The Chicago Public Education Fund","2,248","0","0","15","15","0","6","","0","3","0","0","0","0","3","0","20%","0","0","0","0","0","0","0","0","0","0","0"
"04-02-2023","The Chicago Public Education Fund","2,248","0","0","14","14","0","12","","0","4","1","0","0","0","3","0","28.57%","4","2","2","4","2","2","0","0","0","2","2"
"04-03-2023","The Chicago Public Education Fund","2,248","0","0","15","15","0","12","","0","5","2","0","0","0","3","0","33.33%","4","3","1","4","3","1","0","0","0","0","4"
"04-04-2023","The Chicago Public Education Fund","2,248","0","1","184","179","0","141","","0","11","3","0","0","1","7","0","5.98%","5","1","4","5","1","4","0","0","0","0","5"
"04-05-2023","The Chicago Public Education Fund","2,248","0","1","204","202","0","133","","0","9","1","0","0","0","8","0","4.41%","2","0","2","2","0","2","0","0","0","0","2"
"04-06-2023","The Chicago Public Education Fund","2,248","0","2","293","291","0","186","","0","12","3","0","0","0","9","0","4.1%","3","2","1","3","2","1","0","0","0","0","3"
"04-07-2023","The Chicago Public Education Fund","2,248","0","1","203","200","0","141","","0","4","1","0","0","0","3","0","1.97%","0","0","0","0","0","0","0","0","0","0","0"
"04-08-2023","The Chicago Public Education Fund","2,248","0","0","44","42","0","41","","0","0","0","0","0","0","0","0","0%","1","1","0","1","1","0","0","0","0","1","0"
"04-09-2023","The Chicago Public Education Fund","2,248","0","0","37","37","0","34","","0","3","0","0","0","0","3","0","8.11%","1","0","1","1","0","1","0","0","0","1","0"
"04-10-2023","The Chicago Public Education Fund","2,248","0","0","34","33","0","24","","0","0","0","0","0","0","0","0","0%","1","0","1","1","0","1","0","0","0","0","1"
"04-11-2023","The Chicago Public Education Fund","2,249","1","0","23","20","0","14","","0","1","0","0","0","0","1","0","4.35%","1","0","1","1","0","1","0","0","0","0","1"
"04-12-2023","The Chicago Public Education Fund","2,249","0","0","9","8","0","6","","0","3","0","0","0","0","3","0","33.33%","2","0","2","2","0","2","0","0","0","0","2"
"04-13-2023","The Chicago Public Education Fund","2,249","0","0","68","67","0","10","","0","2","1","0","0","0","1","0","2.94%","0","0","0","0","0","0","0","0","0","0","0"
"04-14-2023","The Chicago Public Education Fund","2,249","0","0","22","21","0","8","","0","1","0","0","0","1","0","0","4.55%","0","0","0","0","0","0","0","0","0","0","0"
"04-15-2023","The Chicago Public Education Fund","2,249","0","0","10","10","0","10","","0","1","0","0","0","0","1","0","10%","1","1","0","1","1","0","0","0","0","0","1"
"04-16-2023","The Chicago Public Education Fund","2,249","0","0","12","12","0","11","","0","2","0","0","0","0","2","0","16.67%","3","0","3","3","0","3","0","0","0","1","2"
"04-17-2023","The Chicago Public Education Fund","2,249","0","0","21","20","0","10","","0","2","0","0","0","0","2","0","9.52%","0","0","0","0","0","0","0","0","0","0","0"
"04-18-2023","The Chicago Public Education Fund","2,249","0","0","8","8","0","8","","0","0","0","0","0","0","0","0","0%","1","0","1","1","0","1","0","0","0","0","1"
"04-19-2023","The Chicago Public Education Fund","2,249","0","0","13","13","0","7","","0","1","0","0","0","0","1","0","7.69%","2","1","1","2","1","1","0","0","0","0","2"
"04-20-2023","The Chicago Public Education Fund","2,249","0","1","159","158","0","126","","0","34","6","0","0","0","28","0","21.38%","2","0","2","2","0","2","0","0","0","0","2"
"04-21-2023","The Chicago Public Education Fund","2,249","0","0","70","69","0","63","","0","6","1","0","0","0","5","0","8.57%","1","1","0","1","1","0","0","0","0","1","0"
"04-22-2023","The Chicago Public Education Fund","2,249","0","0","24","24","0","22","","0","1","0","0","0","0","1","0","4.17%","1","0","1","1","0","1","0","0","0","0","1"
"04-23-2023","The Chicago Public Education Fund","2,250","1","0","36","36","0","29","","0","2","0","0","0","0","2","0","5.56%","1","0","1","1","0","1","0","0","0","0","1"
"04-24-2023","The Chicago Public Education Fund","2,249","-1","0","21","21","0","19","","0","4","0","0","0","0","4","0","19.05%","0","0","0","0","0","0","0","0","0","0","0"
"04-25-2023","The Chicago Public Education Fund","2,249","0","0","12","12","0","12","","0","1","0","0","0","0","1","0","8.33%","1","0","1","1","0","1","0","0","0","0","1"
"04-26-2023","The Chicago Public Education Fund","2,249","0","0","8","6","0","7","","0","0","0","0","0","0","0","0","0%","0","0","0","0","0","0","0","0","0","0","0"
"04-27-2023","The Chicago Public Education Fund","2,251","2","0","15","13","0","12","","0","2","0","0","0","0","2","0","13.33%","0","0","0","0","0","0","0","0","0","0","0"
"04-28-2023","The Chicago Public Education Fund","2,251","0","0","10","7","0","6","","0","2","0","0","0","0","2","0","20%","2","2","0","2","2","0","0","0","0","1","1"
"04-29-2023","The Chicago Public Education Fund","2,251","0","0","15","15","0","14","","0","4","0","0","0","0","4","0","26.67%","2","2","0","2","2","0","0","0","0","0","2"
"04-30-2023","The Chicago Public Education Fund","2,251","0","0","11","11","0","11","","0","1","0","0","0","0","1","0","9.09%","4","0","4","4","0","4","0","0","0","1","3"
"05-01-2023","The Chicago Public Education Fund","2,250","-1","0","27","26","0","13","","0","0","0","0","0","0","0","0","0%","1","1","0","1","1","0","0","0","0","0","1"
"05-02-2023","The Chicago Public Education Fund","2,250","0","0","41","37","0","5","","0","2","0","0","0","0","2","0","4.88%","0","0","0","0","0","0","0","0","0","0","0"
"05-03-2023","The Chicago Public Education Fund","2,251","1","2","1,590","1,587","0","1,364","","0","300","22","1","1","0","276","0","18.87%","1","1","0","1","1","0","0","0","0","0","1"
"05-04-2023","The Chicago Public Education Fund","2,250","-1","1","516","514","0","465","","0","81","10","1","0","1","69","0","15.7%","3","2","1","3","2","1","0","0","0","0","3"
"05-05-2023","The Chicago Public Education Fund","2,250","0","0","125","123","0","111","","0","24","1","0","0","0","23","0","19.2%","2","2","0","2","2","0","0","0","0","0","2"
"05-06-2023","The Chicago Public Education Fund","2,250","0","0","137","137","0","120","","0","18","3","1","0","0","14","0","13.14%","2","1","1","2","1","1","0","0","0","0","2"
"05-07-2023","The Chicago Public Education Fund","2,250","0","0","56","56","0","52","","0","4","1","0","0","2","1","0","7.14%","0","0","0","0","0","0","0","0","0","0","0"
"05-08-2023","The Chicago Public Education Fund","2,250","0","0","25","23","0","22","","0","1","0","0","0","0","1","0","4%","0","0","0","0","0","0","0","0","0","0","0"
"05-09-2023","The Chicago Public Education Fund","2,251","1","0","24","22","0","22","","0","2","0","0","0","0","2","0","8.33%","1","0","1","1","0","1","0","0","0","0","1"
"05-10-2023","The Chicago Public Education Fund","2,251","0","0","80","79","0","27","","0","5","0","0","0","0","5","0","6.25%","0","0","0","0","0","0","0","0","0","0","0"
"05-11-2023","The Chicago Public Education Fund","2,251","0","0","15","14","0","15","","0","4","0","0","0","0","4","0","26.67%","1","1","0","1","1","0","0","0","0","0","1"
"05-12-2023","The Chicago Public Education Fund","2,251","0","0","20","20","0","19","","0","1","0","0","0","0","1","0","5%","0","0","0","0","0","0","0","0","0","0","0"
"05-13-2023","The Chicago Public Education Fund","2,251","0","0","24","24","0","24","","0","1","0","0","0","0","1","0","4.17%","1","0","1","1","0","1","0","0","0","0","1"
"05-14-2023","The Chicago Public Education Fund","2,251","0","0","12","12","0","11","","0","2","0","0","0","0","2","0","16.67%","3","2","1","3","2","1","0","0","0","1","2"
"05-15-2023","The Chicago Public Education Fund","2,251","0","1","119","117","0","99","","0","28","3","0","0","0","25","0","23.53%","0","0","0","0","0","0","0","0","0","0","0"
"05-16-2023","The Chicago Public Education Fund","2,252","1","1","281","279","0","228","","0","46","7","0","0","1","38","0","16.37%","2","1","1","2","1","1","0","0","0","0","2"
"05-17-2023","The Chicago Public Education Fund","2,253","1","0","73","73","0","69","","0","7","1","0","0","0","6","0","9.59%","4","1","3","4","1","3","0","0","0","0","4"
"05-18-2023","The Chicago Public Education Fund","2,253","0","1","92","91","0","49","","0","6","1","0","0","0","5","0","6.52%","2","0","2","2","0","2","0","0","0","0","2"
"05-19-2023","The Chicago Public Education Fund","2,254","1","1","39","39","0","35","","0","4","1","0","0","0","3","0","10.26%","2","1","1","2","1","1","0","0","0","0","2"
"05-20-2023","The Chicago Public Education Fund","2,254","0","0","38","37","0","25","","0","0","0","0","0","0","0","0","0%","0","0","0","0","0","0","0","0","0","0","0"
"05-21-2023","The Chicago Public Education Fund","2,254","0","0","20","20","0","12","","0","4","0","0","0","1","3","0","20%","2","1","1","2","1","1","0","0","0","0","2"
"05-22-2023","The Chicago Public Education Fund","2,254","0","1","126","122","0","120","","0","7","1","0","0","1","5","0","5.56%","2","0","2","2","0","2","0","0","0","0","2"
"05-23-2023","The Chicago Public Education Fund","2,254","0","1","200","197","0","193","","0","13","4","0","0","0","9","0","6.5%","1","0","1","1","0","1","0","0","0","0","1"
"05-24-2023","The Chicago Public Education Fund","2,254","0","1","165","163","0","140","","0","16","4","0","0","1","11","0","9.7%","6","4","2","6","4","2","0","0","0","0","6"
"05-25-2023","The Chicago Public Education Fund","2,254","0","2","480","479","0","275","","0","64","11","0","0","0","53","0","13.33%","0","0","0","0","0","0","0","0","0","0","0"
"05-26-2023","The Chicago Public Education Fund","2,254","0","0","223","216","0","158","","0","30","1","0","0","0","29","0","13.45%","2","1","1","2","1","1","0","0","0","0","2"
"05-27-2023","The Chicago Public Education Fund","2,254","0","0","86","82","0","60","","0","5","0","0","0","0","5","0","5.81%","0","0","0","0","0","0","0","0","0","0","0"
"05-28-2023","The Chicago Public Education Fund","2,254","0","0","31","31","0","27","","0","5","0","0","0","0","5","0","16.13%","1","1","0","1","1","0","0","0","0","0","1"
"05-29-2023","The Chicago Public Education Fund","2,254","0","0","35","34","0","30","","0","1","0","0","0","0","1","0","2.86%","0","0","0","0","0","0","0","0","0","0","0"
"05-30-2023","The Chicago Public Education Fund","2,254","0","0","31","31","0","29","","0","1","0","0","0","0","1","0","3.23%","1","0","1","1","0","1","0","0","0","0","1"
"05-31-2023","The Chicago Public Education Fund","2,254","0","1","35","34","0","31","","0","4","0","0","0","0","4","0","11.43%","1","0","1","1","0","1","0","0","0","0","1"
"06-01-2023","The Chicago Public Education Fund","2,254","0","1","65","64","0","41","","0","3","0","0","0","0","3","0","4.62%","1","1","0","1","1","0","0","0","0","0","1"
"06-02-2023","The Chicago Public Education Fund","2,254","0","0","32","31","0","23","","0","1","0","0","0","0","1","0","3.13%","2","1","1","2","1","1","0","0","0","0","2"
"06-03-2023","The Chicago Public Education Fund","2,254","0","0","25","23","0","15","","0","3","1","0","0","0","2","0","12%","1","0","1","1","0","1","0","0","0","0","1"
"06-04-2023","The Chicago Public Education Fund","2,254","0","0","14","12","0","12","","0","0","0","0","0","0","0","0","0%","3","0","3","3","0","3","0","0","0","0","3"
"06-05-2023","The Chicago Public Education Fund","2,254","0","0","101","98","0","13","","0","3","0","0","0","1","2","0","2.97%","2","2","0","2","2","0","0","0","0","0","2"
"06-06-2023","The Chicago Public Education Fund","2,254","0","1","27","27","0","27","","0","0","0","0","0","0","0","0","0%","0","0","0","0","0","0","0","0","0","0","0"
"06-07-2023","The Chicago Public Education Fund","2,254","0","0","28","27","0","19","","0","1","0","0","0","0","1","0","3.57%","2","2","0","2","2","0","0","0","0","0","2"
"06-08-2023","The Chicago Public Education Fund","2,254","0","1","205","204","0","196","","0","50","11","1","0","0","38","0","24.39%","0","0","0","0","0","0","0","0","0","0","0"
"06-09-2023","The Chicago Public Education Fund","2,254","0","0","134","124","0","97","","0","14","3","0","0","0","11","0","10.45%","2","1","1","2","1","1","0","0","0","0","2"
"06-10-2023","The Chicago Public Education Fund","2,254","0","0","27","27","0","27","","0","1","0","0","0","0","1","0","3.7%","2","1","1","2","1","1","0","0","0","0","2"
"06-11-2023","The Chicago Public Education Fund","2,254","0","0","29","27","0","26","","0","2","0","0","0","0","2","0","6.9%","0","0","0","0","0","0","0","0","0","0","0"
"06-12-2023","The Chicago Public Education Fund","2,255","1","0","21","19","0","20","","0","2","0","0","0","1","1","0","9.52%","2","2","0","2","2","0","0","0","0","0","2"
"06-13-2023","The Chicago Public Education Fund","2,255","0","0","117","104","0","50","","0","13","11","0","0","0","2","0","11.11%","2","1","1","2","1","1","0","0","0","0","2"
"06-14-2023","The Chicago Public Education Fund","2,256","1","1","63","58","0","48","","0","7","2","0","0","2","3","0","11.11%","3","3","0","3","3","0","0","0","0","0","3"
"06-15-2023","The Chicago Public Education Fund","2,256","0","1","153","150","0","139","","0","59","5","0","0","0","54","0","38.56%","1","0","1","1","0","1","0","0","0","0","1"
"06-16-2023","The Chicago Public Education Fund","2,256","0","1","186","177","0","146","","0","40","12","1","0","4","23","0","21.51%","1","1","0","1","1","0","0","0","0","0","1"
"06-17-2023","The Chicago Public Education Fund","2,256","0","0","199","198","0","66","","0","3","0","0","0","0","3","0","1.51%","1","0","1","1","0","1","0","0","0","0","1"
"06-18-2023","The Chicago Public Education Fund","2,256","0","0","32","32","0","28","","0","3","0","0","0","0","3","0","9.38%","0","0","0","0","0","0","0","0","0","0","0"
"06-19-2023","The Chicago Public Education Fund","2,256","0","0","23","22","0","16","","0","1","1","0","0","0","0","0","4.35%","0","0","0","0","0","0","0","0","0","0","0"
"06-20-2023","The Chicago Public Education Fund","2,257","1","1","353","345","0","296","","0","167","42","16","4","10","95","0","47.31%","0","0","0","0","0","0","0","0","0","0","0"
"06-21-2023","The Chicago Public Education Fund","2,258","1","1","329","326","0","307","","0","99","27","7","2","17","46","0","30.09%","1","0","1","1","0","1","0","0","0","0","1"
"06-22-2023","The Chicago Public Education Fund","2,259","1","0","168","167","0","162","","0","20","6","2","1","1","10","0","11.9%","1","1","0","1","1","0","0","0","0","0","1"
"06-23-2023","The Chicago Public Education Fund","2,259","0","0","159","159","0","156","","0","23","3","0","0","3","17","0","14.47%","1","1","0","1","1","0","0","0","0","1","0"
"06-24-2023","The Chicago Public Education Fund","2,259","0","0","61","61","0","60","","0","6","2","0","0","2","2","0","9.84%","0","0","0","0","0","0","0","0","0","0","0"
"06-25-2023","The Chicago Public Education Fund","2,259","0","0","48","48","0","47","","0","6","0","1","0","1","4","0","12.5%","0","0","0","0","0","0","0","0","0","0","0"
"06-26-2023","The Chicago Public Education Fund","2,259","0","0","62","55","0","41","","0","6","1","0","0","0","5","0","9.68%","0","0","0","0","0","0","0","0","0","0","0"
"06-27-2023","The Chicago Public Education Fund","2,259","0","1","156","154","0","126","","0","13","2","1","0","2","8","0","8.33%","8","1","7","8","1","7","0","0","0","2","6"
"06-28-2023","The Chicago Public Education Fund","2,259","0","1","83","75","0","62","","0","3","0","0","0","1","2","0","3.61%","1","0","1","1","0","1","0","0","0","0","1"
"06-29-2023","The Chicago Public Education Fund","2,259","0","1","71","64","0","58","","0","1","0","0","0","1","0","0","1.41%","6","5","1","6","5","1","0","0","0","0","6"
"06-30-2023","The Chicago Public Education Fund","2,260","1","0","53","49","0","40","","0","6","2","0","0","2","2","0","11.32%","6","4","2","6","4","2","0","0","0","0","6"
"07-01-2023","The Chicago Public Education Fund","2,260","0","0","20","20","0","18","","0","0","0","0","0","0","0","0","0%","1","0","1","1","0","1","0","0","0","0","1"
"07-02-2023","The Chicago Public Education Fund","2,260","0","0","22","19","0","16","","0","0","0","0","0","0","0","0","0%","0","0","0","0","0","0","0","0","0","0","0"
"07-03-2023","The Chicago Public Education Fund","2,260","0","0","8","8","0","8","","0","1","0","0","0","1","0","0","12.5%","1","0","1","1","0","1","0","0","0","0","1"
"07-04-2023","The Chicago Public Education Fund","2,260","0","0","6","6","0","6","","0","0","0","0","0","0","0","0","0%","1","1","0","1","1","0","0","0","0","0","1"
"07-05-2023","The Chicago Public Education Fund","2,260","0","0","20","19","0","19","","0","2","0","0","0","2","0","0","10%","4","1","3","4","1","3","0","0","0","0","4"
"07-06-2023","The Chicago Public Education Fund","2,260","0","0","28","23","0","22","","0","4","0","0","0","0","4","0","14.29%","0","0","0","0","0","0","0","0","0","0","0"
"07-07-2023","The Chicago Public Education Fund","2,260","0","0","26","26","0","21","","0","6","0","0","0","1","5","0","23.08%","0","0","0","0","0","0","0","0","0","0","0"
"07-08-2023","The Chicago Public Education Fund","2,261","1","0","32","29","0","12","","0","2","0","0","0","0","2","0","6.25%","1","0","1","1","0","1","0","0","0","0","1"
"07-09-2023","The Chicago Public Education Fund","2,261","0","0","5","5","0","5","","0","0","0","0","0","0","0","0","0%","0","0","0","0","0","0","0","0","0","0","0"
"07-10-2023","The Chicago Public Education Fund","2,261","0","0","7","6","0","7","","0","0","0","0","0","0","0","0","0%","1","0","1","1","0","1","0","0","0","0","1"
"07-11-2023","The Chicago Public Education Fund","2,261","0","0","99","95","0","21","","0","5","0","0","0","0","5","0","5.05%","6","0","6","6","0","6","0","0","0","0","6"
"07-12-2023","The Chicago Public Education Fund","2,261","0","1","65","57","0","44","","0","0","0","0","0","0","0","0","0%","0","0","0","0","0","0","0","0","0","0","0"
"07-13-2023","The Chicago Public Education Fund","2,261","0","0","52","51","0","21","","0","2","0","0","0","0","2","0","3.85%","2","1","1","2","1","1","0","0","0","0","2"
"07-14-2023","The Chicago Public Education Fund","2,262","1","0","17","16","0","16","","0","1","0","0","0","0","1","0","5.88%","1","0","1","1","0","1","0","0","0","0","1"
"07-15-2023","The Chicago Public Education Fund","2,262","0","0","31","30","0","18","","0","1","0","0","0","0","1","0","3.23%","0","0","0","0","0","0","0","0","0","0","0"
"07-16-2023","The Chicago Public Education Fund","2,262","0","0","19","19","0","19","","0","2","1","0","0","0","1","0","10.53%","3","2","1","3","2","1","0","0","0","0","3"
"07-17-2023","The Chicago Public Education Fund","2,263","1","0","45","33","0","18","","0","5","0","0","0","1","4","0","11.11%","1","1","0","1","1","0","0","0","0","0","1"
"07-18-2023","The Chicago Public Education Fund","2,263","0","1","57","55","0","51","","0","4","1","0","0","2","1","0","7.02%","13","9","4","13","9","4","0","0","0","2","11"
"07-19-2023","The Chicago Public Education Fund","2,264","1","0","27","26","0","24","","0","0","0","0","0","0","0","0","0%","5","2","3","5","2","3","0","0","0","1","4"
"07-20-2023","The Chicago Public Education Fund","2,264","0","1","168","163","0","140","","0","21","3","0","0","0","18","0","12.5%","0","0","0","0","0","0","0","0","0","0","0"
"07-21-2023","The Chicago Public Education Fund","2,264","0","0","61","55","0","54","","0","4","0","0","0","0","4","0","6.56%","0","0","0","0","0","0","0","0","0","0","0"
"07-22-2023","The Chicago Public Education Fund","2,264","0","0","42","39","0","30","","0","3","0","0","0","0","3","0","7.14%","4","1","3","4","1","3","0","0","0","0","4"
"07-23-2023","The Chicago Public Education Fund","2,264","0","0","33","33","0","31","","0","2","1","0","0","0","1","0","6.06%","1","0","1","1","0","1","0","0","0","0","1"
"07-24-2023","The Chicago Public Education Fund","2,264","0","0","57","52","0","23","","0","1","0","0","0","1","0","0","1.75%","2","1","1","2","1","1","0","0","0","0","2"
"07-25-2023","The Chicago Public Education Fund","2,265","1","1","209","206","0","200","","0","38","3","0","0","2","33","0","18.18%","1","1","0","1","1","0","0","0","0","0","1"
"07-26-2023","The Chicago Public Education Fund","2,265","0","0","115","110","0","92","","0","11","0","0","1","1","9","0","9.57%","2","0","2","2","0","2","0","0","0","0","2"
"07-27-2023","The Chicago Public Education Fund","2,265","0","1","90","88","0","87","","0","6","2","0","3","0","1","0","6.67%","10","8","2","10","8","2","0","0","0","2","8"
"07-28-2023","The Chicago Public Education Fund","2,266","1","0","104","100","0","66","","0","4","2","0","0","0","2","0","3.85%","10","5","5","10","5","5","0","0","0","0","10"
"07-29-2023","The Chicago Public Education Fund","2,266","0","0","62","58","0","34","","0","1","0","0","0","0","1","0","1.61%","3","1","2","3","1","2","0","0","0","0","3"
"07-30-2023","The Chicago Public Education Fund","2,266","0","0","19","19","0","18","","0","0","0","0","0","0","0","0","0%","0","0","0","0","0","0","0","0","0","0","0"
"07-31-2023","The Chicago Public Education Fund","2,266","0","0","22","20","0","13","","0","0","0","0","0","0","0","0","0%","0","0","0","0","0","0","0","0","0","0","0"
"08-01-2023","The Chicago Public Education Fund","2,266","0","0","11","10","0","8","","0","0","0","0","0","0","0","0","0%","1","1","0","1","1","0","0","0","0","0","1"
"08-02-2023","The Chicago Public Education Fund","2,266","0","0","17","15","0","13","","0","0","0","0","0","0","0","0","0%","0","0","0","0","0","0","0","0","0","0","0"
"08-03-2023","The Chicago Public Education Fund","2,266","0","0","33","22","0","14","","0","0","0","0","0","0","0","0","0%","1","1","0","1","1","0","0","0","0","0","1"
"08-04-2023","The Chicago Public Education Fund","2,266","0","1","59","50","0","27","","0","2","2","0","0","0","0","0","3.39%","1","1","0","1","1","0","0","0","0","0","1"
"08-05-2023","The Chicago Public Education Fund","2,266","0","0","16","16","0","15","","0","0","0","0","0","0","0","0","0%","3","2","1","3","2","1","0","0","0","0","3"
"08-06-2023","The Chicago Public Education Fund","2,266","0","0","21","19","0","16","","0","0","0","0","0","0","0","0","0%","0","0","0","0","0","0","0","0","0","0","0"
"08-07-2023","The Chicago Public Education Fund","2,266","0","0","20","13","0","16","","0","0","0","0","0","0","0","0","0%","0","0","0","0","0","0","0","0","0","0","0"
"08-08-2023","The Chicago Public Education Fund","2,266","0","0","32","28","0","21","","0","4","4","0","0","0","0","0","12.5%","0","0","0","0","0","0","0","0","0","0","0"
"08-09-2023","The Chicago Public Education Fund","2,266","0","0","35","33","0","29","","0","2","2","0","0","0","0","0","5.71%","0","0","0","0","0","0","0","0","0","0","0"
"08-10-2023","The Chicago Public Education Fund","2,267","1","1","99","89","0","82","","0","3","0","0","1","1","1","0","3.03%","1","0","1","1","0","1","0","0","0","0","1"
"08-11-2023","The Chicago Public Education Fund","2,267","0","0","94","94","0","93","","0","3","2","0","0","1","0","0","3.19%","6","5","1","6","5","1","0","0","0","0","6"
"08-12-2023","The Chicago Public Education Fund","2,267","0","0","39","39","0","39","","0","3","0","0","0","1","2","0","7.69%","1","1","0","1","1","0","0","0","0","0","1"
"08-13-2023","The Chicago Public Education Fund","2,268","1","0","52","51","0","34","","0","0","0","0","0","0","0","0","0%","2","0","2","2","0","2","0","0","0","0","2"
"08-14-2023","The Chicago Public Education Fund","2,268","0","0","42","36","0","26","","0","1","0","0","0","0","1","0","2.38%","1","0","1","1","0","1","0","0","0","0","1"
"08-15-2023","The Chicago Public Education Fund","2,268","0","1","230","225","0","206","","0","52","3","0","0","0","49","0","22.61%","0","0","0","0","0","0","0","0","0","0","0"
"08-16-2023","The Chicago Public Education Fund","2,268","0","0","81","78","0","74","","0","6","1","0","0","0","5","0","7.41%","4","3","1","4","3","1","0","0","0","0","4"
"08-17-2023","The Chicago Public Education Fund","2,268","0","0","49","48","0","43","","0","5","1","0","0","0","4","0","10.2%","1","0","1","1","0","1","0","0","0","0","1"
"08-18-2023","The Chicago Public Education Fund","2,268","0","0","29","29","0","27","","0","3","0","0","0","0","3","0","10.34%","2","2","0","2","2","0","0","0","0","1","1"
"08-19-2023","The Chicago Public Education Fund","2,269","1","0","40","34","0","23","","0","0","0","0","0","0","0","0","0%","1","1","0","1","1","0","0","0","0","0","1"
"08-20-2023","The Chicago Public Education Fund","2,269","0","0","69","67","0","27","","0","1","0","0","0","0","1","0","1.45%","1","1","0","1","1","0","0","0","0","0","1"
"08-21-2023","The Chicago Public Education Fund","2,270","1","1","156","152","0","145","","0","12","10","0","0","0","2","0","7.69%","4","2","2","4","2","2","0","0","0","0","4"
"08-22-2023","The Chicago Public Education Fund","2,270","0","0","75","72","0","66","","0","1","1","0","0","0","0","0","1.33%","0","0","0","0","0","0","0","0","0","0","0"
"08-23-2023","The Chicago Public Education Fund","2,270","0","0","139","134","0","40","","0","2","2","0","0","0","0","0","1.44%","2","1","1","2","1","1","0","0","0","0","2"
"08-24-2023","The Chicago Public Education Fund","2,270","0","0","27","26","0","18","","0","0","0","0","0","0","0","0","0%","1","1","0","1","1","0","0","0","0","0","1"
"08-25-2023","The Chicago Public Education Fund","2,270","0","1","82","81","0","75","","0","6","0","0","0","3","3","0","7.32%","4","4","0","4","4","0","0","0","0","1","3"
"08-26-2023","The Chicago Public Education Fund","2,269","-1","0","61","58","0","45","","0","0","0","0","0","0","0","0","0%","0","0","0","0","0","0","0","0","0","0","0"
"08-27-2023","The Chicago Public Education Fund","2,269","0","0","50","46","0","25","","0","0","0","0","0","0","0","0","0%","0","0","0","0","0","0","0","0","0","0","0"
"08-28-2023","The Chicago Public Education Fund","2,269","0","1","58","57","0","52","","0","1","1","0","0","0","0","0","1.72%","11","7","4","11","7","4","0","0","0","2","9"
"08-29-2023","The Chicago Public Education Fund","2,269","0","0","36","34","0","30","","0","1","0","0","0","1","0","0","2.78%","5","4","1","5","4","1","0","0","0","0","5"
"08-30-2023","The Chicago Public Education Fund","2,269","0","1","159","153","0","142","","0","5","3","0","0","1","1","0","3.14%","2","2","0","2","2","0","0","0","0","0","2"
"08-31-2023","The Chicago Public Education Fund","2,269","0","0","46","46","0","43","","0","1","1","0","0","0","0","0","2.17%","2","0","2","2","0","2","0","0","0","0","2"
"09-01-2023","The Chicago Public Education Fund","2,269","0","0","14","14","0","14","","0","0","0","0","0","0","0","0","0%","4","1","3","4","1","3","0","0","0","0","4"
"09-02-2023","The Chicago Public Education Fund","2,269","0","0","16","16","0","16","","0","1","1","0","0","0","0","0","6.25%","2","1","1","2","1","1","0","0","0","0","2"
"09-03-2023","The Chicago Public Education Fund","2,269","0","0","106","102","0","20","","0","1","0","0","0","1","0","0","0.94%","1","0","1","1","0","1","0","0","0","0","1"
"09-04-2023","The Chicago Public Education Fund","2,269","0","0","42","26","0","19","","0","1","0","0","0","0","1","0","2.38%","4","4","0","4","4","0","0","0","0","1","3"
"09-05-2023","The Chicago Public Education Fund","2,270","1","0","47","29","0","18","","0","0","0","0","0","0","0","0","0%","2","1","1","2","1","1","0","0","0","0","2"
"09-06-2023","The Chicago Public Education Fund","2,270","0","0","60","49","0","17","","0","0","0","0","0","0","0","0","0%","2","1","1","2","1","1","0","0","0","1","1"
"09-07-2023","The Chicago Public Education Fund","2,270","0","1","230","227","0","185","","0","36","7","0","0","0","29","0","15.65%","3","1","2","3","1","2","0","0","0","0","3"
"09-08-2023","The Chicago Public Education Fund","2,270","0","0","89","88","0","88","","0","14","1","0","0","0","13","0","15.73%","1","1","0","1","1","0","0","0","0","0","1"
"09-09-2023","The Chicago Public Education Fund","2,270","0","0","73","72","0","68","","0","11","3","0","0","0","8","0","15.07%","1","0","1","1","0","1","0","0","0","0","1"
"09-10-2023","The Chicago Public Education Fund","2,270","0","0","48","47","0","46","","0","6","0","0","0","0","6","0","12.5%","2","1","1","2","1","1","0","0","0","0","2"
"09-11-2023","The Chicago Public Education Fund","2,270","0","0","12","12","0","11","","0","0","0","0","0","0","0","0","0%","1","1","0","1","1","0","0","0","0","0","1"
"09-12-2023","The Chicago Public Education Fund","2,270","0","0","10","10","0","10","","0","0","0","0","0","0","0","0","0%","1","1","0","1","1","0","0","0","0","0","1"
"09-13-2023","The Chicago Public Education Fund","2,270","0","1","52","44","0","38","","0","3","2","0","1","0","0","0","5.77%","2","0","2","2","0","2","0","0","0","0","2"
"09-14-2023","The Chicago Public Education Fund","2,270","0","1","305","301","0","294","","0","65","7","0","0","0","58","0","21.31%","1","1","0","1","1","0","0","0","0","0","1"
"09-15-2023","The Chicago Public Education Fund","2,270","0","0","120","119","0","112","","0","26","2","0","0","1","23","0","21.67%","1","0","1","1","0","1","0","0","0","0","1"
"09-16-2023","The Chicago Public Education Fund","2,270","0","0","68","67","0","49","","0","8","0","0","0","1","7","0","11.76%","1","1","0","1","1","0","0","0","0","0","1"
"09-17-2023","The Chicago Public Education Fund","2,270","0","0","25","25","0","24","","0","5","1","0","0","0","4","0","20%","1","0","1","1","0","1","0","0","0","0","1"
"09-18-2023","The Chicago Public Education Fund","2,270","0","0","23","21","0","22","","0","1","0","0","0","0","1","0","4.35%","0","0","0","0","0","0","0","0","0","0","0"
"09-19-2023","The Chicago Public Education Fund","2,270","0","1","390","375","0","256","","0","71","7","0","0","0","64","0","18.21%","1","0","1","1","0","1","0","0","0","0","1"
"09-20-2023","The Chicago Public Education Fund","2,270","0","0","136","133","0","66","","0","10","0","0","0","0","10","0","7.35%","0","0","0","0","0","0","0","0","0","0","0"
"09-21-2023","The Chicago Public Education Fund","2,270","0","0","140","125","0","39","","0","7","2","0","0","0","5","0","5%","2","0","2","2","0","2","0","0","0","0","2"
"09-22-2023","The Chicago Public Education Fund","2,272","2","0","40","37","0","33","","0","3","2","0","0","0","1","0","7.5%","3","2","1","3","2","1","0","0","0","0","3"
"09-23-2023","The Chicago Public Education Fund","2,272","0","0","27","27","0","26","","0","2","0","0","0","0","2","0","7.41%","3","3","0","3","3","0","0","0","0","0","3"
"09-24-2023","The Chicago Public Education Fund","2,272","0","0","169","164","0","21","","0","0","0","0","0","0","0","0","0%","3","1","2","3","1","2","0","0","0","0","3"
"09-25-2023","The Chicago Public Education Fund","2,272","0","0","14","12","0","13","","0","1","1","0","0","0","0","0","7.14%","1","1","0","1","1","0","0","0","0","1","0"
"09-26-2023","The Chicago Public Education Fund","2,272","0","0","24","23","0","17","","0","1","0","0","0","1","0","0","4.17%","2","1","1","2","1","1","0","0","0","0","2"
"09-27-2023","The Chicago Public Education Fund","2,272","0","0","12","9","0","9","","0","1","1","0","0","0","0","0","8.33%","1","1","0","1","1","0","0","0","0","1","0"
"09-28-2023","The Chicago Public Education Fund","2,272","0","0","21","21","0","16","","0","5","1","0","0","0","4","0","23.81%","3","2","1","3","2","1","0","0","0","1","2"
"09-29-2023","The Chicago Public Education Fund","2,272","0","1","199","198","0","195","","0","40","8","5","0","2","25","0","20.1%","0","0","0","0","0","0","0","0","0","0","0"
"09-30-2023","The Chicago Public Education Fund","2,272","0","0","619","614","0","593","","0","432","128","61","4","16","223","0","69.79%","2","1","1","2","1","1","0","0","0","0","2"
"10-01-2023","The Chicago Public Education Fund","2,272","0","0","212","202","0","167","","0","94","29","18","1","3","43","0","44.34%","0","0","0","0","0","0","0","0","0","0","0"
"10-02-2023","The Chicago Public Education Fund","2,272","0","0","102","99","0","91","","0","20","3","3","0","2","12","0","19.61%","2","1","1","2","1","1","0","0","0","0","2"
"10-03-2023","The Chicago Public Education Fund","2,272","0","0","83","70","0","52","","0","5","1","0","0","0","4","0","6.02%","4","4","0","4","4","0","0","0","0","1","3"
"10-04-2023","The Chicago Public Education Fund","2,272","0","2","790","780","0","635","","0","281","94","52","1","15","119","0","35.57%","4","0","4","4","0","4","0","0","0","0","4"
"10-05-2023","The Chicago Public Education Fund","2,272","0","3","657","654","0","511","","0","186","77","35","1","16","57","0","28.31%","2","1","1","2","1","1","0","0","0","1","1"
"10-06-2023","The Chicago Public Education Fund","2,274","2","0","380","374","0","316","","0","63","27","5","0","4","27","0","16.58%","8","3","5","8","3","5","0","0","0","0","8"
"10-07-2023","The Chicago Public Education Fund","2,274","0","0","137","134","0","114","","0","6","2","1","0","0","3","0","4.38%","1","1","0","1","1","0","0","0","0","0","1"
"10-08-2023","The Chicago Public Education Fund","2,274","0","0","57","57","0","55","","0","3","1","0","0","1","1","0","5.26%","0","0","0","0","0","0","0","0","0","0","0"
"10-09-2023","The Chicago Public Education Fund","2,274","0","0","44","42","0","37","","0","1","0","0","0","0","1","0","2.27%","2","0","2","2","0","2","0","0","0","0","2"
"10-10-2023","The Chicago Public Education Fund","2,274","0","1","145","143","0","136","","0","14","4","1","0","5","4","0","9.66%","19","2","17","19","2","17","0","0","0","0","19"
"10-11-2023","The Chicago Public Education Fund","2,274","0","1","462","454","0","263","","0","30","11","4","1","1","13","0","6.49%","9","1","8","9","1","8","0","0","0","0","9"
"10-12-2023","The Chicago Public Education Fund","2,274","0","0","128","126","0","112","","0","10","2","0","0","3","5","0","7.81%","2","1","1","2","1","1","0","0","0","0","2"
"10-13-2023","The Chicago Public Education Fund","2,275","1","3","538","527","0","353","","0","104","16","0","0","2","86","0","19.33%","2","0","2","2","0","2","0","0","0","0","2"
"10-14-2023","The Chicago Public Education Fund","2,275","0","0","126","123","0","98","","0","13","2","0","0","0","11","0","10.32%","0","0","0","0","0","0","0","0","0","0","0"
"10-15-2023","The Chicago Public Education Fund","2,275","0","0","128","127","0","51","","0","6","0","0","0","0","6","0","4.69%","1","1","0","1","1","0","0","0","0","0","1"
"10-16-2023","The Chicago Public Education Fund","2,275","0","1","250","248","0","203","","0","20","6","1","0","2","11","0","8%","2","0","2","2","0","2","0","0","0","0","2"
"10-17-2023","The Chicago Public Education Fund","2,275","0","3","362","349","0","198","","0","24","8","2","0","0","14","0","6.63%","0","0","0","0","0","0","0","0","0","0","0"
"10-18-2023","The Chicago Public Education Fund","2,275","0","1","1,230","1,217","0","1,147","","0","94","38","1","2","6","47","0","7.64%","3","1","2","3","1","2","0","0","0","0","3"
"10-19-2023","The Chicago Public Education Fund","2,278","3","1","510","494","0","384","","0","21","9","0","0","2","10","0","4.12%","6","3","3","6","3","3","0","0","0","0","6"
"10-20-2023","The Chicago Public Education Fund","2,282","4","1","3,509","3,471","0","2,190","","0","221","7","0","1","4","209","0","6.3%","0","0","0","0","0","0","0","0","0","0","0"
"10-21-2023","The Chicago Public Education Fund","2,283","1","0","2,326","2,319","0","1,588","","0","110","4","0","0","1","105","0","4.73%","4","1","3","4","1","3","0","0","0","0","4"
"10-22-2023","The Chicago Public Education Fund","2,284","1","0","1,173","1,168","0","778","","0","34","1","0","0","1","32","0","2.9%","3","1","2","3","1","2","0","0","0","1","2"
"10-23-2023","The Chicago Public Education Fund","2,284","0","1","1,032","1,025","0","671","","0","84","10","1","2","9","62","0","8.14%","1","0","1","1","0","1","0","0","0","0","1"
"10-24-2023","The Chicago Public Education Fund","2,286","2","1","762","741","0","560","","0","174","49","16","0","15","94","0","22.83%","1","0","1","1","0","1","0","0","0","0","1"
"10-25-2023","The Chicago Public Education Fund","2,287","1","2","643","635","0","340","","0","81","19","2","0","1","59","0","12.6%","2","0","2","2","0","2","0","0","0","0","2"
"10-26-2023","The Chicago Public Education Fund","2,287","0","2","1,974","1,963","0","985","","0","205","20","0","1","2","182","0","10.39%","0","0","0","0","0","0","0","0","0","0","0"
"10-27-2023","The Chicago Public Education Fund","2,287","0","2","893","888","0","483","","0","117","14","1","0","4","98","0","13.1%","1","0","1","1","0","1","0","0","0","0","1"
"10-28-2023","The Chicago Public Education Fund","2,287","0","0","389","378","0","223","","0","52","6","0","0","3","43","0","13.37%","5","3","2","5","3","2","0","0","0","0","5"
"10-29-2023","The Chicago Public Education Fund","2,287","0","0","214","211","0","163","","0","14","5","0","0","1","8","0","6.54%","5","2","3","5","2","3","0","0","0","1","4"
"10-30-2023","The Chicago Public Education Fund","2,288","1","0","144","139","0","96","","0","5","1","0","0","0","4","0","3.47%","2","2","0","2","2","0","0","0","0","0","2"
"10-31-2023","The Chicago Public Education Fund","2,288","0","0","76","74","0","44","","0","2","1","0","0","0","1","0","2.63%","1","1","0","1","1","0","0","0","0","1","0"
"11-01-2023","The Chicago Public Education Fund","2,288","0","1","209","201","0","152","","0","9","2","0","1","4","2","0","4.31%","6","2","4","6","2","4","0","0","0","0","6"
"11-02-2023","The Chicago Public Education Fund","2,288","0","0","103","98","0","74","","0","2","0","0","0","0","2","0","1.94%","3","3","0","3","3","0","0","0","0","1","2"
"11-03-2023","The Chicago Public Education Fund","2,288","0","0","55","52","0","28","","0","4","1","0","0","1","2","0","7.27%","1","0","1","1","0","1","0","0","0","0","1"
"11-04-2023","The Chicago Public Education Fund","2,288","0","0","28","28","0","27","","0","0","0","0","0","0","0","0","0%","2","0","2","2","0","2","0","0","0","0","2"
"11-05-2023","The Chicago Public Education Fund","2,288","0","0","19","19","0","19","","0","0","0","0","0","0","0","0","0%","1","0","1","1","0","1","0","0","0","0","1"
"11-06-2023","The Chicago Public Education Fund","2,289","1","1","80","76","0","51","","0","0","0","0","0","0","0","0","0%","1","1","0","1","1","0","0","0","0","1","0"
"11-07-2023","The Chicago Public Education Fund","2,289","0","0","79","74","0","66","","0","3","2","0","0","1","0","0","3.8%","0","0","0","0","0","0","0","0","0","0","0"
"11-08-2023","The Chicago Public Education Fund","2,289","0","1","131","128","0","115","","0","9","6","0","2","0","1","0","6.87%","1","0","1","1","0","1","0","0","0","0","1"
"11-09-2023","The Chicago Public Education Fund","2,289","0","0","80","79","0","73","","0","4","2","0","0","1","1","0","5%","2","0","2","2","0","2","0","0","0","1","1"
"11-10-2023","The Chicago Public Education Fund","2,289","0","0","32","31","0","29","","0","2","2","0","0","0","0","0","6.25%","0","0","0","0","0","0","0","0","0","0","0"
"11-11-2023","The Chicago Public Education Fund","2,289","0","0","89","86","0","34","","0","1","0","0","0","0","1","0","1.12%","2","2","0","2","2","0","0","0","0","1","1"
"11-12-2023","The Chicago Public Education Fund","2,289","0","0","44","39","0","27","","0","0","0","0","0","0","0","0","0%","1","1","0","1","1","0","0","0","0","0","1"
"11-13-2023","The Chicago Public Education Fund","2,289","0","0","25","22","0","19","","0","0","0","0","0","0","0","0","0%","0","0","0","0","0","0","0","0","0","0","0"
"11-14-2023","The Chicago Public Education Fund","2,289","0","0","21","21","0","16","","0","2","2","0","0","0","0","0","9.52%","0","0","0","0","0","0","0","0","0","0","0"
"11-15-2023","The Chicago Public Education Fund","2,289","0","0","16","14","0","14","","0","1","0","0","0","1","0","0","6.25%","1","0","1","1","0","1","0","0","0","0","1"
"11-16-2023","The Chicago Public Education Fund","2,289","0","0","19","19","0","17","","0","2","0","0","1","0","1","0","10.53%","4","1","3","4","1","3","0","0","0","1","3"
"11-17-2023","The Chicago Public Education Fund","2,289","0","0","33","31","0","23","","0","0","0","0","0","0","0","0","0%","3","1","2","3","1","2","0","0","0","0","3"
"11-18-2023","The Chicago Public Education Fund","2,289","0","0","11","10","0","10","","0","0","0","0","0","0","0","0","0%","1","0","1","1","0","1","0","0","0","0","1"
"11-19-2023","The Chicago Public Education Fund","2,288","-1","0","17","16","0","13","","0","0","0","0","0","0","0","0","0%","0","0","0","0","0","0","0","0","0","0","0"
"11-20-2023","The Chicago Public Education Fund","2,288","0","0","66","60","0","12","","0","0","0","0","0","0","0","0","0%","2","1","1","2","1","1","0","0","0","1","1"
"11-21-2023","The Chicago Public Education Fund","2,288","0","0","12","12","0","12","","0","0","0","0","0","0","0","0","0%","3","0","3","3","0","3","0","0","0","0","3"
"11-22-2023","The Chicago Public Education Fund","2,289","1","1","144","132","0","127","","0","10","1","0","0","0","9","0","6.94%","5","1","4","5","1","4","0","0","0","1","4"
"11-23-2023","The Chicago Public Education Fund","2,289","0","0","30","29","0","30","","0","0","0","0","0","0","0","0","0%","0","0","0","0","0","0","0","0","0","0","0"
"11-24-2023","The Chicago Public Education Fund","2,289","0","0","23","23","0","22","","0","1","0","0","0","0","1","0","4.35%","0","0","0","0","0","0","0","0","0","0","0"
"11-25-2023","The Chicago Public Education Fund","2,289","0","0","25","25","0","25","","0","2","1","0","0","0","1","0","8%","4","1","3","4","1","3","0","0","0","0","4"
"11-26-2023","The Chicago Public Education Fund","2,289","0","0","22","22","0","22","","0","0","0","0","0","0","0","0","0%","1","0","1","1","0","1","0","0","0","0","1"
"11-27-2023","The Chicago Public Education Fund","2,289","0","0","9","8","0","6","","0","0","0","0","0","0","0","0","0%","0","0","0","0","0","0","0","0","0","0","0"
"11-28-2023","The Chicago Public Education Fund","2,288","-1","0","6","6","0","6","","0","0","0","0","0","0","0","0","0%","0","0","0","0","0","0","0","0","0","0","0"
"11-29-2023","The Chicago Public Education Fund","2,288","0","0","13","12","0","12","","0","0","0","0","0","0","0","0","0%","1","0","1","1","0","1","0","0","0","0","1"
"11-30-2023","The Chicago Public Education Fund","2,288","0","0","17","12","0","7","","0","0","0","0","0","0","0","0","0%","1","1","0","1","1","0","0","0","0","0","1"
"12-01-2023","The Chicago Public Education Fund","2,288","0","0","54","49","0","11","","0","1","1","0","0","0","0","0","1.85%","2","0","2","2","0","2","0","0","0","0","2"
"12-02-2023","The Chicago Public Education Fund","2,288","0","0","14","12","0","3","","0","0","0","0","0","0","0","0","0%","1","1","0","1","1","0","0","0","0","0","1"
"12-03-2023","The Chicago Public Education Fund","2,288","0","0","27","21","0","7","","0","0","0","0","0","0","0","0","0%","2","1","1","2","1","1","0","0","0","0","2"
"12-04-2023","The Chicago Public Education Fund","2,288","0","0","12","11","0","8","","0","0","0","0","0","0","0","0","0%","2","1","1","2","1","1","0","0","0","0","2"
"12-05-2023","The Chicago Public Education Fund","2,288","0","0","15","13","0","12","","0","1","1","0","0","0","0","0","6.67%","2","1","1","2","1","1","0","0","0","0","2"
"12-06-2023","The Chicago Public Education Fund","2,288","0","0","16","16","0","15","","0","0","0","0","0","0","0","0","0%","2","1","1","2","1","1","0","0","0","0","2"
"12-07-2023","The Chicago Public Education Fund","2,288","0","0","19","18","0","9","","0","0","0","0","0","0","0","0","0%","1","0","1","1","0","1","0","0","0","0","1"
"12-08-2023","The Chicago Public Education Fund","2,288","0","0","20","14","0","14","","0","0","0","0","0","0","0","0","0%","1","1","0","1","1","0","0","0","0","1","0"
"12-09-2023","The Chicago Public Education Fund","2,288","0","0","25","21","0","11","","0","0","0","0","0","0","0","0","0%","5","3","2","5","3","2","0","0","0","1","4"
"12-10-2023","The Chicago Public Education Fund","2,288","0","2","56","54","0","51","","0","1","0","0","0","0","1","0","1.79%","3","1","2","3","1","2","0","0","0","2","1"
"12-11-2023","The Chicago Public Education Fund","2,288","0","0","23","22","0","21","","0","1","1","0","0","0","0","0","4.35%","6","6","0","6","6","0","0","0","0","2","4"
"12-12-2023","The Chicago Public Education Fund","2,288","0","0","19","18","0","15","","0","1","0","0","0","1","0","0","5.26%","5","3","2","5","3","2","0","0","0","0","5"
"12-13-2023","The Chicago Public Education Fund","2,288","0","0","11","11","0","10","","0","0","0","0","0","0","0","0","0%","0","0","0","0","0","0","0","0","0","0","0"
"12-14-2023","The Chicago Public Education Fund","2,288","0","0","25","21","0","15","","0","1","0","0","1","0","0","0","4%","2","0","2","2","0","2","0","0","0","0","2"
"12-15-2023","The Chicago Public Education Fund","2,288","0","0","37","35","0","9","","0","0","0","0","0","0","0","0","0%","2","0","2","2","0","2","0","0","0","0","2"
"12-16-2023","The Chicago Public Education Fund","2,288","0","0","6","6","0","6","","0","0","0","0","0","0","0","0","0%","0","0","0","0","0","0","0","0","0","0","0"
"12-17-2023","The Chicago Public Education Fund","2,288","0","0","12","12","0","12","","0","0","0","0","0","0","0","0","0%","1","0","1","1","0","1","0","0","0","0","1"
"12-18-2023","The Chicago Public Education Fund","2,288","0","1","106","98","0","87","","0","5","3","0","0","2","0","0","4.72%","0","0","0","0","0","0","0","0","0","0","0"
"12-19-2023","The Chicago Public Education Fund","2,288","0","0","88","86","0","83","","0","14","8","1","1","1","3","0","15.91%","0","0","0","0","0","0","0","0","0","0","0"
"12-20-2023","The Chicago Public Education Fund","2,289","1","0","594","588","0","573","","0","202","69","29","7","24","73","0","34.01%","1","1","0","1","1","0","0","0","0","0","1"
"12-21-2023","The Chicago Public Education Fund","2,289","0","0","179","175","0","175","","0","38","14","6","1","3","14","0","21.23%","1","1","0","1","1","0","0","0","0","1","0"
"12-22-2023","The Chicago Public Education Fund","2,289","0","0","121","121","0","121","","0","19","8","2","0","2","7","0","15.7%","2","0","2","2","0","2","0","0","0","0","2"
"12-23-2023","The Chicago Public Education Fund","2,289","0","0","54","53","0","53","","0","10","7","0","0","0","3","0","18.52%","0","0","0","0","0","0","0","0","0","0","0"
"12-24-2023","The Chicago Public Education Fund","2,289","0","0","33","31","0","31","","0","1","0","0","0","1","0","0","3.03%","0","0","0","0","0","0","0","0","0","0","0"
"12-25-2023","The Chicago Public Education Fund","2,289","0","0","20","20","0","20","","0","1","1","0","0","0","0","0","5%","1","0","1","1","0","1","0","0","0","0","1"
"12-26-2023","The Chicago Public Education Fund","2,289","0","0","28","24","0","14","","0","8","0","1","0","1","6","0","28.57%","0","0","0","0","0","0","0","0","0","0","0"
"12-27-2023","The Chicago Public Education Fund","2,289","0","0","9","9","0","9","","0","0","0","0","0","0","0","0","0%","0","0","0","0","0","0","0","0","0","0","0"
"12-28-2023","The Chicago Public Education Fund","2,289","0","0","25","23","0","16","","0","3","0","0","0","1","2","0","12%","0","0","0","0","0","0","0","0","0","0","0"
"12-29-2023","The Chicago Public Education Fund","2,289","0","0","17","15","0","9","","0","1","1","0","0","0","0","0","5.88%","0","0","0","0","0","0","0","0","0","0","0"
"12-30-2023","The Chicago Public Education Fund","2,289","0","0","10","10","0","10","","0","0","0","0","0","0","0","0","0%","1","0","1","1","0","1","0","0","0","0","1"
"12-31-2023","The Chicago Public Education Fund","2,289","0","0","14","12","0","10","","0","1","0","0","0","1","0","0","7.14%","0","0","0","0","0","0","0","0","0","0","0"
"01-01-2024","The Chicago Public Education Fund","2,289","0","0","14","14","0","8","","0","1","0","0","0","0","1","0","7.14%","0","0","0","0","0","0","0","0","0","0","0"
"01-02-2024","The Chicago Public Education Fund","2,289","0","0","12","12","0","11","","0","0","0","0","0","0","0","0","0%","0","0","0","0","0","0","0","0","0","0","0"
"01-03-2024","The Chicago Public Education Fund","2,289","0","0","14","14","0","9","","0","0","0","0","0","0","0","0","0%","1","0","1","1","0","1","0","0","0","0","1"
"01-04-2024","The Chicago Public Education Fund","2,289","0","0","10","10","0","10","","0","0","0","0","0","0","0","0","0%","2","0","2","2","0","2","0","0","0","1","1"
"01-05-2024","The Chicago Public Education Fund","2,289","0","1","130","130","0","120","","0","3","1","0","0","1","1","0","2.31%","1","1","0","1","1","0","0","0","0","0","1"
"01-06-2024","The Chicago Public Education Fund","2,289","0","0","76","76","0","75","","0","1","1","0","0","0","0","0","1.32%","2","1","1","2","1","1","0","0","0","0","2"
"01-07-2024","The Chicago Public Education Fund","2,289","0","0","17","17","0","17","","0","0","0","0","0","0","0","0","0%","0","0","0","0","0","0","0","0","0","0","0"
"01-08-2024","The Chicago Public Education Fund","2,289","0","0","42","42","0","21","","0","0","0","0","0","0","0","0","0%","2","1","1","2","1","1","0","0","0","0","2"
"01-09-2024","The Chicago Public Education Fund","2,289","0","0","20","20","0","15","","0","0","0","0","0","0","0","0","0%","4","2","2","4","2","2","0","0","0","0","4"
"01-10-2024","The Chicago Public Education Fund","2,289","0","0","9","9","0","9","","0","0","0","0","0","0","0","0","0%","1","0","1","1","0","1","0","0","0","0","1"
"01-11-2024","The Chicago Public Education Fund","2,289","0","1","75","75","0","53","","0","4","1","0","0","1","2","0","5.33%","3","0","3","3","0","3","0","0","0","0","3"
"01-12-2024","The Chicago Public Education Fund","2,289","0","0","50","50","0","38","","0","0","0","0","0","0","0","0","0%","1","0","1","1","0","1","0","0","0","0","1"
"01-13-2024","The Chicago Public Education Fund","2,289","0","0","21","21","0","20","","0","0","0","0","0","0","0","0","0%","0","0","0","0","0","0","0","0","0","0","0"
"01-14-2024","The Chicago Public Education Fund","2,289","0","0","10","10","0","10","","0","0","0","0","0","0","0","0","0%","0","0","0","0","0","0","0","0","0","0","0"
"01-15-2024","The Chicago Public Education Fund","2,288","-1","1","51","51","0","33","","0","4","0","0","0","3","1","0","7.84%","0","0","0","0","0","0","0","0","0","0","0"
"01-16-2024","The Chicago Public Education Fund","2,288","0","0","27","27","0","15","","0","0","0","0","0","0","0","0","0%","1","1","0","1","1","0","0","0","0","0","1"
"01-17-2024","The Chicago Public Education Fund","2,288","0","0","13","13","0","10","","0","0","0","0","0","0","0","0","0%","2","0","2","2","0","2","0","0","0","0","2"
"01-18-2024","The Chicago Public Education Fund","2,288","0","0","19","19","0","12","","0","0","0","0","0","0","0","0","0%","0","0","0","0","0","0","0","0","0","0","0"
"01-19-2024","The Chicago Public Education Fund","2,288","0","0","24","24","0","15","","0","0","0","0","0","0","0","0","0%","2","0","2","2","0","2","0","0","0","0","2"
"01-20-2024","The Chicago Public Education Fund","2,288","0","0","20","20","0","16","","0","0","0","0","0","0","0","0","0%","0","0","0","0","0","0","0","0","0","0","0"
"01-21-2024","The Chicago Public Education Fund","2,288","0","0","15","15","0","12","","0","0","0","0","0","0","0","0","0%","0","0","0","0","0","0","0","0","0","0","0"
"01-22-2024","The Chicago Public Education Fund","2,288","0","1","133","133","0","107","","0","0","0","0","0","0","0","0","0%","1","0","1","1","0","1","0","0","0","0","1"
"01-23-2024","The Chicago Public Education Fund","2,288","0","0","38","38","0","35","","0","0","0","0","0","0","0","0","0%","0","0","0","0","0","0","0","0","0","0","0"
"01-24-2024","The Chicago Public Education Fund","2,288","0","1","122","122","0","95","","0","5","4","0","0","0","1","0","4.1%","3","0","3","3","0","3","0","0","0","0","3"
"01-25-2024","The Chicago Public Education Fund","2,288","0","1","69","69","0","58","","0","7","2","0","0","2","3","0","10.14%","2","0","2","2","0","2","0","0","0","0","2"
"01-26-2024","The Chicago Public Education Fund","2,288","0","1","90","90","0","73","","0","2","1","0","0","1","0","0","2.22%","10","5","5","10","5","5","0","0","0","0","10"
"01-27-2024","The Chicago Public Education Fund","2,288","0","0","45","45","0","37","","0","0","0","0","0","0","0","0","0%","7","4","3","7","4","3","0","0","0","1","6"
"01-28-2024","The Chicago Public Education Fund","2,288","0","0","82","82","0","22","","0","1","0","0","0","1","0","0","1.22%","11","8","3","11","8","3","0","0","0","2","9"
"01-29-2024","The Chicago Public Education Fund","2,288","0","2","115","115","0","97","","0","4","1","0","0","2","1","0","3.48%","0","0","0","0","0","0","0","0","0","0","0"
"01-30-2024","The Chicago Public Education Fund","2,288","0","1","157","157","0","119","","0","3","1","1","0","1","0","0","1.91%","2","1","1","2","1","1","0","0","0","0","2"
"01-31-2024","The Chicago Public Education Fund","2,288","0","0","58","58","0","54","","0","0","0","0","0","0","0","0","0%","0","0","0","0","0","0","0","0","0","0","0"
"02-01-2024","The Chicago Public Education Fund","2,288","0","1","53","53","0","39","","0","4","0","0","0","2","2","0","7.55%","1","0","1","1","0","1","0","0","0","0","1"
"02-02-2024","The Chicago Public Education Fund","2,288","0","0","33","33","0","30","","0","0","0","0","0","0","0","0","0%","1","0","1","1","0","1","0","0","0","0","1"
"02-03-2024","The Chicago Public Education Fund","2,288","0","0","25","25","0","22","","0","0","0","0","0","0","0","0","0%","1","0","1","1","0","1","0","0","0","0","1"
"02-04-2024","The Chicago Public Education Fund","2,288","0","0","24","24","0","12","","0","1","1","0","0","0","0","0","4.17%","0","0","0","0","0","0","0","0","0","0","0"
"02-05-2024","The Chicago Public Education Fund","2,288","0","0","63","63","0","24","","0","0","0","0","0","0","0","0","0%","1","0","1","1","0","1","0","0","0","0","1"
"02-06-2024","The Chicago Public Education Fund","2,288","0","0","15","15","0","14","","0","0","0","0","0","0","0","0","0%","2","0","2","2","0","2","0","0","0","1","1"
"02-07-2024","The Chicago Public Education Fund","2,288","0","1","62","62","0","53","","0","0","0","0","0","0","0","0","0%","0","0","0","0","0","0","0","0","0","0","0"
"02-08-2024","The Chicago Public Education Fund","2,289","1","0","25","25","0","25","","0","3","2","0","0","0","1","0","12%","1","0","1","1","0","1","0","0","0","0","1"
"02-09-2024","The Chicago Public Education Fund","2,289","0","0","11","11","0","11","","0","0","0","0","0","0","0","0","0%","1","0","1","1","0","1","0","0","0","1","0"
"02-10-2024","The Chicago Public Education Fund","2,289","0","0","75","75","0","11","","0","0","0","0","0","0","0","0","0%","1","0","1","1","0","1","0","0","0","0","1"
"02-11-2024","The Chicago Public Education Fund","2,289","0","0","6","6","0","6","","0","0","0","0","0","0","0","0","0%","0","0","0","0","0","0","0","0","0","0","0"
"02-12-2024","The Chicago Public Education Fund","2,289","0","0","15","15","0","12","","0","0","0","0","0","0","0","0","0%","1","0","1","1","0","1","0","0","0","0","1"
"02-13-2024","The Chicago Public Education Fund","2,290","1","0","7","7","0","7","","0","0","0","0","0","0","0","0","0%","1","1","0","1","1","0","0","0","0","1","0"
"02-14-2024","The Chicago Public Education Fund","2,290","0","1","52","52","0","32","","0","0","0","0","0","0","0","0","0%","2","1","1","2","1","1","0","0","0","0","2"
"02-15-2024","The Chicago Public Education Fund","2,290","0","1","71","71","0","66","","0","1","0","0","0","0","1","0","1.41%","2","2","0","2","2","0","0","0","0","0","2"
"02-16-2024","The Chicago Public Education Fund","2,290","0","2","225","225","0","133","","0","22","3","0","0","2","17","0","9.78%","3","2","1","3","2","1","0","0","0","0","3"
"02-17-2024","The Chicago Public Education Fund","2,291","1","0","208","208","0","161","","0","19","2","0","0","2","15","0","9.13%","1","0","1","1","0","1","0","0","0","0","1"
"02-18-2024","The Chicago Public Education Fund","2,291","0","0","44","44","0","35","","0","1","1","0","0","0","0","0","2.27%","0","0","0","0","0","0","0","0","0","0","0"
"02-19-2024","The Chicago Public Education Fund","2,291","0","2","135","135","0","86","","0","0","0","0","0","0","0","0","0%","0","0","0","0","0","0","0","0","0","0","0"
"02-20-2024","The Chicago Public Education Fund","2,291","0","1","82","82","0","41","","0","0","0","0","0","0","0","0","0%","1","1","0","1","1","0","0","0","0","1","0"
"02-21-2024","The Chicago Public Education Fund","2,291","0","1","59","59","0","54","","0","1","0","0","0","0","1","0","1.69%","0","0","0","0","0","0","0","0","0","0","0"
"02-22-2024","The Chicago Public Education Fund","2,291","0","0","48","48","0","32","","0","2","0","0","0","0","2","0","4.17%","1","0","1","1","0","1","0","0","0","0","1"
"02-23-2024","The Chicago Public Education Fund","2,291","0","0","31","31","0","19","","0","0","0","0","0","0","0","0","0%","3","2","1","3","2","1","0","0","0","0","3"
"02-24-2024","The Chicago Public Education Fund","2,291","0","0","54","54","0","25","","0","0","0","0","0","0","0","0","0%","2","1","1","2","1","1","0","0","0","1","1"
"02-25-2024","The Chicago Public Education Fund","2,291","0","0","9","9","0","9","","0","1","0","0","0","0","1","0","11.11%","0","0","0","0","0","0","0","0","0","0","0"
"02-26-2024","The Chicago Public Education Fund","2,291","0","0","13","13","0","10","","0","0","0","0","0","0","0","0","0%","4","1","3","4","1","3","0","0","0","0","4"
"02-27-2024","The Chicago Public Education Fund","2,291","0","1","146","146","0","144","","0","27","3","0","0","0","24","0","18.49%","3","0","3","3","0","3","0","0","0","1","2"
"02-28-2024","The Chicago Public Education Fund","2,291","0","0","80","80","0","62","","0","6","0","0","0","0","6","0","7.5%","2","1","1","2","1","1","0","0","0","0","2"
"02-29-2024","The Chicago Public Education Fund","2,291","0","0","40","40","0","26","","0","0","0","0","0","0","0","0","0%","2","2","0","2","2","0","0","0","0","0","2"
"03-01-2024","The Chicago Public Education Fund","2,291","0","2","214","214","0","144","","0","21","0","0","0","0","21","0","9.81%","1","1","0","1","1","0","0","0","0","1","0"
"03-02-2024","The Chicago Public Education Fund","2,291","0","0","141","141","0","95","","0","24","0","3","0","1","20","0","17.02%","0","0","0","0","0","0","0","0","0","0","0"
"03-03-2024","The Chicago Public Education Fund","2,291","0","0","43","43","0","25","","0","26","0","0","0","0","26","0","60.47%","0","0","0","0","0","0","0","0","0","0","0"
"03-04-2024","The Chicago Public Education Fund","2,291","0","1","487","487","0","417","","0","0","0","0","0","0","0","0","0%","1","1","0","1","1","0","0","0","0","0","1"
"03-05-2024","The Chicago Public Education Fund","2,290","-1","2","373","373","0","254","","0","143","60","9","1","11","62","0","38.34%","0","0","0","0","0","0","0","0","0","0","0"
"03-06-2024","The Chicago Public Education Fund","2,290","0","0","67","67","0","66","","0","22","7","1","0","2","12","0","32.84%","1","0","1","1","0","1","0","0","0","0","1"
"03-07-2024","The Chicago Public Education Fund","2,290","0","0","83","83","0","34","","0","10","4","1","0","2","3","0","12.05%","0","0","0","0","0","0","0","0","0","0","0"
"03-08-2024","The Chicago Public Education Fund","2,290","0","1","72","72","0","53","","0","11","3","1","0","0","7","0","15.28%","0","0","0","0","0","0","0","0","0","0","0"
"03-09-2024","The Chicago Public Education Fund","2,290","0","0","38","38","0","35","","0","2","2","0","0","0","0","0","5.26%","1","0","1","1","0","1","0","0","0","0","1"
"03-10-2024","The Chicago Public Education Fund","2,290","0","0","30","30","0","13","","0","2","1","0","0","0","1","0","6.67%","1","0","1","1","0","1","0","0","0","0","1"
"03-11-2024","The Chicago Public Education Fund","2,290","0","1","24","24","0","22","","0","0","0","0","0","0","0","0","0%","0","0","0","0","0","0","0","0","0","0","0"
"03-12-2024","The Chicago Public Education Fund","2,290","0","0","141","141","0","15","","0","0","0","0","0","0","0","0","0%","1","0","1","1","0","1","0","0","0","0","1"
"03-13-2024","The Chicago Public Education Fund","2,290","0","1","53","53","0","53","","0","1","0","0","0","1","0","0","1.89%","1","1","0","1","1","0","0","0","0","0","1"
"03-14-2024","The Chicago Public Education Fund","2,290","0","1","67","67","0","49","","0","2","1","0","0","1","0","0","2.99%","6","3","3","6","3","3","0","0","0","0","6"
"03-15-2024","The Chicago Public Education Fund","2,290","0","1","176","176","0","112","","0","2","1","0","0","0","1","0","1.14%","2","0","2","2","0","2","0","0","0","0","2"
"03-16-2024","The Chicago Public Education Fund","2,290","0","0","112","112","0","96","","0","8","3","0","0","1","4","0","7.14%","1","1","0","1","1","0","0","0","0","0","1"
"03-17-2024","The Chicago Public Education Fund","2,290","0","0","33","33","0","30","","0","1","1","0","0","0","0","0","3.03%","1","0","1","1","0","1","0","0","0","0","1"
"03-18-2024","The Chicago Public Education Fund","2,290","0","0","44","44","0","19","","0","0","0","0","0","0","0","0","0%","1","1","0","1","1","0","0","0","0","0","1"
"03-19-2024","The Chicago Public Education Fund","2,290","0","1","187","187","0","168","","0","0","0","0","0","0","0","0","0%","1","0","1","1","0","1","0","0","0","0","1"
"03-20-2024","The Chicago Public Education Fund","2,290","0","0","51","51","0","45","","0","23","1","0","0","0","22","0","45.1%","2","1","1","2","1","1","0","0","0","0","2"
"03-21-2024","The Chicago Public Education Fund","2,290","0","1","241","241","0","215","","0","1","0","1","0","0","0","0","0.41%","1","0","1","1","0","1","0","0","0","0","1"
"03-22-2024","The Chicago Public Education Fund","2,291","1","1","184","184","0","146","","0","41","4","0","0","0","37","0","22.28%","0","0","0","0","0","0","0","0","0","0","0"
"03-23-2024","The Chicago Public Education Fund","2,291","0","0","82","82","0","62","","0","8","2","0","0","0","6","0","9.76%","0","0","0","0","0","0","0","0","0","0","0"
"03-24-2024","The Chicago Public Education Fund","2,290","-1","0","67","67","0","37","","0","3","0","1","0","0","2","0","4.48%","0","0","0","0","0","0","0","0","0","0","0"
"03-25-2024","The Chicago Public Education Fund","2,290","0","0","13","13","0","12","","0","4","0","0","0","0","4","0","30.77%","0","0","0","0","0","0","0","0","0","0","0"
"03-26-2024","The Chicago Public Education Fund","2,290","0","0","9","9","0","7","","0","0","0","0","0","0","0","0","0%","0","0","0","0","0","0","0","0","0","0","0"
"03-27-2024","The Chicago Public Education Fund","2,292","2","0","26","26","0","6","","0","1","0","1","0","0","0","0","3.85%","0","0","0","0","0","0","0","0","0","0","0"
"03-28-2024","The Chicago Public Education Fund","2,292","0","1","166","166","0","151","","0","0","0","0","0","0","0","0","0%","1","1","0","1","1","0","0","0","0","0","1"
"03-29-2024","The Chicago Public Education Fund","2,292","0","0","31","31","0","31","","0","13","8","0","0","0","5","0","41.94%","0","0","0","0","0","0","0","0","0","0","0"
"03-30-2024","The Chicago Public Education Fund","2,292","0","0","16","16","0","15","","0","0","0","0","0","0","0","0","0%","0","0","0","0","0","0","0","0","0","0","0"
"03-31-2024","The Chicago Public Education Fund","2,292","0","0","18","18","0","13","","0","0","0","0","0","0","0","0","0%","1","1","0","1","1","0","0","0","0","0","1"
"04-01-2024","The Chicago Public Education Fund","2,293","1","2","265","265","0","191","","0","0","0","0","0","0","0","0","0%","24","9","15","24","9","15","0","0","0","0","24"
"04-02-2024","The Chicago Public Education Fund","2,295","2","2","834","834","0","702","","0","48","11","2","1","0","34","0","5.76%","23","1","22","23","1","22","0","0","0","0","23"
"04-03-2024","The Chicago Public Education Fund","2,295","0","2","349","349","0","253","","0","143","84","0","2","2","55","0","40.97%","24","6","18","24","6","18","0","0","0","1","23"
"04-04-2024","The Chicago Public Education Fund","2,298","3","4","3,008","3,008","0","2,580","","0","409","135","0","8","0","266","0","13.6%","39","8","31","39","8","31","0","0","0","5","34"
"04-05-2024","The Chicago Public Education Fund","2,298","0","3","1,779","1,779","0","1,550","","0","807","277","3","7","4","516","0","45.36%","35","6","29","35","6","29","0","0","0","1","34"
"04-06-2024","The Chicago Public Education Fund","2,298","0","2","903","903","0","731","","0","518","227","2","9","26","254","0","57.36%","7","3","4","7","3","4","0","0","0","0","7"
"04-07-2024","The Chicago Public Education Fund","2,296","-2","0","496","496","0","381","","0","157","74","0","3","6","74","0","31.65%","4","0","4","4","0","4","0","0","0","1","3"
"04-08-2024","The Chicago Public Education Fund","2,297","1","1","466","466","0","397","","0","64","23","0","2","2","37","0","13.73%","4","0","4","4","0","4","0","0","0","0","4"
"04-09-2024","The Chicago Public Education Fund","2,297","0","3","344","344","0","263","","0","61","18","0","1","2","40","0","17.73%","1","0","1","1","0","1","0","0","0","0","1"
"04-10-2024","The Chicago Public Education Fund","2,298","1","0","161","161","0","121","","0","30","9","1","2","1","17","0","18.63%","0","0","0","0","0","0","0","0","0","0","0"
"04-11-2024","The Chicago Public Education Fund","2,298","0","0","167","167","0","107","","0","9","4","0","0","0","5","0","5.39%","2","1","1","2","1","1","0","0","0","0","2"
"04-12-2024","The Chicago Public Education Fund","2,298","0","0","122","122","0","86","","0","5","3","1","0","0","1","0","4.1%","3","2","1","3","2","1","0","0","0","0","3"
"04-13-2024","The Chicago Public Education Fund","2,297","-1","0","126","126","0","60","","0","2","2","0","0","0","0","0","1.59%","1","0","1","1","0","1","0","0","0","1","0"
"04-14-2024","The Chicago Public Education Fund","2,297","0","0","102","102","0","47","","0","2","2","0","0","0","0","0","1.96%","4","2","2","4","2","2","0","0","0","0","4"
"04-15-2024","The Chicago Public Education Fund","2,297","0","0","180","180","0","73","","0","1","0","0","0","0","1","0","0.56%","7","1","6","7","1","6","0","0","0","0","7"
"04-16-2024","The Chicago Public Education Fund","2,297","0","1","100","100","0","84","","0","7","3","1","0","2","1","0","7%","5","2","3","5","2","3","0","0","0","0","5"
"04-17-2024","The Chicago Public Education Fund","2,298","1","1","583","583","0","469","","0","0","0","0","0","0","0","0","0%","4","2","2","4","2","2","0","0","0","0","4"
"04-18-2024","The Chicago Public Education Fund","2,301","3","0","961","961","0","893","","0","359","76","2","5","0","276","0","37.36%","7","4","3","7","4","3","0","0","0","0","7"
"04-19-2024","The Chicago Public Education Fund","2,301","0","0","282","282","0","244","","0","290","80","0","0","0","210","0","102.84%","1","0","1","1","0","1","0","0","0","0","1"
"04-20-2024","The Chicago Public Education Fund","2,300","-1","0","142","142","0","132","","0","51","16","0","0","0","35","0","35.92%","0","0","0","0","0","0","0","0","0","0","0"
"04-21-2024","The Chicago Public Education Fund","2,301","1","0","246","246","0","232","","0","21","3","1","0","0","17","0","8.54%","4","0","4","4","0","4","0","0","0","0","4"
"04-22-2024","The Chicago Public Education Fund","2,300","-1","0","113","113","0","111","","0","57","6","0","2","0","49","0","50.44%","1","1","0","1","1","0","0","0","0","0","1"
"04-23-2024","The Chicago Public Education Fund","2,303","3","1","131","131","0","116","","0","22","4","2","0","0","16","0","16.79%","1","0","1","1","0","1","0","0","0","0","1"
"04-24-2024","The Chicago Public Education Fund","2,303","0","1","174","174","0","157","","0","8","4","1","0","0","3","0","4.6%","0","0","0","0","0","0","0","0","0","0","0"
"04-25-2024","The Chicago Public Education Fund","2,303","0","1","132","132","0","119","","0","8","5","0","0","0","3","0","6.06%","1","0","1","1","0","1","0","0","0","0","1"
"04-26-2024","The Chicago Public Education Fund","2,303","0","0","103","103","0","100","","0","8","3","0","0","0","5","0","7.77%","1","0","1","1","0","1","0","0","0","0","1"
"04-27-2024","The Chicago Public Education Fund","2,303","0","0","106","106","0","76","","0","26","6","2","0","0","18","0","24.53%","0","0","0","0","0","0","0","0","0","0","0"
"04-28-2024","The Chicago Public Education Fund","2,303","0","0","148","148","0","136","","0","0","0","0","0","0","0","0","0%","2","0","2","2","0","2","0","0","0","0","2"
"04-29-2024","The Chicago Public Education Fund","2,303","0","1","132","132","0","125","","0","19","6","0","0","0","13","0","14.39%","2","2","0","2","2","0","0","0","0","0","2"
"04-30-2024","The Chicago Public Education Fund","2,303","0","0","98","98","0","94","","0","4","2","0","0","1","1","0","4.08%","1","0","1","1","0","1","0","0","0","0","1"
"05-01-2024","The Chicago Public Education Fund","2,304","1","2","256","256","0","182","","0","9","2","0","0","0","7","0","3.52%","0","0","0","0","0","0","0","0","0","0","0"
"05-02-2024","The Chicago Public Education Fund","2,304","0","0","314","314","0","221","","0","32","12","1","0","0","19","0","10.19%","2","0","2","2","0","2","0","0","0","0","2"
"05-03-2024","The Chicago Public Education Fund","2,304","0","1","278","278","0","213","","0","17","8","0","0","0","9","0","6.12%","7","1","6","7","1","6","0","0","0","0","7"
"05-04-2024","The Chicago Public Education Fund","2,305","1","0","316","316","0","259","","0","14","5","0","2","1","6","0","4.43%","4","0","4","4","0","4","0","0","0","0","4"
"05-05-2024","The Chicago Public Education Fund","2,305","0","0","139","139","0","133","","0","39","14","0","0","0","25","0","28.06%","0","0","0","0","0","0","0","0","0","0","0"
"05-06-2024","The Chicago Public Education Fund","2,307","2","0","98","98","0","86","","0","8","3","0","0","0","5","0","8.16%","1","0","1","1","0","1","0","0","0","1","0"
"05-07-2024","The Chicago Public Education Fund","2,307","0","1","173","173","0","136","","0","5","2","0","0","0","3","0","2.89%","2","0","2","2","0","2","0","0","0","0","2"
"05-08-2024","The Chicago Public Education Fund","2,307","0","0","100","100","0","73","","0","3","1","0","0","0","2","0","3%","0","0","0","0","0","0","0","0","0","0","0"
"05-09-2024","The Chicago Public Education Fund","2,307","0","1","134","134","0","114","","0","0","0","0","0","0","0","0","0%","0","0","0","0","0","0","0","0","0","0","0"
"05-10-2024","The Chicago Public Education Fund","2,307","0","0","75","75","0","67","","0","1","1","0","0","0","0","0","1.33%","1","1","0","1","1","0","0","0","0","1","0"
"05-11-2024","The Chicago Public Education Fund","2,307","0","0","56","56","0","50","","0","0","0","0","0","0","0","0","0%","2","0","2","2","0","2","0","0","0","0","2"
"05-12-2024","The Chicago Public Education Fund","2,307","0","0","48","48","0","46","","0","1","0","0","0","0","1","0","2.08%","1","0","1","1","0","1","0","0","0","0","1"
"05-13-2024","The Chicago Public Education Fund","2,308","1","0","47","47","0","29","","0","0","0","0","0","0","0","0","0%","0","0","0","0","0","0","0","0","0","0","0"
"05-14-2024","The Chicago Public Education Fund","2,309","1","0","37","37","0","19","","0","2","0","0","0","2","0","0","5.41%","0","0","0","0","0","0","0","0","0","0","0"
"05-15-2024","The Chicago Public Education Fund","2,309","0","1","100","100","0","98","","0","0","0","0","0","0","0","0","0%","0","0","0","0","0","0","0","0","0","0","0"
"05-16-2024","The Chicago Public Education Fund","2,309","0","0","42","42","0","36","","0","0","0","0","0","0","0","0","0%","0","0","0","0","0","0","0","0","0","0","0"
"05-17-2024","The Chicago Public Education Fund","2,309","0","0","29","29","0","28","","0","0","0","0","0","0","0","0","0%","0","0","0","0","0","0","0","0","0","0","0"
"05-18-2024","The Chicago Public Education Fund","2,309","0","0","25","25","0","24","","0","0","0","0","0","0","0","0","0%","1","0","1","1","0","1","0","0","0","0","1"
"05-19-2024","The Chicago Public Education Fund","2,308","-1","0","25","25","0","25","","0","0","0","0","0","0","0","0","0%","0","0","0","0","0","0","0","0","0","0","0"
"05-20-2024","The Chicago Public Education Fund","2,309","1","0","16","16","0","16","","0","0","0","0","0","0","0","0","0%","3","1","2","3","1","2","0","0","0","0","3"
"05-21-2024","The Chicago Public Education Fund","2,309","0","0","14","14","0","12","","0","0","0","0","0","0","0","0","0%","1","0","1","1","0","1","0","0","0","0","1"
"05-22-2024","The Chicago Public Education Fund","2,308","-1","1","506","506","0","435","","0","0","0","0","0","0","0","0","0%","1","0","1","1","0","1","0","0","0","0","1"
"05-23-2024","The Chicago Public Education Fund","2,309","1","1","248","248","0","220","","0","256","37","2","3","0","214","0","103.23%","1","0","1","1","0","1","0","0","0","0","1"
"05-24-2024","The Chicago Public Education Fund","2,309","0","0","113","113","0","107","","0","46","6","1","0","0","39","0","40.71%","0","0","0","0","0","0","0","0","0","0","0"
"05-25-2024","The Chicago Public Education Fund","2,309","0","0","55","55","0","50","","0","6","2","0","0","0","4","0","10.91%","0","0","0","0","0","0","0","0","0","0","0"
"05-26-2024","The Chicago Public Education Fund","2,309","0","0","35","35","0","33","","0","6","1","0","0","0","5","0","17.14%","2","0","2","2","0","2","0","0","0","0","2"
"05-27-2024","The Chicago Public Education Fund","2,309","0","2","155","155","0","116","","0","4","0","0","0","0","4","0","2.58%","0","0","0","0","0","0","0","0","0","0","0"
"05-28-2024","The Chicago Public Education Fund","2,310","1","0","131","131","0","54","","0","7","2","0","1","3","1","0","5.34%","1","0","1","1","0","1","0","0","0","0","1"
"05-29-2024","The Chicago Public Education Fund","2,310","0","0","28","28","0","26","","0","2","0","0","0","0","2","0","7.14%","0","0","0","0","0","0","0","0","0","0","0"
"05-30-2024","The Chicago Public Education Fund","2,311","1","0","31","31","0","24","","0","3","1","0","0","0","2","0","9.68%","0","0","0","0","0","0","0","0","0","0","0"
"05-31-2024","The Chicago Public Education Fund","2,311","0","0","21","21","0","20","","0","1","0","0","0","0","1","0","4.76%","1","0","1","1","0","1","0","0","0","0","1"
"06-01-2024","The Chicago Public Education Fund","2,311","0","0","27","27","0","26","","0","0","0","0","0","0","0","0","0%","0","0","0","0","0","0","0","0","0","0","0"
"06-02-2024","The Chicago Public Education Fund","2,311","0","0","71","71","0","24","","0","5","0","0","0","0","5","0","7.04%","2","1","1","2","1","1","0","0","0","0","2"
"06-03-2024","The Chicago Public Education Fund","2,312","1","0","81","81","0","30","","0","1","0","0","0","0","1","0","1.23%","1","1","0","1","1","0","0","0","0","0","1"
"06-04-2024","The Chicago Public Education Fund","2,311","-1","1","40","40","0","26","","0","0","0","0","0","0","0","0","0%","5","1","4","5","1","4","0","0","0","1","4"
"06-05-2024","The Chicago Public Education Fund","2,312","1","1","38","38","0","34","","0","3","2","0","0","0","1","0","7.89%","2","2","0","2","2","0","0","0","0","0","2"
"06-06-2024","The Chicago Public Education Fund","2,312","0","1","152","152","0","99","","0","5","4","0","1","0","0","0","3.29%","11","6","5","11","6","5","0","0","0","0","11"
"06-07-2024","The Chicago Public Education Fund","2,312","0","1","89","89","0","70","","0","4","2","1","0","0","1","0","4.49%","0","0","0","0","0","0","0","0","0","0","0"
"06-08-2024","The Chicago Public Education Fund","2,312","0","0","74","74","0","41","","0","5","2","0","0","2","1","0","6.76%","2","0","2","2","0","2","0","0","0","0","2"
"06-09-2024","The Chicago Public Education Fund","2,312","0","0","34","34","0","33","","0","1","0","0","0","1","0","0","2.94%","1","0","1","1","0","1","0","0","0","0","1"
"06-10-2024","The Chicago Public Education Fund","2,312","0","2","118","118","0","51","","0","2","1","0","0","1","0","0","1.69%","2","1","1","2","1","1","0","0","0","0","2"
"06-11-2024","The Chicago Public Education Fund","2,312","0","1","114","114","0","90","","0","1","1","0","0","0","0","0","0.88%","1","1","0","1","1","0","0","0","0","0","1"
"06-12-2024","The Chicago Public Education Fund","2,312","0","0","34","34","0","31","","0","5","2","0","0","3","0","0","14.71%","2","2","0","2","2","0","0","0","0","1","1"
"06-13-2024","The Chicago Public Education Fund","2,312","0","1","238","238","0","146","","0","0","0","0","0","0","0","0","0%","3","0","3","3","0","3","0","0","0","0","3"
"06-14-2024","The Chicago Public Education Fund","2,311","-1","0","70","70","0","64","","0","38","2","0","0","1","35","0","54.29%","0","0","0","0","0","0","0","0","0","0","0"
"06-15-2024","The Chicago Public Education Fund","2,310","-1","1","67","67","0","61","","0","6","0","0","0","0","6","0","8.96%","0","0","0","0","0","0","0","0","0","0","0"
"06-16-2024","The Chicago Public Education Fund","2,311","1","0","38","38","0","34","","0","7","1","0","0","4","2","0","18.42%","0","0","0","0","0","0","0","0","0","0","0"
"06-17-2024","The Chicago Public Education Fund","2,311","0","0","27","27","0","25","","0","1","0","0","0","0","1","0","3.7%","1","0","1","1","0","1","0","0","0","0","1"
"06-18-2024","The Chicago Public Education Fund","2,311","0","1","127","127","0","121","","0","4","0","0","0","1","3","0","3.15%","1","0","1","1","0","1","0","0","0","0","1"
"06-19-2024","The Chicago Public Education Fund","2,311","0","1","109","109","0","53","","0","3","0","0","1","0","2","0","2.75%","0","0","0","0","0","0","0","0","0","0","0"
"06-20-2024","The Chicago Public Education Fund","2,311","0","0","25","25","0","25","","0","0","0","0","0","0","0","0","0%","0","0","0","0","0","0","0","0","0","0","0"
"06-21-2024","The Chicago Public Education Fund","2,310","-1","0","26","26","0","23","","0","0","0","0","0","0","0","0","0%","1","0","1","1","0","1","0","0","0","0","1"
"06-22-2024","The Chicago Public Education Fund","2,310","0","0","46","46","0","43","","0","3","0","0","0","1","2","0","6.52%","1","0","1","1","0","1","0","0","0","0","1"
"06-23-2024","The Chicago Public Education Fund","2,310","0","0","22","22","0","22","","0","1","0","0","1","0","0","0","4.55%","0","0","0","0","0","0","0","0","0","0","0"
"06-24-2024","The Chicago Public Education Fund","2,310","0","1","655","655","0","530","","0","0","0","0","0","0","0","0","0%","1","1","0","1","1","0","0","0","0","0","1"
"06-25-2024","The Chicago Public Education Fund","2,310","0","1","237","237","0","224","","0","35","4","4","4","0","23","0","14.77%","0","0","0","0","0","0","0","0","0","0","0"
"06-26-2024","The Chicago Public Education Fund","2,310","0","0","100","100","0","92","","0","7","2","0","0","2","3","0","7%","0","0","0","0","0","0","0","0","0","0","0"
"06-27-2024","The Chicago Public Education Fund","2,310","0","0","79","79","0","77","","0","1","0","0","0","0","1","0","1.27%","0","0","0","0","0","0","0","0","0","0","0"
"06-28-2024","The Chicago Public Education Fund","2,310","0","0","48","48","0","48","","0","2","0","1","0","0","1","0","4.17%","0","0","0","0","0","0","0","0","0","0","0"
"06-29-2024","The Chicago Public Education Fund","2,309","-1","0","21","21","0","21","","0","1","0","0","0","1","0","0","4.76%","0","0","0","0","0","0","0","0","0","0","0"
"06-30-2024","The Chicago Public Education Fund","2,309","0","0","19","19","0","18","","0","0","0","0","0","0","0","0","0%","0","0","0","0","0","0","0","0","0","0","0"
"07-01-2024","The Chicago Public Education Fund","2,310","1","0","20","20","0","18","","0","0","0","0","0","0","0","0","0%","0","0","0","0","0","0","0","0","0","0","0"
"07-02-2024","The Chicago Public Education Fund","2,309","-1","0","14,917","15","14,902","13,981","","13,981","0","0","0","0","0","0","0","0%","3,455","292","3,163","5","1","4","3,450","291","3,159","3","3,452"
"07-03-2024","The Chicago Public Education Fund","2,309","0","0","2,388","9","2,379","2,147","","2,135","0","0","0","0","0","0","0","0%","159","14","145","2","0","2","157","14","143","1","158"
"07-04-2024","The Chicago Public Education Fund","2,310","1","0","16","16","0","14","","0","0","0","0","0","0","0","0","0%","2","0","2","2","0","2","0","0","0","0","2"
"07-05-2024","The Chicago Public Education Fund","2,310","0","2","133","133","0","106","","0","0","0","0","0","0","0","0","0%","0","0","0","0","0","0","0","0","0","0","0"
"07-06-2024","The Chicago Public Education Fund","2,310","0","1","117","117","0","107","","0","1","0","0","0","0","1","0","0.85%","0","0","0","0","0","0","0","0","0","0","0"
"07-07-2024","The Chicago Public Education Fund","2,310","0","0","68","68","0","63","","0","4","0","0","1","0","3","0","5.88%","0","0","0","0","0","0","0","0","0","0","0"
"07-08-2024","The Chicago Public Education Fund","2,311","1","0","61","61","0","36","","0","0","0","0","0","0","0","0","0%","0","0","0","0","0","0","0","0","0","0","0"
"07-09-2024","The Chicago Public Education Fund","2,311","0","1","23,388","90","23,298","17,310","","17,190","0","0","0","0","0","0","0","0%","1,281","82","1,199","16","3","13","1,265","79","1,186","4","1,277"
"07-10-2024","The Chicago Public Education Fund","2,312","1","0","21,943","73","21,870","15,875","","15,833","3","0","1","0","1","1","0","0.01%","1,030","57","973","6","2","4","1,024","55","969","1","1,029"
"07-11-2024","The Chicago Public Education Fund","2,311","-1","1","21,674","98","21,576","16,652","","16,606","0","0","0","0","0","0","0","0%","722","42","680","13","1","12","709","41","668","1","721"
"07-12-2024","The Chicago Public Education Fund","2,311","0","2","21,762","138","21,624","16,123","","16,007","2","0","0","0","0","2","0","0.01%","630","33","597","9","3","6","621","30","591","2","628"
"07-13-2024","The Chicago Public Education Fund","2,309","-2","0","24,363","54","24,309","18,064","","18,002","0","0","0","0","0","0","0","0%","774","61","713","7","0","7","767","61","706","1","773"
"07-14-2024","The Chicago Public Education Fund","2,310","1","0","26,389","32","26,357","19,828","","19,815","1","0","0","0","0","1","0","0%","916","60","856","7","2","5","909","58","851","4","912"
"07-15-2024","The Chicago Public Education Fund","2,310","0","2","24,431","389","24,042","19,517","","19,144","0","0","0","0","0","0","0","0%","773","54","719","9","1","8","764","53","711","2","771"
"07-16-2024","The Chicago Public Education Fund","2,310","0","1","20,950","158","20,792","17,233","","17,101","57","8","0","0","0","49","0","0.27%","600","42","558","6","1","5","594","41","553","2","598"
"07-17-2024","The Chicago Public Education Fund","2,311","1","2","20,820","478","20,342","16,470","","16,251","8","4","0","1","0","3","0","0.04%","517","52","465","10","3","7","507","49","458","0","517"
"07-18-2024","The Chicago Public Education Fund","2,310","-1","1","21,305","302","21,003","16,634","","16,496","24","9","2","1","1","11","0","0.11%","564","42","522","7","0","7","557","42","515","2","562"
"07-19-2024","The Chicago Public Education Fund","2,309","-1","1","20,462","157","20,305","16,363","","16,235","43","12","0","1","0","30","0","0.21%","623","66","557","10","4","6","613","62","551","1","622"
"07-20-2024","The Chicago Public Education Fund","2,309","0","0","21,406","102","21,304","16,397","","16,314","4","0","0","0","0","4","0","0.02%","586","39","547","3","1","2","583","38","545","1","585"
"07-21-2024","The Chicago Public Education Fund","2,309","0","0","23,113","60","23,053","17,379","","17,341","6","0","0","0","0","6","0","0.03%","711","57","654","1","0","1","710","57","653","0","711"
"07-22-2024","The Chicago Public Education Fund","2,309","0","2","21,433","266","21,167","16,834","","16,474","1","0","0","1","0","0","0","0%","739","45","694","1","0","1","738","45","693","2","737"
"07-23-2024","The Chicago Public Education Fund","2,309","0","0","20,732","139","20,593","15,836","","15,791","34","14","0","0","0","20","0","0.16%","613","44","569","4","2","2","609","42","567","1","612"
"07-24-2024","The Chicago Public Education Fund","2,309","0","1","21,188","83","21,105","16,578","","16,537","0","0","0","0","0","0","0","0%","592","34","558","2","0","2","590","34","556","0","592"
"07-25-2024","The Chicago Public Education Fund","2,309","0","0","20,171","48","20,123","15,302","","15,278","1","1","0","0","0","0","0","0%","531","34","497","3","1","2","528","33","495","1","530"
"07-26-2024","The Chicago Public Education Fund","2,310","1","2","19,737","503","19,234","15,167","","14,704","2","1","0","0","0","1","0","0.01%","512","38","474","7","1","6","505","37","468","0","512"
"07-27-2024","The Chicago Public Education Fund","2,310","0","0","20,711","132","20,579","15,280","","15,148","215","11","0","0","0","204","0","1.04%","489","35","454","0","0","0","489","35","454","1","488"
"07-28-2024","The Chicago Public Education Fund","2,310","0","0","22,094","50","22,044","16,242","","16,199","23","1","0","0","0","22","0","0.1%","570","52","518","0","0","0","570","52","518","3","567"
"07-29-2024","The Chicago Public Education Fund","2,310","0","2","21,651","94","21,557","15,934","","15,915","18","0","0","0","0","18","0","0.08%","638","36","602","2","1","1","636","35","601","2","636"
"07-30-2024","The Chicago Public Education Fund","2,308","-2","1","20,033","116","19,917","15,761","","15,571","5","2","0","1","0","2","0","0.02%","484","44","440","5","2","3","479","42","437","2","482"
"07-31-2024","The Chicago Public Education Fund","2,309","1","0","22,267","82","22,185","17,796","","17,764","2","0","0","0","0","2","0","0.01%","576","39","537","5","0","5","571","39","532","0","576"
"08-01-2024","The Chicago Public Education Fund","2,309","0","0","21,726","56","21,670","16,971","","16,888","0","0","0","0","0","0","0","0%","528","43","485","1","0","1","527","43","484","3","525"
"08-02-2024","The Chicago Public Education Fund","2,310","1","1","21,143","183","20,960","15,530","","15,395","0","0","0","0","0","0","0","0%","492","37","455","2","0","2","490","37","453","0","492"
"08-03-2024","The Chicago Public Education Fund","2,309","-1","0","22,391","39","22,352","17,282","","17,249","9","3","0","0","0","6","0","0.04%","608","33","575","4","1","3","604","32","572","2","606"
"08-04-2024","The Chicago Public Education Fund","2,309","0","0","24,052","43","24,009","18,250","","18,195","1","0","0","0","0","1","0","0%","626","35","591","5","0","5","621","35","586","1","625"
"08-05-2024","The Chicago Public Education Fund","2,308","-1","0","22,037","47","21,990","17,288","","17,268","0","0","0","0","0","0","0","0%","553","35","518","2","1","1","551","34","517","2","551"
"08-06-2024","The Chicago Public Education Fund","2,310","2","0","22,070","28","22,042","16,670","","16,665","0","0","0","0","0","0","0","0%","647","47","600","7","2","5","640","45","595","1","646"
"08-07-2024","The Chicago Public Education Fund","2,310","0","1","22,221","131","22,090","17,140","","17,110","0","0","0","0","0","0","0","0%","625","35","590","4","1","3","621","34","587","1","624"
"08-08-2024","The Chicago Public Education Fund","2,310","0","1","20,778","59","20,719","16,070","","16,027","1","0","0","0","0","1","0","0%","513","24","489","4","1","3","509","23","486","0","513"
"08-09-2024","The Chicago Public Education Fund","2,310","0","0","19,768","23","19,745","15,678","","15,668","0","0","0","0","0","0","0","0%","561","44","517","3","0","3","558","44","514","1","560"
"08-10-2024","The Chicago Public Education Fund","2,309","-1","0","19,544","18","19,526","15,252","","15,233","0","0","0","0","0","0","0","0%","508","34","474","4","1","3","504","33","471","0","508"
"08-11-2024","The Chicago Public Education Fund","2,309","0","0","21,863","20","21,843","16,277","","16,236","0","0","0","0","0","0","0","0%","716","43","673","4","0","4","712","43","669","4","712"
"08-12-2024","The Chicago Public Education Fund","2,309","0","1","20,477","56","20,421","15,623","","15,604","0","0","0","0","0","0","0","0%","587","42","545","17","4","13","570","38","532","2","585"
"08-13-2024","The Chicago Public Education Fund","2,308","-1","1","20,699","77","20,622","15,729","","15,667","2","2","0","0","0","0","0","0.01%","469","25","444","10","0","10","459","25","434","1","468"
"08-14-2024","The Chicago Public Education Fund","2,309","1","0","7,141","34","7,107","6,339","","6,311","1","0","0","0","1","0","0","0.01%","184","12","172","5","1","4","179","11","168","1","183"
"08-15-2024","The Chicago Public Education Fund","2,308","-1","0","4,120","32","4,088","3,654","","3,636","0","0","0","0","0","0","0","0%","119","8","111","4","0","4","115","8","107","0","119"
"08-16-2024","The Chicago Public Education Fund","2,311","3","0","4,243","90","4,153","3,720","","3,708","0","0","0","0","0","0","0","0%","117","11","106","4","1","3","113","10","103","1","116"
"08-17-2024","The Chicago Public Education Fund","2,310","-1","0","4,038","23","4,015","3,434","","3,402","0","0","0","0","0","0","0","0%","89","6","83","2","1","1","87","5","82","0","89"
"08-18-2024","The Chicago Public Education Fund","2,310","0","0","5,208","19","5,189","4,374","","4,365","0","0","0","0","0","0","0","0%","138","16","122","2","1","1","136","15","121","0","138"
"08-19-2024","The Chicago Public Education Fund","2,310","0","0","4,386","102","4,284","3,684","","3,660","0","0","0","0","0","0","0","0%","121","12","109","2","0","2","119","12","107","1","120"
"08-20-2024","The Chicago Public Education Fund","2,310","0","0","4,306","16","4,290","3,618","","3,595","0","0","0","0","0","0","0","0%","95","6","89","0","0","0","95","6","89","0","95"
"08-21-2024","The Chicago Public Education Fund","2,310","0","1","4,305","26","4,279","3,660","","3,648","0","0","0","0","0","0","0","0%","117","15","102","2","0","2","115","15","100","0","117"
"08-22-2024","The Chicago Public Education Fund","2,310","0","0","4,731","14","4,717","4,003","","3,982","0","0","0","0","0","0","0","0%","171","20","151","2","0","2","169","20","149","0","171"
"08-23-2024","The Chicago Public Education Fund","2,309","-1","0","4,139","15","4,124","3,521","","3,493","0","0","0","0","0","0","0","0%","156","11","145","4","1","3","152","10","142","0","156"
"08-24-2024","The Chicago Public Education Fund","2,310","1","0","4,899","16","4,883","3,975","","3,961","0","0","0","0","0","0","0","0%","159","8","151","1","0","1","158","8","150","0","159"
"08-25-2024","The Chicago Public Education Fund","2,309","-1","0","4,906","17","4,889","4,046","","4,046","0","0","0","0","0","0","0","0%","173","8","165","1","0","1","172","8","164","0","173"
"08-26-2024","The Chicago Public Education Fund","2,308","-1","1","4,890","101","4,789","3,887","","3,821","0","0","0","0","0","0","0","0%","172","10","162","2","0","2","170","10","160","0","172"
"08-27-2024","The Chicago Public Education Fund","2,306","-2","6","4,137","297","3,840","3,450","","3,299","1","1","0","0","0","0","0","0.02%","186","15","171","7","1","6","179","14","165","4","182"
"08-28-2024","The Chicago Public Education Fund","2,306","0","0","3,742","183","3,559","3,054","","2,971","42","6","0","1","1","34","0","1.12%","164","12","152","3","0","3","161","12","149","0","164"
"08-29-2024","The Chicago Public Education Fund","2,306","0","0","4,131","234","3,897","3,407","","3,376","7","1","0","0","0","6","0","0.17%","154","5","149","1","0","1","153","5","148","0","154"
"08-30-2024","The Chicago Public Education Fund","2,306","0","0","4,398","110","4,288","3,660","","3,630","3","0","0","0","0","3","0","0.07%","196","18","178","1","0","1","195","18","177","1","195"
"08-31-2024","The Chicago Public Education Fund","2,307","1","0","3,157","33","3,124","2,741","","2,711","2","0","0","0","0","2","0","0.06%","126","11","115","1","0","1","125","11","114","0","126"
"09-01-2024","The Chicago Public Education Fund","2,307","0","0","10","10","0","9","","0","1","0","0","0","0","1","0","10%","3","0","3","3","0","3","0","0","0","0","3"
"09-02-2024","The Chicago Public Education Fund","2,307","0","0","10,549","9","10,540","8,398","","8,384","0","0","0","0","0","0","0","0%","1,121","47","1,074","4","1","3","1,117","46","1,071","7","1,114"
"09-03-2024","The Chicago Public Education Fund","2,308","1","0","12,742","9","12,733","10,053","","10,053","0","0","0","0","0","0","0","0%","1,273","55","1,218","0","0","0","1,273","55","1,218","1","1,272"
"09-04-2024","The Chicago Public Education Fund","2,307","-1","1","13,568","57","13,511","10,590","","10,583","0","0","0","0","0","0","0","0%","1,379","56","1,323","8","0","8","1,371","56","1,315","1","1,378"
"09-05-2024","The Chicago Public Education Fund","2,307","0","1","13,433","35","13,398","10,343","","10,321","1","0","0","0","1","0","0","0.01%","1,275","91","1,184","1","1","0","1,274","90","1,184","2","1,273"
"09-06-2024","The Chicago Public Education Fund","2,307","0","0","12,385","26","12,359","9,529","","9,513","0","0","0","0","0","0","0","0%","1,159","71","1,088","5","1","4","1,154","70","1,084","0","1,159"
"09-07-2024","The Chicago Public Education Fund","2,308","1","0","14,083","59","14,024","10,618","","10,536","0","0","0","0","0","0","0","0%","1,323","74","1,249","28","14","14","1,295","60","1,235","2","1,321"
"09-08-2024","The Chicago Public Education Fund","2,308","0","0","14,450","33","14,417","10,931","","10,921","0","0","0","0","0","0","0","0%","1,284","71","1,213","9","3","6","1,275","68","1,207","2","1,282"
"09-09-2024","The Chicago Public Education Fund","2,308","0","0","13,055","15","13,040","10,115","","10,115","0","0","0","0","0","0","0","0%","1,195","59","1,136","5","3","2","1,190","56","1,134","2","1,193"
"09-10-2024","The Chicago Public Education Fund","2,310","2","0","13,106","180","12,926","10,085","","10,083","0","0","0","0","0","0","0","0%","1,222","75","1,147","3","0","3","1,219","75","1,144","2","1,220"
"09-11-2024","The Chicago Public Education Fund","2,310","0","1","12,364","89","12,275","9,914","","9,767","3","1","0","0","0","2","0","0.02%","904","57","847","3","2","1","901","55","846","2","902"
"09-12-2024","The Chicago Public Education Fund","2,311","1","0","11,088","31","11,057","8,778","","8,750","2","2","0","0","0","0","0","0.02%","846","39","807","3","1","2","843","38","805","0","846"
"09-13-2024","The Chicago Public Education Fund","2,311","0","0","11,565","14","11,551","8,899","","8,899","0","0","0","0","0","0","0","0%","845","40","805","0","0","0","845","40","805","0","845"
"09-14-2024","The Chicago Public Education Fund","2,312","1","0","12,341","27","12,314","9,385","","9,378","0","0","0","0","0","0","0","0%","914","51","863","0","0","0","914","51","863","1","913"
"09-15-2024","The Chicago Public Education Fund","2,310","-2","0","13,482","44","13,438","10,622","","10,604","0","0","0","0","0","0","0","0%","1,040","52","988","0","0","0","1,040","52","988","5","1,035"
"09-16-2024","The Chicago Public Education Fund","2,310","0","0","12,959","8","12,951","10,384","","10,371","0","0","0","0","0","0","0","0%","1,002","61","941","1","0","1","1,001","61","940","1","1,001"
"09-17-2024","The Chicago Public Education Fund","2,310","0","0","12,341","28","12,313","10,114","","10,114","0","0","0","0","0","0","0","0%","922","58","864","2","0","2","920","58","862","2","920"
"09-18-2024","The Chicago Public Education Fund","2,310","0","1","11,931","121","11,810","9,499","","9,387","0","0","0","0","0","0","0","0%","921","50","871","1","1","0","920","49","871","3","918"
"09-19-2024","The Chicago Public Education Fund","2,311","1","0","11,382","50","11,332","9,208","","9,152","19","1","0","0","1","17","0","0.17%","838","39","799","0","0","0","838","39","799","2","836"
"09-20-2024","The Chicago Public Education Fund","2,316","5","1","11,016","54","10,962","8,888","","8,846","0","0","0","0","0","0","0","0%","913","48","865","14","1","13","899","47","852","1","912"
"09-21-2024","The Chicago Public Education Fund","2,316","0","0","12,612","31","12,581","9,577","","9,572","5","1","0","0","0","4","0","0.04%","984","59","925","4","1","3","980","58","922","2","982"
"09-22-2024","The Chicago Public Education Fund","2,316","0","0","12,680","17","12,663","9,310","","9,310","3","0","0","0","0","3","0","0.02%","1,075","44","1,031","1","0","1","1,074","44","1,030","1","1,074"
"09-23-2024","The Chicago Public Education Fund","2,315","-1","0","10,850","40","10,810","8,390","","8,375","0","0","0","0","0","0","0","0%","921","18","903","4","2","2","917","16","901","0","921"
"09-24-2024","The Chicago Public Education Fund","2,316","1","0","10,967","35","10,932","8,323","","8,309","0","0","0","0","0","0","0","0%","900","18","882","3","1","2","897","17","880","0","900"
"09-25-2024","The Chicago Public Education Fund","2,315","-1","1","10,719","63","10,656","8,544","","8,495","0","0","0","0","0","0","0","0%","863","48","815","2","0","2","861","48","813","2","861"
"09-26-2024","The Chicago Public Education Fund","2,315","0","0","10,705","17","10,688","8,522","","8,506","2","0","0","1","1","0","0","0.02%","891","30","861","0","0","0","891","30","861","7","884"
"09-27-2024","The Chicago Public Education Fund","2,314","-1","3","11,047","60","10,987","8,833","","8,818","0","0","0","0","0","0","0","0%","904","26","878","1","1","0","903","25","878","5","899"
"09-28-2024","The Chicago Public Education Fund","2,316","2","0","11,872","32","11,840","9,839","","9,835","0","0","0","0","0","0","0","0%","925","51","874","0","0","0","925","51","874","5","920"
"09-29-2024","The Chicago Public Education Fund","2,316","0","0","12,591","22","12,569","10,180","","10,175","1","0","0","0","0","1","0","0.01%","989","56","933","0","0","0","989","56","933","2","987"
"09-30-2024","The Chicago Public Education Fund","2,317","1","0","13,062","121","12,941","10,561","","10,557","0","0","0","0","0","0","0","0%","1,013","40","973","1","0","1","1,012","40","972","2","1,011"
"10-01-2024","The Chicago Public Education Fund","2,316","-1","3","13,013","117","12,896","10,455","","10,402","1","0","0","0","0","1","0","0.01%","1,002","38","964","3","3","0","999","35","964","3","999"
"10-02-2024","The Chicago Public Education Fund","2,316","0","0","11,599","58","11,541","9,647","","9,588","3","1","0","0","2","0","0","0.03%","915","53","862","1","0","1","914","53","861","1","914"
"10-03-2024","The Chicago Public Education Fund","2,316","0","3","11,312","283","11,029","9,817","","9,654","0","0","0","0","0","0","0","0%","942","46","896","5","0","5","937","46","891","1","941"
"10-04-2024","The Chicago Public Education Fund","2,316","0","0","11,768","119","11,649","9,961","","9,899","25","7","0","0","1","17","0","0.21%","941","46","895","15","2","13","926","44","882","2","939"
"10-05-2024","The Chicago Public Education Fund","2,316","0","0","4,156","48","4,108","3,867","","3,827","2","2","0","0","0","0","0","0.05%","308","17","291","0","0","0","308","17","291","1","307"
"10-06-2024","The Chicago Public Education Fund","2,316","0","0","4,571","124","4,447","4,251","","4,235","1","1","0","0","0","0","0","0.02%","334","16","318","6","2","4","328","14","314","0","334"
"10-07-2024","The Chicago Public Education Fund","2,316","0","2","13,415","395","13,020","11,165","","10,909","0","0","0","0","0","0","0","0%","1,135","55","1,080","5","1","4","1,130","54","1,076","2","1,133"
"10-08-2024","The Chicago Public Education Fund","2,315","-1","6","14,690","495","14,195","12,232","","12,097","150","12","0","2","0","136","0","1.02%","1,280","71","1,209","12","2","10","1,268","69","1,199","6","1,274"
"10-09-2024","The Chicago Public Education Fund","2,316","1","1","12,594","332","12,262","10,485","","10,276","55","10","0","1","2","42","0","0.44%","1,107","52","1,055","1","0","1","1,106","52","1,054","1","1,106"
"10-10-2024","The Chicago Public Education Fund","2,319","3","1","14,584","802","13,782","12,225","","11,638","155","11","0","0","0","144","0","1.06%","1,862","236","1,626","554","179","375","1,308","57","1,251","18","1,844"
"10-11-2024","The Chicago Public Education Fund","2,323","4","1","14,256","740","13,516","11,729","","11,173","526","199","65","14","0","248","0","3.69%","1,755","206","1,549","535","145","390","1,220","61","1,159","23","1,732"
"10-12-2024","The Chicago Public Education Fund","2,325","2","0","14,078","424","13,654","12,132","","11,823","193","94","27","6","0","66","0","1.37%","1,415","136","1,279","205","59","146","1,210","77","1,133","8","1,407"
"10-13-2024","The Chicago Public Education Fund","2,324","-1","0","11,573","298","11,275","11,065","","10,821","92","48","15","2","0","27","0","0.79%","1,353","100","1,253","121","28","93","1,232","72","1,160","14","1,339"
"10-14-2024","The Chicago Public Education Fund","2,326","2","0","180","180","0","169","","0","56","26","12","0","0","18","0","31.11%","84","15","69","82","14","68","2","1","1","2","82"
"10-15-2024","The Chicago Public Education Fund","2,327","1","1","441","441","0","371","","0","106","23","5","2","0","76","0","24.04%","26","4","22","26","4","22","0","0","0","0","26"
"10-16-2024","The Chicago Public Education Fund","2,332","5","2","1,016","1,016","0","727","","0","67","6","0","1","0","60","0","6.59%","25","3","22","25","3","22","0","0","0","0","25"
"10-17-2024","The Chicago Public Education Fund","2,332","0","2","1,146","1,146","0","738","","0","616","74","11","7","0","524","0","53.75%","26","7","19","26","7","19","0","0","0","0","26"
"10-18-2024","The Chicago Public Education Fund","2,333","1","0","282","282","0","208","","0","255","37","7","0","0","211","0","90.43%","27","7","20","27","7","20","0","0","0","0","27"
"10-19-2024","The Chicago Public Education Fund","2,334","1","0","141","141","0","124","","0","79","12","3","0","0","64","0","56.03%","10","3","7","10","3","7","0","0","0","2","8"
"10-20-2024","The Chicago Public Education Fund","2,334","0","0","107","107","0","99","","0","13","1","0","0","0","12","0","12.15%","7","1","6","7","1","6","0","0","0","0","7"
"10-21-2024","The Chicago Public Education Fund","2,333","-1","1","142","142","0","129","","0","9","2","1","0","0","6","0","6.34%","5","1","4","5","1","4","0","0","0","0","5"
"10-22-2024","The Chicago Public Education Fund","2,333","0","1","182","182","0","153","","0","3","1","0","0","0","2","0","1.65%","7","4","3","7","4","3","0","0","0","1","6"
"10-23-2024","The Chicago Public Education Fund","2,334","1","1","355","355","0","278","","0","103","2","0","0","0","101","0","29.01%","9","1","8","9","1","8","0","0","0","0","9"
"10-24-2024","The Chicago Public Education Fund","2,336","2","1","929","929","0","857","","0","109","8","0","0","0","101","0","11.73%","14","2","12","14","2","12","0","0","0","0","14"
"10-25-2024","The Chicago Public Education Fund","2,337","1","0","393","393","0","329","","0","434","86","31","4","0","313","0","110.43%","13","2","11","13","2","11","0","0","0","0","13"
"10-26-2024","The Chicago Public Education Fund","2,339","2","2","424","424","0","303","","0","135","25","20","0","0","90","0","31.84%","25","3","22","25","3","22","0","0","0","2","23"
"10-27-2024","The Chicago Public Education Fund","2,339","0","0","180","180","0","165","","0","98","16","3","0","0","79","0","54.44%","6","2","4","6","2","4","0","0","0","0","6"
"10-28-2024","The Chicago Public Education Fund","2,340","1","3","195","195","0","118","","0","20","5","1","0","0","14","0","10.26%","5","0","5","5","0","5","0","0","0","0","5"
"10-29-2024","The Chicago Public Education Fund","2,340","0","3","383","383","0","216","","0","22","7","5","0","0","10","0","5.74%","28","6","22","28","6","22","0","0","0","2","26"
"10-30-2024","The Chicago Public Education Fund","2,340","0","10","397","397","0","194","","0","32","14","1","1","0","16","0","8.06%","23","6","17","23","6","17","0","0","0","0","23"
"10-31-2024","The Chicago Public Education Fund","2,341","1","3","495","495","0","218","","0","37","12","1","0","0","24","0","7.47%","16","4","12","16","4","12","0","0","0","1","15"
"11-01-2024","The Chicago Public Education Fund","2,340","-1","2","186","186","0","140","","0","341","9","0","0","6","326","0","183.33%","14","5","9","14","5","9","0","0","0","2","12"
"11-02-2024","The Chicago Public Education Fund","2,341","1","0","102","102","0","78","","0","20","2","0","0","0","18","0","19.61%","11","2","9","11","2","9","0","0","0","0","11"
"11-03-2024","The Chicago Public Education Fund","2,341","0","0","79","79","0","69","","0","30","3","0","0","0","27","0","37.97%","5","0","5","5","0","5","0","0","0","1","4"
"11-04-2024","The Chicago Public Education Fund","2,343","2","1","77","77","0","69","","0","16","1","0","0","0","15","0","20.78%","7","2","5","7","2","5","0","0","0","0","7"
"11-05-2024","The Chicago Public Education Fund","2,343","0","0","123","123","0","112","","0","7","0","0","0","0","7","0","5.69%","38","8","30","38","8","30","0","0","0","2","36"
"11-06-2024","The Chicago Public Education Fund","2,342","-1","0","54","54","0","41","","0","1","1","0","0","0","0","0","1.85%","8","2","6","8","2","6","0","0","0","0","8"
"11-07-2024","The Chicago Public Education Fund","2,342","0","1","42","42","0","39","","0","0","0","0","0","0","0","0","0%","4","1","3","4","1","3","0","0","0","0","4"
"11-08-2024","The Chicago Public Education Fund","2,343","1","1","192","192","0","180","","0","9","1","0","0","0","8","0","4.69%","5","0","5","5","0","5","0","0","0","0","5"
"11-09-2024","The Chicago Public Education Fund","2,343","0","0","64","64","0","47","","0","32","0","0","0","0","32","0","50%","7","3","4","7","3","4","0","0","0","1","6"
"11-10-2024","The Chicago Public Education Fund","2,344","1","0","50","50","0","50","","0","3","1","0","0","0","2","0","6%","5","3","2","5","3","2","0","0","0","1","4"
"11-11-2024","The Chicago Public Education Fund","2,345","1","2","338","338","0","101","","0","4","0","0","0","0","4","0","1.18%","5","0","5","5","0","5","0","0","0","0","5"
"11-12-2024","The Chicago Public Education Fund","2,345","0","1","130","130","0","99","","0","4","0","0","1","0","3","0","3.08%","3","0","3","3","0","3","0","0","0","0","3"
"11-13-2024","The Chicago Public Education Fund","2,345","0","0","90","90","0","52","","0","5","0","0","0","0","5","0","5.56%","4","1","3","4","1","3","0","0","0","0","4"
"11-14-2024","The Chicago Public Education Fund","2,348","3","1","365","365","0","88","","0","3","0","0","0","0","3","0","0.82%","10","0","10","10","0","10","0","0","0","0","10"
"11-15-2024","The Chicago Public Education Fund","2,350","2","2","324","324","0","179","","0","0","0","0","0","0","0","0","0%","15","1","14","15","1","14","0","0","0","0","15"
"11-16-2024","The Chicago Public Education Fund","2,350","0","0","150","150","0","93","","0","49","7","0","1","2","39","0","32.67%","6","0","6","6","0","6","0","0","0","3","3"
"11-17-2024","The Chicago Public Education Fund","2,351","1","0","69","69","0","45","","0","15","1","0","0","0","14","0","21.74%","3","0","3","3","0","3","0","0","0","0","3"
"11-18-2024","The Chicago Public Education Fund","2,351","0","2","111","111","0","63","","0","8","1","0","0","0","7","0","7.21%","3","0","3","3","0","3","0","0","0","0","3"
"11-19-2024","The Chicago Public Education Fund","2,351","0","1","91","91","0","58","","0","5","1","0","0","0","4","0","5.49%","5","0","5","5","0","5","0","0","0","0","5"
"11-20-2024","The Chicago Public Education Fund","2,352","1","1","149","149","0","116","","0","6","1","0","0","1","4","0","4.03%","5","2","3","5","2","3","0","0","0","0","5"
"11-21-2024","The Chicago Public Education Fund","2,352","0","1","187","187","0","155","","0","3","1","0","1","0","1","0","1.6%","0","0","0","0","0","0","0","0","0","0","0"
"11-22-2024","The Chicago Public Education Fund","2,353","1","0","216","216","0","58","","0","28","0","0","0","0","28","0","12.96%","8","0","8","8","0","8","0","0","0","0","8"
"11-23-2024","The Chicago Public Education Fund","2,354","1","0","57","57","0","54","","0","12","2","0","0","0","10","0","21.05%","5","2","3","5","2","3","0","0","0","0","5"
"11-24-2024","The Chicago Public Education Fund","2,354","0","1","80","80","0","72","","0","1","0","0","0","0","1","0","1.25%","3","0","3","3","0","3","0","0","0","0","3"
"11-25-2024","The Chicago Public Education Fund","2,354","0","0","131","131","0","52","","0","0","0","0","0","0","0","0","0%","9","1","8","9","1","8","0","0","0","2","7"
"11-26-2024","The Chicago Public Education Fund","2,354","0","0","41","41","0","27","","0","3","0","0","0","0","3","0","7.32%","5","0","5","5","0","5","0","0","0","1","4"
"11-27-2024","The Chicago Public Education Fund","2,353","-1","1","271","271","0","227","","0","1","0","0","0","0","1","0","0.37%","4","0","4","4","0","4","0","0","0","0","4"
"11-28-2024","The Chicago Public Education Fund","2,353","0","0","62","62","0","56","","0","63","10","3","0","0","50","0","101.61%","1","0","1","1","0","1","0","0","0","0","1"
"11-29-2024","The Chicago Public Education Fund","2,353","0","0","96","96","0","39","","0","5","1","0","0","0","4","0","5.21%","2","0","2","2","0","2","0","0","0","0","2"
"11-30-2024","The Chicago Public Education Fund","2,352","-1","0","41","41","0","40","","0","3","0","0","0","0","3","0","7.32%","4","1","3","4","1","3","0","0","0","0","4"
"12-01-2024","The Chicago Public Education Fund","2,352","0","0","43","43","0","31","","0","2","0","0","0","0","2","0","4.65%","7","2","5","7","2","5","0","0","0","0","7"
"12-02-2024","The Chicago Public Education Fund","2,353","1","1","101","101","0","36","","0","0","0","0","0","0","0","0","0%","6","2","4","6","2","4","0","0","0","0","6"
"12-03-2024","The Chicago Public Education Fund","2,353","0","1","69","69","0","65","","0","2","0","0","0","0","2","0","2.9%","2","0","2","2","0","2","0","0","0","0","2"
"12-04-2024","The Chicago Public Education Fund","2,353","0","0","71","71","0","29","","0","2","1","1","0","0","0","0","2.82%","2","0","2","2","0","2","0","0","0","0","2"
"12-05-2024","The Chicago Public Education Fund","2,351","-2","1","197","197","0","159","","0","8","3","1","0","1","3","0","4.06%","3","1","2","3","1","2","0","0","0","1","2"
"12-06-2024","The Chicago Public Education Fund","2,351","0","0","46","46","0","36","","0","2","1","0","0","0","1","0","4.35%","3","0","3","3","0","3","0","0","0","0","3"
"12-07-2024","The Chicago Public Education Fund","2,351","0","0","31","31","0","27","","0","0","0","0","0","0","0","0","0%","1","0","1","1","0","1","0","0","0","0","1"
"12-08-2024","The Chicago Public Education Fund","2,351","0","0","20","20","0","19","","0","0","0","0","0","0","0","0","0%","1","0","1","1","0","1","0","0","0","0","1"
"12-09-2024","The Chicago Public Education Fund","2,351","0","0","56","56","0","31","","0","1","1","0","0","0","0","0","1.79%","10","3","7","10","3","7","0","0","0","0","10"
"12-10-2024","The Chicago Public Education Fund","2,351","0","2","150","150","0","101","","0","1","1","0","0","0","0","0","0.67%","59","14","45","59","14","45","0","0","0","2","57"
"12-11-2024","The Chicago Public Education Fund","2,352","1","0","99","99","0","82","","0","14","6","0","1","0","7","0","14.14%","13","5","8","13","5","8","0","0","0","0","13"
"12-12-2024","The Chicago Public Education Fund","2,351","-1","1","89","89","0","64","","0","13","1","0","0","0","12","0","14.61%","20","2","18","20","2","18","0","0","0","0","20"
"12-13-2024","The Chicago Public Education Fund","2,351","0","0","41","41","0","39","","0","0","0","0","0","0","0","0","0%","3","1","2","3","1","2","0","0","0","0","3"
"12-14-2024","The Chicago Public Education Fund","2,350","-1","0","57","57","0","31","","0","4","1","0","0","0","3","0","7.02%","12","1","11","12","1","11","0","0","0","1","11"
"12-15-2024","The Chicago Public Education Fund","2,350","0","0","33","33","0","32","","0","0","0","0","0","0","0","0","0%","12","3","9","12","3","9","0","0","0","0","12"
"12-16-2024","The Chicago Public Education Fund","2,350","0","0","37","37","0","35","","0","2","0","0","0","0","2","0","5.41%","4","2","2","4","2","2","0","0","0","0","4"
"12-17-2024","The Chicago Public Education Fund","2,349","-1","1","72","72","0","63","","0","0","0","0","0","0","0","0","0%","8","3","5","8","3","5","0","0","0","2","6"
"12-18-2024","The Chicago Public Education Fund","2,350","1","1","2,679","2,679","0","1,489","","0","4","0","0","0","3","1","0","0.15%","6","0","6","6","0","6","0","0","0","1","5"
"12-19-2024","The Chicago Public Education Fund","2,350","0","2","1,057","1,057","0","634","","0","88","4","0","2","44","38","0","8.33%","8","1","7","8","1","7","0","0","0","0","8"
"12-20-2024","The Chicago Public Education Fund","2,350","0","0","361","361","0","230","","0","136","21","0","2","8","105","0","37.67%","1","0","1","1","0","1","0","0","0","0","1"
"12-21-2024","The Chicago Public Education Fund","2,350","0","0","203","203","0","130","","0","9","2","0","0","1","6","0","4.43%","1","0","1","1","0","1","0","0","0","0","1"
"12-22-2024","The Chicago Public Education Fund","2,351","1","0","98","98","0","81","","0","10","1","0","0","1","8","0","10.2%","4","1","3","4","1","3","0","0","0","0","4"
"12-23-2024","The Chicago Public Education Fund","2,351","0","0","100","100","0","71","","0","12","1","0","0","0","11","0","12%","3","1","2","3","1","2","0","0","0","0","3"
"12-24-2024","The Chicago Public Education Fund","2,350","-1","1","96","96","0","84","","0","0","0","0","0","0","0","0","0%","3","0","3","3","0","3","0","0","0","0","3"
"12-25-2024","The Chicago Public Education Fund","2,350","0","0","58","58","0","49","","0","5","0","0","0","3","2","0","8.62%","0","0","0","0","0","0","0","0","0","0","0"
"12-26-2024","The Chicago Public Education Fund","2,350","0","1","108","108","0","92","","0","0","0","0","0","0","0","0","0%","5","3","2","5","3","2","0","0","0","0","5"
"12-27-2024","The Chicago Public Education Fund","2,350","0","0","63","63","0","47","","0","12","1","1","0","3","7","0","19.05%","6","2","4","6","2","4","0","0","0","2","4"
"12-28-2024","The Chicago Public Education Fund","2,349","-1","0","31","31","0","29","","0","1","1","0","0","0","0","0","3.23%","0","0","0","0","0","0","0","0","0","0","0"
"12-29-2024","The Chicago Public Education Fund","2,349","0","0","33","33","0","33","","0","2","0","0","0","1","1","0","6.06%","3","2","1","3","2","1","0","0","0","1","2"
"12-30-2024","The Chicago Public Education Fund","2,348","-1","0","25","25","0","24","","0","2","0","0","0","2","0","0","8%","4","2","2","4","2","2","0","0","0","0","4"
"12-31-2024","The Chicago Public Education Fund","2,350","2","0","173","173","0","30","","0","1","0","0","0","1","0","0","0.58%","12","2","10","12","2","10","0","0","0","0","12"
"01-01-2025","The Chicago Public Education Fund","2,350","0","0","101","101","0","22","","0","3","0","0","0","2","1","0","2.97%","2","0","2","2","0","2","0","0","0","0","2"
"01-02-2025","The Chicago Public Education Fund","2,350","0","0","31","31","0","26","","0","0","0","0","0","0","0","0","0%","3","0","3","3","0","3","0","0","0","0","3"
"01-03-2025","The Chicago Public Education Fund","2,350","0","1","91","91","0","64","","0","0","0","0","0","0","0","0","0%","2","0","2","2","0","2","0","0","0","0","2"
"01-04-2025","The Chicago Public Education Fund","2,351","1","0","45","45","0","28","","0","0","0","0","0","0","0","0","0%","2","0","2","2","0","2","0","0","0","0","2"
"01-05-2025","The Chicago Public Education Fund","2,350","-1","0","44","44","0","23","","0","0","0","0","0","0","0","0","0%","3","2","1","3","2","1","0","0","0","0","3"
"01-06-2025","The Chicago Public Education Fund","2,350","0","0","41","41","0","22","","0","0","0","0","0","0","0","0","0%","1","0","1","1","0","1","0","0","0","0","1"
"01-07-2025","The Chicago Public Education Fund","2,350","0","1","69","69","0","46","","0","1","0","0","0","1","0","0","1.45%","1","1","0","1","1","0","0","0","0","0","1"
"01-08-2025","The Chicago Public Education Fund","2,349","-1","0","27","27","0","18","","0","1","0","0","0","1","0","0","3.7%","2","0","2","2","0","2","0","0","0","0","2"
"01-09-2025","The Chicago Public Education Fund","2,349","0","1","450","450","0","41","","0","0","0","0","0","0","0","0","0%","1","1","0","1","1","0","0","0","0","1","0"
"01-10-2025","The Chicago Public Education Fund","2,350","1","2","313","313","0","96","","0","22","5","2","0","0","15","0","7.03%","6","2","4","6","2","4","0","0","0","0","6"
"01-11-2025","The Chicago Public Education Fund","2,349","-1","0","185","185","0","91","","0","5","2","0","0","0","3","0","2.7%","3","1","2","3","1","2","0","0","0","0","3"
"01-12-2025","The Chicago Public Education Fund","2,348","-1","0","198","198","0","90","","0","18","4","3","0","0","11","0","9.09%","5","0","5","5","0","5","0","0","0","0","5"
"01-13-2025","The Chicago Public Education Fund","2,348","0","2","242","242","0","105","","0","28","8","2","0","0","18","0","11.57%","9","1","8","9","1","8","0","0","0","0","9"
"01-14-2025","The Chicago Public Education Fund","2,348","0","0","80","80","0","49","","0","10","5","0","0","0","5","0","12.5%","4","1","3","4","1","3","0","0","0","1","3"
"01-15-2025","The Chicago Public Education Fund","2,348","0","2","938","938","0","436","","0","80","29","12","1","1","37","0","8.53%","3","1","2","3","1","2","0","0","0","0","3"
"01-16-2025","The Chicago Public Education Fund","2,348","0","1","509","509","0","264","","0","98","29","21","0","1","47","0","19.25%","6","0","6","6","0","6","0","0","0","0","6"
"01-17-2025","The Chicago Public Education Fund","2,348","0","2","472","472","0","202","","0","29","11","7","0","0","11","0","6.14%","5","2","3","5","2","3","0","0","0","1","4"
"01-18-2025","The Chicago Public Education Fund","2,347","-1","0","161","161","0","96","","0","5","2","0","0","0","3","0","3.11%","2","2","0","2","2","0","0","0","0","1","1"
"01-19-2025","The Chicago Public Education Fund","2,347","0","0","111","111","0","51","","0","6","3","0","0","0","3","0","5.41%","7","0","7","7","0","7","0","0","0","0","7"
"01-20-2025","The Chicago Public Education Fund","2,348","1","0","71","71","0","43","","0","1","1","0","0","0","0","0","1.41%","5","1","4","5","1","4","0","0","0","1","4"
"01-21-2025","The Chicago Public Education Fund","2,347","-1","0","136","136","0","28","","0","0","0","0","0","0","0","0","0%","4","2","2","4","2","2","0","0","0","0","4"
"01-22-2025","The Chicago Public Education Fund","2,347","0","0","163","163","0","27","","0","0","0","0","0","0","0","0","0%","2","1","1","2","1","1","0","0","0","0","2"
"01-23-2025","The Chicago Public Education Fund","2,348","1","0","52","52","0","28","","0","0","0","0","0","0","0","0","0%","1","0","1","1","0","1","0","0","0","0","1"
"01-24-2025","The Chicago Public Education Fund","2,349","1","1","228","228","0","155","","0","4","1","1","0","0","2","0","1.75%","5","1","4","5","1","4","0","0","0","0","5"
"01-25-2025","The Chicago Public Education Fund","2,349","0","0","75","75","0","50","","0","3","2","0","1","0","0","0","4%","1","0","1","1","0","1","0","0","0","0","1"
"01-26-2025","The Chicago Public Education Fund","2,348","-1","0","49","49","0","32","","0","1","0","0","0","1","0","0","2.04%","4","0","4","4","0","4","0","0","0","0","4"
"01-27-2025","The Chicago Public Education Fund","2,349","1","1","105","105","0","69","","0","0","0","0","0","0","0","0","0%","1","0","1","1","0","1","0","0","0","0","1"
"01-28-2025","The Chicago Public Education Fund","2,348","-1","1","251","251","0","134","","0","4","1","0","1","1","1","0","1.59%","4","0","4","4","0","4","0","0","0","0","4"
"01-29-2025","The Chicago Public Education Fund","2,348","0","2","356","356","0","155","","0","17","7","2","0","1","7","0","4.78%","4","1","3","4","1","3","0","0","0","0","4"
"01-30-2025","The Chicago Public Education Fund","2,347","-1","1","333","333","0","161","","0","16","8","2","1","0","5","0","4.8%","3","2","1","3","2","1","0","0","0","0","3"
"01-31-2025","The Chicago Public Education Fund","2,347","0","0","126","126","0","72","","0","12","1","0","0","2","9","0","9.52%","1","1","0","1","1","0","0","0","0","0","1"
"02-01-2025","The Chicago Public Education Fund","2,347","0","0","78","78","0","46","","0","2","1","0","0","0","1","0","2.56%","2","1","1","2","1","1","0","0","0","0","2"
"02-02-2025","The Chicago Public Education Fund","2,348","1","0","52","52","0","35","","0","0","0","0","0","0","0","0","0%","4","1","3","4","1","3","0","0","0","0","4"
"02-03-2025","The Chicago Public Education Fund","2,348","0","0","33","33","0","23","","0","0","0","0","0","0","0","0","0%","2","0","2","2","0","2","0","0","0","0","2"
"02-04-2025","The Chicago Public Education Fund","2,348","0","1","104","104","0","65","","0","0","0","0","0","0","0","0","0%","0","0","0","0","0","0","0","0","0","0","0"
"02-05-2025","The Chicago Public Education Fund","2,347","-1","2","107","107","0","59","","0","1","0","0","0","0","1","0","0.93%","5","2","3","5","2","3","0","0","0","0","5"
"02-06-2025","The Chicago Public Education Fund","2,348","1","0","52","52","0","34","","0","3","0","1","0","0","2","0","5.77%","3","2","1","3","2","1","0","0","0","0","3"
"02-07-2025","The Chicago Public Education Fund","2,349","1","1","131","131","0","74","","0","4","0","0","0","0","4","0","3.05%","4","0","4","4","0","4","0","0","0","1","3"
"02-08-2025","The Chicago Public Education Fund","2,350","1","0","80","80","0","43","","0","4","0","1","1","0","2","0","5%","2","0","2","2","0","2","0","0","0","0","2"
"02-09-2025","The Chicago Public Education Fund","2,351","1","0","128","128","0","87","","0","6","2","0","0","0","4","0","4.69%","3","0","3","3","0","3","0","0","0","0","3"
"02-10-2025","The Chicago Public Education Fund","2,350","-1","1","131","131","0","78","","0","5","4","0","0","0","1","0","3.82%","1","0","1","1","0","1","0","0","0","0","1"
"02-11-2025","The Chicago Public Education Fund","2,352","2","2","1,777","1,777","0","756","","0","14","4","0","0","0","10","0","0.79%","6","0","6","6","0","6","0","0","0","0","6"
"02-12-2025","The Chicago Public Education Fund","2,354","2","1","1,248","1,248","0","624","","0","259","45","3","5","0","206","0","20.75%","20","6","14","20","6","14","0","0","0","1","19"
"02-13-2025","The Chicago Public Education Fund","2,353","-1","0","273","273","0","165","","0","41","14","1","0","0","26","0","15.02%","6","2","4","6","2","4","0","0","0","0","6"
"02-14-2025","The Chicago Public Education Fund","2,352","-1","1","208","208","0","132","","0","15","3","0","0","0","12","0","7.21%","5","0","5","5","0","5","0","0","0","0","5"
"02-15-2025","The Chicago Public Education Fund","2,352","0","0","130","130","0","82","","0","9","2","0","0","0","7","0","6.92%","2","0","2","2","0","2","0","0","0","0","2"
"02-16-2025","The Chicago Public Education Fund","2,353","1","0","183","183","0","54","","0","6","4","0","0","0","2","0","3.28%","3","0","3","3","0","3","0","0","0","0","3"
"02-17-2025","The Chicago Public Education Fund","2,353","0","0","121","121","0","46","","0","6","2","0","0","0","4","0","4.96%","5","1","4","5","1","4","0","0","0","0","5"
"02-18-2025","The Chicago Public Education Fund","2,353","0","1","114","114","0","75","","0","3","3","0","0","0","0","0","2.63%","2","1","1","2","1","1","0","0","0","0","2"
"02-19-2025","The Chicago Public Education Fund","2,352","-1","0","99","99","0","47","","0","3","1","0","0","2","0","0","3.03%","4","1","3","4","1","3","0","0","0","0","4"
"02-20-2025","The Chicago Public Education Fund","2,352","0","0","48","48","0","38","","0","1","1","0","0","0","0","0","2.08%","1","0","1","1","0","1","0","0","0","0","1"
"02-21-2025","The Chicago Public Education Fund","2,352","0","1","141","141","0","85","","0","1","1","0","0","0","0","0","0.71%","4","3","1","4","3","1","0","0","0","1","3"
"02-22-2025","The Chicago Public Education Fund","2,353","1","0","785","785","0","314","","0","0","0","0","0","0","0","0","0%","4","1","3","4","1","3","0","0","0","0","4"
"02-23-2025","The Chicago Public Education Fund","2,356","3","0","355","355","0","131","","0","177","58","30","3","0","86","0","49.86%","3","0","3","3","0","3","0","0","0","0","3"
"02-24-2025","The Chicago Public Education Fund","2,356","0","0","137","137","0","74","","0","58","24","8","0","0","26","0","42.34%","4","2","2","4","2","2","0","0","0","0","4"
"02-25-2025","The Chicago Public Education Fund","2,356","0","0","158","158","0","50","","0","7","3","1","0","0","3","0","4.43%","1","0","1","1","0","1","0","0","0","0","1"
"02-26-2025","The Chicago Public Education Fund","2,357","1","1","800","800","0","464","","0","7","1","1","0","3","2","0","0.88%","6","0","6","6","0","6","0","0","0","0","6"
"02-27-2025","The Chicago Public Education Fund","2,356","-1","1","689","689","0","328","","0","50","9","3","1","0","37","0","7.26%","3","0","3","3","0","3","0","0","0","0","3"
"02-28-2025","The Chicago Public Education Fund","2,357","1","3","771","771","0","331","","0","97","21","17","1","0","58","0","12.58%","4","2","2","4","2","2","0","0","0","0","4"
"03-01-2025","The Chicago Public Education Fund","2,358","1","1","671","671","0","344","","0","69","23","3","0","0","43","0","10.28%","5","3","2","5","3","2","0","0","0","0","5"
"03-02-2025","The Chicago Public Education Fund","2,358","0","0","246","246","0","142","","0","55","16","2","2","0","35","0","22.36%","4","0","4","4","0","4","0","0","0","0","4"
"03-03-2025","The Chicago Public Education Fund","2,358","0","0","139","139","0","75","","0","18","7","0","0","0","11","0","12.95%","3","0","3","3","0","3","0","0","0","0","3"
"03-04-2025","The Chicago Public Education Fund","2,358","0","1","204","204","0","124","","0","5","2","0","0","0","3","0","2.45%","2","0","2","2","0","2","0","0","0","0","2"
"03-05-2025","The Chicago Public Education Fund","2,361","3","2","312","312","0","140","","0","5","3","0","1","0","1","0","1.6%","28","8","20","28","8","20","0","0","0","0","28"
"03-06-2025","The Chicago Public Education Fund","2,360","-1","4","603","603","0","228","","0","45","14","1","6","1","23","0","7.46%","70","21","49","70","21","49","0","0","0","1","69"
"03-07-2025","The Chicago Public Education Fund","2,361","1","1","389","389","0","179","","0","45","8","0","0","0","37","0","11.57%","37","11","26","37","11","26","0","0","0","0","37"
"03-08-2025","The Chicago Public Education Fund","2,361","0","0","134","134","0","744","","0","7","4","0","0","1","2","0","5.22%","10","1","9","10","1","9","0","0","0","1","9"
"03-09-2025","The Chicago Public Education Fund","2,362","1","0","98","98","0","211","","0","9","2","0","0","1","6","0","9.18%","6","1","5","6","1","5","0","0","0","0","6"
"03-10-2025","The Chicago Public Education Fund","2,362","0","1","73","73","0","140","","0","2","2","0","0","0","0","0","2.74%","4","2","2","4","2","2","0","0","0","0","4"
"03-11-2025","The Chicago Public Education Fund","2,362","0","0","48","48","0","66","","0","2","1","0","0","1","0","0","4.17%","6","2","4","6","2","4","0","0","0","0","6"
"03-12-2025","The Chicago Public Education Fund","2,361","-1","0","55","55","0","55","","0","0","0","0","0","0","0","0","0%","5","2","3","5","2","3","0","0","0","0","5"
"03-13-2025","The Chicago Public Education Fund","2,362","1","2","371","371","0","196","","0","2","1","0","1","0","0","0","0.54%","4","2","2","4","2","2","0","0","0","0","4"
"03-14-2025","The Chicago Public Education Fund","2,361","-1","2","325","325","0","142","","0","51","4","1","0","1","45","0","15.69%","28","6","22","28","6","22","0","0","0","0","28"
"03-15-2025","The Chicago Public Education Fund","2,361","0","0","152","152","0","71","","0","13","9","0","0","0","4","0","8.55%","11","4","7","11","4","7","0","0","0","0","11"
"03-16-2025","The Chicago Public Education Fund","2,361","0","0","63","63","0","49","","0","8","1","0","0","0","7","0","12.7%","7","1","6","7","1","6","0","0","0","0","7"
"03-17-2025","The Chicago Public Education Fund","2,361","0","0","136","136","0","48","","0","2","0","0","0","0","2","0","1.47%","10","2","8","10","2","8","0","0","0","0","10"
"03-18-2025","The Chicago Public Education Fund","2,361","0","2","252","252","0","114","","0","5","1","0","0","0","4","0","1.98%","11","3","8","11","3","8","0","0","0","0","11"
"03-19-2025","The Chicago Public Education Fund","2,362","1","1","300","300","0","151","","0","13","1","0","0","6","6","0","4.33%","6","2","4","6","2","4","0","0","0","0","6"
"03-20-2025","The Chicago Public Education Fund","2,362","0","0","92","92","0","70","","0","14","1","0","0","1","12","0","15.22%","3","2","1","3","2","1","0","0","0","0","3"
"03-21-2025","The Chicago Public Education Fund","2,363","1","2","933","933","0","377","","0","6","1","0","0","0","5","0","0.64%","5","1","4","5","1","4","0","0","0","0","5"
"03-22-2025","The Chicago Public Education Fund","2,362","-1","0","663","663","0","305","","0","431","58","6","2","19","346","0","65.01%","2","0","2","2","0","2","0","0","0","0","2"
"03-23-2025","The Chicago Public Education Fund","2,362","0","0","195","195","0","112","","0","212","45","6","0","8","153","0","108.72%","5","0","5","5","0","5","0","0","0","0","5"
"03-24-2025","The Chicago Public Education Fund","2,362","0","0","107","107","0","65","","0","31","5","0","0","0","26","0","28.97%","7","2","5","7","2","5","0","0","0","0","7"
"03-25-2025","The Chicago Public Education Fund","2,362","0","1","174","174","0","103","","0","34","4","0","0","9","21","0","19.54%","3","1","2","3","1","2","0","0","0","0","3"
"03-26-2025","The Chicago Public Education Fund","2,362","0","0","76","76","0","47","","0","7","3","0","0","0","4","0","9.21%","2","1","1","2","1","1","0","0","0","0","2"
"03-27-2025","The Chicago Public Education Fund","2,362","0","0","42","42","0","35","","0","9","2","0","0","0","7","0","21.43%","3","1","2","3","1","2","0","0","0","0","3"
"03-28-2025","The Chicago Public Education Fund","2,364","2","2","1,057","1,057","0","525","","0","2","1","0","0","0","1","0","0.19%","2","0","2","2","0","2","0","0","0","0","2"
"03-29-2025","The Chicago Public Education Fund","2,365","1","0","394","394","0","209","","0","156","52","9","2","0","93","0","39.59%","2","1","1","2","1","1","0","0","0","0","2"
"03-30-2025","The Chicago Public Education Fund","2,364","-1","0","212","212","0","95","","0","36","12","2","0","0","22","0","16.98%","4","0","4","4","0","4","0","0","0","0","4"
"03-31-2025","The Chicago Public Education Fund","2,363","-1","0","125","125","0","77","","0","16","5","0","0","0","11","0","12.8%","4","0","4","4","0","4","0","0","0","0","4"
"04-01-2025","The Chicago Public Education Fund","2,364","1","0","51","51","0","42","","0","3","0","0","0","1","2","0","5.88%","3","1","2","3","1","2","0","0","0","1","2"
"04-02-2025","The Chicago Public Education Fund","2,365","1","0","44","44","0","30","","0","3","3","0","0","0","0","0","6.82%","4","0","4","4","0","4","0","0","0","0","4"
"04-03-2025","The Chicago Public Education Fund","2,365","0","2","191","191","0","96","","0","0","0","0","0","0","0","0","0%","4","2","2","4","2","2","0","0","0","0","4"
"04-04-2025","The Chicago Public Education Fund","2,379","14","2","7,352","7,352","0","2,942","","0","3","0","1","0","0","2","0","0.04%","3","0","3","3","0","3","0","0","0","1","2"
"04-05-2025","The Chicago Public Education Fund","2,379","0","0","5,984","5,984","0","2,219","","0","1,141","217","24","31","5","864","0","19.07%","10","2","8","10","2","8","0","0","0","1","9"
"04-06-2025","The Chicago Public Education Fund","2,381","2","0","1,610","1,610","0","714","","0","718","126","11","21","0","560","0","44.6%","3","0","3","3","0","3","0","0","0","0","3"
"04-07-2025","The Chicago Public Education Fund","2,381","0","2","1,050","1,050","0","577","","0","107","20","1","1","0","85","0","10.19%","1","1","0","1","1","0","0","0","0","0","1"
"04-08-2025","The Chicago Public Education Fund","2,382","1","3","1,542","1,542","0","657","","0","119","15","2","2","6","94","0","7.72%","8","0","8","8","0","8","0","0","0","0","8"
"04-09-2025","The Chicago Public Education Fund","2,387","5","2","3,079","3,079","0","1,286","","0","166","9","0","5","2","150","0","5.39%","5","0","5","5","0","5","0","0","0","0","5"
"04-10-2025","The Chicago Public Education Fund","2,391","4","2","4,286","4,286","0","1,943","","0","678","130","12","6","35","495","0","15.82%","4","1","3","4","1","3","0","0","0","0","4"
"04-11-2025","The Chicago Public Education Fund","2,393","2","3","2,117","2,117","0","849","","0","553","49","1","6","61","436","0","26.12%","16","4","12","16","4","12","0","0","0","0","16"
"04-12-2025","The Chicago Public Education Fund","2,392","-1","1","1,224","1,224","0","508","","0","272","22","2","3","4","241","0","22.22%","15","3","12","15","3","12","0","0","0","1","14"
"04-13-2025","The Chicago Public Education Fund","2,394","2","0","692","692","0","360","","0","89","12","1","1","0","75","0","12.86%","9","0","9","9","0","9","0","0","0","0","9"
"04-14-2025","The Chicago Public Education Fund","2,395","1","1","496","496","0","257","","0","64","7","4","1","0","52","0","12.9%","11","2","9","11","2","9","0","0","0","0","11"
"04-15-2025","The Chicago Public Education Fund","2,397","2","0","356","356","0","158","","0","32","4","0","0","3","25","0","8.99%","4","1","3","4","1","3","0","0","0","0","4"
"04-16-2025","The Chicago Public Education Fund","2,393","-4","0","305","305","0","130","","0","13","2","0","0","0","11","0","4.26%","9","3","6","9","3","6","0","0","0","0","9"
"04-17-2025","The Chicago Public Education Fund","2,393","0","1","398","398","0","177","","0","55","3","0","1","0","51","0","13.82%","5","0","5","5","0","5","0","0","0","0","5"
"04-18-2025","The Chicago Public Education Fund","2,394","1","0","224","224","0","99","","0","44","16","0","0","0","28","0","19.64%","5","0","5","5","0","5","0","0","0","0","5"
"04-19-2025","The Chicago Public Education Fund","2,394","0","0","193","193","0","74","","0","17","1","1","0","0","15","0","8.81%","6","3","3","6","3","3","0","0","0","0","6"
"04-20-2025","The Chicago Public Education Fund","2,394","0","0","196","196","0","72","","0","4","0","0","0","0","4","0","2.04%","1","0","1","1","0","1","0","0","0","0","1"
"04-21-2025","The Chicago Public Education Fund","2,394","0","0","116","116","0","62","","0","2","0","0","0","0","2","0","1.72%","6","3","3","6","3","3","0","0","0","0","6"
"04-22-2025","The Chicago Public Education Fund","2,394","0","1","324","324","0","165","","0","0","0","0","0","0","0","0","0%","1","1","0","1","1","0","0","0","0","0","1"
"04-23-2025","The Chicago Public Education Fund","2,396","2","0","2,232","2,232","0","1,337","","0","89","8","0","1","0","80","0","3.99%","4","1","3","4","1","3","0","0","0","0","4"
"04-24-2025","The Chicago Public Education Fund","2,396","0","2","827","827","0","413","","0","428","5","1","0","0","422","0","51.75%","2","0","2","2","0","2","0","0","0","0","2"
"04-25-2025","The Chicago Public Education Fund","2,396","0","0","302","302","0","176","","0","62","7","0","0","0","55","0","20.53%","2","0","2","2","0","2","0","0","0","0","2"
"04-26-2025","The Chicago Public Education Fund","2,394","-2","0","370","370","0","104","","0","4","0","0","0","0","4","0","1.08%","6","3","3","6","3","3","0","0","0","0","6"
"04-27-2025","The Chicago Public Education Fund","2,394","0","0","139","139","0","70","","0","8","0","0","0","0","8","0","5.76%","1","0","1","1","0","1","0","0","0","0","1"
"04-28-2025","The Chicago Public Education Fund","2,394","0","0","130","130","0","60","","0","4","0","0","0","0","4","0","3.08%","4","2","2","4","2","2","0","0","0","0","4"
"04-29-2025","The Chicago Public Education Fund","2,395","1","1","237","237","0","131","","0","3","0","0","0","0","3","0","1.27%","5","1","4","5","1","4","0","0","0","0","5"
"04-30-2025","The Chicago Public Education Fund","2,395","0","1","338","338","0","114","","0","9","2","0","0","1","6","0","2.66%","2","1","1","2","1","1","0","0","0","0","2"
"05-01-2025","The Chicago Public Education Fund","2,395","0","2","568","568","0","259","","0","6","4","0","0","0","2","0","1.06%","1","0","1","1","0","1","0","0","0","0","1"
"05-02-2025","The Chicago Public Education Fund","2,395","0","1","580","580","0","278","","0","42","17","2","2","1","20","0","7.24%","5","0","5","5","0","5","0","0","0","0","5"
"05-03-2025","The Chicago Public Education Fund","2,395","0","0","815","815","0","374","","0","61","14","5","1","6","35","0","7.48%","4","1","3","4","1","3","0","0","0","0","4"
"05-04-2025","The Chicago Public Education Fund","2,394","-1","0","317","317","0","145","","0","59","16","6","0","4","33","0","18.61%","2","1","1","2","1","1","0","0","0","0","2"
"05-05-2025","The Chicago Public Education Fund","2,395","1","0","161","161","0","83","","0","27","3","3","0","0","21","0","16.77%","5","3","2","5","3","2","0","0","0","0","5"
"05-06-2025","The Chicago Public Education Fund","2,396","1","0","116","116","0","68","","0","2","2","0","0","0","0","0","1.72%","3","1","2","3","1","2","0","0","0","0","3"
"05-07-2025","The Chicago Public Education Fund","2,395","-1","1","466","466","0","260","","0","2","1","0","0","0","1","0","0.43%","5","0","5","5","0","5","0","0","0","0","5"
"05-08-2025","The Chicago Public Education Fund","2,394","-1","0","218","218","0","116","","0","44","17","0","2","0","25","0","20.18%","2","1","1","2","1","1","0","0","0","0","2"
"05-09-2025","The Chicago Public Education Fund","2,394","0","1","120","120","0","68","","0","4","2","0","0","0","2","0","3.33%","5","1","4","5","1","4","0","0","0","0","5"
"05-10-2025","The Chicago Public Education Fund","2,396","2","0","138","138","0","66","","0","2","0","0","0","1","1","0","1.45%","4","2","2","4","2","2","0","0","0","1","3"
"05-11-2025","The Chicago Public Education Fund","2,396","0","0","113","113","0","46","","0","6","2","1","0","1","2","0","5.31%","3","0","3","3","0","3","0","0","0","0","3"
"05-12-2025","The Chicago Public Education Fund","2,396","0","0","102","102","0","42","","0","0","0","0","0","0","0","0","0%","4","2","2","4","2","2","0","0","0","0","4"
"05-13-2025","The Chicago Public Education Fund","2,396","0","2","338","338","0","119","","0","4","1","0","0","2","1","0","1.18%","4","2","2","4","2","2","0","0","0","0","4"
"05-14-2025","The Chicago Public Education Fund","2,396","0","1","244","244","0","188","","0","12","2","0","0","0","10","0","4.92%","67","19","48","67","19","48","0","0","0","3","64"
"05-15-2025","The Chicago Public Education Fund","2,398","2","0","161","161","0","135","","0","32","8","0","0","0","24","0","19.88%","33","11","22","33","11","22","0","0","0","0","33"
"05-16-2025","The Chicago Public Education Fund","2,398","0","2","170","170","0","124","","0","1","0","0","0","0","1","0","0.59%","4","0","4","4","0","4","0","0","0","0","4"
"05-17-2025","The Chicago Public Education Fund","2,398","0","0","108","108","0","83","","0","5","2","0","1","1","1","0","4.63%","9","1","8","9","1","8","0","0","0","0","9"
"05-18-2025","The Chicago Public Education Fund","2,398","0","0","93","93","0","63","","0","2","1","0","1","0","0","0","2.15%","6","2","4","6","2","4","0","0","0","0","6"
"05-19-2025","The Chicago Public Education Fund","2,398","0","1","747","747","0","389","","0","0","0","0","0","0","0","0","0%","6","3","3","6","3","3","0","0","0","0","6"
"05-20-2025","The Chicago Public Education Fund","2,398","0","1","239","239","0","150","","0","196","37","9","2","0","148","0","82.01%","4","0","4","4","0","4","0","0","0","0","4"
"05-21-2025","The Chicago Public Education Fund","2,398","0","0","116","116","0","83","","0","7","5","0","0","1","1","0","6.03%","7","2","5","7","2","5","0","0","0","1","6"
"05-22-2025","The Chicago Public Education Fund","2,398","0","1","185","185","0","129","","0","11","3","1","0","0","7","0","5.95%","2","1","1","2","1","1","0","0","0","0","2"
"05-23-2025","The Chicago Public Education Fund","2,399","1","1","129","129","0","89","","0","5","4","0","0","0","1","0","3.88%","1","1","0","1","1","0","0","0","0","0","1"
"05-24-2025","The Chicago Public Education Fund","2,399","0","0","91","91","0","81","","0","1","0","0","0","1","0","0","1.1%","2","0","2","2","0","2","0","0","0","1","1"
"05-25-2025","The Chicago Public Education Fund","2,399","0","0","81","81","0","87","","0","11","2","0","0","4","5","0","13.58%","3","0","3","3","0","3","0","0","0","0","3"
"05-26-2025","The Chicago Public Education Fund","2,399","0","0","131","131","0","48","","0","2","2","0","0","0","0","0","1.53%","6","3","3","6","3","3","0","0","0","0","6"
"05-27-2025","The Chicago Public Education Fund","2,399","0","0","71","71","0","42","","0","1","1","0","0","0","0","0","1.41%","2","0","2","2","0","2","0","0","0","0","2"
"05-28-2025","The Chicago Public Education Fund","2,399","0","1","234","234","0","145","","0","12","1","0","1","5","5","0","5.13%","5","3","2","5","3","2","0","0","0","0","5"
"05-29-2025","The Chicago Public Education Fund","2,399","0","0","172","172","0","87","","0","11","1","0","0","5","5","0","6.4%","3","1","2","3","1","2","0","0","0","0","3"
"05-30-2025","The Chicago Public Education Fund","2,400","1","0","118","118","0","61","","0","11","0","0","0","3","8","0","9.32%","5","0","5","5","0","5","0","0","0","0","5"
"05-31-2025","The Chicago Public Education Fund","2,401","1","0","78","78","0","46","","0","0","0","0","0","0","0","0","0%","3","0","3","3","0","3","0","0","0","0","3"
"06-01-2025","The Chicago Public Education Fund","2,401","0","0","237","237","0","57","","0","0","0","0","0","0","0","0","0%","9","1","8","9","1","8","0","0","0","1","8"
"06-02-2025","The Chicago Public Education Fund","2,403","2","1","552","552","0","308","","0","2","0","0","0","1","1","0","0.36%","3","0","3","3","0","3","0","0","0","0","3"
"06-03-2025","The Chicago Public Education Fund","2,407","4","1","2,816","2,816","0","1,260","","0","196","42","0","11","0","143","0","6.96%","5","2","3","5","2","3","0","0","0","0","5"
"06-04-2025","The Chicago Public Education Fund","2,407","0","0","655","655","0","387","","0","60","8","0","0","0","52","0","9.16%","5","2","3","5","2","3","0","0","0","0","5"
"06-05-2025","The Chicago Public Education Fund","2,406","-1","1","517","517","0","344","","0","27","5","0","0","0","22","0","5.22%","4","0","4","4","0","4","0","0","0","0","4"
"06-06-2025","The Chicago Public Education Fund","2,406","0","1","355","355","0","219","","0","8","2","0","0","0","6","0","2.25%","4","0","4","4","0","4","0","0","0","0","4"
"06-07-2025","The Chicago Public Education Fund","2,406","0","0","181","181","0","118","","0","7","2","0","0","0","5","0","3.87%","1","0","1","1","0","1","0","0","0","0","1"
"06-08-2025","The Chicago Public Education Fund","2,406","0","0","201","201","0","100","","0","4","2","0","0","0","2","0","1.99%","5","1","4","5","1","4","0","0","0","0","5"
"06-09-2025","The Chicago Public Education Fund","2,406","0","0","366","366","0","227","","0","1","0","0","0","0","1","0","0.27%","5","1","4","5","1","4","0","0","0","0","5"
"06-10-2025","The Chicago Public Education Fund","2,407","1","1","314","314","0","189","","0","12","0","0","0","0","12","0","3.82%","3","0","3","3","0","3","0","0","0","0","3"
"06-11-2025","The Chicago Public Education Fund","2,406","-1","1","246","246","0","148","","0","15","5","0","0","4","6","0","6.1%","36","8","28","36","8","28","0","0","0","1","35"
"06-12-2025","The Chicago Public Education Fund","2,405","-1","2","598","598","0","241","","0","11","6","0","0","0","5","0","1.84%","18","2","16","18","2","16","0","0","0","0","18"
"06-13-2025","The Chicago Public Education Fund","2,407","2","1","456","456","0","232","","0","52","9","0","0","0","43","0","11.4%","2","1","1","2","1","1","0","0","0","0","2"
"06-14-2025","The Chicago Public Education Fund","2,405","-2","0","203","203","0","109","","0","36","5","0","0","4","27","0","17.73%","7","1","6","7","1","6","0","0","0","0","7"
"06-15-2025","The Chicago Public Education Fund","2,405","0","0","124","124","0","72","","0","6","1","0","0","0","5","0","4.84%","4","3","1","4","3","1","0","0","0","0","4"
"06-16-2025","The Chicago Public Education Fund","2,406","1","1","192","192","0","111","","0","3","2","0","0","0","1","0","1.56%","6","3","3","6","3","3","0","0","0","0","6"
"06-17-2025","The Chicago Public Education Fund","2,406","0","1","240","240","0","136","","0","6","2","0","0","1","3","0","2.5%","3","0","3","3","0","3","0","0","0","0","3"
"06-18-2025","The Chicago Public Education Fund","2,406","0","1","381","381","0","186","","0","24","9","0","0","13","2","0","6.3%","5","4","1","5","4","1","0","0","0","0","5"
"06-19-2025","The Chicago Public Education Fund","2,406","0","1","343","343","0","218","","0","18","7","0","0","6","5","0","5.25%","4","1","3","4","1","3","0","0","0","0","4"
"06-20-2025","The Chicago Public Education Fund","2,407","1","0","321","321","0","132","","0","16","8","1","1","2","4","0","4.98%","1","0","1","1","0","1","0","0","0","0","1"
"06-21-2025","The Chicago Public Education Fund","2,408","1","0","106","106","0","80","","0","14","4","0","0","5","5","0","13.21%","1","0","1","1","0","1","0","0","0","0","1"
"06-22-2025","The Chicago Public Education Fund","2,408","0","0","84","84","0","64","","0","2","1","0","0","1","0","0","2.38%","4","1","3","4","1","3","0","0","0","0","4"
"06-23-2025","The Chicago Public Education Fund","2,409","1","1","404","404","0","161","","0","1","0","1","0","0","0","0","0.25%","5","0","5","5","0","5","0","0","0","0","5"
"06-24-2025","The Chicago Public Education Fund","2,410","1","1","349","349","0","172","","0","8","5","0","0","0","3","0","2.29%","2","0","2","2","0","2","0","0","0","0","2"
"06-25-2025","The Chicago Public Education Fund","2,412","2","0","122","122","0","41","","0","1","1","0","0","0","0","0","0.82%","4","2","2","4","2","2","0","0","0","0","4"
"06-26-2025","The Chicago Public Education Fund","2,412","0","0","73","73","0","32","","0","2","0","1","0","1","0","0","2.74%","7","1","6","7","1","6","0","0","0","0","7"
"06-27-2025","The Chicago Public Education Fund","2,413","1","1","324","324","0","170","","0","1","1","0","0","0","0","0","0.31%","4","0","4","4","0","4","0","0","0","0","4"
"06-28-2025","The Chicago Public Education Fund","2,412","-1","1","166","166","0","104","","0","33","10","3","1","0","19","0","19.88%","4","1","3","4","1","3","0","0","0","0","4"
"06-29-2025","The Chicago Public Education Fund","2,412","0","0","90","90","0","60","","0","2","2","0","0","0","0","0","2.22%","4","1","3","4","1","3","0","0","0","0","4"
"06-30-2025","The Chicago Public Education Fund","2,412","0","2","142","142","0","83","","0","0","0","0","0","0","0","0","0%","1","1","0","1","1","0","0","0","0","0","1"
"07-01-2025","The Chicago Public Education Fund","2,411","-1","0","108","108","0","72","","0","6","1","0","1","3","1","0","5.56%","3","1","2","3","1","2","0","0","0","0","3"
"07-02-2025","The Chicago Public Education Fund","2,415","4","1","811","811","0","386","","0","5","0","0","0","5","0","0","0.62%","8","4","4","8","4","4","0","0","0","0","8"
"07-03-2025","The Chicago Public Education Fund","2,417","2","1","569","569","0","286","","0","82","18","3","0","4","57","0","14.41%","4","1","3","4","1","3","0","0","0","0","4"
"07-04-2025","The Chicago Public Education Fund","2,417","0","0","194","194","0","97","","0","16","5","0","0","1","10","0","8.25%","1","0","1","1","0","1","0","0","0","0","1"
"07-05-2025","The Chicago Public Education Fund","2,417","0","0","99","99","0","59","","0","6","1","0","0","1","4","0","6.06%","3","2","1","3","2","1","0","0","0","0","3"
"07-06-2025","The Chicago Public Education Fund","2,417","0","0","135","135","0","69","","0","3","1","0","0","0","2","0","2.22%","1","0","1","1","0","1","0","0","0","0","1"
"07-07-2025","The Chicago Public Education Fund","2,418","1","1","160","160","0","75","","0","7","2","1","0","0","4","0","4.38%","11","1","10","11","1","10","0","0","0","0","11"
"07-08-2025","The Chicago Public Education Fund","2,418","0","1","157","157","0","84","","0","4","2","0","0","0","2","0","2.55%","6","0","6","6","0","6","0","0","0","0","6"
"07-09-2025","The Chicago Public Education Fund","2,418","0","2","289","289","0","121","","0","2","0","0","0","1","1","0","0.69%","3","0","3","3","0","3","0","0","0","0","3"
"07-10-2025","The Chicago Public Education Fund","2,418","0","1","398","398","0","163","","0","5","2","0","0","1","2","0","1.26%","36","13","23","36","13","23","0","0","0","1","35"
"07-11-2025","The Chicago Public Education Fund","2,418","0","0","166","166","0","97","","0","13","3","0","0","3","7","0","7.83%","17","3","14","17","3","14","0","0","0","1","16"
"07-12-2025","The Chicago Public Education Fund","2,417","-1","0","86","86","0","43","","0","3","1","0","0","1","1","0","3.49%","4","1","3","4","1","3","0","0","0","0","4"
"07-13-2025","The Chicago Public Education Fund","2,417","0","0","131","131","0","70","","0","0","0","0","0","0","0","0","0%","13","2","11","13","2","11","0","0","0","0","13"
"07-14-2025","The Chicago Public Education Fund","2,420","3","3","362","362","0","151","","0","2","0","0","0","0","2","0","0.55%","4","1","3","4","1","3","0","0","0","0","4"
"07-15-2025","The Chicago Public Education Fund","2,421","1","1","522","522","0","238","","0","18","4","0","0","1","13","0","3.45%","13","4","9","13","4","9","0","0","0","0","13"
"07-16-2025","The Chicago Public Education Fund","2,421","0","1","258","258","0","149","","0","24","6","0","1","4","13","0","9.3%","10","1","9","10","1","9","0","0","0","0","10"
"07-17-2025","The Chicago Public Education Fund","2,422","1","0","135","135","0","66","","0","3","1","0","0","0","2","0","2.22%","5","0","5","5","0","5","0","0","0","0","5"
"07-18-2025","The Chicago Public Education Fund","2,422","0","1","502","502","0","222","","0","0","0","0","0","0","0","0","0%","6","0","6","6","0","6","0","0","0","0","6"
"07-19-2025","The Chicago Public Education Fund","2,422","0","0","136","136","0","79","","0","86","5","0","0","4","77","0","63.24%","4","1","3","4","1","3","0","0","0","0","4"
"07-20-2025","The Chicago Public Education Fund","2,421","-1","0","161","161","0","65","","0","11","2","0","0","0","9","0","6.83%","9","2","7","9","2","7","0","0","0","0","9"
"07-21-2025","The Chicago Public Education Fund","2,421","0","2","363","363","0","174","","0","1","0","0","0","0","1","0","0.28%","7","3","4","7","3","4","0","0","0","1","6"
"07-22-2025","The Chicago Public Education Fund","2,422","1","0","177","177","0","96","","0","7","4","0","0","0","3","0","3.95%","5","2","3","5","2","3","0","0","0","0","5"
"07-23-2025","The Chicago Public Education Fund","2,422","0","1","411","411","0","156","","0","2","1","0","0","0","1","0","0.49%","6","1","5","6","1","5","0","0","0","0","6"
"07-24-2025","The Chicago Public Education Fund","2,424","2","1","822","822","0","430","","0","20","3","0","1","0","16","0","2.43%","4","1","3","4","1","3","0","0","0","0","4"
"07-25-2025","The Chicago Public Education Fund","2,426","2","0","266","266","0","158","","0","106","12","3","1","22","68","0","39.85%","0","0","0","0","0","0","0","0","0","0","0"
"07-26-2025","The Chicago Public Education Fund","2,426","0","1","528","528","0","157","","0","18","2","0","0","8","8","0","3.41%","87","65","22","87","65","22","0","0","0","2","85"
"07-27-2025","The Chicago Public Education Fund","2,426","0","0","245","245","0","99","","0","35","3","0","0","2","30","0","14.29%","27","20","7","27","20","7","0","0","0","0","27"
"07-28-2025","The Chicago Public Education Fund","2,427","1","1","424","424","0","171","","0","14","2","0","0","1","11","0","3.3%","22","13","9","22","13","9","0","0","0","0","22"
"07-29-2025","The Chicago Public Education Fund","2,427","0","0","92","92","0","47","","0","8","1","0","0","1","6","0","8.7%","3","1","2","3","1","2","0","0","0","0","3"
"07-30-2025","The Chicago Public Education Fund","2,427","0","1","219","219","0","113","","0","0","0","0","0","0","0","0","0%","3","1","2","3","1","2","0","0","0","0","3"
"07-31-2025","The Chicago Public Education Fund","2,428","1","0","278","278","0","63","","0","3","0","0","0","0","3","0","1.08%","8","2","6","8","2","6","0","0","0","0","8"
"08-01-2025","The Chicago Public Education Fund","2,426","-2","1","487","487","0","232","","0","0","0","0","0","0","0","0","0%","3","0","3","3","0","3","0","0","0","0","3"
"08-02-2025","The Chicago Public Education Fund","2,427","1","0","219","219","0","76","","0","42","6","3","1","0","32","0","19.18%","7","2","5","7","2","5","0","0","0","0","7"
"08-03-2025","The Chicago Public Education Fund","2,427","0","0","83","83","0","39","","0","15","1","2","0","0","12","0","18.07%","1","0","1","1","0","1","0","0","0","0","1"
"08-04-2025","The Chicago Public Education Fund","2,427","0","0","96","96","0","43","","0","2","0","0","0","0","2","0","2.08%","0","0","0","0","0","0","0","0","0","0","0"
"08-05-2025","The Chicago Public Education Fund","2,428","1","0","125","125","0","39","","0","1","0","0","0","1","0","0","0.8%","2","0","2","2","0","2","0","0","0","0","2"
"08-06-2025","The Chicago Public Education Fund","2,428","0","0","40","40","0","23","","0","0","0","0","0","0","0","0","0%","1","0","1","1","0","1","0","0","0","0","1"
"08-07-2025","The Chicago Public Education Fund","2,427","-1","1","350","350","0","160","","0","0","0","0","0","0","0","0","0%","4","1","3","4","1","3","0","0","0","0","4"
"08-08-2025","The Chicago Public Education Fund","2,427","0","1","448","448","0","213","","0","37","5","2","1","13","16","0","8.26%","4","1","3","4","1","3","0","0","0","0","4"
"08-09-2025","The Chicago Public Education Fund","2,426","-1","0","176","176","0","96","","0","22","3","0","2","8","9","0","12.5%","2","0","2","2","0","2","0","0","0","0","2"
"08-10-2025","The Chicago Public Education Fund","2,425","-1","0","84","84","0","162","","0","7","1","0","0","2","4","0","8.33%","2","2","0","2","2","0","0","0","0","0","2"
"08-11-2025","The Chicago Public Education Fund","2,425","0","1","391","391","0","183","","0","1","0","0","0","1","0","0","0.26%","10","2","8","10","2","8","0","0","0","0","10"
"08-12-2025","The Chicago Public Education Fund","2,426","1","0","152","152","0","62","","0","17","2","1","0","2","12","0","11.18%","4","1","3","4","1","3","0","0","0","0","4"
"08-13-2025","The Chicago Public Education Fund","2,425","-1","1","884","884","0","455","","0","7","0","1","0","3","3","0","0.79%","2","0","2","2","0","2","0","0","0","0","2"
"08-14-2025","The Chicago Public Education Fund","2,425","0","0","328","328","0","162","","0","59","6","1","1","22","29","0","17.99%","2","0","2","2","0","2","0","0","0","0","2"
"08-15-2025","The Chicago Public Education Fund","2,426","1","0","155","155","0","72","","0","11","7","0","0","4","0","0","7.1%","6","1","5","6","1","5","0","0","0","0","6"
"08-16-2025","The Chicago Public Education Fund","2,426","0","0","129","129","0","70","","0","3","2","0","0","1","0","0","2.33%","4","2","2","4","2","2","0","0","0","0","4"
"08-17-2025","The Chicago Public Education Fund","2,426","0","0","71","71","0","42","","0","2","1","0","0","1","0","0","2.82%","4","1","3","4","1","3","0","0","0","0","4"
"08-18-2025","The Chicago Public Education Fund","2,426","0","1","165","165","0","111","","0","1","0","0","0","1","0","0","0.61%","3","0","3","3","0","3","0","0","0","0","3"
"08-19-2025","The Chicago Public Education Fund","2,428","2","2","732","732","0","193","","0","9","4","1","0","2","2","0","1.23%","57","15","42","57","15","42","0","0","0","1","56"
"08-20-2025","The Chicago Public Education Fund","2,427","-1","0","106","106","0","63","","0","12","3","0","0","1","8","0","11.32%","10","2","8","10","2","8","0","0","0","0","10"
"08-21-2025","The Chicago Public Education Fund","2,429","2","0","179","179","0","59","","0","1","0","0","0","1","0","0","0.56%","18","4","14","18","4","14","0","0","0","1","17"
"08-22-2025","The Chicago Public Education Fund","2,428","-1","1","117","117","0","56","","0","1","1","0","0","0","0","0","0.85%","10","0","10","10","0","10","0","0","0","1","9"
"08-23-2025","The Chicago Public Education Fund","2,428","0","0","72","72","0","37","","0","1","1","0","0","0","0","0","1.39%","8","0","8","8","0","8","0","0","0","0","8"
"08-24-2025","The Chicago Public Education Fund","2,428","0","0","40","40","0","21","","0","3","0","0","0","0","3","0","7.5%","5","0","5","5","0","5","0","0","0","0","5"
"08-25-2025","The Chicago Public Education Fund","2,428","0","1","125","125","0","69","","0","0","0","0","0","0","0","0","0%","6","0","6","6","0","6","0","0","0","0","6"
"08-26-2025","The Chicago Public Education Fund","2,429","1","1","857","857","0","371","","0","3","1","0","0","2","0","0","0.35%","9","2","7","9","2","7","0","0","0","0","9"
"08-27-2025","The Chicago Public Education Fund","2,429","0","1","438","438","0","220","","0","150","17","0","1","8","124","0","34.25%","5","0","5","5","0","5","0","0","0","0","5"
"08-28-2025","The Chicago Public Education Fund","2,428","-1","0","106","106","0","50","","0","32","3","0","1","2","26","0","30.19%","3","0","3","3","0","3","0","0","0","0","3"
"08-29-2025","The Chicago Public Education Fund","2,427","-1","0","109","109","0","56","","0","2","0","0","0","1","1","0","1.83%","2","0","2","2","0","2","0","0","0","0","2"
"08-30-2025","The Chicago Public Education Fund","2,427","0","0","115","115","0","87","","0","6","0","0","1","0","5","0","5.22%","2","0","2","2","0","2","0","0","0","0","2"
"08-31-2025","The Chicago Public Education Fund","2,427","0","0","90","90","0","53","","0","10","1","0","0","0","9","0","11.11%","5","0","5","5","0","5","0","0","0","0","5"
"09-01-2025","The Chicago Public Education Fund","2,427","0","0","71","71","0","102","","0","5","0","0","0","2","3","0","7.04%","3","1","2","3","1","2","0","0","0","0","3"
"09-02-2025","The Chicago Public Education Fund","2,427","0","0","49","49","0","44","","0","0","0","0","0","0","0","0","0%","2","1","1","2","1","1","0","0","0","0","2"
"09-03-2025","The Chicago Public Education Fund","2,426","-1","1","80","80","0","48","","0","0","0","0","0","0","0","0","0%","3","0","3","3","0","3","0","0","0","0","3"
"09-04-2025","The Chicago Public Education Fund","2,427","1","1","378","378","0","179","","0","2","0","0","0","1","1","0","0.53%","2","0","2","2","0","2","0","0","0","0","2"
"09-05-2025","The Chicago Public Education Fund","2,427","0","0","117","117","0","69","","0","45","5","0","0","1","39","0","38.46%","4","0","4","4","0","4","0","0","0","0","4"
"09-06-2025","The Chicago Public Education Fund","2,427","0","0","79","79","0","30","","0","7","0","0","0","1","6","0","8.86%","6","1","5","6","1","5","0","0","0","1","5"
"09-07-2025","The Chicago Public Education Fund","2,427","0","0","200","200","0","24","","0","1","0","0","0","0","1","0","0.5%","3","0","3","3","0","3","0","0","0","0","3"
"09-08-2025","The Chicago Public Education Fund","2,428","1","1","506","506","0","280","","0","2","0","0","0","0","2","0","0.4%","3","0","3","3","0","3","0","0","0","1","2"
"09-09-2025","The Chicago Public Education Fund","2,428","0","0","205","205","0","124","","0","63","10","2","1","1","49","0","30.73%","3","1","2","3","1","2","0","0","0","2","1"
"09-10-2025","The Chicago Public Education Fund","2,429","1","0","96","96","0","54","","0","15","2","0","0","1","12","0","15.63%","3","1","2","3","1","2","0","0","0","0","3"
"09-11-2025","The Chicago Public Education Fund","2,430","1","0","72","72","0","42","","0","4","1","0","0","0","3","0","5.56%","0","0","0","0","0","0","0","0","0","0","0"
"09-12-2025","The Chicago Public Education Fund","2,430","0","0","45","45","0","25","","0","8","2","0","0","0","6","0","17.78%","2","1","1","2","1","1","0","0","0","0","2"
"09-13-2025","The Chicago Public Education Fund","2,430","0","0","57","57","0","24","","0","1","1","0","0","0","0","0","1.75%","5","2","3","5","2","3","0","0","0","1","4"
"09-14-2025","The Chicago Public Education Fund","2,430","0","0","33","33","0","21","","0","0","0","0","0","0","0","0","0%","0","0","0","0","0","0","0","0","0","0","0"
"09-15-2025","The Chicago Public Education Fund","2,430","0","1","91","91","0","46","","0","0","0","0","0","0","0","0","0%","4","0","4","4","0","4","0","0","0","0","4"
"09-16-2025","The Chicago Public Education Fund","2,430","0","1","460","460","0","273","","0","1","1","0","0","0","0","0","0.22%","1","0","1","1","0","1","0","0","0","0","1"
"09-17-2025","The Chicago Public Education Fund","2,430","0","1","315","315","0","155","","0","33","5","0","1","0","27","0","10.48%","1","0","1","1","0","1","0","0","0","0","1"
"09-18-2025","The Chicago Public Education Fund","2,430","0","0","103","103","0","58","","0","2","1","0","1","0","0","0","1.94%","3","1","2","3","1","2","0","0","0","1","2"
"09-19-2025","The Chicago Public Education Fund","2,430","0","0","57","57","0","36","","0","0","0","0","0","0","0","0","0%","4","1","3","4","1","3","0","0","0","0","4"
"09-20-2025","The Chicago Public Education Fund","2,431","1","0","81","81","0","39","","0","0","0","0","0","0","0","0","0%","6","2","4","6","2","4","0","0","0","1","5"
"09-21-2025","The Chicago Public Education Fund","2,431","0","0","51","51","0","50","","0","0","0","0","0","0","0","0","0%","4","1","3","4","1","3","0","0","0","0","4"
"09-22-2025","The Chicago Public Education Fund","2,431","0","0","33","33","0","31","","0","0","0","0","0","0","0","0","0%","6","0","6","6","0","6","0","0","0","0","6"
"09-23-2025","The Chicago Public Education Fund","2,430","-1","1","88","88","0","46","","0","0","0","0","0","0","0","0","0%","4","0","4","4","0","4","0","0","0","0","4"
"09-24-2025","The Chicago Public Education Fund","2,430","0","0","67","67","0","47","","0","0","0","0","0","0","0","0","0%","2","0","2","2","0","2","0","0","0","0","2"
"09-25-2025","The Chicago Public Education Fund","2,432","2","1","488","488","0","217","","0","1","0","0","0","1","0","0","0.2%","2","1","1","2","1","1","0","0","0","1","1"
"09-26-2025","The Chicago Public Education Fund","2,432","0","1","794","794","0","257","","0","96","10","0","0","0","86","0","12.09%","14","7","7","14","7","7","0","0","0","2","12"
"09-27-2025","The Chicago Public Education Fund","2,432","0","0","271","271","0","155","","0","68","10","0","1","4","53","0","25.09%","3","0","3","3","0","3","0","0","0","0","3"
"09-28-2025","The Chicago Public Education Fund","2,431","-1","0","105","105","0","63","","0","18","0","0","0","0","18","0","17.14%","1","0","1","1","0","1","0","0","0","0","1"
"09-29-2025","The Chicago Public Education Fund","2,434","3","1","305","305","0","162","","0","3","0","0","0","0","3","0","0.98%","3","0","3","3","0","3","0","0","0","0","3"
"09-30-2025","The Chicago Public Education Fund","2,434","0","2","199","199","0","87","","0","21","4","1","0","3","13","0","10.55%","4","2","2","4","2","2","0","0","0","0","4"
"10-01-2025","The Chicago Public Education Fund","2,437","3","3","1,467","1,467","0","716","","0","7","1","1","0","1","4","0","0.48%","0","0","0","0","0","0","0","0","0","0","0"
"10-02-2025","The Chicago Public Education Fund","2,437","0","0","535","535","0","291","","0","92","28","1","3","3","57","0","17.2%","4","0","4","4","0","4","0","0","0","0","4"
"10-03-2025","The Chicago Public Education Fund","2,439","2","1","457","457","0","287","","0","11","1","0","0","1","9","0","2.41%","4","1","3","4","1","3","0","0","0","0","4"
"10-04-2025","The Chicago Public Education Fund","2,439","0","0","586","586","0","354","","0","20","7","0","1","3","9","0","3.41%","0","0","0","0","0","0","0","0","0","0","0"
"10-05-2025","The Chicago Public Education Fund","2,439","0","0","165","165","0","97","","0","17","1","0","0","1","15","0","10.3%","5","1","4","5","1","4","0","0","0","1","4"
"10-06-2025","The Chicago Public Education Fund","2,439","0","1","727","727","0","449","","0","8","4","0","1","0","3","0","1.1%","3","1","2","3","1","2","0","0","0","0","3"
"10-07-2025","The Chicago Public Education Fund","2,441","2","2","1,316","1,316","0","525","","0","46","12","1","2","0","31","0","3.5%","5","1","4","5","1","4","0","0","0","0","5"
"10-08-2025","The Chicago Public Education Fund","2,442","1","2","872","872","0","406","","0","69","31","3","4","2","29","0","7.91%","10","3","7","10","3","7","0","0","0","0","10"
"10-09-2025","The Chicago Public Education Fund","2,442","0","0","538","538","0","288","","0","56","21","6","4","1","24","0","10.41%","7","0","7","7","0","7","0","0","0","0","7"
"10-10-2025","The Chicago Public Education Fund","2,443","1","0","462","462","0","168","","0","33","10","10","0","0","13","0","7.14%","22","5","17","22","5","17","0","0","0","0","22"
"10-11-2025","The Chicago Public Education Fund","2,443","0","0","230","230","0","133","","0","19","3","2","0","1","13","0","8.26%","8","1","7","8","1","7","0","0","0","0","8"
"10-12-2025","The Chicago Public Education Fund","2,444","1","0","160","160","0","72","","0","8","4","0","0","0","4","0","5%","6","2","4","6","2","4","0","0","0","0","6"
"10-13-2025","The Chicago Public Education Fund","2,444","0","1","629","629","0","333","","0","1","0","0","0","1","0","0","0.16%","161","37","124","161","37","124","0","0","0","4","157"
"10-14-2025","The Chicago Public Education Fund","2,445","1","1","1,183","1,183","0","710","","0","78","40","7","4","0","27","0","6.59%","67","20","47","67","20","47","0","0","0","0","67"
"10-15-2025","The Chicago Public Education Fund","2,448","3","0","2,420","2,420","0","1,240","","0","151","38","15","3","7","88","0","6.24%","31","7","24","31","7","24","0","0","0","1","30"
"10-16-2025","The Chicago Public Education Fund","2,451","3","1","1,257","1,257","0","682","","0","248","57","27","3","11","150","0","19.73%","17","1","16","17","1","16","0","0","0","1","16"
"10-17-2025","The Chicago Public Education Fund","2,452","1","0","531","531","0","232","","0","63","20","4","0","1","38","0","11.86%","12","3","9","12","3","9","0","0","0","0","12"
"10-18-2025","The Chicago Public Education Fund","2,453","1","0","185","185","0","98","","0","24","5","3","0","0","16","0","12.97%","13","3","10","13","3","10","0","0","0","0","13"
"10-19-2025","The Chicago Public Education Fund","2,453","0","0","117","117","0","62","","0","8","4","1","0","0","3","0","6.84%","4","0","4","4","0","4","0","0","0","0","4"
"10-20-2025","The Chicago Public Education Fund","2,454","1","3","1,542","1,542","0","794","","0","0","0","0","0","0","0","0","0%","13","2","11","13","2","11","0","0","0","0","13"
"10-21-2025","The Chicago Public Education Fund","2,460","6","1","1,805","1,805","0","831","","0","136","43","12","0","0","81","0","7.53%","15","4","11","15","4","11","0","0","0","0","15"
"10-22-2025","The Chicago Public Education Fund","2,465","5","0","10,216","10,216","0","3,913","","0","99","41","3","1","1","53","0","0.97%","20","4","16","20","4","16","0","0","0","0","20"
"10-23-2025","The Chicago Public Education Fund","2,466","1","0","6,240","6,240","0","2,598","","0","1,375","305","35","61","0","974","0","22.04%","4","0","4","4","0","4","0","0","0","0","4"
"10-24-2025","The Chicago Public Education Fund","2,468","2","0","2,546","2,546","0","1,076","","0","451","122","14","16","0","299","0","17.71%","7","1","6","7","1","6","0","0","0","1","6"
"10-25-2025","The Chicago Public Education Fund","2,470","2","0","2,035","2,035","0","966","","0","177","44","11","5","1","116","0","8.7%","13","4","9","13","4","9","0","0","0","0","13"
"10-26-2025","The Chicago Public Education Fund","2,470","0","0","976","976","0","484","","0","108","25","5","2","1","75","0","11.07%","6","1","5","6","1","5","0","0","0","0","6"
"10-27-2025","The Chicago Public Education Fund","2,470","0","1","868","868","0","502","","0","82","12","4","1","0","65","0","9.45%","4","1","3","4","1","3","0","0","0","0","4"
"10-28-2025","The Chicago Public Education Fund","2,469","-1","0","514","514","0","316","","0","53","18","2","4","1","28","0","10.31%","5","0","5","5","0","5","0","0","0","0","5"
"10-29-2025","The Chicago Public Education Fund","2,469","0","0","291","291","0","173","","0","28","8","3","5","0","12","0","9.62%","11","1","10","11","1","10","0","0","0","0","11"
"10-30-2025","The Chicago Public Education Fund","2,475","6","0","2,788","2,788","0","1,013","","0","27","6","2","5","0","14","0","0.97%","6","0","6","6","0","6","0","0","0","0","6"
"10-31-2025","The Chicago Public Education Fund","2,475","0","1","5,740","5,740","0","1,554","","0","654","88","3","5","10","548","0","11.39%","20","5","15","20","5","15","0","0","0","1","19"
"11-01-2025","The Chicago Public Education Fund","2,477","2","0","1,435","1,435","0","473","","0","796","54","9","13","1","719","0","55.47%","13","2","11","13","2","11","0","0","0","1","12"
"11-02-2025","The Chicago Public Education Fund","2,477","0","0","1,604","1,604","0","533","","0","122","10","2","2","0","108","0","7.61%","9","3","6","9","3","6","0","0","0","0","9"
"11-03-2025","The Chicago Public Education Fund","2,476","-1","0","2,309","2,309","0","794","","0","99","7","0","2","2","88","0","4.29%","5","2","3","5","2","3","0","0","0","0","5"
"11-04-2025","The Chicago Public Education Fund","2,479","3","1","1,376","1,376","0","584","","0","321","34","9","5","3","270","0","23.33%","9","2","7","9","2","7","0","0","0","0","9"
"11-05-2025","The Chicago Public Education Fund","2,480","1","0","616","616","0","312","","0","186","7","0","0","1","178","0","30.19%","5","2","3","5","2","3","0","0","0","0","5"
"11-06-2025","The Chicago Public Education Fund","2,480","0","0","260","260","0","135","","0","59","3","0","0","0","56","0","22.69%","11","2","9","11","2","9","0","0","0","0","11"
"11-07-2025","The Chicago Public Education Fund","2,480","0","0","203","203","0","94","","0","9","0","0","0","0","9","0","4.43%","7","2","5","7","2","5","0","0","0","0","7"
"11-08-2025","The Chicago Public Education Fund","2,480","0","0","188","188","0","80","","0","6","1","0","1","0","4","0","3.19%","5","2","3","5","2","3","0","0","0","0","5"
"11-09-2025","The Chicago Public Education Fund","2,480","0","0","98","98","0","53","","0","7","1","0","0","0","6","0","7.14%","3","1","2","3","1","2","0","0","0","0","3"
"11-10-2025","The Chicago Public Education Fund","2,480","0","0","110","110","0","57","","0","1","1","0","0","0","0","0","0.91%","6","2","4","6","2","4","0","0","0","0","6"
"11-11-2025","The Chicago Public Education Fund","2,480","0","0","129","129","0","70","","0","0","0","0","0","0","0","0","0%","2","0","2","2","0","2","0","0","0","0","2"
"11-12-2025","The Chicago Public Education Fund","2,482","2","0","109","109","0","61","","0","0","0","0","0","0","0","0","0%","3","0","3","3","0","3","0","0","0","0","3"
"11-13-2025","The Chicago Public Education Fund","2,482","0","0","61","61","0","41","","0","0","0","0","0","0","0","0","0%","4","1","3","4","1","3","0","0","0","0","4"
"11-14-2025","The Chicago Public Education Fund","2,484","2","0","68","68","0","51","","0","1","0","0","0","0","1","0","1.47%","2","0","2","2","0","2","0","0","0","0","2"
"11-15-2025","The Chicago Public Education Fund","2,484","0","0","112","112","0","56","","0","0","0","0","0","0","0","0","0%","1","1","0","1","1","0","0","0","0","0","1"
"11-16-2025","The Chicago Public Education Fund","2,484","0","0","94","94","0","47","","0","0","0","0","0","0","0","0","0%","1","0","1","1","0","1","0","0","0","0","1"
"11-17-2025","The Chicago Public Education Fund","2,487","3","0","121","121","0","54","","0","1","0","0","0","0","1","0","0.83%","8","0","8","8","0","8","0","0","0","0","8"
"11-18-2025","The Chicago Public Education Fund","2,486","-1","0","145","145","0","77","","0","0","0","0","0","0","0","0","0%","10","2","8","10","2","8","0","0","0","0","10"
"11-19-2025","The Chicago Public Education Fund","2,485","-1","0","89","89","0","46","","0","0","0","0","0","0","0","0","0%","7","2","5","7","2","5","0","0","0","0","7"
"11-20-2025","The Chicago Public Education Fund","2,485","0","3","591","591","0","247","","0","0","0","0","0","0","0","0","0%","5","0","5","5","0","5","0","0","0","0","5"
"11-21-2025","The Chicago Public Education Fund","2,487","2","0","360","360","0","190","","0","69","5","0","0","0","64","0","19.17%","6","1","5","6","1","5","0","0","0","0","6"
"11-22-2025","The Chicago Public Education Fund","2,489","2","0","170","170","0","69","","0","11","2","0","0","0","9","0","6.47%","2","0","2","2","0","2","0","0","0","0","2"
"11-23-2025","The Chicago Public Education Fund","2,489","0","0","305","305","0","50","","0","1","0","0","0","0","1","0","0.33%","2","1","1","2","1","1","0","0","0","0","2"
"11-24-2025","The Chicago Public Education Fund","2,490","1","1","320","320","0","121","","0","1","0","0","0","0","1","0","0.31%","6","2","4","6","2","4","0","0","0","0","6"
"11-25-2025","The Chicago Public Education Fund","2,491","1","1","317","317","0","143","","0","15","1","0","0","7","7","0","4.73%","6","0","6","6","0","6","0","0","0","0","6"
"11-26-2025","The Chicago Public Education Fund","2,491","0","0","154","154","0","70","","0","0","0","0","0","0","0","0","0%","1","0","1","1","0","1","0","0","0","0","1"
"11-27-2025","The Chicago Public Education Fund","2,491","0","0","204","204","0","69","","0","0","0","0","0","0","0","0","0%","4","0","4","4","0","4","0","0","0","0","4"
"11-28-2025","The Chicago Public Education Fund","2,491","1","0","123","123","0","46","","0","1","0","0","0","1","0","0","0.81%","3","1","2","3","1","2","0","0","0","0","3"
"11-29-2025","The Chicago Public Education Fund","2,491","0","0","85","85","0","47","","0","0","0","0","0","0","0","0","0%","2","0","2","2","0","2","0","0","0","0","2"
"11-30-2025","The Chicago Public Education Fund","2,492","1","0","113","113","0","86","","0","0","0","0","0","0","0","0","0%","1","0","1","1","0","1","0","0","0","0","1"
"12-01-2025","The Chicago Public Education Fund","2,493","1","0","93","93","0","53","","0","0","0","0","0","0","0","0","0%","5","1","4","5","1","4","0","0","0","0","5"
"12-02-2025","The Chicago Public Education Fund","2,495","1","2","459","459","0","156","","0","0","0","0","0","0","0","0","0%","10","1","9","10","1","9","0","0","0","0","10"
"12-03-2025","The Chicago Public Education Fund","2,495","0","0","136","136","0","88","","0","11","3","0","2","0","6","0","8.09%","1","0","1","1","0","1","0","0","0","0","1"
"12-04-2025","The Chicago Public Education Fund","2,496","0","0","182","182","0","63","","0","0","0","0","0","0","0","0","0%","5","1","4","5","1","4","0","0","0","1","4"
"12-05-2025","The Chicago Public Education Fund","2,496","0","1","143","143","0","85","","0","3","1","0","1","0","1","0","2.1%","23","2","21","23","2","21","0","0","0","1","22"
"12-06-2025","The Chicago Public Education Fund","2,496","0","0","70","70","0","49","","0","9","3","2","3","1","0","0","12.86%","11","3","8","11","3","8","0","0","0","0","11"
"12-07-2025","The Chicago Public Education Fund","2,496","0","0","143","143","0","55","","0","6","2","3","0","0","1","0","4.2%","9","2","7","9","2","7","0","0","0","0","9"
"12-08-2025","The Chicago Public Education Fund","2,496","0","1","509","509","0","206","","0","4","1","3","0","0","0","0","0.79%","113","40","73","113","40","73","0","0","0","0","113"
"12-09-2025","The Chicago Public Education Fund","2,496","0","1","317","317","0","173","","0","51","11","4","0","2","34","0","16.09%","27","7","20","27","7","20","0","0","0","1","26"
"12-10-2025","The Chicago Public Education Fund","2,496","0","1","265","265","0","126","","0","28","7","2","0","0","19","0","10.57%","44","7","37","44","7","37","0","0","0","0","44"
"12-11-2025","The Chicago Public Education Fund","2,495","0","2","227","227","0","99","","0","16","5","2","0","0","9","0","7.05%","16","3","13","16","3","13","0","0","0","0","16"
"12-12-2025","The Chicago Public Education Fund","2,494","-1","0","159","159","0","56","","0","5","2","1","0","0","2","0","3.14%","12","1","11","12","1","11","0","0","0","0","12"
"12-13-2025","The Chicago Public Education Fund","2,494","0","0","82","82","0","53","","0","5","2","0","0","0","3","0","6.1%","9","4","5","9","4","5","0","0","0","0","9"
"12-14-2025","The Chicago Public Education Fund","2,496","2","0","90","90","0","44","","0","4","1","0","0","0","3","0","4.44%","7","1","6","7","1","6","0","0","0","1","6"
"12-15-2025","The Chicago Public Education Fund","2,496","0","1","133","133","0","80","","0","0","0","0","0","0","0","0","0%","7","1","6","7","1","6","0","0","0","0","7"
"12-16-2025","The Chicago Public Education Fund","2,496","0","0","102","102","0","48","","0","3","0","0","0","1","2","0","2.94%","5","1","4","5","1","4","0","0","0","0","5"
"12-17-2025","The Chicago Public Education Fund","2,496","0","1","104","104","0","64","","0","0","0","0","0","0","0","0","0%","23","2","21","23","2","21","0","0","0","1","22"
"12-18-2025","The Chicago Public Education Fund","2,496","0","0","112","112","0","52","","0","3","2","0","1","0","0","0","2.68%","19","1","18","19","1","18","0","0","0","1","18"
"12-19-2025","The Chicago Public Education Fund","2,496","0","0","112","112","0","44","","0","2","1","0","0","0","1","0","1.79%","17","4","13","17","4","13","0","0","0","1","16"
"12-20-2025","The Chicago Public Education Fund","2,496","0","0","147","147","0","40","","0","4","2","0","0","0","2","0","2.72%","12","2","10","12","2","10","0","0","0","1","11"
"12-21-2025","The Chicago Public Education Fund","2,495","-1","0","54","54","0","28","","0","1","1","0","0","0","0","0","1.85%","3","1","2","3","1","2","0","0","0","0","3"
"12-22-2025","The Chicago Public Education Fund","2,495","0","1","286","286","0","153","","0","4","1","1","0","0","2","0","1.4%","4","1","3","4","1","3","0","0","0","0","4"
"12-23-2025","The Chicago Public Education Fund","2,495","0","0","183","183","0","101","","0","11","3","0","0","0","8","0","6.01%","2","0","2","2","0","2","0","0","0","0","2"
"12-24-2025","The Chicago Public Education Fund","2,500","0","0","77","77","0","46","","0","16","3","4","0","1","8","0","20.78%","2","0","2","2","0","2","0","0","0","0","2"
"12-25-2025","The Chicago Public Education Fund","2,500","0","0","54","54","0","45","","0","2","0","1","0","0","1","0","3.7%","3","0","3","3","0","3","0","0","0","0","3"
"12-26-2025","The Chicago Public Education Fund","2,500","0","1","132","132","0","88","","0","1","1","0","0","0","0","0","0.76%","26","1","25","26","1","25","0","0","0","2","24"
"12-27-2025","The Chicago Public Education Fund","2,501","0","0","74","74","0","56","","0","2","2","0","0","0","0","0","2.7%","18","1","17","18","1","17","0","0","0","0","18"
"12-28-2025","The Chicago Public Education Fund","2,501","0","0","96","96","0","51","","0","1","1","0","0","0","0","0","1.04%","13","0","13","13","0","13","0","0","0","1","12"
"12-29-2025","The Chicago Public Education Fund","2,501","0","1","116","116","0","96","","0","0","0","0","0","0","0","0","0%","31","6","25","31","6","25","0","0","0","0","31"
"12-30-2025","The Chicago Public Education Fund","2,501","0","0","50","50","0","45","","0","2","2","0","0","0","0","0","4%","3","0","3","3","0","3","0","0","0","0","3"
"12-31-2025","The Chicago Public Education Fund","2,500","0","1","131","131","0","69","","0","0","0","0","0","0","0","0","0%","12","1","11","12","1","11","0","0","0","0","12"
"01-01-2026","The Chicago Public Education Fund","2,499","0","0","103","103","0","65","","0","3","0","0","0","0","3","0","2.91%","6","0","6","6","0","6","0","0","0","1","5"
"01-02-2026","The Chicago Public Education Fund","2,498","-1","0","82","82","0","46","","0","2","0","0","0","0","2","0","2.44%","4","1","3","4","1","3","0","0","0","0","4"
"01-03-2026","The Chicago Public Education Fund","2,498","0","0","48","48","0","28","","0","1","1","0","0","0","0","0","2.08%","3","1","2","3","1","2","0","0","0","0","3"
"01-04-2026","The Chicago Public Education Fund","2,498","0","0","62","62","0","39","","0","0","0","0","0","0","0","0","0%","5","1","4","5","1","4","0","0","0","0","5"
"01-05-2026","The Chicago Public Education Fund","2,499","1","1","296","296","0","132","","0","1","1","0","0","0","0","0","0.34%","104","43","61","104","43","61","0","0","0","2","102"
"01-06-2026","The Chicago Public Education Fund","2,501","2","0","374","374","0","130","","0","49","43","4","2","0","0","0","13.1%","160","50","110","160","50","110","0","0","0","4","156"
"01-07-2026","The Chicago Public Education Fund","2,501","0","0","198","198","0","57","","0","13","12","0","1","0","0","0","6.57%","46","14","32","46","14","32","0","0","0","0","46"
"01-08-2026","The Chicago Public Education Fund","2,502","0","0","116","116","0","46","","0","6","5","0","0","1","0","0","5.17%","21","8","13","21","8","13","0","0","0","0","21"
"01-09-2026","The Chicago Public Education Fund","2,504","1","2","157","157","0","73","","0","4","3","1","0","0","0","0","2.55%","38","13","25","38","13","25","0","0","0","1","37"
"01-10-2026","The Chicago Public Education Fund","2,503","0","0","143","143","0","62","","0","11","9","1","0","1","0","0","7.69%","11","2","9","11","2","9","0","0","0","0","11"
"01-11-2026","The Chicago Public Education Fund","2,504","1","0","109","109","0","56","","0","1","1","0","0","0","0","0","0.92%","18","3","15","18","3","15","0","0","0","0","18"
"01-12-2026","The Chicago Public Education Fund","2,503","0","0","82","82","0","39","","0","2","0","0","0","1","1","0","2.44%","12","2","10","12","2","10","0","0","0","0","12"
"01-13-2026","The Chicago Public Education Fund","2,503","0","1","372","372","0","249","","0","4","3","1","0","0","0","0","1.08%","113","9","104","113","9","104","0","0","0","0","113"
"01-14-2026","The Chicago Public Education Fund","2,507","1","1","931","931","0","454","","0","3","3","0","0","0","0","0","0.32%","22","1","21","22","1","21","0","0","0","0","22"
"01-15-2026","The Chicago Public Education Fund","2,506","-1","0","334","334","0","204","","0","117","19","15","0","63","20","0","35.03%","9","4","5","9","4","5","0","0","0","1","8"
"01-16-2026","The Chicago Public Education Fund","2,509","1","0","200","200","0","132","","0","15","1","1","0","10","3","0","7.5%","9","1","8","9","1","8","0","0","0","0","9"
"01-17-2026","The Chicago Public Education Fund","2,510","0","0","166","166","0","69","","0","13","1","0","0","6","6","0","7.83%","17","3","14","17","3","14","0","0","0","1","16"
"01-18-2026","The Chicago Public Education Fund","2,509","0","0","68","68","0","28","","0","5","1","0","0","4","0","0","7.35%","14","6","8","14","6","8","0","0","0","0","14"
"01-19-2026","The Chicago Public Education Fund","2,509","0","1","118","118","0","61","","0","0","0","0","0","0","0","0","0%","15","3","12","15","3","12","0","0","0","0","15"
"01-20-2026","The Chicago Public Education Fund","2,509","0","3","293","293","0","111","","0","2","1","0","0","1","0","0","0.68%","18","4","14","18","4","14","0","0","0","0","18"
"01-21-2026","The Chicago Public Education Fund","2,509","0","0","148","148","0","67","","0","3","2","0","0","1","0","0","2.03%","8","0","8","8","0","8","0","0","0","0","8"
"01-22-2026","The Chicago Public Education Fund","2,509","0","1","951","951","0","375","","0","0","0","0","0","0","0","0","0%","7","1","6","7","1","6","0","0","0","0","7"
"01-23-2026","The Chicago Public Education Fund","2,510","1","1","595","595","0","400","","0","50","17","3","0","0","30","0","8.4%","7","0","7","7","0","7","0","0","0","1","6"
"01-24-2026","The Chicago Public Education Fund","2,510","0","0","196","196","0","85","","0","4","0","0","0","1","3","0","2.04%","1","0","1","1","0","1","0","0","0","0","1"
"01-25-2026","The Chicago Public Education Fund","2,510","0","0","102","102","0","46","","0","2","1","0","0","0","1","0","1.96%","5","1","4","5","1","4","0","0","0","0","5"
"01-26-2026","The Chicago Public Education Fund","2,510","0","0","191","191","0","55","","0","0","0","0","0","0","0","0","0%","2","0","2","2","0","2","0","0","0","0","2"
"01-27-2026","The Chicago Public Education Fund","2,510","0","0","128","128","0","41","","0","1","1","0","0","0","0","0","0.78%","4","1","3","4","1","3","0","0","0","0","4"
"01-28-2026","The Chicago Public Education Fund","2,512","0","1","195","195","0","67","","0","1","1","0","0","0","0","0","0.51%","5","0","5","5","0","5","0","0","0","0","5"
"01-29-2026","The Chicago Public Education Fund","2,512","0","1","142","142","0","74","","0","2","1","0","0","0","1","0","1.41%","5","0","5","5","0","5","0","0","0","0","5"
"01-30-2026","The Chicago Public Education Fund","2,513","0","0","169","169","0","42","","0","3","1","0","0","0","2","0","1.78%","5","1","4","5","1","4","0","0","0","0","5"
"01-31-2026","The Chicago Public Education Fund","2,514","0","0","214","214","0","33","","0","2","0","0","0","1","1","0","0.93%","4","1","3","4","1","3","0","0","0","0","4"
"02-01-2026","The Chicago Public Education Fund","2,514","0","0","116","116","0","37","","0","2","1","0","0","1","0","0","1.72%","11","1","10","11","1","10","0","0","0","0","11"
"02-02-2026","The Chicago Public Education Fund","2,514","0","0","63","63","0","22","","0","0","0","0","0","0","0","0","0%","8","1","7","8","1","7","0","0","0","1","7"
"02-03-2026","The Chicago Public Education Fund","2,514","0","1","139","139","0","88","","0","0","0","0","0","0","0","0","0%","2","0","2","2","0","2","0","0","0","0","2"
"02-04-2026","The Chicago Public Education Fund","2,515","0","0","155","155","0","77","","0","10","2","0","0","1","7","0","6.45%","14","6","8","14","6","8","0","0","0","2","12"
"02-05-2026","The Chicago Public Education Fund","2,517","1","1","139","139","0","97","","0","2","1","0","0","0","1","0","1.44%","6","1","5","6","1","5","0","0","0","0","6"
"02-06-2026","The Chicago Public Education Fund","2,517","-1","0","44","44","0","41","","0","2","1","0","0","0","1","0","4.55%","1","0","1","1","0","1","0","0","0","0","1"
"02-07-2026","The Chicago Public Education Fund","2,518","0","0","33","33","0","31","","0","11","5","1","0","0","5","0","33.33%","7","2","5","7","2","5","0","0","0","1","6"
"02-08-2026","The Chicago Public Education Fund","2,519","1","0","23","23","0","21","","0","1","0","0","0","0","1","0","4.35%","1","0","1","1","0","1","0","0","0","0","1"
"02-09-2026","The Chicago Public Education Fund","2,524","5","1","7,047","7,047","0","3,324","","0","0","0","0","0","0","0","0","0%","9","2","7","9","2","7","0","0","0","0","9"
"02-10-2026","The Chicago Public Education Fund","2,534","10","0","10,432","10,432","0","4,635","","0","1,501","376","195","7","1","922","0","14.39%","15","2","13","15","2","13","0","0","0","0","15"
"02-11-2026","The Chicago Public Education Fund","2,534","0","0","3,053","3,053","0","1,686","","0","1,741","486","281","16","0","958","0","57.03%","10","3","7","10","3","7","0","0","0","0","10"
"02-12-2026","The Chicago Public Education Fund","2,535","1","0","1,279","1,279","0","730","","0","334","97","49","2","1","185","0","26.11%","4","1","3","4","1","3","0","0","0","1","3"
"02-13-2026","The Chicago Public Education Fund","2,535","0","0","466","466","0","269","","0","130","35","18","0","0","77","0","27.9%","4","1","3","4","1","3","0","0","0","0","4"
"02-14-2026","The Chicago Public Education Fund","2,535","0","0","309","309","0","192","","0","42","12","4","0","0","26","0","13.59%","5","1","4","5","1","4","0","0","0","0","5"
"02-15-2026","The Chicago Public Education Fund","2,536","1","0","320","320","0","180","","0","21","5","2","0","0","14","0","6.56%","6","1","5","6","1","5","0","0","0","0","6"
"02-16-2026","The Chicago Public Education Fund","2,537","1","1","1,044","1,044","0","525","","0","26","7","3","0","0","16","0","2.49%","7","0","7","7","0","7","0","0","0","0","7"
"02-17-2026","The Chicago Public Education Fund","2,537","0","0","276","276","0","172","","0","61","14","4","0","0","43","0","22.1%","4","1","3","4","1","3","0","0","0","1","3"
"02-18-2026","The Chicago Public Education Fund","2,537","0","0","119","119","0","77","","0","10","4","1","0","0","5","0","8.4%","4","2","2","4","2","2","0","0","0","1","3"
"02-19-2026","The Chicago Public Education Fund","2,543","6","1","1,346","1,346","0","625","","0","4","2","1","0","0","1","0","0.3%","2","0","2","2","0","2","0","0","0","0","2"
"02-20-2026","The Chicago Public Education Fund","2,544","1","1","973","973","0","435","","0","142","49","0","3","0","90","0","14.59%","3","0","3","3","0","3","0","0","0","0","3"
"02-21-2026","The Chicago Public Education Fund","2,544","0","0","405","405","0","157","","0","54","23","0","3","0","28","0","13.33%","11","1","10","11","1","10","0","0","0","1","10"
"02-22-2026","The Chicago Public Education Fund","2,544","0","0","192","192","0","100","","0","12","7","1","0","0","4","0","6.25%","5","1","4","5","1","4","0","0","0","0","5"
"02-23-2026","The Chicago Public Education Fund","2,545","1","1","761","761","0","336","","0","13","5","0","0","0","8","0","1.71%","11","2","9","11","2","9","0","0","0","0","11"
"02-24-2026","The Chicago Public Education Fund","2,545","0","0","521","521","0","313","","0","42","7","3","1","1","30","0","8.06%","7","1","6","7","1","6","0","0","0","0","7"
"02-25-2026","The Chicago Public Education Fund","2,548","0","0","434","434","0","121","","0","36","8","1","0","0","27","0","8.29%","15","3","12","15","3","12","0","0","0","0","15"
"02-26-2026","The Chicago Public Education Fund","2,548","0","1","468","468","0","344","","0","6","1","0","0","0","5","0","1.28%","167","33","134","167","33","134","0","0","0","2","165"
"02-27-2026","The Chicago Public Education Fund","2,549","1","1","552","552","0","328","","0","24","15","4","1","0","4","0","4.35%","116","19","97","116","19","97","0","0","0","2","114"
"02-28-2026","The Chicago Public Education Fund","2,550","2","0","314","314","0","151","","0","52","21","2","0","0","29","0","16.56%","83","22","61","83","22","61","0","0","0","2","81"
"03-01-2026","The Chicago Public Education Fund","2,550","0","0","127","127","0","63","","0","24","10","0","0","0","14","0","18.9%","19","3","16","19","3","16","0","0","0","0","19"
"03-02-2026","The Chicago Public Education Fund","2,549","-1","1","595","595","0","272","","0","8","2","1","0","0","5","0","1.34%","29","2","27","29","2","27","0","0","0","0","29"
"03-03-2026","The Chicago Public Education Fund","2,549","0","0","225","225","0","94","","0","23","6","0","0","0","17","0","10.22%","9","1","8","9","1","8","0","0","0","0","9"
"03-04-2026","The Chicago Public Education Fund","2,548","-1","1","748","748","0","314","","0","8","3","0","0","0","5","0","1.07%","15","0","15","15","0","15","0","0","0","0","15"
"03-05-2026","The Chicago Public Education Fund","2,548","0","0","307","307","0","124","","0","100","38","3","1","3","55","0","32.57%","6","0","6","6","0","6","0","0","0","0","6"
"03-06-2026","The Chicago Public Education Fund","2,548","0","0","176","176","0","59","","0","41","6","4","0","1","30","0","23.3%","10","2","8","10","2","8","0","0","0","0","10"
"03-07-2026","The Chicago Public Education Fund","2,548","0","0","137","137","0","47","","0","4","0","2","0","0","2","0","2.92%","4","0","4","4","0","4","0","0","0","0","4"
"03-08-2026","The Chicago Public Education Fund","2,548","0","0","102","102","0","40","","0","11","3","1","0","0","7","0","10.78%","6","1","5","6","1","5","0","0","0","0","6"
"03-09-2026","The Chicago Public Education Fund","2,550","2","2","1,127","1,127","0","493","","0","3","1","0","0","0","2","0","0.27%","4","2","2","4","2","2","0","0","0","0","4"
"03-10-2026","The Chicago Public Education Fund","2,552","2","0","1,777","1,777","0","956","","0","101","24","2","1","0","74","0","5.68%","26","4","22","26","4","22","0","0","0","0","26"
"03-11-2026","The Chicago Public Education Fund","2,553","1","0","328","328","0","169","","0","67","12","0","0","0","55","0","20.43%","7","1","6","7","1","6","0","0","0","1","6"
"03-12-2026","The Chicago Public Education Fund","2,554","1","0","172","172","0","97","","0","11","4","0","0","0","7","0","6.4%","8","4","4","8","4","4","0","0","0","0","8"
"03-13-2026","The Chicago Public Education Fund","2,554","0","1","185","185","0","112","","0","0","0","0","0","0","0","0","0%","6","1","5","6","1","5","0","0","0","0","6"
"03-14-2026","The Chicago Public Education Fund","2,554","0","1","369","369","0","290","","0","6","1","0","1","0","4","0","1.63%","37","4","33","37","4","33","0","0","0","0","37"
"03-15-2026","The Chicago Public Education Fund","2,554","0","1","401","401","0","110","","0","35","11","14","3","0","7","0","8.73%","21","4","17","21","4","17","0","0","0","0","21"
"03-16-2026","The Chicago Public Education Fund","2,555","1","1","607","607","0","428","","0","28","9","15","0","0","4","0","4.61%","8","1","7","8","1","7","0","0","0","0","8"
"03-17-2026","The Chicago Public Education Fund","2,557","2","1","1,398","1,398","0","631","","0","141","62","24","1","0","54","0","10.09%","255","98","157","255","98","157","0","0","0","5","250"
"03-18-2026","The Chicago Public Education Fund","2,557","0","0","534","534","0","168","","0","292","110","26","0","0","156","0","54.68%","43","14","29","43","14","29","0","0","0","0","43"
"03-19-2026","The Chicago Public Education Fund","2,558","1","0","328","328","0","87","","0","68","20","13","0","0","35","0","20.73%","18","7","11","18","7","11","0","0","0","0","18"
"03-20-2026","The Chicago Public Education Fund","2,559","1","1","343","343","0","158","","0","17","6","3","0","0","8","0","4.96%","13","4","9","13","4","9","0","0","0","1","12"
"03-21-2026","The Chicago Public Education Fund","2,559","0","0","199","199","0","87","","0","24","8","0","1","0","15","0","12.06%","11","0","11","11","0","11","0","0","0","1","10"
"03-22-2026","The Chicago Public Education Fund","2,559","0","0","93","93","0","52","","0","10","4","1","0","0","5","0","10.75%","6","1","5","6","1","5","0","0","0","0","6"
"03-23-2026","The Chicago Public Education Fund","2,563","4","1","2,772","2,772","0","1,141","","0","1","1","0","0","0","0","0","0.04%","14","2","12","14","2","12","0","0","0","0","14"
"03-24-2026","The Chicago Public Education Fund","2,568","5","0","4,076","4,076","0","1,595","","0","554","147","125","6","1","275","0","13.59%","8","1","7","8","1","7","0","0","0","2","6"
"03-25-2026","The Chicago Public Education Fund","2,570","2","0","1,268","1,268","0","552","","0","584","158","87","13","0","326","0","46.06%","7","3","4","7","3","4","0","0","0","0","7"
"03-26-2026","The Chicago Public Education Fund","2,569","-1","1","627","627","0","333","","0","101","31","10","1","0","59","0","16.11%","8","1","7","8","1","7","0","0","0","0","8"
"03-27-2026","The Chicago Public Education Fund","2,569","0","1","576","576","0","301","","0","58","17","9","0","0","32","0","10.07%","4","1","3","4","1","3","0","0","0","0","4"
"03-28-2026","The Chicago Public Education Fund","2,569","0","0","390","390","0","203","","0","50","5","7","0","9","29","0","12.82%","7","2","5","7","2","5","0","0","0","0","7"
"03-29-2026","The Chicago Public Education Fund","2,568","-1","0","223","223","0","103","","0","14","2","1","0","2","9","0","6.28%","9","3","6","9","3","6","0","0","0","1","8"
"03-30-2026","The Chicago Public Education Fund","2,570","2","3","1,223","1,223","0","540","","0","8","0","1","0","2","5","0","0.65%","161","46","115","161","46","115","0","0","0","2","159"
"03-31-2026","The Chicago Public Education Fund","2,571","1","0","506","506","0","302","","0","151","42","13","1","2","93","0","29.84%","57","8","49","57","8","49","0","0","0","2","55"
"04-01-2026","The Chicago Public Education Fund","2,572","1","0","378","378","0","155","","0","27","8","5","0","2","12","0","7.14%","28","2","26","28","2","26","0","0","0","0","28"
"04-02-2026","The Chicago Public Education Fund","2,572","0","0","76","76","0","122","","0","3","1","0","0","0","2","0","3.95%","28","7","21","28","7","21","0","0","0","1","27"
"04-03-2026","The Chicago Public Education Fund","2,572","0","0","50","50","0","100","","0","1","0","0","0","0","1","0","2%","12","2","10","12","2","10","0","0","0","0","12"
"04-04-2026","The Chicago Public Education Fund","2,572","0","0","79","79","0","35","","0","6","2","1","0","0","3","0","7.59%","5","2","3","5","2","3","0","0","0","0","5"
"04-05-2026","The Chicago Public Education Fund","2,572","0","0","112","112","0","41","","0","4","1","1","0","0","2","0","3.57%","4","1","3","4","1","3","0","0","0","1","3"
"04-06-2026","The Chicago Public Education Fund","2,572","0","3","1,607","1,607","0","855","","0","0","0","0","0","0","0","0","0%","4","2","2","4","2","2","0","0","0","1","3"
"04-07-2026","The Chicago Public Education Fund","2,571","-1","2","3,832","3,832","0","1,714","","0","92","15","0","1","0","76","0","2.4%","83","9","74","83","9","74","0","0","0","0","83"
"04-08-2026","The Chicago Public Education Fund","2,582","11","3","2,972","2,972","0","1,290","","0","760","239","140","7","0","374","0","25.57%","531","227","304","531","227","304","0","0","0","6","525"
"04-09-2026","The Chicago Public Education Fund","2,592","10","4","3,537","3,537","0","1,516","","0","711","223","52","11","11","414","0","20.1%","682","231","451","682","231","451","0","0","0","5","677"
"04-10-2026","The Chicago Public Education Fund","2,597","5","4","3,327","3,327","0","1,436","","0","731","180","52","11","0","488","0","21.97%","738","189","549","738","189","549","0","0","0","6","732"
"04-11-2026","The Chicago Public Education Fund","2,599","2","0","2,047","2,047","0","1,138","","0","431","123","37","15","0","256","0","21.06%","520","119","401","520","119","401","0","0","0","4","516"
"04-12-2026","The Chicago Public Education Fund","2,600","1","0","944","944","0","543","","0","236","61","24","4","1","146","0","25%","219","47","172","219","47","172","0","0","0","0","219"
"04-13-2026","The Chicago Public Education Fund","2,604","4","2","4,960","4,960","0","2,213","","0","139","41","21","15","0","62","0","2.8%","270","83","187","270","83","187","0","0","0","7","263"
"04-14-2026","The Chicago Public Education Fund","2,605","1","1","3,114","3,114","0","1,432","","0","871","287","68","12","0","504","0","27.97%","155","40","115","155","40","115","0","0","0","5","150"
"04-15-2026","The Chicago Public Education Fund","2,629","24","1","11,787","11,787","0","4,349","","0","188","63","16","1","3","105","0","1.59%","171","24","147","171","24","147","0","0","0","1","170"
"04-16-2026","The Chicago Public Education Fund","2,652","23","1","10,271","10,271","0","4,775","","0","1,945","193","58","6","5","1,683","0","18.94%","210","31","179","210","31","179","0","0","0","2","208"
"04-17-2026","The Chicago Public Education Fund","2,658","6","0","2,724","2,724","0","1,339","","0","646","62","22","1","1","560","0","23.72%","79","11","68","79","11","68","0","0","0","4","75"
"04-18-2026","The Chicago Public Education Fund","2,663","5","0","2,179","2,179","0","1,218","","0","179","13","3","0","1","162","0","8.21%","95","11","84","95","11","84","0","0","0","1","94"
"04-19-2026","The Chicago Public Education Fund","2,668","5","0","5,158","5,158","0","2,730","","0","182","12","3","0","0","167","0","3.53%","44","3","41","44","3","41","0","0","0","0","44"
"04-20-2026","The Chicago Public Education Fund","2,668","0","1","2,829","2,829","0","1,402","","0","639","14","4","0","0","621","0","22.59%","43","6","37","43","6","37","0","0","0","1","42"
"04-21-2026","The Chicago Public Education Fund","2,669","1","0","2,440","2,440","0","1,345","","0","210","27","12","1","1","169","0","8.61%","27","9","18","27","9","18","0","0","0","0","27"
"04-22-2026","The Chicago Public Education Fund","2,670","1","0","1,113","1,113","0","625","","0","133","14","0","0","1","118","0","11.95%","30","4","26","30","4","26","0","0","0","1","29"
"04-23-2026","The Chicago Public Education Fund","2,671","1","2","1,258","1,258","0","646","","0","92","23","7","0","0","62","0","7.31%","37","3","34","37","3","34","0","0","0","1","36"
"04-24-2026","The Chicago Public Education Fund","2,672","1","1","2,481","2,481","0","1,458","","0","90","33","0","3","14","40","0","3.63%","42","7","35","42","7","35","0","0","0","1","41"
"04-25-2026","The Chicago Public Education Fund","2,674","2","0","1,803","1,803","0","1,088","","0","108","14","0","1","1","92","0","5.99%","31","7","24","31","7","24","0","0","0","0","31"
"04-26-2026","The Chicago Public Education Fund","2,675","1","0","975","975","0","524","","0","9","1","0","0","0","8","0","0.92%","12","0","12","12","0","12","0","0","0","0","12"
"04-27-2026","The Chicago Public Education Fund","2,677","2","1","2,394","2,394","0","1,053","","0","35","8","0","0","1","26","0","1.46%","21","1","20","21","1","20","0","0","0","0","21"
"04-28-2026","The Chicago Public Education Fund","2,679","2","1","1,763","1,763","0","937","","0","500","199","58","3","0","240","0","28.36%","9","1","8","9","1","8","0","0","0","0","9"
"04-29-2026","The Chicago Public Education Fund","2,678","-1","1","773","773","0","420","","0","100","37","11","0","2","50","0","12.94%","17","0","17","17","0","17","0","0","0","0","17"
"04-30-2026","The Chicago Public Education Fund","2,678","0","0","486","486","0","235","","0","30","6","3","1","1","19","0","6.17%","14","3","11","14","3","11","0","0","0","0","14"
"05-01-2026","The Chicago Public Education Fund","2,680","2","1","823","823","0","357","","0","19","6","1","0","2","10","0","2.31%","21","4","17","21","4","17","0","0","0","0","21"
"05-02-2026","The Chicago Public Education Fund","2,683","3","0","860","860","0","290","","0","104","25","3","1","0","75","0","12.09%","25","9","16","25","9","16","0","0","0","2","23"
"05-03-2026","The Chicago Public Education Fund","2,683","0","0","287","287","0","125","","0","103","31","6","0","0","66","0","35.89%","18","3","15","18","3","15","0","0","0","0","18"
"05-04-2026","The Chicago Public Education Fund","2,685","2","1","997","997","0","455","","0","3","1","0","0","0","2","0","0.3%","26","6","20","26","6","20","0","0","0","0","26"
"05-05-2026","The Chicago Public Education Fund","2,687","2","1","2,199","2,199","0","1,021","","0","241","89","30","3","0","119","0","10.96%","19","1","18","19","1","18","0","0","0","0","19"
"05-06-2026","The Chicago Public Education Fund","2,696","9","1","5,259","5,259","0","2,313","","0","154","62","13","1","0","78","0","2.93%","54","7","47","54","7","47","0","0","0","2","52"
"05-07-2026","The Chicago Public Education Fund","2,715","19","0","6,853","6,853","0","2,967","","0","1,058","200","104","3","2","749","0","15.44%","38","5","33","38","5","33","0","0","0","0","38"
"05-08-2026","The Chicago Public Education Fund","2,719","4","0","1,516","1,516","0","589","","0","378","79","41","0","0","258","0","24.93%","13","1","12","13","1","12","0","0","0","0","13"
"05-09-2026","The Chicago Public Education Fund","2,719","0","0","963","963","0","403","","0","103","24","18","0","0","61","0","10.7%","21","3","18","21","3","18","0","0","0","0","21"
"05-10-2026","The Chicago Public Education Fund","2,721","2","0","682","682","0","334","","0","112","28","20","1","1","62","0","16.42%","13","3","10","13","3","10","0","0","0","0","13"
"05-11-2026","The Chicago Public Education Fund","2,725","4","2","3,480","3,480","0","1,730","","0","66","21","1","1","0","43","0","1.9%","104","14","90","104","14","90","0","0","0","0","104"
"05-12-2026","The Chicago Public Education Fund","2,726","1","0","1,713","1,713","0","942","","0","203","35","5","3","1","159","0","11.85%","52","6","46","52","6","46","0","0","0","0","52"
"05-13-2026","The Chicago Public Education Fund","2,727","1","0","864","864","0","530","","0","64","11","5","0","1","47","0","7.41%","27","5","22","27","5","22","0","0","0","0","27"
"05-14-2026","The Chicago Public Education Fund","2,728","1","1","659","659","0","478","","0","30","4","1","0","0","25","0","4.55%","188","26","162","188","26","162","0","0","0","0","188"
"05-15-2026","The Chicago Public Education Fund","2,728","0","1","724","724","0","444","","0","29","3","1","0","1","24","0","4.01%","90","14","76","90","14","76","0","0","0","0","90"
"05-16-2026","The Chicago Public Education Fund","2,728","0","0","314","314","0","182","","0","75","4","0","0","0","71","0","23.89%","35","3","32","35","3","32","0","0","0","0","35"
"05-17-2026","The Chicago Public Education Fund","2,728","0","0","197","197","0","98","","0","22","2","0","0","0","20","0","11.17%","18","6","12","18","6","12","0","0","0","0","18"
"05-18-2026","The Chicago Public Education Fund","2,729","1","0","192","192","0","78","","0","5","1","0","0","0","4","0","2.6%","16","2","14","16","2","14","0","0","0","0","16"
"05-19-2026","The Chicago Public Education Fund","2,729","0","0","136","136","0","67","","0","1","1","0","0","0","0","0","0.74%","15","2","13","15","2","13","0","0","0","0","15"
"05-20-2026","The Chicago Public Education Fund","2,729","0","1","277","277","0","148","","0","0","0","0","0","0","0","0","0%","17","3","14","17","3","14","0","0","0","0","17"
"05-21-2026","The Chicago Public Education Fund","2,729","0","0","168","168","0","97","","0","7","3","0","0","3","1","0","4.17%","11","2","9","11","2","9","0","0","0","1","10"
"05-22-2026","The Chicago Public Education Fund","2,728","-1","0","151","151","0","85","","0","1","1","0","0","0","0","0","0.66%","18","5","13","18","5","13","0","0","0","0","18"
"05-23-2026","The Chicago Public Education Fund","2,729","1","0","147","147","0","92","","0","0","0","0","0","0","0","0","0%","17","4","13","17","4","13","0","0","0","1","16"
"05-24-2026","The Chicago Public Education Fund","2,729","0","0","158","158","0","92","","0","0","0","0","0","0","0","0","0%","17","8","9","17","8","9","0","0","0","1","16"
"05-25-2026","The Chicago Public Education Fund","2,733","4","1","3,921","3,921","0","1,789","","0","0","0","0","0","0","0","0","0%","16","3","13","16","3","13","0","0","0","0","16"
"05-26-2026","The Chicago Public Education Fund","2,733","0","0","1,704","1,704","0","760","","0","963","331","190","15","0","427","0","56.51%","13","2","11","13","2","11","0","0","0","0","13"
"05-27-2026","The Chicago Public Education Fund","2,734","1","0","736","736","0","319","","0","79","29","11","1","0","38","0","10.73%","12","2","10","12","2","10","0","0","0","0","12"
"05-28-2026","The Chicago Public Education Fund","2,735","1","1","2,082","2,082","0","1,171","","0","118","34","6","1","0","77","0","5.67%","21","5","16","21","5","16","0","0","0","1","20"
"05-29-2026","The Chicago Public Education Fund","2,744","9","1","4,402","4,402","0","1,707","","0","114","17","3","0","0","94","0","2.59%","45","4","41","45","4","41","0","0","0","0","45"
"05-30-2026","The Chicago Public Education Fund","2,752","8","0","6,509","6,509","0","3,289","","0","565","99","49","4","0","413","0","8.68%","49","4","45","49","4","45","0","0","0","0","49"
"05-31-2026","The Chicago Public Education Fund","","","0","","","","","","","743","135","76","1","0","531","","","","","","","","","","","","",""
