"Date","Network","Profile","Audience","Net Audience Growth","Audience Gained","Sent Messages (Total)","Published Posts (Total)","Received Messages (Total)","Impressions","Video Views","Engagements","Engagement Rate (per Impression)","Reactions","Comments","Shares","Post Link Clicks","Saves","Other Post Clicks","Other Engagements","Sent posts (X)","Sent Quotes (X)","Sent @Replies (X)","Sent Direct Messages (X)","Sent Posts (Facebook)","Sent Ad Posts (Facebook)","Sent Comments (Facebook)","Sent Ad Comments (Facebook)","Sent Private Messages (Facebook)","Sent Posts (Instagram)","Sent Stories (Instagram)","Sent Reels (Instagram)","Sent Comments (Instagram)","Sent Ad Comments (Instagram)","Sent Posts (Threads)","Sent Quotes (Threads)","Sent Comments (Threads)","Sent Posts (LinkedIn)","Sent Comments (LinkedIn)","Sent Direct Messages (LinkedIn)","Sent Videos (TikTok)","Sent Comments (TikTok)","Sent Pins (Pinterest)","Sent Saves (Pinterest)","Sent Videos (YouTube)","Received Mentions (X)","Received Direct Messages (X)","Received Reposts (X)","Received Quotes (X)","Received New Follower Alerts (X)","Received Wall Posts (Facebook)","Received Comments (Facebook)","Received Ad Comments (Facebook)","Received Private Messages (Facebook)","Received Comments (Instagram)","Received Ad Comments (Instagram)","Received Mentions (Instagram)","Received Media Tags (Instagram)","Received Posts (Threads)","Received Comments (Threads)","Received Comments (LinkedIn)","Received Direct Messages (LinkedIn)","Sent Direct Messages (Instagram)","Received Direct Messages (Instagram)","Received Comments (TikTok)"
"01-01-2026","X","'@TheFundChicago","3,065","0","0","0","0","0","23","3","4","17.39%","2","0","0","1","","1","0","0","0","0","0","","","","","","","","","0","","","","","","","","","","","","","0","0","0","0","0","","","","","0","","0","","","","","","","",""
"01-01-2026","Facebook","The Chicago Public Education Fund","2,499","0","","0","0","0","103","6","3","2.91%","0","0","0","0","","3","","","","","","0","0","0","0","0","","","","0","","","","","","","","","","","","","","","","","","0","0","0","0","0","","0","","","","","","","",""
"01-01-2026","LinkedIn","The Chicago Public Education Fund","5,609","2","2","0","0","0","236","6","9","3.81%","0","0","0","9","","","","","","","","","","","","","","","","0","","","","","0","0","0","","","","","","","","","","","","","","","0","","0","","","","0","0","","",""
"01-02-2026","X","'@TheFundChicago","3,065","0","0","0","0","0","6","0","0","0%","0","0","0","0","","0","0","0","0","0","0","","","","","","","","","0","","","","","","","","","","","","","0","0","0","0","0","","","","","0","","0","","","","","","","",""
"01-02-2026","Facebook","The Chicago Public Education Fund","2,498","-1","","0","0","0","82","4","2","2.44%","0","0","0","0","","2","","","","","","0","0","0","0","0","","","","0","","","","","","","","","","","","","","","","","","0","0","0","0","0","","0","","","","","","","",""
"01-02-2026","LinkedIn","The Chicago Public Education Fund","5,612","1","1","0","0","0","293","14","28","9.56%","4","0","0","24","","","","","","","","","","","","","","","","0","","","","","0","0","0","","","","","","","","","","","","","","","0","","0","","","","0","0","","",""
"01-03-2026","X","'@TheFundChicago","3,064","-1","0","0","0","0","1","1","0","0%","0","0","0","0","","0","0","0","0","0","0","","","","","","","","","0","","","","","","","","","","","","","0","0","0","0","0","","","","","0","","0","","","","","","","",""
"01-03-2026","Facebook","The Chicago Public Education Fund","2,498","0","","0","0","0","48","3","1","2.08%","1","0","0","0","","0","","","","","","0","0","0","0","0","","","","0","","","","","","","","","","","","","","","","","","0","0","0","0","0","","0","","","","","","","",""
"01-03-2026","LinkedIn","The Chicago Public Education Fund","5,613","2","2","0","0","0","199","3","14","7.04%","2","0","0","12","","","","","","","","","","","","","","","","0","","","","","0","0","0","","","","","","","","","","","","","","","0","","0","","","","0","0","","",""
"01-04-2026","X","'@TheFundChicago","3,064","0","0","0","0","0","0","0","0","0%","0","0","0","0","","0","0","0","0","0","0","","","","","","","","","0","","","","","","","","","","","","","0","0","0","0","0","","","","","0","","0","","","","","","","",""
"01-04-2026","Facebook","The Chicago Public Education Fund","2,498","0","","0","0","0","62","5","0","0%","0","0","0","0","","0","","","","","","0","0","0","0","0","","","","0","","","","","","","","","","","","","","","","","","0","0","0","0","0","","0","","","","","","","",""
"01-04-2026","LinkedIn","The Chicago Public Education Fund","5,617","4","4","0","0","0","162","8","8","4.94%","0","0","0","8","","","","","","","","","","","","","","","","0","","","","","0","0","0","","","","","","","","","","","","","","","0","","0","","","","0","0","","",""
"01-05-2026","X","'@TheFundChicago","3,064","0","0","1","1","3","53","12","8","15.09%","2","2","1","0","","2","1","1","0","0","0","","","","","","","","","0","","","","","","","","","","","","","2","0","1","0","0","","","","","0","","0","","","","","","","",""
"01-05-2026","Facebook","The Chicago Public Education Fund","2,499","1","","1","1","1","296","104","1","0.34%","1","0","0","0","","0","","","","","","0","0","0","0","0","","","","0","","","","","","","","","","","","","","","","","","0","1","0","0","0","","0","","","","","","","",""
"01-05-2026","LinkedIn","The Chicago Public Education Fund","5,620","2","2","1","1","1","514","95","36","7%","7","1","0","28","","","","","","","","","","","","","","","","0","","","","","1","0","0","","","","","","","","","","","","","","","0","","0","","","","1","0","","",""
"01-06-2026","X","'@TheFundChicago","3,064","0","0","0","0","0","52","7","0","0%","0","0","0","0","","0","0","0","0","0","0","","","","","","","","","0","","","","","","","","","","","","","0","0","0","0","0","","","","","0","","0","","","","","","","",""
"01-06-2026","Facebook","The Chicago Public Education Fund","2,501","2","","1","0","0","374","160","49","13.1%","43","4","2","0","","0","","","","","","0","0","1","0","0","","","","0","","","","","","","","","","","","","","","","","","0","0","0","0","0","","0","","","","","","","",""
"01-06-2026","LinkedIn","The Chicago Public Education Fund","5,622","4","4","1","0","0","440","67","51","11.59%","6","1","0","44","","","","","","","","","","","","","","","","0","","","","","0","1","0","","","","","","","","","","","","","","","0","","0","","","","0","0","","",""
"01-07-2026","X","'@TheFundChicago","3,063","-1","0","0","0","0","15","3","0","0%","0","0","0","0","","0","0","0","0","0","0","","","","","","","","","0","","","","","","","","","","","","","0","0","0","0","0","","","","","0","","0","","","","","","","",""
"01-07-2026","Facebook","The Chicago Public Education Fund","2,501","0","","0","0","0","198","46","13","6.57%","12","0","1","0","","0","","","","","","0","0","0","0","0","","","","0","","","","","","","","","","","","","","","","","","0","0","0","0","0","","0","","","","","","","",""
"01-07-2026","LinkedIn","The Chicago Public Education Fund","5,627","2","2","0","0","0","357","32","38","10.64%","0","0","0","38","","","","","","","","","","","","","","","","0","","","","","0","0","0","","","","","","","","","","","","","","","0","","0","","","","0","0","","",""
"01-08-2026","X","'@TheFundChicago","3,063","0","0","0","0","1","9","0","1","11.11%","0","0","0","0","","0","1","0","0","0","0","","","","","","","","","0","","","","","","","","","","","","","1","0","0","0","0","","","","","0","","0","","","","","","","",""
"01-08-2026","Facebook","The Chicago Public Education Fund","2,502","0","","0","0","0","116","21","6","5.17%","5","0","0","1","","0","","","","","","0","0","0","0","0","","","","0","","","","","","","","","","","","","","","","","","0","0","0","0","0","","0","","","","","","","",""
"01-08-2026","LinkedIn","The Chicago Public Education Fund","5,630","5","5","0","0","0","411","37","30","7.3%","3","0","0","27","","","","","","","","","","","","","","","","0","","","","","0","0","0","","","","","","","","","","","","","","","0","","0","","","","0","0","","",""
"01-09-2026","X","'@TheFundChicago","3,063","0","0","2","2","2","58","1","3","5.17%","0","0","2","0","","1","0","2","0","0","0","","","","","","","","","0","","","","","","","","","","","","","0","0","2","0","0","","","","","0","","0","","","","","","","",""
"01-09-2026","Facebook","The Chicago Public Education Fund","2,504","1","","2","2","0","157","38","4","2.55%","3","1","0","0","","0","","","","","","2","0","0","0","0","","","","0","","","","","","","","","","","","","","","","","","0","0","0","0","0","","0","","","","","","","",""
"01-09-2026","LinkedIn","The Chicago Public Education Fund","5,634","2","2","2","2","0","350","24","23","6.57%","5","0","0","18","","","","","","","","","","","","","","","","0","","","","","2","0","0","","","","","","","","","","","","","","","0","","0","","","","0","0","","",""
"01-10-2026","X","'@TheFundChicago","3,063","0","0","0","0","2","27","1","0","0%","0","0","0","0","","0","0","0","0","0","0","","","","","","","","","0","","","","","","","","","","","","","2","0","0","0","0","","","","","0","","0","","","","","","","",""
"01-10-2026","Facebook","The Chicago Public Education Fund","2,503","0","","0","0","0","143","11","11","7.69%","9","1","0","1","","0","","","","","","0","0","0","0","0","","","","0","","","","","","","","","","","","","","","","","","0","0","0","0","0","","0","","","","","","","",""
"01-10-2026","LinkedIn","The Chicago Public Education Fund","5,636","6","6","0","0","0","173","11","20","11.56%","3","0","0","17","","","","","","","","","","","","","","","","0","","","","","0","0","0","","","","","","","","","","","","","","","0","","0","","","","0","0","","",""
"01-11-2026","X","'@TheFundChicago","3,063","0","0","0","0","1","12","0","0","0%","0","0","0","0","","0","0","0","0","0","0","","","","","","","","","0","","","","","","","","","","","","","0","0","0","1","0","","","","","0","","0","","","","","","","",""
"01-11-2026","Facebook","The Chicago Public Education Fund","2,504","1","","0","0","0","109","18","1","0.92%","1","0","0","0","","0","","","","","","0","0","0","0","0","","","","0","","","","","","","","","","","","","","","","","","0","0","0","0","0","","0","","","","","","","",""
"01-11-2026","LinkedIn","The Chicago Public Education Fund","5,643","4","4","0","0","0","183","16","15","8.2%","2","0","0","13","","","","","","","","","","","","","","","","0","","","","","0","0","0","","","","","","","","","","","","","","","0","","0","","","","0","0","","",""
"01-12-2026","X","'@TheFundChicago","3,063","0","0","0","0","0","5","2","2","40%","0","0","0","0","","2","0","0","0","0","0","","","","","","","","","0","","","","","","","","","","","","","0","0","0","0","0","","","","","0","","0","","","","","","","",""
"01-12-2026","Facebook","The Chicago Public Education Fund","2,503","0","","0","0","0","82","12","2","2.44%","0","0","0","1","","1","","","","","","0","0","0","0","0","","","","0","","","","","","","","","","","","","","","","","","0","0","0","0","0","","0","","","","","","","",""
"01-12-2026","LinkedIn","The Chicago Public Education Fund","5,647","1","1","0","0","0","253","32","35","13.83%","7","0","0","28","","","","","","","","","","","","","","","","0","","","","","0","0","0","","","","","","","","","","","","","","","0","","0","","","","0","0","","",""
"01-13-2026","X","'@TheFundChicago","3,061","-2","0","2","2","2","40","7","5","12.5%","1","0","1","0","","3","0","1","0","1","0","","","","","","","","","0","","","","","","","","","","","","","1","0","1","0","0","","","","","0","","0","","","","","","","",""
"01-13-2026","Facebook","The Chicago Public Education Fund","2,503","0","","2","1","0","372","113","4","1.08%","3","1","0","0","","0","","","","","","0","0","1","0","0","","","","0","","","","","","","","","","","","","","","","","","0","0","0","0","0","","0","","","","","","","",""
"01-13-2026","LinkedIn","The Chicago Public Education Fund","5,648","4","4","2","2","1","525","82","47","8.95%","11","1","0","35","","","","","","","","","","","","","","","","0","","","","","2","0","0","","","","","","","","","","","","","","","0","","0","","","","1","0","","",""
"01-14-2026","X","'@TheFundChicago","3,060","-1","0","3","3","0","97","16","6","6.19%","0","2","0","2","","2","0","1","0","2","0","","","","","","","","","0","","","","","","","","","","","","","0","0","0","0","0","","","","","0","","0","","","","","","","",""
"01-14-2026","Facebook","The Chicago Public Education Fund","2,507","1","","6","1","7","931","22","3","0.32%","3","0","0","0","","0","","","","","","1","0","5","0","0","","","","0","","","","","","","","","","","","","","","","","","0","7","0","0","0","","0","","","","","","","",""
"01-14-2026","LinkedIn","The Chicago Public Education Fund","5,652","5","5","9","1","8","1,512","236","162","10.71%","48","16","3","95","","","","","","","","","","","","","","","","0","","","","","1","8","0","","","","","","","","","","","","","","","0","","0","","","","8","0","","",""
"01-15-2026","X","'@TheFundChicago","3,060","0","0","0","0","3","103","7","14","13.59%","4","0","2","5","","3","0","0","0","0","0","","","","","","","","","0","","","","","","","","","","","","","0","0","2","0","1","","","","","0","","0","","","","","","","",""
"01-15-2026","Facebook","The Chicago Public Education Fund","2,506","-1","","1","0","0","334","9","117","35.03%","19","15","0","63","","20","","","","","","0","0","1","0","0","","","","0","","","","","","","","","","","","","","","","","","0","0","0","0","0","","0","","","","","","","",""
"01-15-2026","LinkedIn","The Chicago Public Education Fund","5,660","7","7","2","0","1","775","286","64","8.26%","28","3","2","31","","","","","","","","","","","","","","","","0","","","","","0","2","0","","","","","","","","","","","","","","","0","","0","","","","1","0","","",""
"01-16-2026","X","'@TheFundChicago","3,059","-1","0","0","0","1","22","1","0","0%","0","0","0","0","","0","0","0","0","0","0","","","","","","","","","0","","","","","","","","","","","","","1","0","0","0","0","","","","","0","","0","","","","","","","",""
"01-16-2026","Facebook","The Chicago Public Education Fund","2,509","1","","0","0","0","200","9","15","7.5%","1","1","0","10","","3","","","","","","0","0","0","0","0","","","","0","","","","","","","","","","","","","","","","","","0","0","0","0","0","","0","","","","","","","",""
"01-16-2026","LinkedIn","The Chicago Public Education Fund","5,668","7","7","1","1","0","420","97","19","4.52%","9","0","0","10","","","","","","","","","","","","","","","","0","","","","","1","0","0","","","","","","","","","","","","","","","0","","0","","","","0","0","","",""
"01-17-2026","X","'@TheFundChicago","3,058","-1","0","0","0","0","7","1","1","14.29%","0","0","0","0","","1","0","0","0","0","0","","","","","","","","","0","","","","","","","","","","","","","0","0","0","0","0","","","","","0","","0","","","","","","","",""
"01-17-2026","Facebook","The Chicago Public Education Fund","2,510","0","","0","0","0","166","17","13","7.83%","1","0","0","6","","6","","","","","","0","0","0","0","0","","","","0","","","","","","","","","","","","","","","","","","0","0","0","0","0","","0","","","","","","","",""
"01-17-2026","LinkedIn","The Chicago Public Education Fund","5,674","2","2","0","0","0","283","42","14","4.95%","6","0","0","8","","","","","","","","","","","","","","","","0","","","","","0","0","0","","","","","","","","","","","","","","","0","","0","","","","0","0","","",""
"01-18-2026","X","'@TheFundChicago","3,058","0","0","0","0","0","4","1","0","0%","0","0","0","0","","0","0","0","0","0","0","","","","","","","","","0","","","","","","","","","","","","","0","0","0","0","0","","","","","0","","0","","","","","","","",""
"01-18-2026","Facebook","The Chicago Public Education Fund","2,509","0","","0","0","0","68","14","5","7.35%","1","0","0","4","","0","","","","","","0","0","0","0","0","","","","0","","","","","","","","","","","","","","","","","","0","0","0","0","0","","0","","","","","","","",""
"01-18-2026","LinkedIn","The Chicago Public Education Fund","5,676","0","0","0","0","0","151","32","8","5.3%","2","0","0","6","","","","","","","","","","","","","","","","0","","","","","0","0","0","","","","","","","","","","","","","","","0","","0","","","","0","0","","",""
"01-19-2026","X","'@TheFundChicago","3,058","0","0","1","1","0","28","10","0","0%","0","0","0","0","","0","0","1","0","0","0","","","","","","","","","0","","","","","","","","","","","","","0","0","0","0","0","","","","","0","","0","","","","","","","",""
"01-19-2026","Facebook","The Chicago Public Education Fund","2,509","0","","1","1","0","118","15","0","0%","0","0","0","0","","0","","","","","","0","0","0","0","0","","","","0","","","","","","","","","","","","","","","","","","0","0","0","0","0","","0","","","","","","","",""
"01-19-2026","LinkedIn","The Chicago Public Education Fund","5,677","1","1","1","1","0","230","59","11","4.78%","3","0","0","8","","","","","","","","","","","","","","","","0","","","","","1","0","0","","","","","","","","","","","","","","","0","","0","","","","0","0","","",""
"01-20-2026","X","'@TheFundChicago","3,057","-1","0","0","0","2","82","16","9","10.98%","2","0","1","0","","6","0","0","0","0","0","","","","","","","","","0","","","","","","","","","","","","","1","0","1","0","0","","","","","0","","0","","","","","","","",""
"01-20-2026","Facebook","The Chicago Public Education Fund","2,509","0","","3","3","0","293","18","2","0.68%","1","0","0","1","","0","","","","","","3","0","0","0","0","","","","0","","","","","","","","","","","","","","","","","","0","0","0","0","0","","0","","","","","","","",""
"01-20-2026","LinkedIn","The Chicago Public Education Fund","5,677","4","4","2","2","0","326","49","22","6.75%","9","0","0","13","","","","","","","","","","","","","","","","0","","","","","2","0","0","","","","","","","","","","","","","","","0","","0","","","","0","0","","",""
"01-21-2026","X","'@TheFundChicago","3,056","-1","0","0","0","0","9","3","1","11.11%","0","0","0","0","","1","0","0","0","0","0","","","","","","","","","0","","","","","","","","","","","","","0","0","0","0","0","","","","","0","","0","","","","","","","",""
"01-21-2026","Facebook","The Chicago Public Education Fund","2,509","0","","0","0","0","148","8","3","2.03%","2","0","0","1","","0","","","","","","0","0","0","0","0","","","","0","","","","","","","","","","","","","","","","","","0","0","0","0","0","","0","","","","","","","",""
"01-21-2026","LinkedIn","The Chicago Public Education Fund","5,681","4","4","1","1","1","679","27","26","3.83%","7","0","3","16","","","","","","","","","","","","","","","","0","","","","","1","0","0","","","","","","","","","","","","","","","0","","0","","","","1","0","","",""
"01-22-2026","X","'@TheFundChicago","3,056","0","0","1","1","6","58","1","3","5.17%","2","0","1","0","","0","0","1","0","0","0","","","","","","","","","0","","","","","","","","","","","","","1","0","1","4","0","","","","","0","","0","","","","","","","",""
"01-22-2026","Facebook","The Chicago Public Education Fund","2,509","0","","3","1","1","951","7","0","0%","0","0","0","0","","0","","","","","","1","0","2","0","0","","","","0","","","","","","","","","","","","","","","","","","0","1","0","0","0","","0","","","","","","","",""
"01-22-2026","LinkedIn","The Chicago Public Education Fund","5,686","7","7","1","1","0","437","6","23","5.26%","9","0","0","14","","","","","","","","","","","","","","","","0","","","","","1","0","0","","","","","","","","","","","","","","","0","","0","","","","0","0","","",""
"01-23-2026","X","'@TheFundChicago","3,056","0","0","0","0","0","35","1","2","5.71%","1","0","0","0","","0","1","0","0","0","0","","","","","","","","","0","","","","","","","","","","","","","0","0","0","0","0","","","","","0","","0","","","","","","","",""
"01-23-2026","Facebook","The Chicago Public Education Fund","2,510","1","","1","1","0","595","7","50","8.4%","17","3","0","0","","30","","","","","","1","0","0","0","0","","","","0","","","","","","","","","","","","","","","","","","0","0","0","0","0","","0","","","","","","","",""
"01-23-2026","LinkedIn","The Chicago Public Education Fund","5,692","5","5","1","1","4","1,284","7","105","8.18%","53","4","1","47","","","","","","","","","","","","","","","","0","","","","","1","0","0","","","","","","","","","","","","","","","0","","0","","","","4","0","","",""
"01-24-2026","X","'@TheFundChicago","3,055","-1","0","0","0","0","6","0","1","16.67%","0","0","0","0","","1","0","0","0","0","0","","","","","","","","","0","","","","","","","","","","","","","0","0","0","0","0","","","","","0","","0","","","","","","","",""
"01-24-2026","Facebook","The Chicago Public Education Fund","2,510","0","","0","0","0","196","1","4","2.04%","0","0","0","1","","3","","","","","","0","0","0","0","0","","","","0","","","","","","","","","","","","","","","","","","0","0","0","0","0","","0","","","","","","","",""
"01-24-2026","LinkedIn","The Chicago Public Education Fund","5,697","6","6","0","0","1","608","3","46","7.57%","21","1","0","24","","","","","","","","","","","","","","","","0","","","","","0","0","0","","","","","","","","","","","","","","","0","","0","","","","1","0","","",""
"01-25-2026","X","'@TheFundChicago","3,055","0","0","0","0","0","4","0","0","0%","0","0","0","0","","0","0","0","0","0","0","","","","","","","","","0","","","","","","","","","","","","","0","0","0","0","0","","","","","0","","0","","","","","","","",""
"01-25-2026","Facebook","The Chicago Public Education Fund","2,510","0","","0","0","0","102","5","2","1.96%","1","0","0","0","","1","","","","","","0","0","0","0","0","","","","0","","","","","","","","","","","","","","","","","","0","0","0","0","0","","0","","","","","","","",""
"01-25-2026","LinkedIn","The Chicago Public Education Fund","5,702","5","5","0","0","0","325","1","22","6.77%","8","0","0","14","","","","","","","","","","","","","","","","0","","","","","0","0","0","","","","","","","","","","","","","","","0","","0","","","","0","0","","",""
"01-26-2026","X","'@TheFundChicago","3,056","1","1","0","0","0","3","0","0","0%","0","0","0","0","","0","0","0","0","0","0","","","","","","","","","0","","","","","","","","","","","","","0","0","0","0","0","","","","","0","","0","","","","","","","",""
"01-26-2026","Facebook","The Chicago Public Education Fund","2,510","0","","0","0","0","191","2","0","0%","0","0","0","0","","0","","","","","","0","0","0","0","0","","","","0","","","","","","","","","","","","","","","","","","0","0","0","0","0","","0","","","","","","","",""
"01-26-2026","LinkedIn","The Chicago Public Education Fund","5,706","5","5","3","0","0","389","0","28","7.2%","12","3","0","13","","","","","","","","","","","","","","","","0","","","","","0","3","0","","","","","","","","","","","","","","","0","","0","","","","0","0","","",""
"01-27-2026","X","'@TheFundChicago","3,055","-1","0","0","0","3","29","0","1","3.45%","1","0","0","0","","0","0","0","0","0","0","","","","","","","","","0","","","","","","","","","","","","","1","0","0","2","0","","","","","0","","0","","","","","","","",""
"01-27-2026","Facebook","The Chicago Public Education Fund","2,510","0","","0","0","1","128","4","1","0.78%","1","0","0","0","","0","","","","","","0","0","0","0","0","","","","0","","","","","","","","","","","","","","","","","","0","1","0","0","0","","0","","","","","","","",""
"01-27-2026","LinkedIn","The Chicago Public Education Fund","5,711","5","5","0","0","1","254","0","19","7.48%","3","1","0","15","","","","","","","","","","","","","","","","0","","","","","0","0","0","","","","","","","","","","","","","","","0","","0","","","","1","0","","",""
"01-28-2026","X","'@TheFundChicago","3,055","0","0","3","3","0","1","0","0","0%","0","0","0","0","","0","0","1","0","2","0","","","","","","","","","0","","","","","","","","","","","","","0","0","0","0","0","","","","","0","","0","","","","","","","",""
"01-28-2026","Facebook","The Chicago Public Education Fund","2,512","0","","1","1","0","195","5","1","0.51%","1","0","0","0","","0","","","","","","1","0","0","0","0","","","","0","","","","","","","","","","","","","","","","","","0","0","0","0","0","","0","","","","","","","",""
"01-28-2026","LinkedIn","The Chicago Public Education Fund","5,716","2","2","1","1","0","457","4","29","6.35%","11","0","0","18","","","","","","","","","","","","","","","","0","","","","","1","0","0","","","","","","","","","","","","","","","0","","0","","","","0","0","","",""
"01-29-2026","X","'@TheFundChicago","3,055","0","0","0","0","1","4","1","0","0%","0","0","0","0","","0","0","0","0","0","0","","","","","","","","","0","","","","","","","","","","","","","1","0","0","0","0","","","","","0","","0","","","","","","","",""
"01-29-2026","Facebook","The Chicago Public Education Fund","2,512","0","","1","1","0","142","5","2","1.41%","1","0","0","0","","1","","","","","","1","0","0","0","0","","","","0","","","","","","","","","","","","","","","","","","0","0","0","0","0","","0","","","","","","","",""
"01-29-2026","LinkedIn","The Chicago Public Education Fund","5,716","5","5","1","1","0","713","7","48","6.73%","15","0","3","30","","","","","","","","","","","","","","","","0","","","","","1","0","0","","","","","","","","","","","","","","","0","","0","","","","0","0","","",""
"01-30-2026","X","'@TheFundChicago","3,055","0","0","0","0","1","1","0","0","0%","0","0","0","0","","0","0","0","0","0","0","","","","","","","","","0","","","","","","","","","","","","","1","0","0","0","0","","","","","0","","0","","","","","","","",""
"01-30-2026","Facebook","The Chicago Public Education Fund","2,513","0","","0","0","0","169","5","3","1.78%","1","0","0","0","","2","","","","","","0","0","0","0","0","","","","0","","","","","","","","","","","","","","","","","","0","0","0","0","0","","0","","","","","","","",""
"01-30-2026","LinkedIn","The Chicago Public Education Fund","5,722","3","3","0","0","1","296","1","23","7.77%","9","1","1","12","","","","","","","","","","","","","","","","0","","","","","0","0","0","","","","","","","","","","","","","","","0","","0","","","","1","0","","",""
"01-31-2026","X","'@TheFundChicago","3,054","-1","0","0","0","0","4","1","0","0%","0","0","0","0","","0","0","0","0","0","0","","","","","","","","","0","","","","","","","","","","","","","0","0","0","0","0","","","","","0","","0","","","","","","","",""
"01-31-2026","Facebook","The Chicago Public Education Fund","2,514","0","","0","0","0","214","4","2","0.93%","0","0","0","1","","1","","","","","","0","0","0","0","0","","","","0","","","","","","","","","","","","","","","","","","0","0","0","0","0","","0","","","","","","","",""
"01-31-2026","LinkedIn","The Chicago Public Education Fund","5,725","2","2","0","0","0","171","3","10","5.85%","3","0","0","7","","","","","","","","","","","","","","","","0","","","","","0","0","0","","","","","","","","","","","","","","","0","","0","","","","0","0","","",""
"02-01-2026","X","'@TheFundChicago","3,055","1","1","0","0","0","8","1","0","0%","0","0","0","0","","0","0","0","0","0","0","","","","","","","","","0","","","","","","","","","","","","","0","0","0","0","0","","","","","0","","0","","","","","","","",""
"02-01-2026","Facebook","The Chicago Public Education Fund","2,514","0","","0","0","0","116","11","2","1.72%","1","0","0","1","","0","","","","","","0","0","0","0","0","","","","0","","","","","","","","","","","","","","","","","","0","0","0","0","0","","0","","","","","","","",""
"02-01-2026","LinkedIn","The Chicago Public Education Fund","5,725","4","4","0","0","0","150","0","10","6.67%","3","0","0","7","","","","","","","","","","","","","","","","0","","","","","0","0","0","","","","","","","","","","","","","","","0","","0","","","","0","0","","",""
"02-02-2026","X","'@TheFundChicago","3,055","0","0","0","0","2","0","0","0","0%","0","0","0","0","","0","0","0","0","0","0","","","","","","","","","0","","","","","","","","","","","","","2","0","0","0","0","","","","","0","","0","","","","","","","",""
"02-02-2026","Facebook","The Chicago Public Education Fund","2,514","0","","0","0","0","63","8","0","0%","0","0","0","0","","0","","","","","","0","0","0","0","0","","","","0","","","","","","","","","","","","","","","","","","0","0","0","0","0","","0","","","","","","","",""
"02-02-2026","LinkedIn","The Chicago Public Education Fund","5,730","8","8","1","1","2","278","5","101","36.33%","7","2","0","92","","","","","","","","","","","","","","","","0","","","","","1","0","0","","","","","","","","","","","","","","","0","","0","","","","2","0","","",""
"02-03-2026","X","'@TheFundChicago","3,054","-1","0","0","0","3","0","0","0","0%","0","0","0","0","","0","0","0","0","0","0","","","","","","","","","0","","","","","","","","","","","","","3","0","0","0","0","","","","","0","","0","","","","","","","",""
"02-03-2026","Facebook","The Chicago Public Education Fund","2,514","0","","1","1","0","139","2","0","0%","0","0","0","0","","0","","","","","","1","0","0","0","0","","","","0","","","","","","","","","","","","","","","","","","0","0","0","0","0","","0","","","","","","","",""
"02-03-2026","LinkedIn","The Chicago Public Education Fund","5,737","5","5","2","1","3","398","0","50","12.56%","7","4","1","38","","","","","","","","","","","","","","","","0","","","","","1","1","0","","","","","","","","","","","","","","","0","","0","","","","3","0","","",""
"02-04-2026","X","'@TheFundChicago","3,054","0","0","0","0","0","3","0","0","0%","0","0","0","0","","0","0","0","0","0","0","","","","","","","","","0","","","","","","","","","","","","","0","0","0","0","0","","","","","0","","0","","","","","","","",""
"02-04-2026","Facebook","The Chicago Public Education Fund","2,515","0","","0","0","0","155","14","10","6.45%","2","0","0","1","","7","","","","","","0","0","0","0","0","","","","0","","","","","","","","","","","","","","","","","","0","0","0","0","0","","0","","","","","","","",""
"02-04-2026","LinkedIn","The Chicago Public Education Fund","5,742","5","5","0","0","0","266","0","27","10.15%","7","0","0","20","","","","","","","","","","","","","","","","0","","","","","0","0","0","","","","","","","","","","","","","","","0","","0","","","","0","0","","",""
"02-05-2026","X","'@TheFundChicago","3,054","0","0","0","0","2","22","0","0","0%","0","0","0","0","","0","0","0","0","0","0","","","","","","","","","0","","","","","","","","","","","","","1","0","0","0","1","","","","","0","","0","","","","","","","",""
"02-05-2026","Facebook","The Chicago Public Education Fund","2,517","1","","1","1","1","139","6","2","1.44%","1","0","0","0","","1","","","","","","1","0","0","0","0","","","","0","","","","","","","","","","","","","","","","","","1","0","0","0","0","","0","","","","","","","",""
"02-05-2026","LinkedIn","The Chicago Public Education Fund","5,749","4","4","1","1","0","365","0","34","9.32%","3","0","1","30","","","","","","","","","","","","","","","","0","","","","","1","0","0","","","","","","","","","","","","","","","0","","0","","","","0","0","","",""
"02-06-2026","X","'@TheFundChicago","3,055","1","1","0","0","2","0","0","0","0%","0","0","0","0","","0","0","0","0","0","0","","","","","","","","","0","","","","","","","","","","","","","1","0","0","0","1","","","","","0","","0","","","","","","","",""
"02-06-2026","Facebook","The Chicago Public Education Fund","2,517","-1","","0","0","0","44","1","2","4.55%","1","0","0","0","","1","","","","","","0","0","0","0","0","","","","0","","","","","","","","","","","","","","","","","","0","0","0","0","0","","0","","","","","","","",""
"02-06-2026","LinkedIn","The Chicago Public Education Fund","5,750","3","3","0","0","0","308","0","45","14.61%","12","0","0","33","","","","","","","","","","","","","","","","0","","","","","0","0","0","","","","","","","","","","","","","","","0","","0","","","","0","0","","",""
"02-07-2026","X","'@TheFundChicago","3,056","1","1","0","0","0","0","0","0","0%","0","0","0","0","","0","0","0","0","0","0","","","","","","","","","0","","","","","","","","","","","","","0","0","0","0","0","","","","","0","","0","","","","","","","",""
"02-07-2026","Facebook","The Chicago Public Education Fund","2,518","0","","0","0","0","33","7","11","33.33%","5","1","0","0","","5","","","","","","0","0","0","0","0","","","","0","","","","","","","","","","","","","","","","","","0","0","0","0","0","","0","","","","","","","",""
"02-07-2026","LinkedIn","The Chicago Public Education Fund","5,752","1","1","0","0","0","128","0","3","2.34%","2","0","0","1","","","","","","","","","","","","","","","","0","","","","","0","0","0","","","","","","","","","","","","","","","0","","0","","","","0","0","","",""
"02-08-2026","X","'@TheFundChicago","3,055","-1","0","0","0","1","1","0","0","0%","0","0","0","0","","0","0","0","0","0","0","","","","","","","","","0","","","","","","","","","","","","","0","0","0","0","1","","","","","0","","0","","","","","","","",""
"02-08-2026","Facebook","The Chicago Public Education Fund","2,519","1","","0","0","0","23","1","1","4.35%","0","0","0","0","","1","","","","","","0","0","0","0","0","","","","0","","","","","","","","","","","","","","","","","","0","0","0","0","0","","0","","","","","","","",""
"02-08-2026","LinkedIn","The Chicago Public Education Fund","5,752","2","2","0","0","0","79","0","4","5.06%","1","0","0","3","","","","","","","","","","","","","","","","0","","","","","0","0","0","","","","","","","","","","","","","","","0","","0","","","","0","0","","",""
"02-09-2026","X","'@TheFundChicago","3,056","1","1","1","1","0","5","0","1","20%","0","0","0","0","","0","1","1","0","0","0","","","","","","","","","0","","","","","","","","","","","","","0","0","0","0","0","","","","","0","","0","","","","","","","",""
"02-09-2026","Facebook","The Chicago Public Education Fund","2,524","5","","4","1","6","7,047","9","0","0%","0","0","0","0","","0","","","","","","1","0","3","0","0","","","","0","","","","","","","","","","","","","","","","","","1","5","0","0","0","","0","","","","","","","",""
"02-09-2026","LinkedIn","The Chicago Public Education Fund","5,754","4","4","1","1","0","164","2","5","3.05%","3","0","0","2","","","","","","","","","","","","","","","","0","","","","","1","0","0","","","","","","","","","","","","","","","0","","0","","","","0","0","","",""
"02-10-2026","X","'@TheFundChicago","3,055","-1","0","1","1","6","113","0","42","37.17%","7","1","4","0","","17","13","0","0","1","0","","","","","","","","","0","","","","","","","","","","","","","1","0","3","0","2","","","","","0","","0","","","","","","","",""
"02-10-2026","Facebook","The Chicago Public Education Fund","2,534","10","","2","0","8","10,432","15","1,501","14.39%","376","195","7","1","","922","","","","","","0","0","2","0","0","","","","0","","","","","","","","","","","","","","","","","","1","7","0","0","0","","0","","","","","","","",""
"02-10-2026","LinkedIn","The Chicago Public Education Fund","5,758","8","8","6","1","13","4,346","0","485","11.16%","108","17","5","355","","","","","","","","","","","","","","","","0","","","","","1","5","0","","","","","","","","","","","","","","","0","","0","","","","13","0","","",""
"02-11-2026","X","'@TheFundChicago","3,058","3","3","0","0","0","37","1","6","16.22%","1","0","0","0","","2","3","0","0","0","0","","","","","","","","","0","","","","","","","","","","","","","0","0","0","0","0","","","","","0","","0","","","","","","","",""
"02-11-2026","Facebook","The Chicago Public Education Fund","2,534","0","","3","0","1","3,053","10","1,741","57.03%","486","281","16","0","","958","","","","","","0","0","3","0","0","","","","0","","","","","","","","","","","","","","","","","","0","1","0","0","0","","0","","","","","","","",""
"02-11-2026","LinkedIn","The Chicago Public Education Fund","5,767","6","6","11","1","11","3,212","0","279","8.69%","62","27","4","186","","","","","","","","","","","","","","","","0","","","","","1","10","0","","","","","","","","","","","","","","","0","","0","","","","11","0","","",""
"02-12-2026","X","'@TheFundChicago","3,058","0","0","0","0","0","13","0","1","7.69%","0","0","0","0","","0","1","0","0","0","0","","","","","","","","","0","","","","","","","","","","","","","0","0","0","0","0","","","","","0","","0","","","","","","","",""
"02-12-2026","Facebook","The Chicago Public Education Fund","2,535","1","","0","0","4","1,279","4","334","26.11%","97","49","2","1","","185","","","","","","0","0","0","0","0","","","","0","","","","","","","","","","","","","","","","","","0","4","0","0","0","","0","","","","","","","",""
"02-12-2026","LinkedIn","The Chicago Public Education Fund","5,774","5","5","0","0","2","1,727","3","121","7.01%","39","2","1","79","","","","","","","","","","","","","","","","0","","","","","0","0","0","","","","","","","","","","","","","","","0","","0","","","","2","0","","",""
"02-13-2026","X","'@TheFundChicago","3,058","0","0","0","0","2","2","0","1","50%","0","0","0","0","","0","1","0","0","0","0","","","","","","","","","0","","","","","","","","","","","","","1","0","0","1","0","","","","","0","","0","","","","","","","",""
"02-13-2026","Facebook","The Chicago Public Education Fund","2,535","0","","0","0","1","466","4","130","27.9%","35","18","0","0","","77","","","","","","0","0","0","0","0","","","","0","","","","","","","","","","","","","","","","","","0","1","0","0","0","","0","","","","","","","",""
"02-13-2026","LinkedIn","The Chicago Public Education Fund","5,780","2","2","2","1","1","759","12","47","6.19%","9","2","1","35","","","","","","","","","","","","","","","","0","","","","","1","1","0","","","","","","","","","","","","","","","0","","0","","","","1","0","","",""
"02-14-2026","X","'@TheFundChicago","3,055","-3","0","0","0","0","1","0","0","0%","0","0","0","0","","0","0","0","0","0","0","","","","","","","","","0","","","","","","","","","","","","","0","0","0","0","0","","","","","0","","0","","","","","","","",""
"02-14-2026","Facebook","The Chicago Public Education Fund","2,535","0","","0","0","0","309","5","42","13.59%","12","4","0","0","","26","","","","","","0","0","0","0","0","","","","0","","","","","","","","","","","","","","","","","","0","0","0","0","0","","0","","","","","","","",""
"02-14-2026","LinkedIn","The Chicago Public Education Fund","5,782","1","1","0","0","0","570","43","59","10.35%","16","0","0","43","","","","","","","","","","","","","","","","0","","","","","0","0","0","","","","","","","","","","","","","","","0","","0","","","","0","0","","",""
"02-15-2026","X","'@TheFundChicago","3,055","0","0","0","0","0","43","0","1","2.33%","0","0","0","0","","0","1","0","0","0","0","","","","","","","","","0","","","","","","","","","","","","","0","0","0","0","0","","","","","0","","0","","","","","","","",""
"02-15-2026","Facebook","The Chicago Public Education Fund","2,536","1","","0","0","0","320","6","21","6.56%","5","2","0","0","","14","","","","","","0","0","0","0","0","","","","0","","","","","","","","","","","","","","","","","","0","0","0","0","0","","0","","","","","","","",""
"02-15-2026","LinkedIn","The Chicago Public Education Fund","5,783","1","1","0","0","0","412","295","49","11.89%","15","0","1","33","","","","","","","","","","","","","","","","0","","","","","0","0","0","","","","","","","","","","","","","","","0","","0","","","","0","0","","",""
"02-16-2026","X","'@TheFundChicago","3,055","0","0","3","3","1","69","1","5","7.25%","1","3","0","0","","1","0","1","0","2","0","","","","","","","","","0","","","","","","","","","","","","","1","0","0","0","0","","","","","0","","0","","","","","","","",""
"02-16-2026","Facebook","The Chicago Public Education Fund","2,537","1","","3","1","0","1,044","7","26","2.49%","7","3","0","0","","16","","","","","","1","0","2","0","0","","","","0","","","","","","","","","","","","","","","","","","0","0","0","0","0","","0","","","","","","","",""
"02-16-2026","LinkedIn","The Chicago Public Education Fund","5,783","3","3","2","1","1","496","117","30","6.05%","10","2","0","18","","","","","","","","","","","","","","","","0","","","","","1","1","0","","","","","","","","","","","","","","","0","","0","","","","1","0","","",""
"02-17-2026","X","'@TheFundChicago","3,054","-1","0","0","0","1","41","0","3","7.32%","1","0","0","0","","0","2","0","0","0","0","","","","","","","","","0","","","","","","","","","","","","","0","0","0","0","1","","","","","0","","0","","","","","","","",""
"02-17-2026","Facebook","The Chicago Public Education Fund","2,537","0","","1","0","1","276","4","61","22.1%","14","4","0","0","","43","","","","","","0","0","1","0","0","","","","0","","","","","","","","","","","","","","","","","","0","1","0","0","0","","0","","","","","","","",""
"02-17-2026","LinkedIn","The Chicago Public Education Fund","5,786","3","3","0","0","0","562","92","40","7.12%","19","0","0","21","","","","","","","","","","","","","","","","0","","","","","0","0","0","","","","","","","","","","","","","","","0","","0","","","","0","0","","",""
"02-18-2026","X","'@TheFundChicago","3,056","2","2","0","0","0","16","0","0","0%","0","0","0","0","","0","0","0","0","0","0","","","","","","","","","0","","","","","","","","","","","","","0","0","0","0","0","","","","","0","","0","","","","","","","",""
"02-18-2026","Facebook","The Chicago Public Education Fund","2,537","0","","0","0","0","119","4","10","8.4%","4","1","0","0","","5","","","","","","0","0","0","0","0","","","","0","","","","","","","","","","","","","","","","","","0","0","0","0","0","","0","","","","","","","",""
"02-18-2026","LinkedIn","The Chicago Public Education Fund","5,789","2","2","0","0","0","426","70","38","8.92%","14","0","0","24","","","","","","","","","","","","","","","","0","","","","","0","0","0","","","","","","","","","","","","","","","0","","0","","","","0","0","","",""
"02-19-2026","X","'@TheFundChicago","3,056","0","0","4","4","2","124","0","17","13.71%","3","3","2","0","","8","1","1","0","3","0","","","","","","","","","0","","","","","","","","","","","","","0","0","2","0","0","","","","","0","","0","","","","","","","",""
"02-19-2026","Facebook","The Chicago Public Education Fund","2,543","6","","1","1","0","1,346","2","4","0.3%","2","1","0","0","","1","","","","","","1","0","0","0","0","","","","0","","","","","","","","","","","","","","","","","","0","0","0","0","0","","0","","","","","","","",""
"02-19-2026","LinkedIn","The Chicago Public Education Fund","5,792","2","2","1","1","0","719","50","61","8.48%","19","0","0","42","","","","","","","","","","","","","","","","0","","","","","1","0","0","","","","","","","","","","","","","","","0","","0","","","","0","0","","",""
"02-20-2026","X","'@TheFundChicago","3,056","0","0","1","1","1","102","0","8","7.84%","2","0","0","0","","2","4","1","0","0","0","","","","","","","","","0","","","","","","","","","","","","","1","0","0","0","0","","","","","0","","0","","","","","","","",""
"02-20-2026","Facebook","The Chicago Public Education Fund","2,544","1","","1","1","2","973","3","142","14.59%","49","0","3","0","","90","","","","","","1","0","0","0","0","","","","0","","","","","","","","","","","","","","","","","","0","2","0","0","0","","0","","","","","","","",""
"02-20-2026","LinkedIn","The Chicago Public Education Fund","5,793","6","6","1","1","0","951","44","52","5.47%","15","0","1","36","","","","","","","","","","","","","","","","0","","","","","1","0","0","","","","","","","","","","","","","","","0","","0","","","","0","0","","",""
"02-21-2026","X","'@TheFundChicago","3,056","0","0","0","0","1","25","0","3","12%","1","0","0","0","","1","1","0","0","0","0","","","","","","","","","0","","","","","","","","","","","","","0","0","0","0","1","","","","","0","","0","","","","","","","",""
"02-21-2026","Facebook","The Chicago Public Education Fund","2,544","0","","0","0","0","405","11","54","13.33%","23","0","3","0","","28","","","","","","0","0","0","0","0","","","","0","","","","","","","","","","","","","","","","","","0","0","0","0","0","","0","","","","","","","",""
"02-21-2026","LinkedIn","The Chicago Public Education Fund","5,799","3","3","0","0","1","671","27","57","8.49%","14","1","0","42","","","","","","","","","","","","","","","","0","","","","","0","0","0","","","","","","","","","","","","","","","0","","0","","","","1","0","","",""
"02-22-2026","X","'@TheFundChicago","3,056","0","0","0","0","0","3","0","0","0%","0","0","0","0","","0","0","0","0","0","0","","","","","","","","","0","","","","","","","","","","","","","0","0","0","0","0","","","","","0","","0","","","","","","","",""
"02-22-2026","Facebook","The Chicago Public Education Fund","2,544","0","","0","0","0","192","5","12","6.25%","7","1","0","0","","4","","","","","","0","0","0","0","0","","","","0","","","","","","","","","","","","","","","","","","0","0","0","0","0","","0","","","","","","","",""
"02-22-2026","LinkedIn","The Chicago Public Education Fund","5,801","4","4","2","1","3","931","283","108","11.6%","27","4","1","76","","","","","","","","","","","","","","","","0","","","","","1","1","0","","","","","","","","","","","","","","","0","","0","","","","3","0","","",""
"02-23-2026","X","'@TheFundChicago","3,056","0","0","3","3","3","18","0","3","16.67%","0","2","1","0","","0","0","1","0","2","0","","","","","","","","","0","","","","","","","","","","","","","2","0","1","0","0","","","","","0","","0","","","","","","","",""
"02-23-2026","Facebook","The Chicago Public Education Fund","2,545","1","","2","1","2","761","11","13","1.71%","5","0","0","0","","8","","","","","","1","0","1","0","0","","","","0","","","","","","","","","","","","","","","","","","0","2","0","0","0","","0","","","","","","","",""
"02-23-2026","LinkedIn","The Chicago Public Education Fund","5,805","6","6","1","1","1","686","318","50","7.29%","9","1","1","39","","","","","","","","","","","","","","","","0","","","","","1","0","0","","","","","","","","","","","","","","","0","","0","","","","1","0","","",""
"02-24-2026","X","'@TheFundChicago","3,056","0","0","0","0","4","308","0","15","4.87%","4","0","1","0","","9","1","0","0","0","0","","","","","","","","","0","","","","","","","","","","","","","3","0","1","0","0","","","","","0","","0","","","","","","","",""
"02-24-2026","Facebook","The Chicago Public Education Fund","2,545","0","","0","0","0","521","7","42","8.06%","7","3","1","1","","30","","","","","","0","0","0","0","0","","","","0","","","","","","","","","","","","","","","","","","0","0","0","0","0","","0","","","","","","","",""
"02-24-2026","LinkedIn","The Chicago Public Education Fund","5,810","5","5","1","1","1","1,042","363","76","7.29%","21","1","1","53","","","","","","","","","","","","","","","","0","","","","","1","0","0","","","","","","","","","","","","","","","0","","0","","","","1","0","","",""
"02-25-2026","X","'@TheFundChicago","3,054","-2","0","1","1","2","68","0","1","1.47%","1","0","0","0","","0","0","0","0","1","0","","","","","","","","","0","","","","","","","","","","","","","2","0","0","0","0","","","","","0","","0","","","","","","","",""
"02-25-2026","Facebook","The Chicago Public Education Fund","2,545","0","","0","0","0","434","15","36","8.29%","8","1","0","0","","27","","","","","","0","0","0","0","0","","","","0","","","","","","","","","","","","","","","","","","0","0","0","0","0","","0","","","","","","","",""
"02-25-2026","LinkedIn","The Chicago Public Education Fund","5,814","7","7","0","0","1","684","235","69","10.09%","29","1","0","39","","","","","","","","","","","","","","","","0","","","","","0","0","0","","","","","","","","","","","","","","","0","","0","","","","1","0","","",""
"02-26-2026","X","'@TheFundChicago","3,054","0","0","0","0","0","47","0","0","0%","0","0","0","0","","0","0","0","0","0","0","","","","","","","","","0","","","","","","","","","","","","","0","0","0","0","0","","","","","0","","0","","","","","","","",""
"02-26-2026","Facebook","The Chicago Public Education Fund","2,545","0","","2","1","3","468","167","6","1.28%","1","0","0","0","","5","","","","","","0","0","1","0","0","","","","0","","","","","","","","","","","","","","","","","","0","3","0","0","0","","0","","","","","","","",""
"02-26-2026","LinkedIn","The Chicago Public Education Fund","5,821","8","8","2","1","1","708","226","68","9.6%","21","2","3","42","","","","","","","","","","","","","","","","0","","","","","1","1","0","","","","","","","","","","","","","","","0","","0","","","","1","0","","",""
"02-27-2026","X","'@TheFundChicago","3,054","0","0","0","0","0","13","0","0","0%","0","0","0","0","","0","0","0","0","0","0","","","","","","","","","0","","","","","","","","","","","","","0","0","0","0","0","","","","","0","","0","","","","","","","",""
"02-27-2026","Facebook","The Chicago Public Education Fund","2,546","1","","2","1","0","552","116","24","4.35%","15","4","1","0","","4","","","","","","0","0","1","0","0","","","","0","","","","","","","","","","","","","","","","","","0","0","0","0","0","","0","","","","","","","",""
"02-27-2026","LinkedIn","The Chicago Public Education Fund","5,829","1","1","2","0","1","461","135","45","9.76%","9","3","0","33","","","","","","","","","","","","","","","","0","","","","","0","2","0","","","","","","","","","","","","","","","0","","0","","","","1","0","","",""
"02-28-2026","X","'@TheFundChicago","3,054","0","0","0","0","2","26","1","0","0%","0","0","0","0","","0","0","0","0","0","0","","","","","","","","","0","","","","","","","","","","","","","2","0","0","0","0","","","","","0","","0","","","","","","","",""
"02-28-2026","Facebook","The Chicago Public Education Fund","2,548","2","","0","0","0","314","83","52","16.56%","21","2","0","0","","29","","","","","","0","0","0","0","0","","","","0","","","","","","","","","","","","","","","","","","0","0","0","0","0","","0","","","","","","","",""
"02-28-2026","LinkedIn","The Chicago Public Education Fund","5,831","5","5","0","0","0","334","100","42","12.57%","10","0","0","32","","","","","","","","","","","","","","","","0","","","","","0","0","0","","","","","","","","","","","","","","","0","","0","","","","0","0","","",""
"03-01-2026","X","'@TheFundChicago","3,054","0","0","0","0","2","47","0","0","0%","0","0","0","0","","0","0","0","0","0","0","","","","","","","","","0","","","","","","","","","","","","","2","0","0","0","0","","","","","0","","0","","","","","","","",""
"03-01-2026","Facebook","The Chicago Public Education Fund","2,548","0","","0","0","0","127","19","24","18.9%","10","0","0","0","","14","","","","","","0","0","0","0","0","","","","0","","","","","","","","","","","","","","","","","","0","0","0","0","0","","0","","","","","","","",""
"03-01-2026","LinkedIn","The Chicago Public Education Fund","5,837","4","4","0","0","0","320","83","19","5.94%","7","0","0","12","","","","","","","","","","","","","","","","0","","","","","0","0","0","","","","","","","","","","","","","","","0","","0","","","","0","0","","",""
"03-02-2026","X","'@TheFundChicago","3,054","0","0","5","5","3","97","0","9","9.28%","1","4","1","0","","3","0","1","0","4","0","","","","","","","","","0","","","","","","","","","","","","","2","0","1","0","0","","","","","0","","0","","","","","","","",""
"03-02-2026","Facebook","The Chicago Public Education Fund","2,547","-1","","1","1","0","595","29","8","1.34%","2","1","0","0","","5","","","","","","1","0","0","0","0","","","","0","","","","","","","","","","","","","","","","","","0","0","0","0","0","","0","","","","","","","",""
"03-02-2026","LinkedIn","The Chicago Public Education Fund","5,840","3","3","1","1","0","631","72","41","6.5%","10","0","0","31","","","","","","","","","","","","","","","","0","","","","","1","0","0","","","","","","","","","","","","","","","0","","0","","","","0","0","","",""
"03-03-2026","X","'@TheFundChicago","3,054","0","0","0","0","6","68","0","5","7.35%","1","0","0","0","","3","1","0","0","0","0","","","","","","","","","0","","","","","","","","","","","","","6","0","0","0","0","","","","","0","","0","","","","","","","",""
"03-03-2026","Facebook","The Chicago Public Education Fund","2,547","0","","0","0","0","225","9","23","10.22%","6","0","0","0","","17","","","","","","0","0","0","0","0","","","","0","","","","","","","","","","","","","","","","","","0","0","0","0","0","","0","","","","","","","",""
"03-03-2026","LinkedIn","The Chicago Public Education Fund","5,844","8","8","1","1","0","1,429","79","159","11.13%","18","0","2","139","","","","","","","","","","","","","","","","0","","","","","1","0","0","","","","","","","","","","","","","","","0","","0","","","","0","0","","",""
"03-04-2026","X","'@TheFundChicago","3,053","-1","0","6","6","4","141","0","14","9.93%","2","5","1","1","","3","2","1","0","5","0","","","","","","","","","0","","","","","","","","","","","","","2","0","1","0","1","","","","","0","","0","","","","","","","",""
"03-04-2026","Facebook","The Chicago Public Education Fund","2,546","-1","","1","1","0","748","15","8","1.07%","3","0","0","0","","5","","","","","","1","0","0","0","0","","","","0","","","","","","","","","","","","","","","","","","0","0","0","0","0","","0","","","","","","","",""
"03-04-2026","LinkedIn","The Chicago Public Education Fund","5,851","15","15","2","1","1","5,522","10","591","10.7%","55","7","0","529","","","","","","","","","","","","","","","","0","","","","","1","1","0","","","","","","","","","","","","","","","0","","0","","","","1","0","","",""
"03-05-2026","X","'@TheFundChicago","3,053","0","0","0","0","2","90","0","9","10%","0","1","0","1","","2","5","0","0","0","0","","","","","","","","","0","","","","","","","","","","","","","0","0","0","2","0","","","","","0","","0","","","","","","","",""
"03-05-2026","Facebook","The Chicago Public Education Fund","2,546","0","","0","0","0","307","6","100","32.57%","38","3","1","3","","55","","","","","","0","0","0","0","0","","","","0","","","","","","","","","","","","","","","","","","0","0","0","0","0","","0","","","","","","","",""
"03-05-2026","LinkedIn","The Chicago Public Education Fund","5,866","6","6","0","0","0","1,541","6","106","6.88%","12","0","0","94","","","","","","","","","","","","","","","","0","","","","","0","0","0","","","","","","","","","","","","","","","0","","0","","","","0","0","","",""
"03-06-2026","X","'@TheFundChicago","3,053","0","0","0","0","0","12","0","0","0%","0","0","0","0","","0","0","0","0","0","0","","","","","","","","","0","","","","","","","","","","","","","0","0","0","0","0","","","","","0","","0","","","","","","","",""
"03-06-2026","Facebook","The Chicago Public Education Fund","2,546","0","","0","0","0","176","10","41","23.3%","6","4","0","1","","30","","","","","","0","0","0","0","0","","","","0","","","","","","","","","","","","","","","","","","0","0","0","0","0","","0","","","","","","","",""
"03-06-2026","LinkedIn","The Chicago Public Education Fund","5,872","8","8","0","0","0","1,164","12","63","5.41%","6","0","0","57","","","","","","","","","","","","","","","","0","","","","","0","0","0","","","","","","","","","","","","","","","0","","0","","","","0","0","","",""
"03-07-2026","X","'@TheFundChicago","3,052","-1","0","0","0","1","7","0","0","0%","0","0","0","0","","0","0","0","0","0","0","","","","","","","","","0","","","","","","","","","","","","","1","0","0","0","0","","","","","0","","0","","","","","","","",""
"03-07-2026","Facebook","The Chicago Public Education Fund","2,546","0","","0","0","0","137","4","4","2.92%","0","2","0","0","","2","","","","","","0","0","0","0","0","","","","0","","","","","","","","","","","","","","","","","","0","0","0","0","0","","0","","","","","","","",""
"03-07-2026","LinkedIn","The Chicago Public Education Fund","5,879","5","5","1","1","1","939","12","81","8.63%","14","1","0","66","","","","","","","","","","","","","","","","0","","","","","1","0","0","","","","","","","","","","","","","","","0","","0","","","","1","0","","",""
"03-08-2026","X","'@TheFundChicago","3,053","1","1","0","0","0","7","0","0","0%","0","0","0","0","","0","0","0","0","0","0","","","","","","","","","0","","","","","","","","","","","","","0","0","0","0","0","","","","","0","","0","","","","","","","",""
"03-08-2026","Facebook","The Chicago Public Education Fund","2,546","0","","0","0","0","102","6","11","10.78%","3","1","0","0","","7","","","","","","0","0","0","0","0","","","","0","","","","","","","","","","","","","","","","","","0","0","0","0","0","","0","","","","","","","",""
"03-08-2026","LinkedIn","The Chicago Public Education Fund","5,885","3","3","0","0","0","757","2","46","6.08%","12","0","0","34","","","","","","","","","","","","","","","","0","","","","","0","0","0","","","","","","","","","","","","","","","0","","0","","","","0","0","","",""
"03-09-2026","X","'@TheFundChicago","3,054","1","1","7","7","5","770","0","21","2.73%","9","7","2","0","","2","1","1","0","6","0","","","","","","","","","0","","","","","","","","","","","","","1","0","2","2","0","","","","","0","","0","","","","","","","",""
"03-09-2026","Facebook","The Chicago Public Education Fund","2,548","2","","2","2","0","1,127","4","3","0.27%","1","0","0","0","","2","","","","","","2","0","0","0","0","","","","0","","","","","","","","","","","","","","","","","","0","0","0","0","0","","0","","","","","","","",""
"03-09-2026","LinkedIn","The Chicago Public Education Fund","5,887","5","5","1","1","0","722","0","40","5.54%","9","0","0","31","","","","","","","","","","","","","","","","0","","","","","1","0","0","","","","","","","","","","","","","","","0","","0","","","","0","0","","",""
"03-10-2026","X","'@TheFundChicago","3,054","0","0","1","1","0","454","0","3","0.66%","0","0","1","0","","0","2","0","0","1","0","","","","","","","","","0","","","","","","","","","","","","","0","0","0","0","0","","","","","0","","0","","","","","","","",""
"03-10-2026","Facebook","The Chicago Public Education Fund","2,550","2","","0","0","0","1,777","26","101","5.68%","24","2","1","0","","74","","","","","","0","0","0","0","0","","","","0","","","","","","","","","","","","","","","","","","0","0","0","0","0","","0","","","","","","","",""
"03-10-2026","LinkedIn","The Chicago Public Education Fund","5,892","4","4","2","1","4","1,912","6","140","7.32%","33","4","1","102","","","","","","","","","","","","","","","","0","","","","","1","1","0","","","","","","","","","","","","","","","0","","0","","","","3","0","","",""
"03-11-2026","X","'@TheFundChicago","3,053","-1","0","0","0","0","176","0","3","1.7%","0","0","0","0","","3","0","0","0","0","0","","","","","","","","","0","","","","","","","","","","","","","0","0","0","0","0","","","","","0","","0","","","","","","","",""
"03-11-2026","Facebook","The Chicago Public Education Fund","2,551","1","","0","0","2","328","7","67","20.43%","12","0","0","0","","55","","","","","","0","0","0","0","0","","","","0","","","","","","","","","","","","","","","","","","2","0","0","0","0","","0","","","","","","","",""
"03-11-2026","LinkedIn","The Chicago Public Education Fund","5,895","11","11","3","0","5","712","0","75","10.53%","15","7","0","53","","","","","","","","","","","","","","","","0","","","","","0","3","0","","","","","","","","","","","","","","","0","","0","","","","4","0","","",""
"03-12-2026","X","'@TheFundChicago","3,053","0","0","0","0","1","29","0","1","3.45%","1","0","0","0","","0","0","0","0","0","0","","","","","","","","","0","","","","","","","","","","","","","0","0","0","0","1","","","","","0","","0","","","","","","","",""
"03-12-2026","Facebook","The Chicago Public Education Fund","2,552","1","","0","0","0","172","8","11","6.4%","4","0","0","0","","7","","","","","","0","0","0","0","0","","","","0","","","","","","","","","","","","","","","","","","0","0","0","0","0","","0","","","","","","","",""
"03-12-2026","LinkedIn","The Chicago Public Education Fund","5,908","6","6","0","0","1","543","5","43","7.92%","14","1","0","28","","","","","","","","","","","","","","","","0","","","","","0","0","0","","","","","","","","","","","","","","","0","","0","","","","1","0","","",""
"03-13-2026","X","'@TheFundChicago","3,054","1","1","1","1","1","65","0","3","4.62%","1","0","1","0","","1","0","1","0","0","0","","","","","","","","","0","","","","","","","","","","","","","0","0","1","0","0","","","","","0","","0","","","","","","","",""
"03-13-2026","Facebook","The Chicago Public Education Fund","2,552","0","","1","1","0","185","6","0","0%","0","0","0","0","","0","","","","","","1","0","0","0","0","","","","0","","","","","","","","","","","","","","","","","","0","0","0","0","0","","0","","","","","","","",""
"03-13-2026","LinkedIn","The Chicago Public Education Fund","5,913","3","3","2","1","2","574","0","54","9.41%","12","3","0","39","","","","","","","","","","","","","","","","0","","","","","1","1","0","","","","","","","","","","","","","","","0","","0","","","","2","0","","",""
"03-14-2026","X","'@TheFundChicago","3,054","0","0","0","0","1","40","0","6","15%","0","0","0","0","","3","3","0","0","0","0","","","","","","","","","0","","","","","","","","","","","","","0","0","0","0","1","","","","","0","","0","","","","","","","",""
"03-14-2026","Facebook","The Chicago Public Education Fund","2,552","0","","1","1","0","369","37","6","1.63%","1","0","1","0","","4","","","","","","0","0","0","0","0","","","","0","","","","","","","","","","","","","","","","","","0","0","0","0","0","","0","","","","","","","",""
"03-14-2026","LinkedIn","The Chicago Public Education Fund","5,916","1","1","1","1","0","572","40","61","10.66%","0","0","0","61","","","","","","","","","","","","","","","","0","","","","","1","0","0","","","","","","","","","","","","","","","0","","0","","","","0","0","","",""
"03-15-2026","X","'@TheFundChicago","3,054","0","0","0","0","0","9","0","1","11.11%","0","0","0","0","","1","0","0","0","0","0","","","","","","","","","0","","","","","","","","","","","","","0","0","0","0","0","","","","","0","","0","","","","","","","",""
"03-15-2026","Facebook","The Chicago Public Education Fund","2,552","0","","1","1","0","401","21","35","8.73%","11","14","3","0","","7","","","","","","1","0","0","0","0","","","","0","","","","","","","","","","","","","","","","","","0","0","0","0","0","","0","","","","","","","",""
"03-15-2026","LinkedIn","The Chicago Public Education Fund","5,917","2","2","2","2","0","594","29","58","9.76%","0","0","0","58","","","","","","","","","","","","","","","","0","","","","","2","0","0","","","","","","","","","","","","","","","0","","0","","","","0","0","","",""
"03-16-2026","X","'@TheFundChicago","3,053","-1","0","0","0","0","13","0","0","0%","0","0","0","0","","0","0","0","0","0","0","","","","","","","","","0","","","","","","","","","","","","","0","0","0","0","0","","","","","0","","0","","","","","","","",""
"03-16-2026","Facebook","The Chicago Public Education Fund","2,553","1","","1","1","1","607","8","28","4.61%","9","15","0","0","","4","","","","","","1","0","0","0","0","","","","0","","","","","","","","","","","","","","","","","","1","0","0","0","0","","0","","","","","","","",""
"03-16-2026","LinkedIn","The Chicago Public Education Fund","5,917","8","8","3","2","2","823","22","87","10.57%","15","3","2","67","","","","","","","","","","","","","","","","0","","","","","2","1","0","","","","","","","","","","","","","","","0","","0","","","","2","0","","",""
"03-17-2026","X","'@TheFundChicago","3,053","0","0","1","1","3","233","0","11","4.72%","1","0","2","0","","4","4","1","0","0","0","","","","","","","","","0","","","","","","","","","","","","","0","0","2","0","1","","","","","0","","0","","","","","","","",""
"03-17-2026","Facebook","The Chicago Public Education Fund","2,555","2","","2","1","6","1,398","255","141","10.09%","62","24","1","0","","54","","","","","","1","0","1","0","0","","","","0","","","","","","","","","","","","","","","","","","0","6","0","0","0","","0","","","","","","","",""
"03-17-2026","LinkedIn","The Chicago Public Education Fund","5,925","4","4","1","1","0","654","27","33","5.05%","11","0","2","20","","","","","","","","","","","","","","","","0","","","","","1","0","0","","","","","","","","","","","","","","","0","","0","","","","0","0","","",""
"03-18-2026","X","'@TheFundChicago","3,054","1","1","0","0","0","92","0","1","1.09%","0","0","0","0","","1","0","0","0","0","0","","","","","","","","","0","","","","","","","","","","","","","0","0","0","0","0","","","","","0","","0","","","","","","","",""
"03-18-2026","Facebook","The Chicago Public Education Fund","2,555","0","","0","0","0","534","43","292","54.68%","110","26","0","0","","156","","","","","","0","0","0","0","0","","","","0","","","","","","","","","","","","","","","","","","0","0","0","0","0","","0","","","","","","","",""
"03-18-2026","LinkedIn","The Chicago Public Education Fund","5,931","7","7","1","1","0","415","10","12","2.89%","5","0","0","7","","","","","","","","","","","","","","","","0","","","","","1","0","0","","","","","","","","","","","","","","","0","","0","","","","0","0","","",""
"03-19-2026","X","'@TheFundChicago","3,054","0","0","0","0","0","57","0","1","1.75%","0","0","0","0","","1","0","0","0","0","0","","","","","","","","","0","","","","","","","","","","","","","0","0","0","0","0","","","","","0","","0","","","","","","","",""
"03-19-2026","Facebook","The Chicago Public Education Fund","2,556","1","","0","0","4","328","18","68","20.73%","20","13","0","0","","35","","","","","","0","0","0","0","0","","","","0","","","","","","","","","","","","","","","","","","0","4","0","0","0","","0","","","","","","","",""
"03-19-2026","LinkedIn","The Chicago Public Education Fund","5,938","7","7","1","1","0","608","55","50","8.22%","11","0","0","39","","","","","","","","","","","","","","","","0","","","","","1","0","0","","","","","","","","","","","","","","","0","","0","","","","0","0","","",""
"03-20-2026","X","'@TheFundChicago","3,054","0","0","0","0","0","11","0","0","0%","0","0","0","0","","0","0","0","0","0","0","","","","","","","","","0","","","","","","","","","","","","","0","0","0","0","0","","","","","0","","0","","","","","","","",""
"03-20-2026","Facebook","The Chicago Public Education Fund","2,557","1","","1","1","0","343","13","17","4.96%","6","3","0","0","","8","","","","","","1","0","0","0","0","","","","0","","","","","","","","","","","","","","","","","","0","0","0","0","0","","0","","","","","","","",""
"03-20-2026","LinkedIn","The Chicago Public Education Fund","5,946","3","3","2","2","4","1,266","119","98","7.74%","29","4","0","65","","","","","","","","","","","","","","","","0","","","","","2","0","0","","","","","","","","","","","","","","","0","","0","","","","4","0","","",""
"03-21-2026","X","'@TheFundChicago","3,053","-1","0","0","0","0","6","0","0","0%","0","0","0","0","","0","0","0","0","0","0","","","","","","","","","0","","","","","","","","","","","","","0","0","0","0","0","","","","","0","","0","","","","","","","",""
"03-21-2026","Facebook","The Chicago Public Education Fund","2,557","0","","0","0","0","199","11","24","12.06%","8","0","1","0","","15","","","","","","0","0","0","0","0","","","","0","","","","","","","","","","","","","","","","","","0","0","0","0","0","","0","","","","","","","",""
"03-21-2026","LinkedIn","The Chicago Public Education Fund","5,949","2","2","0","0","1","650","111","76","11.69%","23","1","1","51","","","","","","","","","","","","","","","","0","","","","","0","0","0","","","","","","","","","","","","","","","0","","0","","","","1","0","","",""
"03-22-2026","X","'@TheFundChicago","3,051","-2","0","0","0","0","2","0","0","0%","0","0","0","0","","0","0","0","0","0","0","","","","","","","","","0","","","","","","","","","","","","","0","0","0","0","0","","","","","0","","0","","","","","","","",""
"03-22-2026","Facebook","The Chicago Public Education Fund","2,557","0","","0","0","0","93","6","10","10.75%","4","1","0","0","","5","","","","","","0","0","0","0","0","","","","0","","","","","","","","","","","","","","","","","","0","0","0","0","0","","0","","","","","","","",""
"03-22-2026","LinkedIn","The Chicago Public Education Fund","5,951","5","5","0","0","0","423","99","62","14.66%","18","0","0","44","","","","","","","","","","","","","","","","0","","","","","0","0","0","","","","","","","","","","","","","","","0","","0","","","","0","0","","",""
"03-23-2026","X","'@TheFundChicago","3,051","0","0","0","0","0","3","0","0","0%","0","0","0","0","","0","0","0","0","0","0","","","","","","","","","0","","","","","","","","","","","","","0","0","0","0","0","","","","","0","","0","","","","","","","",""
"03-23-2026","Facebook","The Chicago Public Education Fund","2,561","4","","3","1","4","2,772","14","1","0.04%","1","0","0","0","","0","","","","","","1","0","2","0","0","","","","0","","","","","","","","","","","","","","","","","","0","4","0","0","0","","0","","","","","","","",""
"03-23-2026","LinkedIn","The Chicago Public Education Fund","5,956","5","5","0","0","1","553","90","43","7.78%","14","1","0","28","","","","","","","","","","","","","","","","0","","","","","0","0","0","","","","","","","","","","","","","","","0","","0","","","","1","0","","",""
"03-24-2026","X","'@TheFundChicago","3,052","1","1","5","5","1","170","0","10","5.88%","2","4","1","0","","3","0","1","0","4","0","","","","","","","","","0","","","","","","","","","","","","","0","0","1","0","0","","","","","0","","0","","","","","","","",""
"03-24-2026","Facebook","The Chicago Public Education Fund","2,566","5","","2","0","2","4,076","8","554","13.59%","147","125","6","1","","275","","","","","","0","0","2","0","0","","","","0","","","","","","","","","","","","","","","","","","0","2","0","0","0","","0","","","","","","","",""
"03-24-2026","LinkedIn","The Chicago Public Education Fund","5,961","5","5","1","1","0","897","79","71","7.92%","20","2","1","48","","","","","","","","","","","","","","","","0","","","","","1","0","0","","","","","","","","","","","","","","","0","","0","","","","0","0","","",""
"03-25-2026","X","'@TheFundChicago","3,050","-2","0","0","0","0","45","0","2","4.44%","0","0","0","0","","1","1","0","0","0","0","","","","","","","","","0","","","","","","","","","","","","","0","0","0","0","0","","","","","0","","0","","","","","","","",""
"03-25-2026","Facebook","The Chicago Public Education Fund","2,568","2","","0","0","0","1,268","7","584","46.06%","158","87","13","0","","326","","","","","","0","0","0","0","0","","","","0","","","","","","","","","","","","","","","","","","0","0","0","0","0","","0","","","","","","","",""
"03-25-2026","LinkedIn","The Chicago Public Education Fund","5,965","2","2","0","0","0","534","64","37","6.93%","10","0","0","27","","","","","","","","","","","","","","","","0","","","","","0","0","0","","","","","","","","","","","","","","","0","","0","","","","0","0","","",""
"03-26-2026","X","'@TheFundChicago","3,050","0","0","0","0","0","11","0","0","0%","0","0","0","0","","0","0","0","0","0","0","","","","","","","","","0","","","","","","","","","","","","","0","0","0","0","0","","","","","0","","0","","","","","","","",""
"03-26-2026","Facebook","The Chicago Public Education Fund","2,567","-1","","1","1","0","627","8","101","16.11%","31","10","1","0","","59","","","","","","1","0","0","0","0","","","","0","","","","","","","","","","","","","","","","","","0","0","0","0","0","","0","","","","","","","",""
"03-26-2026","LinkedIn","The Chicago Public Education Fund","5,967","11","11","0","0","2","544","186","41","7.54%","9","2","1","29","","","","","","","","","","","","","","","","0","","","","","0","0","0","","","","","","","","","","","","","","","0","","0","","","","2","0","","",""
"03-27-2026","X","'@TheFundChicago","3,050","0","0","0","0","13","12","0","0","0%","0","0","0","0","","0","0","0","0","0","0","","","","","","","","","0","","","","","","","","","","","","","13","0","0","0","0","","","","","0","","0","","","","","","","",""
"03-27-2026","Facebook","The Chicago Public Education Fund","2,567","0","","2","1","1","576","4","58","10.07%","17","9","0","0","","32","","","","","","1","0","1","0","0","","","","0","","","","","","","","","","","","","","","","","","0","1","0","0","0","","0","","","","","","","",""
"03-27-2026","LinkedIn","The Chicago Public Education Fund","5,976","25","25","2","2","4","3,054","67","349","11.43%","68","3","2","276","","","","","","","","","","","","","","","","0","","","","","2","0","0","","","","","","","","","","","","","","","0","","0","","","","4","0","","",""
"03-28-2026","X","'@TheFundChicago","3,048","-2","0","0","0","2","31","0","0","0%","0","0","0","0","","0","0","0","0","0","0","","","","","","","","","0","","","","","","","","","","","","","2","0","0","0","0","","","","","0","","0","","","","","","","",""
"03-28-2026","Facebook","The Chicago Public Education Fund","2,567","0","","0","0","0","390","7","50","12.82%","5","7","0","9","","29","","","","","","0","0","0","0","0","","","","0","","","","","","","","","","","","","","","","","","0","0","0","0","0","","0","","","","","","","",""
"03-28-2026","LinkedIn","The Chicago Public Education Fund","6,002","25","25","0","0","0","2,474","41","237","9.58%","31","0","0","206","","","","","","","","","","","","","","","","0","","","","","0","0","0","","","","","","","","","","","","","","","0","","0","","","","0","0","","",""
"03-29-2026","X","'@TheFundChicago","3,047","-1","0","0","0","15","5","0","0","0%","0","0","0","0","","0","0","0","0","0","0","","","","","","","","","0","","","","","","","","","","","","","15","0","0","0","0","","","","","0","","0","","","","","","","",""
"03-29-2026","Facebook","The Chicago Public Education Fund","2,566","-1","","0","0","0","223","9","14","6.28%","2","1","0","2","","9","","","","","","0","0","0","0","0","","","","0","","","","","","","","","","","","","","","","","","0","0","0","0","0","","0","","","","","","","",""
"03-29-2026","LinkedIn","The Chicago Public Education Fund","6,027","9","9","1","0","1","899","0","82","9.12%","8","2","0","72","","","","","","","","","","","","","","","","0","","","","","0","1","0","","","","","","","","","","","","","","","0","","0","","","","1","0","","",""
"03-30-2026","X","'@TheFundChicago","3,046","-1","0","6","6","5","57","0","10","17.54%","1","5","1","0","","2","1","1","0","5","0","","","","","","","","","0","","","","","","","","","","","","","4","0","1","0","0","","","","","0","","0","","","","","","","",""
"03-30-2026","Facebook","The Chicago Public Education Fund","2,568","2","","6","3","11","1,223","161","8","0.65%","0","1","0","2","","5","","","","","","2","0","3","0","0","","","","0","","","","","","","","","","","","","","","","","","1","10","0","0","0","","0","","","","","","","",""
"03-30-2026","LinkedIn","The Chicago Public Education Fund","6,035","8","8","3","3","2","2,554","339","227","8.89%","60","2","1","164","","","","","","","","","","","","","","","","0","","","","","3","0","0","","","","","","","","","","","","","","","0","","0","","","","2","0","","",""
"03-31-2026","X","'@TheFundChicago","3,046","0","0","0","0","1","107","0","3","2.8%","1","0","0","0","","1","1","0","0","0","0","","","","","","","","","0","","","","","","","","","","","","","1","0","0","0","0","","","","","0","","0","","","","","","","",""
"03-31-2026","Facebook","The Chicago Public Education Fund","2,569","1","","1","0","2","506","57","151","29.84%","42","13","1","2","","93","","","","","","0","0","1","0","0","","","","0","","","","","","","","","","","","","","","","","","0","2","0","0","0","","0","","","","","","","",""
"03-31-2026","LinkedIn","The Chicago Public Education Fund","6,044","9","9","4","1","0","2,019","347","175","8.67%","47","2","1","125","","","","","","","","","","","","","","","","0","","","","","1","3","0","","","","","","","","","","","","","","","0","","0","","","","0","0","","",""
"04-01-2026","X","'@TheFundChicago","3,046","0","0","0","0","1","65","0","3","4.62%","0","0","0","0","","3","0","0","0","0","0","","","","","","","","","0","","","","","","","","","","","","","0","0","0","0","1","","","","","0","","0","","","","","","","",""
"04-01-2026","Facebook","The Chicago Public Education Fund","2,570","1","","0","0","1","378","28","27","7.14%","8","5","0","2","","12","","","","","","0","0","0","0","0","","","","0","","","","","","","","","","","","","","","","","","1","0","0","0","0","","0","","","","","","","",""
"04-01-2026","LinkedIn","The Chicago Public Education Fund","6,052","15","15","4","0","8","2,721","275","292","10.73%","80","11","2","199","","","","","","","","","","","","","","","","0","","","","","0","4","0","","","","","","","","","","","","","","","0","","0","","","","8","0","","",""
"04-02-2026","X","'@TheFundChicago","3,047","1","1","0","0","0","28","0","0","0%","0","0","0","0","","0","0","0","0","0","0","","","","","","","","","0","","","","","","","","","","","","","0","0","0","0","0","","","","","0","","0","","","","","","","",""
"04-02-2026","Facebook","The Chicago Public Education Fund","2,570","0","","0","0","0","76","28","3","3.95%","1","0","0","0","","2","","","","","","0","0","0","0","0","","","","0","","","","","","","","","","","","","","","","","","0","0","0","0","0","","0","","","","","","","",""
"04-02-2026","LinkedIn","The Chicago Public Education Fund","6,068","11","11","0","0","4","1,345","117","139","10.33%","26","3","0","110","","","","","","","","","","","","","","","","0","","","","","0","0","0","","","","","","","","","","","","","","","0","","0","","","","4","0","","",""
"04-03-2026","X","'@TheFundChicago","3,048","1","1","0","0","2","12","0","0","0%","0","0","0","0","","0","0","0","0","0","0","","","","","","","","","0","","","","","","","","","","","","","2","0","0","0","0","","","","","0","","0","","","","","","","",""
"04-03-2026","Facebook","The Chicago Public Education Fund","2,570","0","","0","0","0","50","12","1","2%","0","0","0","0","","1","","","","","","0","0","0","0","0","","","","0","","","","","","","","","","","","","","","","","","0","0","0","0","0","","0","","","","","","","",""
"04-03-2026","LinkedIn","The Chicago Public Education Fund","6,082","11","11","1","0","3","1,065","171","98","9.2%","24","4","1","69","","","","","","","","","","","","","","","","0","","","","","0","1","0","","","","","","","","","","","","","","","0","","0","","","","3","0","","",""
"04-04-2026","X","'@TheFundChicago","3,048","0","0","0","0","0","3","0","0","0%","0","0","0","0","","0","0","0","0","0","0","","","","","","","","","0","","","","","","","","","","","","","0","0","0","0","0","","","","","0","","0","","","","","","","",""
"04-04-2026","Facebook","The Chicago Public Education Fund","2,570","0","","0","0","0","79","5","6","7.59%","2","1","0","0","","3","","","","","","0","0","0","0","0","","","","0","","","","","","","","","","","","","","","","","","0","0","0","0","0","","0","","","","","","","",""
"04-04-2026","LinkedIn","The Chicago Public Education Fund","6,091","3","3","0","0","2","639","182","51","7.98%","10","1","0","40","","","","","","","","","","","","","","","","0","","","","","0","0","0","","","","","","","","","","","","","","","0","","0","","","","2","0","","",""
"04-05-2026","X","'@TheFundChicago","3,049","1","1","0","0","0","19","0","0","0%","0","0","0","0","","0","0","0","0","0","0","","","","","","","","","0","","","","","","","","","","","","","0","0","0","0","0","","","","","0","","0","","","","","","","",""
"04-05-2026","Facebook","The Chicago Public Education Fund","2,570","0","","0","0","0","112","4","4","3.57%","1","1","0","0","","2","","","","","","0","0","0","0","0","","","","0","","","","","","","","","","","","","","","","","","0","0","0","0","0","","0","","","","","","","",""
"04-05-2026","LinkedIn","The Chicago Public Education Fund","6,094","6","6","0","0","1","670","45","60","8.96%","17","1","0","42","","","","","","","","","","","","","","","","0","","","","","0","0","0","","","","","","","","","","","","","","","0","","0","","","","1","0","","",""
"04-06-2026","X","'@TheFundChicago","3,048","-1","0","2","2","5","37","0","8","21.62%","2","0","2","1","","3","0","2","0","0","0","","","","","","","","","0","","","","","","","","","","","","","3","0","2","0","0","","","","","0","","0","","","","","","","",""
"04-06-2026","Facebook","The Chicago Public Education Fund","2,570","0","","3","3","0","1,607","4","0","0%","0","0","0","0","","0","","","","","","3","0","0","0","0","","","","0","","","","","","","","","","","","","","","","","","0","0","0","0","0","","0","","","","","","","",""
"04-06-2026","LinkedIn","The Chicago Public Education Fund","6,095","3","3","2","2","0","1,120","54","77","6.88%","19","0","0","58","","","","","","","","","","","","","","","","0","","","","","2","0","0","","","","","","","","","","","","","","","0","","0","","","","0","0","","",""
"04-07-2026","X","'@TheFundChicago","3,048","0","0","10","10","5","1,027","170","44","4.28%","14","6","3","1","","11","9","4","0","6","0","","","","","","","","","0","","","","","","","","","","","","","2","0","3","0","0","","","","","0","","0","","","","","","","",""
"04-07-2026","Facebook","The Chicago Public Education Fund","2,569","-1","","2","2","0","3,832","83","92","2.4%","15","0","1","0","","76","","","","","","1","0","0","0","0","","","","0","","","","","","","","","","","","","","","","","","0","0","0","0","0","","0","","","","","","","",""
"04-07-2026","LinkedIn","The Chicago Public Education Fund","6,099","8","8","4","3","5","1,581","185","159","10.06%","42","3","0","114","","","","","","","","","","","","","","","","0","","","","","3","1","0","","","","","","","","","","","","","","","0","","0","","","","5","0","","",""
"04-08-2026","X","'@TheFundChicago","3,048","0","0","5","5","15","1,337","264","61","4.56%","20","2","10","0","","21","8","2","1","2","0","","","","","","","","","0","","","","","","","","","","","","","6","0","9","0","0","","","","","0","","0","","","","","","","",""
"04-08-2026","Facebook","The Chicago Public Education Fund","2,580","11","","3","3","0","2,972","531","760","25.57%","239","140","7","0","","374","","","","","","2","0","0","0","0","","","","0","","","","","","","","","","","","","","","","","","0","0","0","0","0","","0","","","","","","","",""
"04-08-2026","LinkedIn","The Chicago Public Education Fund","6,107","4","4","5","2","1","1,540","360","159","10.32%","32","3","2","122","","","","","","","","","","","","","","","","0","","","","","2","3","0","","","","","","","","","","","","","","","0","","0","","","","0","0","","",""
"04-09-2026","X","'@TheFundChicago","3,048","0","0","10","10","9","909","51","55","6.05%","12","5","3","0","","10","25","3","2","5","0","","","","","","","","","0","","","","","","","","","","","","","6","0","3","0","0","","","","","0","","0","","","","","","","",""
"04-09-2026","Facebook","The Chicago Public Education Fund","2,590","10","","4","4","4","3,537","682","711","20.1%","223","52","11","11","","414","","","","","","3","0","0","0","0","","","","0","","","","","","","","","","","","","","","","","","0","4","0","0","0","","0","","","","","","","",""
"04-09-2026","LinkedIn","The Chicago Public Education Fund","6,108","15","15","7","4","9","2,187","328","706","32.28%","50","9","3","644","","","","","","","","","","","","","","","","0","","","","","4","2","1","","","","","","","","","","","","","","","0","","0","","","","7","1","","",""
"04-10-2026","X","'@TheFundChicago","3,047","-1","0","3","3","4","761","32","53","6.96%","5","0","1","0","","14","33","3","0","0","0","","","","","","","","","0","","","","","","","","","","","","","1","0","1","0","2","","","","","0","","0","","","","","","","",""
"04-10-2026","Facebook","The Chicago Public Education Fund","2,595","5","","4","4","15","3,327","738","731","21.97%","180","52","11","0","","488","","","","","","3","0","0","0","0","","","","0","","","","","","","","","","","","","","","","","","2","13","0","0","0","","0","","","","","","","",""
"04-10-2026","LinkedIn","The Chicago Public Education Fund","6,124","9","9","4","3","2","1,853","416","376","20.29%","37","1","1","337","","","","","","","","","","","","","","","","0","","","","","3","0","1","","","","","","","","","","","","","","","0","","0","","","","1","1","","",""
"04-11-2026","X","'@TheFundChicago","3,046","-1","0","0","0","1","195","8","7","3.59%","2","0","0","0","","1","4","0","0","0","0","","","","","","","","","0","","","","","","","","","","","","","0","0","0","0","1","","","","","0","","0","","","","","","","",""
"04-11-2026","Facebook","The Chicago Public Education Fund","2,597","2","","3","0","10","2,047","520","431","21.06%","123","37","15","0","","256","","","","","","0","0","3","0","0","","","","0","","","","","","","","","","","","","","","","","","0","10","0","0","0","","0","","","","","","","",""
"04-11-2026","LinkedIn","The Chicago Public Education Fund","6,133","1","1","0","0","0","692","124","140","20.23%","16","0","2","122","","","","","","","","","","","","","","","","0","","","","","0","0","0","","","","","","","","","","","","","","","0","","0","","","","0","0","","",""
"04-12-2026","X","'@TheFundChicago","3,046","0","0","0","0","1","103","3","0","0%","0","0","0","0","","0","0","0","0","0","0","","","","","","","","","0","","","","","","","","","","","","","0","0","0","0","1","","","","","0","","0","","","","","","","",""
"04-12-2026","Facebook","The Chicago Public Education Fund","2,598","1","","5","0","3","944","219","236","25%","61","24","4","1","","146","","","","","","0","0","5","0","0","","","","0","","","","","","","","","","","","","","","","","","0","3","0","0","0","","0","","","","","","","",""
"04-12-2026","LinkedIn","The Chicago Public Education Fund","6,135","6","6","0","0","0","531","98","85","16.01%","9","0","0","76","","","","","","","","","","","","","","","","0","","","","","0","0","0","","","","","","","","","","","","","","","0","","0","","","","0","0","","",""
"04-13-2026","X","'@TheFundChicago","3,047","1","1","1","1","2","96","1","11","11.46%","0","0","0","0","","2","9","1","0","0","0","","","","","","","","","0","","","","","","","","","","","","","2","0","0","0","0","","","","","0","","0","","","","","","","",""
"04-13-2026","Facebook","The Chicago Public Education Fund","2,602","4","","4","2","11","4,960","270","139","2.8%","41","21","15","0","","62","","","","","","2","0","2","0","0","","","","0","","","","","","","","","","","","","","","","","","1","10","0","0","0","","0","","","","","","","",""
"04-13-2026","LinkedIn","The Chicago Public Education Fund","6,141","2","2","4","2","1","1,025","92","147","14.34%","31","3","0","113","","","","","","","","","","","","","","","","0","","","","","2","2","0","","","","","","","","","","","","","","","0","","0","","","","1","0","","",""
"04-14-2026","X","'@TheFundChicago","3,045","-2","0","10","10","11","443","29","54","12.19%","10","8","8","1","","17","10","3","0","7","0","","","","","","","","","0","","","","","","","","","","","","","2","0","8","0","1","","","","","0","","0","","","","","","","",""
"04-14-2026","Facebook","The Chicago Public Education Fund","2,603","1","","4","1","5","3,114","155","871","27.97%","287","68","12","0","","504","","","","","","1","0","3","0","0","","","","0","","","","","","","","","","","","","","","","","","0","5","0","0","0","","0","","","","","","","",""
"04-14-2026","LinkedIn","The Chicago Public Education Fund","6,143","7","7","1","1","0","1,588","204","358","22.54%","82","0","1","275","","","","","","","","","","","","","","","","0","","","","","1","0","0","","","","","","","","","","","","","","","0","","0","","","","0","0","","",""
"04-15-2026","X","'@TheFundChicago","3,046","1","1","1","1","5","238","27","12","5.04%","2","3","0","0","","3","4","1","0","0","0","","","","","","","","","0","","","","","","","","","","","","","2","0","0","3","0","","","","","0","","0","","","","","","","",""
"04-15-2026","Facebook","The Chicago Public Education Fund","2,627","24","","1","1","6","11,787","171","188","1.59%","63","16","1","3","","105","","","","","","1","0","0","0","0","","","","0","","","","","","","","","","","","","","","","","","0","6","0","0","0","","0","","","","","","","",""
"04-15-2026","LinkedIn","The Chicago Public Education Fund","6,150","14","14","1","1","1","1,922","113","208","10.82%","39","1","-1","169","","","","","","","","","","","","","","","","0","","","","","1","0","0","","","","","","","","","","","","","","","0","","0","","","","1","0","","",""
"04-16-2026","X","'@TheFundChicago","3,047","1","1","3","3","2","174","9","15","8.62%","0","2","0","2","","3","8","1","0","2","0","","","","","","","","","0","","","","","","","","","","","","","2","0","0","0","0","","","","","0","","0","","","","","","","",""
"04-16-2026","Facebook","The Chicago Public Education Fund","2,650","23","","3","1","5","10,271","210","1,945","18.94%","193","58","6","5","","1,683","","","","","","1","0","2","0","0","","","","0","","","","","","","","","","","","","","","","","","0","5","0","0","0","","0","","","","","","","",""
"04-16-2026","LinkedIn","The Chicago Public Education Fund","6,164","7","7","1","1","1","383","61","70","18.28%","15","2","0","53","","","","","","","","","","","","","","","","0","","","","","1","0","0","","","","","","","","","","","","","","","0","","0","","","","1","0","","",""
"04-17-2026","X","'@TheFundChicago","3,046","-1","0","0","0","0","89","3","9","10.11%","1","0","0","2","","5","1","0","0","0","0","","","","","","","","","0","","","","","","","","","","","","","0","0","0","0","0","","","","","0","","0","","","","","","","",""
"04-17-2026","Facebook","The Chicago Public Education Fund","2,656","6","","1","0","1","2,724","79","646","23.72%","62","22","1","1","","560","","","","","","0","0","1","0","0","","","","0","","","","","","","","","","","","","","","","","","0","1","0","0","0","","0","","","","","","","",""
"04-17-2026","LinkedIn","The Chicago Public Education Fund","6,171","2","2","0","0","1","650","63","61","9.38%","7","2","0","52","","","","","","","","","","","","","","","","0","","","","","0","0","0","","","","","","","","","","","","","","","0","","0","","","","1","0","","",""
"04-18-2026","X","'@TheFundChicago","3,046","0","0","0","0","3","31","1","1","3.23%","1","0","0","0","","0","0","0","0","0","0","","","","","","","","","0","","","","","","","","","","","","","3","0","0","0","0","","","","","0","","0","","","","","","","",""
"04-18-2026","Facebook","The Chicago Public Education Fund","2,661","5","","0","0","0","2,179","95","179","8.21%","13","3","0","1","","162","","","","","","0","0","0","0","0","","","","0","","","","","","","","","","","","","","","","","","0","0","0","0","0","","0","","","","","","","",""
"04-18-2026","LinkedIn","The Chicago Public Education Fund","6,171","4","4","0","0","1","431","52","42","9.74%","16","1","0","25","","","","","","","","","","","","","","","","0","","","","","0","0","0","","","","","","","","","","","","","","","0","","0","","","","1","0","","",""
"04-19-2026","X","'@TheFundChicago","3,044","-2","0","0","0","1","29","0","4","13.79%","1","0","1","0","","0","2","0","0","0","0","","","","","","","","","0","","","","","","","","","","","","","0","0","1","0","0","","","","","0","","0","","","","","","","",""
"04-19-2026","Facebook","The Chicago Public Education Fund","2,666","5","","0","0","2","5,158","44","182","3.53%","12","3","0","0","","167","","","","","","0","0","0","0","0","","","","0","","","","","","","","","","","","","","","","","","0","2","0","0","0","","0","","","","","","","",""
"04-19-2026","LinkedIn","The Chicago Public Education Fund","6,175","2","2","0","0","0","522","109","58","11.11%","12","0","1","45","","","","","","","","","","","","","","","","0","","","","","0","0","0","","","","","","","","","","","","","","","0","","0","","","","0","0","","",""
"04-20-2026","X","'@TheFundChicago","3,048","4","4","4","4","0","71","0","4","5.63%","0","3","0","0","","1","0","1","0","3","0","","","","","","","","","0","","","","","","","","","","","","","0","0","0","0","0","","","","","0","","0","","","","","","","",""
"04-20-2026","Facebook","The Chicago Public Education Fund","2,666","0","","6","1","6","2,829","43","639","22.59%","14","4","0","0","","621","","","","","","1","0","5","0","0","","","","0","","","","","","","","","","","","","","","","","","0","6","0","0","0","","0","","","","","","","",""
"04-20-2026","LinkedIn","The Chicago Public Education Fund","6,176","4","4","1","1","0","668","212","42","6.29%","4","0","0","38","","","","","","","","","","","","","","","","0","","","","","1","0","0","","","","","","","","","","","","","","","0","","0","","","","0","0","","",""
"04-21-2026","X","'@TheFundChicago","3,047","-1","0","0","0","2","107","6","17","15.89%","5","0","1","1","","9","1","0","0","0","0","","","","","","","","","0","","","","","","","","","","","","","0","0","2","0","0","","","","","0","","0","","","","","","","",""
"04-21-2026","Facebook","The Chicago Public Education Fund","2,667","1","","0","0","1","2,440","27","210","8.61%","27","12","1","1","","169","","","","","","0","0","0","0","0","","","","0","","","","","","","","","","","","","","","","","","0","1","0","0","0","","0","","","","","","","",""
"04-21-2026","LinkedIn","The Chicago Public Education Fund","6,180","4","4","0","0","1","624","133","81","12.98%","37","1","0","43","","","","","","","","","","","","","","","","0","","","","","0","0","0","","","","","","","","","","","","","","","0","","0","","","","1","0","","",""
"04-22-2026","X","'@TheFundChicago","3,046","-1","0","0","0","1","28","0","0","0%","0","0","0","0","","0","0","0","0","0","0","","","","","","","","","0","","","","","","","","","","","","","0","0","0","0","1","","","","","0","","0","","","","","","","",""
"04-22-2026","Facebook","The Chicago Public Education Fund","2,668","1","","0","0","1","1,113","30","133","11.95%","14","0","0","1","","118","","","","","","0","0","0","0","0","","","","0","","","","","","","","","","","","","","","","","","0","1","0","0","0","","0","","","","","","","",""
"04-22-2026","LinkedIn","The Chicago Public Education Fund","6,183","5","5","0","0","0","596","54","60","10.07%","10","0","1","49","","","","","","","","","","","","","","","","0","","","","","0","0","0","","","","","","","","","","","","","","","0","","0","","","","0","0","","",""
"04-23-2026","X","'@TheFundChicago","3,047","1","1","7","7","0","135","1","11","8.15%","3","3","0","0","","5","0","3","0","4","0","","","","","","","","","0","","","","","","","","","","","","","0","0","0","0","0","","","","","0","","0","","","","","","","",""
"04-23-2026","Facebook","The Chicago Public Education Fund","2,669","1","","2","2","0","1,258","37","92","7.31%","23","7","0","0","","62","","","","","","2","0","0","0","0","","","","0","","","","","","","","","","","","","","","","","","0","0","0","0","0","","0","","","","","","","",""
"04-23-2026","LinkedIn","The Chicago Public Education Fund","6,189","6","6","3","2","3","984","77","76","7.72%","18","4","1","53","","","","","","","","","","","","","","","","0","","","","","2","1","0","","","","","","","","","","","","","","","0","","0","","","","3","0","","",""
"04-24-2026","X","'@TheFundChicago","3,047","0","0","4","4","3","201","3","26","12.94%","2","3","2","2","","9","8","1","0","3","0","","","","","","","","","0","","","","","","","","","","","","","0","0","2","0","1","","","","","0","","0","","","","","","","",""
"04-24-2026","Facebook","The Chicago Public Education Fund","2,670","1","","1","1","0","2,481","42","90","3.63%","33","0","3","14","","40","","","","","","1","0","0","0","0","","","","0","","","","","","","","","","","","","","","","","","0","0","0","0","0","","0","","","","","","","",""
"04-24-2026","LinkedIn","The Chicago Public Education Fund","6,194","3","3","2","1","2","1,013","36","78","7.7%","29","3","0","46","","","","","","","","","","","","","","","","0","","","","","1","1","0","","","","","","","","","","","","","","","0","","0","","","","2","0","","",""
"04-25-2026","X","'@TheFundChicago","3,048","1","1","0","0","4","155","0","18","11.61%","2","0","2","0","","4","10","0","0","0","0","","","","","","","","","0","","","","","","","","","","","","","3","0","1","0","0","","","","","0","","0","","","","","","","",""
"04-25-2026","Facebook","The Chicago Public Education Fund","2,672","2","","0","0","8","1,803","31","108","5.99%","14","0","1","1","","92","","","","","","0","0","0","0","0","","","","0","","","","","","","","","","","","","","","","","","8","0","0","0","0","","0","","","","","","","",""
"04-25-2026","LinkedIn","The Chicago Public Education Fund","6,195","6","6","0","0","1","1,095","0","112","10.23%","24","1","5","82","","","","","","","","","","","","","","","","0","","","","","0","0","0","","","","","","","","","","","","","","","0","","0","","","","1","0","","",""
"04-26-2026","X","'@TheFundChicago","3,046","-2","0","0","0","2","43","0","2","4.65%","0","0","0","0","","0","2","0","0","0","0","","","","","","","","","0","","","","","","","","","","","","","2","0","0","0","0","","","","","0","","0","","","","","","","",""
"04-26-2026","Facebook","The Chicago Public Education Fund","2,673","1","","0","0","0","975","12","9","0.92%","1","0","0","0","","8","","","","","","0","0","0","0","0","","","","0","","","","","","","","","","","","","","","","","","0","0","0","0","0","","0","","","","","","","",""
"04-26-2026","LinkedIn","The Chicago Public Education Fund","6,201","5","5","0","0","0","563","0","65","11.55%","17","0","0","48","","","","","","","","","","","","","","","","0","","","","","0","0","0","","","","","","","","","","","","","","","0","","0","","","","0","0","","",""
"04-27-2026","X","'@TheFundChicago","3,047","1","1","2","2","0","191","0","10","5.24%","2","1","0","0","","3","4","1","0","1","0","","","","","","","","","0","","","","","","","","","","","","","0","0","0","0","0","","","","","0","","0","","","","","","","",""
"04-27-2026","Facebook","The Chicago Public Education Fund","2,675","2","","1","1","0","2,394","21","35","1.46%","8","0","0","1","","26","","","","","","1","0","0","0","0","","","","0","","","","","","","","","","","","","","","","","","0","0","0","0","0","","0","","","","","","","",""
"04-27-2026","LinkedIn","The Chicago Public Education Fund","6,204","4","4","1","1","1","963","7","73","7.58%","18","1","0","54","","","","","","","","","","","","","","","","0","","","","","1","0","0","","","","","","","","","","","","","","","0","","0","","","","1","0","","",""
"04-28-2026","X","'@TheFundChicago","3,046","-1","0","1","1","4","94","0","6","6.38%","0","0","0","0","","4","2","1","0","0","0","","","","","","","","","0","","","","","","","","","","","","","2","0","0","0","2","","","","","0","","0","","","","","","","",""
"04-28-2026","Facebook","The Chicago Public Education Fund","2,677","2","","1","1","0","1,763","9","500","28.36%","199","58","3","0","","240","","","","","","1","0","0","0","0","","","","0","","","","","","","","","","","","","","","","","","0","0","0","0","0","","0","","","","","","","",""
"04-28-2026","LinkedIn","The Chicago Public Education Fund","6,208","8","8","2","2","2","1,511","8","84","5.56%","28","3","1","52","","","","","","","","","","","","","","","","0","","","","","2","0","0","","","","","","","","","","","","","","","0","","0","","","","2","0","","",""
"04-29-2026","X","'@TheFundChicago","3,048","2","2","5","5","2","79","0","7","8.86%","0","4","0","0","","1","2","1","0","4","0","","","","","","","","","0","","","","","","","","","","","","","2","0","0","0","0","","","","","0","","0","","","","","","","",""
"04-29-2026","Facebook","The Chicago Public Education Fund","2,676","-1","","1","1","0","773","17","100","12.94%","37","11","0","2","","50","","","","","","1","0","0","0","0","","","","0","","","","","","","","","","","","","","","","","","0","0","0","0","0","","0","","","","","","","",""
"04-29-2026","LinkedIn","The Chicago Public Education Fund","6,215","4","4","1","1","2","1,190","13","110","9.24%","16","2","0","92","","","","","","","","","","","","","","","","0","","","","","1","0","0","","","","","","","","","","","","","","","0","","0","","","","2","0","","",""
"04-30-2026","X","'@TheFundChicago","3,048","0","0","0","0","1","75","0","7","9.33%","0","0","0","1","","3","3","0","0","0","0","","","","","","","","","0","","","","","","","","","","","","","0","0","0","0","1","","","","","0","","0","","","","","","","",""
"04-30-2026","Facebook","The Chicago Public Education Fund","2,676","0","","0","0","0","486","14","30","6.17%","6","3","1","1","","19","","","","","","0","0","0","0","0","","","","0","","","","","","","","","","","","","","","","","","0","0","0","0","0","","0","","","","","","","",""
"04-30-2026","LinkedIn","The Chicago Public Education Fund","6,220","5","5","0","0","0","705","11","43","6.1%","11","0","0","32","","","","","","","","","","","","","","","","0","","","","","0","0","0","","","","","","","","","","","","","","","0","","0","","","","0","0","","",""
"05-01-2026","X","'@TheFundChicago","3,049","1","1","3","3","2","123","0","4","3.25%","1","2","0","0","","1","0","1","0","2","0","","","","","","","","","0","","","","","","","","","","","","","1","0","0","0","1","","","","","0","","0","","","","","","","",""
"05-01-2026","Facebook","The Chicago Public Education Fund","2,678","2","","1","1","2","823","21","19","2.31%","6","1","0","2","","10","","","","","","1","0","0","0","0","","","","0","","","","","","","","","","","","","","","","","","1","1","0","0","0","","0","","","","","","","",""
"05-01-2026","LinkedIn","The Chicago Public Education Fund","6,224","5","5","1","1","2","516","0","45","8.72%","12","2","0","31","","","","","","","","","","","","","","","","0","","","","","1","0","0","","","","","","","","","","","","","","","0","","0","","","","2","0","","",""
"05-02-2026","X","'@TheFundChicago","3,050","1","1","0","0","0","45","0","2","4.44%","0","0","0","0","","2","0","0","0","0","0","","","","","","","","","0","","","","","","","","","","","","","0","0","0","0","0","","","","","0","","0","","","","","","","",""
"05-02-2026","Facebook","The Chicago Public Education Fund","2,681","3","","1","0","1","860","25","104","12.09%","25","3","1","0","","75","","","","","","0","0","1","0","0","","","","0","","","","","","","","","","","","","","","","","","0","1","0","0","0","","0","","","","","","","",""
"05-02-2026","LinkedIn","The Chicago Public Education Fund","6,229","1","1","0","0","0","386","0","33","8.55%","13","1","0","19","","","","","","","","","","","","","","","","0","","","","","0","0","0","","","","","","","","","","","","","","","0","","0","","","","0","0","","",""
"05-03-2026","X","'@TheFundChicago","3,049","-1","0","0","0","1","25","1","0","0%","0","0","0","0","","0","0","0","0","0","0","","","","","","","","","0","","","","","","","","","","","","","1","0","0","0","0","","","","","0","","0","","","","","","","",""
"05-03-2026","Facebook","The Chicago Public Education Fund","2,681","0","","0","0","0","287","18","103","35.89%","31","6","0","0","","66","","","","","","0","0","0","0","0","","","","0","","","","","","","","","","","","","","","","","","0","0","0","0","0","","0","","","","","","","",""
"05-03-2026","LinkedIn","The Chicago Public Education Fund","6,230","1","1","0","0","0","237","0","31","13.08%","5","0","0","26","","","","","","","","","","","","","","","","0","","","","","0","0","0","","","","","","","","","","","","","","","0","","0","","","","0","0","","",""
"05-04-2026","X","'@TheFundChicago","3,050","1","1","1","1","4","13","0","0","0%","0","0","0","0","","0","0","1","0","0","0","","","","","","","","","0","","","","","","","","","","","","","3","0","0","0","1","","","","","0","","0","","","","","","","",""
"05-04-2026","Facebook","The Chicago Public Education Fund","2,683","2","","1","1","1","997","26","3","0.3%","1","0","0","0","","2","","","","","","1","0","0","0","0","","","","0","","","","","","","","","","","","","","","","","","0","1","0","0","0","","0","","","","","","","",""
"05-04-2026","LinkedIn","The Chicago Public Education Fund","6,231","8","8","1","1","1","503","0","32","6.36%","8","1","0","23","","","","","","","","","","","","","","","","0","","","","","1","0","0","","","","","","","","","","","","","","","0","","0","","","","1","0","","",""
"05-05-2026","X","'@TheFundChicago","3,050","0","0","3","3","2","62","0","7","11.29%","1","2","1","0","","0","3","1","0","2","0","","","","","","","","","0","","","","","","","","","","","","","0","0","1","0","1","","","","","0","","0","","","","","","","",""
"05-05-2026","Facebook","The Chicago Public Education Fund","2,685","2","","1","1","5","2,199","19","241","10.96%","89","30","3","0","","119","","","","","","1","0","0","0","0","","","","0","","","","","","","","","","","","","","","","","","1","4","0","0","0","","0","","","","","","","",""
"05-05-2026","LinkedIn","The Chicago Public Education Fund","6,239","2","2","1","1","2","1,152","12","75","6.51%","14","2","0","59","","","","","","","","","","","","","","","","0","","","","","1","0","0","","","","","","","","","","","","","","","0","","0","","","","2","0","","",""
"05-06-2026","X","'@TheFundChicago","3,051","1","1","1","1","2","106","0","10","9.43%","0","1","0","0","","3","6","1","0","0","0","","","","","","","","","0","","","","","","","","","","","","","2","0","0","0","0","","","","","0","","0","","","","","","","",""
"05-06-2026","Facebook","The Chicago Public Education Fund","2,694","9","","1","1","6","5,259","54","154","2.93%","62","13","1","0","","78","","","","","","1","0","0","0","0","","","","0","","","","","","","","","","","","","","","","","","1","5","0","0","0","","0","","","","","","","",""
"05-06-2026","LinkedIn","The Chicago Public Education Fund","6,241","1","1","1","1","1","1,001","0","99","9.89%","24","1","0","74","","","","","","","","","","","","","","","","0","","","","","1","0","0","","","","","","","","","","","","","","","0","","0","","","","1","0","","",""
"05-07-2026","X","'@TheFundChicago","3,050","-1","0","0","0","4","72","0","21","29.17%","1","0","0","0","","8","12","0","0","0","0","","","","","","","","","0","","","","","","","","","","","","","4","0","0","0","0","","","","","0","","0","","","","","","","",""
"05-07-2026","Facebook","The Chicago Public Education Fund","2,713","19","","0","0","1","6,853","38","1,058","15.44%","200","104","3","2","","749","","","","","","0","0","0","0","0","","","","0","","","","","","","","","","","","","","","","","","0","1","0","0","0","","0","","","","","","","",""
"05-07-2026","LinkedIn","The Chicago Public Education Fund","6,242","6","6","0","0","5","1,156","0","63","5.45%","19","7","0","37","","","","","","","","","","","","","","","","0","","","","","0","0","0","","","","","","","","","","","","","","","0","","0","","","","5","0","","",""
"05-08-2026","X","'@TheFundChicago","3,048","-2","0","0","0","1","21","0","1","4.76%","0","0","0","0","","0","1","0","0","0","0","","","","","","","","","0","","","","","","","","","","","","","1","0","0","0","0","","","","","0","","0","","","","","","","",""
"05-08-2026","Facebook","The Chicago Public Education Fund","2,717","4","","0","0","2","1,516","13","378","24.93%","79","41","0","0","","258","","","","","","0","0","0","0","0","","","","0","","","","","","","","","","","","","","","","","","0","2","0","0","0","","0","","","","","","","",""
"05-08-2026","LinkedIn","The Chicago Public Education Fund","6,246","1","1","0","0","2","430","0","32","7.44%","8","3","0","21","","","","","","","","","","","","","","","","0","","","","","0","0","0","","","","","","","","","","","","","","","0","","0","","","","2","0","","",""
"05-09-2026","X","'@TheFundChicago","3,048","0","0","0","0","2","12","0","0","0%","0","0","0","0","","0","0","0","0","0","0","","","","","","","","","0","","","","","","","","","","","","","2","0","0","0","0","","","","","0","","0","","","","","","","",""
"05-09-2026","Facebook","The Chicago Public Education Fund","2,717","0","","0","0","0","963","21","103","10.7%","24","18","0","0","","61","","","","","","0","0","0","0","0","","","","0","","","","","","","","","","","","","","","","","","0","0","0","0","0","","0","","","","","","","",""
"05-09-2026","LinkedIn","The Chicago Public Education Fund","6,247","4","4","0","0","1","430","0","39","9.07%","16","2","0","21","","","","","","","","","","","","","","","","0","","","","","0","0","0","","","","","","","","","","","","","","","0","","0","","","","1","0","","",""
"05-10-2026","X","'@TheFundChicago","3,047","-1","0","0","0","2","9","0","0","0%","0","0","0","0","","0","0","0","0","0","0","","","","","","","","","0","","","","","","","","","","","","","2","0","0","0","0","","","","","0","","0","","","","","","","",""
"05-10-2026","Facebook","The Chicago Public Education Fund","2,719","2","","0","0","0","682","13","112","16.42%","28","20","1","1","","62","","","","","","0","0","0","0","0","","","","0","","","","","","","","","","","","","","","","","","0","0","0","0","0","","0","","","","","","","",""
"05-10-2026","LinkedIn","The Chicago Public Education Fund","6,250","2","2","0","0","0","352","0","40","11.36%","4","0","0","36","","","","","","","","","","","","","","","","0","","","","","0","0","0","","","","","","","","","","","","","","","0","","0","","","","0","0","","",""
"05-11-2026","X","'@TheFundChicago","3,047","0","0","8","8","1","168","20","8","4.76%","1","5","0","0","","0","2","3","0","5","0","","","","","","","","","0","","","","","","","","","","","","","1","0","0","0","0","","","","","0","","0","","","","","","","",""
"05-11-2026","Facebook","The Chicago Public Education Fund","2,723","4","","2","2","2","3,480","104","66","1.9%","21","1","1","0","","43","","","","","","1","0","0","0","0","","","","0","","","","","","","","","","","","","","","","","","0","2","0","0","0","","0","","","","","","","",""
"05-11-2026","LinkedIn","The Chicago Public Education Fund","6,252","2","2","2","2","0","900","81","51","5.67%","14","0","0","37","","","","","","","","","","","","","","","","0","","","","","2","0","0","","","","","","","","","","","","","","","0","","0","","","","0","0","","",""
"05-12-2026","X","'@TheFundChicago","3,047","0","0","0","0","2","106","12","3","2.83%","0","0","0","0","","2","1","0","0","0","0","","","","","","","","","0","","","","","","","","","","","","","0","0","0","0","2","","","","","0","","0","","","","","","","",""
"05-12-2026","Facebook","The Chicago Public Education Fund","2,724","1","","0","0","2","1,713","52","203","11.85%","35","5","3","1","","159","","","","","","0","0","0","0","0","","","","0","","","","","","","","","","","","","","","","","","0","2","0","0","0","","0","","","","","","","",""
"05-12-2026","LinkedIn","The Chicago Public Education Fund","6,254","5","5","1","1","0","612","151","42","6.86%","14","0","1","27","","","","","","","","","","","","","","","","0","","","","","1","0","0","","","","","","","","","","","","","","","0","","0","","","","0","0","","",""
"05-13-2026","X","'@TheFundChicago","3,048","1","1","0","0","0","43","2","0","0%","0","0","0","0","","0","0","0","0","0","0","","","","","","","","","0","","","","","","","","","","","","","0","0","0","0","0","","","","","0","","0","","","","","","","",""
"05-13-2026","Facebook","The Chicago Public Education Fund","2,725","1","","1","0","1","864","27","64","7.41%","11","5","0","1","","47","","","","","","0","0","0","0","1","","","","0","","","","","","","","","","","","","","","","","","0","0","0","1","0","","0","","","","","","","",""
"05-13-2026","LinkedIn","The Chicago Public Education Fund","6,259","1","1","0","0","1","656","185","43","6.55%","9","1","0","33","","","","","","","","","","","","","","","","0","","","","","0","0","0","","","","","","","","","","","","","","","0","","0","","","","1","0","","",""
"05-14-2026","X","'@TheFundChicago","3,048","0","0","3","3","1","78","21","3","3.85%","0","2","0","0","","1","0","1","0","2","0","","","","","","","","","0","","","","","","","","","","","","","0","0","0","0","1","","","","","0","","0","","","","","","","",""
"05-14-2026","Facebook","The Chicago Public Education Fund","2,726","1","","1","1","0","659","188","30","4.55%","4","1","0","0","","25","","","","","","0","0","0","0","0","","","","0","","","","","","","","","","","","","","","","","","0","0","0","0","0","","0","","","","","","","",""
"05-14-2026","LinkedIn","The Chicago Public Education Fund","6,258","3","3","1","1","1","590","145","34","5.76%","9","1","0","24","","","","","","","","","","","","","","","","0","","","","","1","0","0","","","","","","","","","","","","","","","0","","0","","","","1","0","","",""
"05-15-2026","X","'@TheFundChicago","3,050","2","2","0","0","3","95","27","0","0%","0","0","0","0","","0","0","0","0","0","0","","","","","","","","","0","","","","","","","","","","","","","0","0","0","0","3","","","","","0","","0","","","","","","","",""
"05-15-2026","Facebook","The Chicago Public Education Fund","2,726","0","","1","1","0","724","90","29","4.01%","3","1","0","1","","24","","","","","","1","0","0","0","0","","","","0","","","","","","","","","","","","","","","","","","0","0","0","0","0","","0","","","","","","","",""
"05-15-2026","LinkedIn","The Chicago Public Education Fund","6,260","1","1","1","1","0","614","142","60","9.77%","5","0","0","55","","","","","","","","","","","","","","","","0","","","","","1","0","0","","","","","","","","","","","","","","","0","","0","","","","0","0","","",""
"05-16-2026","X","'@TheFundChicago","3,052","2","2","0","0","0","43","11","0","0%","0","0","0","0","","0","0","0","0","0","0","","","","","","","","","0","","","","","","","","","","","","","0","0","0","0","0","","","","","0","","0","","","","","","","",""
"05-16-2026","Facebook","The Chicago Public Education Fund","2,726","0","","0","0","0","314","35","75","23.89%","4","0","0","0","","71","","","","","","0","0","0","0","0","","","","0","","","","","","","","","","","","","","","","","","0","0","0","0","0","","0","","","","","","","",""
"05-16-2026","LinkedIn","The Chicago Public Education Fund","6,259","1","1","0","0","0","417","68","63","15.11%","6","0","0","57","","","","","","","","","","","","","","","","0","","","","","0","0","0","","","","","","","","","","","","","","","0","","0","","","","0","0","","",""
"05-17-2026","X","'@TheFundChicago","3,050","-2","0","0","0","0","6","1","1","16.67%","0","0","0","0","","1","0","0","0","0","0","","","","","","","","","0","","","","","","","","","","","","","0","0","0","0","0","","","","","0","","0","","","","","","","",""
"05-17-2026","Facebook","The Chicago Public Education Fund","2,726","0","","0","0","0","197","18","22","11.17%","2","0","0","0","","20","","","","","","0","0","0","0","0","","","","0","","","","","","","","","","","","","","","","","","0","0","0","0","0","","0","","","","","","","",""
"05-17-2026","LinkedIn","The Chicago Public Education Fund","6,261","3","3","0","0","0","288","49","33","11.46%","8","0","0","25","","","","","","","","","","","","","","","","0","","","","","0","0","0","","","","","","","","","","","","","","","0","","0","","","","0","0","","",""
"05-18-2026","X","'@TheFundChicago","3,050","0","0","0","0","0","14","1","0","0%","0","0","0","0","","0","0","0","0","0","0","","","","","","","","","0","","","","","","","","","","","","","0","0","0","0","0","","","","","0","","0","","","","","","","",""
"05-18-2026","Facebook","The Chicago Public Education Fund","2,727","1","","0","0","0","192","16","5","2.6%","1","0","0","0","","4","","","","","","0","0","0","0","0","","","","0","","","","","","","","","","","","","","","","","","0","0","0","0","0","","0","","","","","","","",""
"05-18-2026","LinkedIn","The Chicago Public Education Fund","6,264","1","1","0","0","2","478","98","13","2.72%","3","1","1","8","","","","","","","","","","","","","","","","0","","","","","0","0","0","","","","","","","","","","","","","","","0","","0","","","","1","0","","",""
"05-19-2026","X","'@TheFundChicago","3,050","0","0","0","0","0","8","1","0","0%","0","0","0","0","","0","0","0","0","0","0","","","","","","","","","0","","","","","","","","","","","","","0","0","0","0","0","","","","","0","","0","","","","","","","",""
"05-19-2026","Facebook","The Chicago Public Education Fund","2,727","0","","0","0","0","136","15","1","0.74%","1","0","0","0","","0","","","","","","0","0","0","0","0","","","","0","","","","","","","","","","","","","","","","","","0","0","0","0","0","","0","","","","","","","",""
"05-19-2026","LinkedIn","The Chicago Public Education Fund","6,265","4","4","0","0","0","301","72","19","6.31%","4","0","0","15","","","","","","","","","","","","","","","","0","","","","","0","0","0","","","","","","","","","","","","","","","0","","0","","","","0","0","","",""
"05-20-2026","X","'@TheFundChicago","3,050","0","0","2","2","1","25","0","2","8%","0","1","1","0","","0","0","1","0","1","0","","","","","","","","","0","","","","","","","","","","","","","0","0","1","0","0","","","","","0","","0","","","","","","","",""
"05-20-2026","Facebook","The Chicago Public Education Fund","2,727","0","","1","1","0","277","17","0","0%","0","0","0","0","","0","","","","","","1","0","0","0","0","","","","0","","","","","","","","","","","","","","","","","","0","0","0","0","0","","0","","","","","","","",""
"05-20-2026","LinkedIn","The Chicago Public Education Fund","6,269","2","2","1","1","0","259","33","50","19.31%","1","0","0","49","","","","","","","","","","","","","","","","0","","","","","1","0","0","","","","","","","","","","","","","","","0","","0","","","","0","0","","",""
"05-21-2026","X","'@TheFundChicago","3,049","-1","0","0","0","1","32","0","0","0%","0","0","0","0","","0","0","0","0","0","0","","","","","","","","","0","","","","","","","","","","","","","0","0","0","0","1","","","","","0","","0","","","","","","","",""
"05-21-2026","Facebook","The Chicago Public Education Fund","","","","0","0","0","","","7","","3","0","0","3","","1","","","","","","0","0","0","0","0","","","","0","","","","","","","","","","","","","","","","","","0","0","0","0","0","","0","","","","","","","",""
"05-21-2026","LinkedIn","The Chicago Public Education Fund","6,272","","","0","0","0","564","38","69","12.23%","6","0","0","63","","","","","","","","","","","","","","","","0","","","","","0","0","0","","","","","","","","","","","","","","","0","","0","","","","0","0","","",""
