"Date","Post ID","Network","Post Type","Content Type","Profile","Sent by","Link","Post","Linked Content","Impressions","Organic Impressions","Paid Impressions","Reach","Organic Reach","Paid Reach","Potential Reach","Engagement Rate (per Impression)","Engagements","Reactions","Likes","Dislikes","Love Reactions","Haha Reactions","Wow Reactions","Sad Reactions","Angry Reactions","Comments","Shares","Saves","Post Link Clicks","SproutLink Clicks","Other Post Clicks","Post Clicks (All)","Other Engagements","Subscribers Gained from Video","Annotation Clicks","Card Clicks","Video Views","Organic Video Views","Reels Skip Rate","Crossposted Reels Views","Facebook Reels Views","Paid Video Views","Partial Video Views","Organic Partial Video Views","Paid Partial Video Views","Full Video Views","Organic Full Video Views","Paid Full Video Views","Full Video View Rate","Follow Video Views","For You Video Views","Hashtag Video Views","Business Account Video Views","Others Video Views","Search Video Views","Sound Video Views","Unspecified Video Views","Estimated Minutes Watched","Story Taps Back","Story Taps Forward","Story Exits","Story Replies","Video Added to Playlists","Subscribers Lost from Video","Video Removed from Playlists","Average Video Time Watched (Seconds)","Video View Time (Seconds)","Poll Votes","Tags"
"4/30/2024 12:31 pm","7191127000072265728","LinkedIn","Post","Photo","Heather Y. Anichini"," ","https://linkedin.com/feed/update/urn:li:ugcPost:7191127000072265728","This month, I celebrated 12 years of leading and learning at The Chicago Public Education Fund. I spent time reflecting on the milestones, highlights, and challenges I’ve experienced during my tenure. Among them…

1️⃣2️⃣ Programs launched. From the Summer Design Program, which started with 13 principals and now serves 85 school teams a year, to The Malott Educator Fellowship, our newest program, our pilot efforts increase principal tenure, spark #innovation, and respond to leaders’ needs.

1️⃣1️⃣ Progress Reports (plus >22 others!) to detail the impact of our work, highlight promising practices, and share lessons learned. Check out our most recent case studies here ➡ https://lnkd.in/gGdYpWYu

1️⃣0️⃣ Principal Engagement Surveys, inviting Chicago’s principals to share their perspectives and publishing the results to hold ourselves and our partners accountable. 

9️⃣ Non-interim Chicago Public Schools CEOs. I learned something different from each one of them, AND the shifts at the top reinforced my commitment to local leadership.

8️⃣ Principal Appreciation Campaigns. Throughout October, we united thousands of partners and school communities to show their #PrincipalPrideChi.

7️⃣ Local election cycles. We partnered with three governors and three mayors - and witnessed seven Local School Council installments - reinforcing the importance of local leaders who ensure stability and consistency.

6️⃣ Years left in our current funding cycle. Chicago Leads is our most ambitious yet: $50M to foster innovative leadership in >600 school communities and contribute to an enduring culture of excellence citywide.

5️⃣ Years (on average) in our investment cycles. The timing lets us step back and reflect on our goals, strategy, and outcomes, and allows great talent to seize their next big role - a reminder that you can only go as fast and as far as your team will move.

4️⃣ Investment cycles - including a COVID Comeback Fund - launched in partnership with our Board, fueled by our investors, supported by our Leadership Council and Educator Advisory Committee, and executed by our team. 

3️⃣ City Club of Chicago speeches delivered to sold-out crowds (please don’t reshare the photo of my appearance while seven months pregnant!). I’ve shared new data, called city and corporate leaders to action, and championed the importance of strong, stable school leadership.
 
2️⃣ Sabbaticals given. Last summer, our longest-standing team member took a much-deserved #sabbatical. In a few weeks, it will be my turn! While it will be my longest break from work ever (including maternity leave!), it symbolizes my team’s resilience. 

1️⃣ Sustainable mission: The Fund powers progress in Chicago’s schools by investing in the talented educators who lead them. I am perhaps most proud of our mission's clarity and sustainability. I know it has made - and will continue to make - the biggest impact on Chicago’s kids.  ",,"","","","","","","","","302","253","253","","","","","","","49","","","","","","","","","","","","","","","","","","","","","","","","","","","","","","","","","","","","","","","","","","",""
"3/22/2024 7:51 am","7176923491013722112","LinkedIn","Post","Photo","Heather Y. Anichini"," ","https://linkedin.com/feed/update/urn:li:share:7176923491013722112","Nearly two decades (!) ago, I was emerging from a tough professional year. I took on a big project, and it *almost* went well. Then, it went *spectacularly* wrong. The follow-up meant a series of all-nighters (for real), an enormous fight with my then-boyfriend (now-husband…phew!), and what felt like maybe the end of my career in #education (at least to my young head and heart).

What got me through? 

A smart, capable, hilarious group of (mostly) women who helped me clean up the mess, who helped me smooth over the fight, and who helped me find my next gig (and then the one after that). Women who reminded me that I was defined by more than one remarkably public failure. 

In honor of the moment and #WomensHistoryMonth, I am committed to owning my soft failures - in private and in public (like this!). I’m going to use each failure as an opportunity to know better, to do better, and to BE better. And I’m going to carry them up the U, believing in the future we are shaping together. 

One thing I learned from that early failure was to recognize my patterns. For example, I know I’m headed into a downtrend when:
⬇ Many of the #management systems and processes I rely on - at work and at home - stop working. 
⬇ My penchant for action, usually such an advantage, starts (and keeps) leading to unintended outcomes. 
⬇ My judgment is just… off. 
⬇ Even my words on a page - long my most reliable mechanism for processing and powering through - seem to lose their luster. 

Of course, when things start to spiral like that, I see my worst traits magnified, too. Traits like:
☑ My perfectionism.
☑ My tendency to micromanage.
☑ My ability to say the true things in the most unfair ways. 

Plenty of Harvard research shows that women my age are firmly in the tight spot when life seems to cost a lot, just as the priceless joys of adulthood start to wear off (see the picture!). Personally, I know that I have officially entered the low point of the U. 

And yet, reflecting on the remarkable care so many people offered last year, I can see that the gap (at least for me) is much narrower than it sometimes feels. 

In honor of this month, I’m spending this weekend writing some thank you notes to fifteen of the women who are riding the U with me and whom I know I can count on even on the toughest days. I hope the notes will inspire them to thank a few of the women in their networks. 

Lila Leff, Amber Kleeschulte Richard, Melissa Zaikos, Amanda Perkins, Naya Bloom, Acasia Wilson Feinberg, Melinda Wright, Heather Harding, Chaula Gupta, Phyllis Lockett, Janice Jackson, Sonya Anderson, Anna Alvarado, Elizabeth Alvarez, and Linda Erlinger… you’ve got mail!

And, to ALL of the women in my life and in my network, I am grateful to know you and to be learning from you. Cheers to climbing that U curve again, together.",,"","","","","","","","","283","240","240","","","","","","","43","","","","","","","","","","","","","","","","","","","","","","","","","","","","","","","","","","","","","","","","","","",""
"2/28/2025 10:03 am","7301270696607764480","LinkedIn","Post","Text","Heather Y. Anichini"," ","https://linkedin.com/feed/update/urn:li:share:7301270696607764480","Big news! 🎉

Yesterday, a long-time #CareerGoal became a reality—I’m officially part of the newest Pahara Institute cohort! 

I deeply admire the vision and approach of Kriste Dragon and her team, and every alum I know has been changed by the experience.

This wouldn't have been possible without my references - Susan Asiyanbi, Liz Thompson, and Angela Cobb. 

I’ve been lucky to learn from incredible women at every stage of my career, and this moment is no exception. Thank you, friends.

Excited for what’s ahead! #Grateful #Leadership #Growth",,"","","","","","","","","253","202","202","","","","","","","51","","","","","","","","","","","","","","","","","","","","","","","","","","","","","","","","","","","","","","","","","","",""
"5/1/2025 3:15 pm","7323796239999782913","LinkedIn","Post","Text","Heather Y. Anichini"," ","https://linkedin.com/feed/update/urn:li:share:7323796239999782913","After nearly 24 years with Chicago Public Schools — including the last three as Chief Education Officer — Bogdana Chkoumbova is closing an extraordinary chapter of service.

I’ve had the privilege of supporting her work for more than a decade, from her time as a principal to her leadership as a Network Chief and senior district official. At every level, Bogdana led with conviction, care, and a deep belief in the power of public education.

She championed strong school leadership, student-centered decision-making, and equity, especially for diverse learners and newcomers. She helped CPS become a national model in using data to drive results, expanded access to high-quality instruction, and invested in the tools and talent that make schools thrive. Her unwavering belief in what’s possible for students — and in the educators closest to them — has made a lasting impact.

As she steps into her next chapter, and CPS prepares to welcome a new Chief Executive Officer in June, important choices lie ahead. 

In my 10+ years at The Fund, I’ve learned two things about these kinds of transitions:

✅ Principals, teachers, and students will keep showing up and doing the work.
✅ The district can make that work easier — or harder — depending on the stability it provides.

Let’s build on the strong foundation Bogdana helped create and maintain stability for the educators and young people in our schools.

Thank you, Bogdana Chkoumbova, for leading with courage and clarity. You will be missed.",,"","","","","","","","","221","201","201","","","","","","","20","","","","","","","","","","","","","","","","","","","","","","","","","","","","","","","","","","","","","","","","","","",""
"4/16/2026 6:00 am","7450492160623292418","LinkedIn","Post","Photo","Heather Y. Anichini"," ","https://linkedin.com/feed/update/urn:li:ugcPost:7450492160623292418","14 years in this role today. That's hard to believe. Three things I am taking with me into the year ahead:

1️⃣ Leadership matters. 
I've learned that in schools and in organizations, leadership shapes everything. I've had the privilege of working alongside incredible educators across Chicago, and of being inspired by the way they distribute and develop leadership every day. I've also been honored to support and learn from the careers of many who started here at The Chicago Public Education Fund. They've gone on to teach, to lead their own organizations, and to champion the causes that matter most to them. Watching all of them shine is one of my purest joys.

2️⃣ Change is constant. Student experience has to be as well. 
I've watched as the demands on schools keep evolving. The set of stakeholders keeps shifting. Priorities, policies, and pressures get more complex. What I've learned to keep constant is our shared responsibility to ensure public schools help young people live into their best lives. Centering the experience of young people and their families helps keep learning the North Star.

3️⃣ When you know better, you have to do better. 
I've had 14 years of wins and made 14 years of mistakes. I've learned to apologize when I get it wrong and to ask for help. To give credit freely and whenever it is due. I've also learned that it doesn't really matter if it was a win or a loss, at least in the long run. What matters is that we use the experience to help improve personally, organizationally, and across the sector. I am excited about the years of learning ahead.

And one more thing: No matter the season or where I am, I have learned that starting my day with the sun and a walk makes me better at what I do (and maybe at who I am). My favorite work walk? Along the river to Lake Michigan and through my office door. (Photos courtesy of those AM walks.) ",,"5,732","5,732","","4,177","","","","3.42%","196","165","165","","","","","","","31","0","","","","","","","","","","","","","","","","","","","","","","","","","","","","","","","","","","","","","","","","","",""
"10/31/2024 1:01 pm","7257813949574717440","LinkedIn","Post","Photo","Heather Y. Anichini"," ","https://linkedin.com/feed/update/urn:li:share:7257813949574717440","Nelson Gerew, our longest-serving Fund team member, is among our most respected and admired teammates. 👏 

☑️ He is always the smartest in the room but never makes you feel silly for asking a question. 
☑️ He is often the busiest member of the team but never hesitates to listen and help. 
☑️ He never says no to a mission-centered challenge, even when you ask for something that seems impossible. 
☑️ He takes our team's development as seriously as his own.
☑️ He believes in Chicago's educators and works hard to make our city a great place to lead. 

👔 Today, we appreciated his awesomeness by donning our best khakis, fun socks, and blue button-downs en masse. 

I personally rocked the Nelson-era circa 2013 by strategically adding a matching blue tie and a Red Sox cap. ⚾ 

If you know Nelson, you know he was mildly mortified by this extreme expression of our affection. You also know we mean it when we say we used this excuse to dress up as an opportunity to honor one of Chicago’s very best.",,"","","","","","","","","194","160","160","","","","","","","34","","","","","","","","","","","","","","","","","","","","","","","","","","","","","","","","","","","","","","","","","","",""
"9/25/2024 11:51 am","7244750338744819712","LinkedIn","Post","Link","Heather Y. Anichini"," ","https://linkedin.com/feed/update/urn:li:share:7244750338744819712","Big news: The Fund is hiring for a permanent Chief Operating Officer. The job is live now.

Some context: When I was gifted a 10-week sabbatical, we hired K. Sujata as an interim COO to ensure continuity in our operations and support for our team and culture. 

It's been a game-changer for us (and for me!). 

We're making the role permanent when Sujata's time with us ends in December. She has strengthened our organization and helped me grow as a leader, and we’re excited about this addition to the senior team!

Beyond the job description, what might make you apply: 
☑ Senior-level finance, human resources, and development work brings you joy. You thrive on leading teams to achieve ambitious operational, cultural, and fundraising goals.

☑ You see finance, IT, and HR “vendors” as partners that help small nonprofits punch above their weight.

☑ Your peers would say you like to learn from and alongside other leaders, and you have a network of people who would say you’re a strong mentor and people developer. 

☑ The idea of a kitchen full of people to laugh with at lunch makes you smile.

☑ Others see you as a no-drama warm demander and a hands-on doer, ready to work for what school leaders need.

☑ You prioritize working with people who reliably put mission above ego and genuinely appreciate and respect one another.

☑ You enjoy engaging with board members and funders who are consistently curious and share our vision for success. 

And… what might give you pause: 
☑ We’re a small, scrappy team that believes “all work is my work.” You might check in with a board member, lead a team meeting, decorate a teammate's desk, and edit a donor deck—all within your first two hours!

☑ I am a terrible mind reader. If you tell me what you need, I will get it for you. If you can’t name it, I will struggle to deliver. 

☑ I’m a fast-moving, direct leader with high expectations for myself and others. If something doesn’t meet our team’s or educators’ needs, I’ll say so and work with you to improve it.

☑ I have many ideas and need a mission-focused team that can confidently say “no” when necessary. My team often reminds me to subtract before adding; while I listen, those reminders are essential.

☑ We are a collaborative senior team. We work through our differences, not around them. 

☑ The short story: If giving or receiving real-time feedback feels difficult, our culture might be overwhelming. If you prefer making decisions independently or only with your team, we might be too small for you. And if you're beyond the stage of handling spreadsheets, editing decks, or printing nametags, you may find this role frustrating.

If you’re still reading this and interested, apply! We hope to hear from you soon! https://lnkd.in/gbTktkad. ","https://recruiting.paylocity.com/recruiting/jobs/Details/2746827/Chicago-Public-Education-Fund/Chief-Operating-Officer-COO","","","","","","","","","194","176","176","","","","","","","18","","","","","","","","","","","","","","","","","","","","","","","","","","","","","","","","","","","","","","","","","","",""
"10/16/2025 8:48 am","7384585950120775680","LinkedIn","Post","Photo","Heather Y. Anichini"," ","https://linkedin.com/feed/update/urn:li:share:7384585950120775680","💜 Thrilled to share our final Growth Leader Award Finalist, Principal Jennifer Sutton of Von Steuben High School! 💜

As a proud CPS alum and longtime leader at Von Steuben, Principal Sutton has spent nearly eight years championing inclusive decision-making and breaking down barriers for staff, students, and families.

When data revealed that historically marginalized students were underrepresented in advanced coursework, she didn’t just name the challenge—she built a plan. Today, Von Steuben celebrates record numbers of students earning Early College Credentials through Dual Credit and AP courses.

Principal Sutton also knew that stronger relationships needed to be at the heart of school culture. She launched staff affinity groups to strengthen trust and equity, restructured student grade-level meetings, introduced empathy interviews, and created student success plans to ensure that all students feel a sense of belonging and support.

For Von’s growing English Learner population, she forged a partnership with City Colleges of Chicago-Harry S Truman College, secured resources for staff to earn ESL endorsements, and recruited additional ESL-certified teachers. 

The results speak volumes:
🎓 Freshman Success soared from 3.4% → 92.4%
📘 AP exam pass rate grew from 46% → 55%
🌍 ESL-certified teachers expanded from 9 → 24 in just two years

👏 Principal Sutton’s leadership has expanded access to advanced coursework, transformed freshman success rates, and strengthened supports for English Learners—proving what’s possible when equity drives every decision. Join us in celebrating her impact! 👏",,"","","","","","","","","176","157","157","","","","","","","19","","","","","","","","","","","","","","","","","","","","","","","","","","","","","","","","","","","","","","","","","","",""
"4/15/2026 12:00 pm","7450043345818615808","LinkedIn","Post","Photo","Heather Y. Anichini"," ","https://linkedin.com/feed/update/urn:li:share:7450043345818615808","I’ll be taking the stage in an hour at the ASU+GSV Summit to talk about how school systems are approaching AI – and what it will take to get this right.

In recent conversations with school and system leaders, one tension keeps surfacing: how to balance protecting student data and maintaining trust, while also giving educators access to tools that can meaningfully reduce administrative burden.

District decisions: What tools are approved, how they’re implemented, and what guidance is provided – have real consequences for what school leaders and educators are able to do in practice.

We’re seeing this play out in Chicago, where strong, decentralized leadership is creating space for innovation, even in low-resource environments. 

But what’s also clear is that access alone isn’t enough. Without clear guidance and support, leaders are left to navigate these tools on their own. 

When they reach their limits, which almost all new tools do, that can mean the work shuts down.

The way this evolves will depend on the choices we make now.

The way it looks in 10 years depends entirely on what we decide to protect and what we design around.

Looking forward to learning alongside Mahnaz R. Charania, PhD, Jodi Feikema, PhD, Megan Mitchell, M.Ed, Jim O'Neill, and Jason Palmer, and continuing the conversation.

More to come. #ASUGSVSummit #EdTech #AIinEducation",,"3,597","3,597","","2,646","","","","4.87%","175","172","172","","","","","","","3","0","","","","","","","","","","","","","","","","","","","","","","","","","","","","","","","","","","","","","","","","","",""
"10/15/2025 3:19 pm","7384322099726905346","LinkedIn","Post","Photo","Heather Y. Anichini"," ","https://linkedin.com/feed/update/urn:li:share:7384322099726905346","💜 Our next Growth Leader Award Finalist is Principal Barton Dassinger of Chávez Elementary School! 💜

For more than a decade, Principal Dassinger has led Chávez with a steady vision: a school where strong attendance, academic growth, and student engagement open doors for every child. In recent years, he has focused especially on helping students recover from the pandemic—doubling down on the two areas that matter most: attendance and student growth.

He made attendance a schoolwide priority, combining real-time data tracking, home visits, and joyful celebrations to keep students in class and connected. At the same time, he worked alongside teachers to strengthen literacy and math instruction—introducing high-quality curriculum, reducing class sizes, and expanding coaching and professional learning to accelerate student growth.

The results are inspiring:
 📈 Attendance rebounded from 90.3% in 2022 → 96% in 2025
 📉 Chronic absenteeism fell from 37% → 6.3% in just three years
 📘 Math proficiency rose from 84% → 91.6% and Reading from 71.5% → 85.7% on the IAR (2022–2024)

These gains extend beyond the classroom: Chávez now leads all non-selective CPS schools in 7th graders passing the Algebra Exit Exam, and student participation in summer learning is at record highs.

Principal Dassinger’s long-standing commitment to equity, innovation, and student success has transformed Chávez into a model recognized citywide.

👏 Chicago’s schools thrive because of leaders like Principal Dassinger—restoring engagement, accelerating learning, and showing what’s possible for students and families. Please join me in celebrating his impact! 👏",,"","","","","","","","","155","141","141","","","","","","","14","","","","","","","","","","","","","","","","","","","","","","","","","","","","","","","","","","","","","","","","","","",""
"10/7/2024 11:44 am","7249097290458505217","LinkedIn","Post","Photo","Heather Y. Anichini"," ","https://linkedin.com/feed/update/urn:li:ugcPost:7249097290458505217","Let me break through the political noise around Chicago's public schools to remind you that 634 principals are in their schools right now, welcoming over 323,000 students and 44,000 teachers and staff into another week. Their strong leadership and dedication to establishing a positive learning environment always deserve celebration, especially at this time. #PrincipalPrideChi #ThankAPrincipal",,"","","","","","","","","155","151","151","","","","","","","4","","","","","","","","","","","","","","","","","","","","","","","","","","","","","","","","","","","","","","","","","","",""
"2/13/2025 10:40 am","7295844358434562050","LinkedIn","Post","Text","Heather Y. Anichini"," ","https://linkedin.com/feed/update/urn:li:share:7295844358434562050","There’s a lot of talk about federal funding in public schools—how it’s used, whether it’s effective, and if it’s necessary. But beyond the headlines and sound bites, I don’t see nearly enough discussion rooted in facts.

Here are three things you should know before weighing in on the future of federal education funding:

1️⃣ Federal funds were introduced to supplement state and local investments.
Title I, for example, was launched in 1965 when President Johnson declared “a national goal of Full Educational Opportunity,” charging the federal government with more actively supporting strong schools, especially in communities with limited financial wealth.

2️⃣ Even with federal support, the bulk of school funding comes from state and local sources.
In a district like Chicago Public Schools (CPS), where 72% of students are economically disadvantaged, federal funds make up approximately 16% (or $1.3 billion) of the district’s $8.4 billion operating budget. While essential, these funds supplement—not substitute—local investment.

3️⃣ Chicago’s principals have more flexibility than most in using these funds to meet student needs.
In many school districts, the use of federal dollars is decided centrally. But in CPS, principals work alongside Local School Councils to direct much of the funding where it will have the greatest local impact—whether through additional instructional staff, tutoring and after-school programs, mental health supports, or strategies to improve student attendance. This flexibility allows leaders to tailor resources to the specific needs of their school communities.

Over the next few weeks, I will highlight how different principals use federal funds to drive real student outcomes. I hope these examples will ground the debate in facts—because the future of our schools and the students they serve deserve nothing less.",,"","","","","","","","","150","142","142","","","","","","","8","","","","","","","","","","","","","","","","","","","","","","","","","","","","","","","","","","","","","","","","","","","CPS Budget 2025"
"5/25/2025 11:27 am","7332442298842062849","LinkedIn","Post","Photo","Heather Y. Anichini"," ","https://linkedin.com/feed/update/urn:li:share:7332442298842062849","This past week, I had the opportunity to spend time with committed and talented leaders from across the country through the Pahara Institute.

Our setting—Lone Rock Retreat—offered space for deep reflection, honest dialogue, and inspiration. 

Here are three takeaways I’m carrying into the week ahead:

🌲 Nature sharpens leadership.
 I move my body most days and try to spend time outdoors, but being in the mountains—truly unplugged—reminded me that time in nature isn’t a luxury; it’s a leadership strategy. I’m adding 15 minutes to my morning commute to walk along the river this week. My team and the leaders we serve deserve the version of me that shows up sharper and more at ease.

🗣 Leadership shows up in every story.
From diverse texts to shared experiences, every person I encountered had something to teach me about what it means to lead with integrity. I’ll bring a few of those texts into conversations this week; reflection is more powerful when shared.

📚 Public education is still worth fighting for.
In a time when the noise around schools can be overwhelming, being in a community with 20+ other leaders recentered me. This work matters. This week, I’ll continue to elevate the stories of the principals, teams, and scholars who inspire me daily.

Experiences like this remind me: leadership is both a practice and a privilege. 

I’m grateful for the space to grow, and even more thankful for the community (at work, at home, and in the seminar room) that pushes me to show up, stay present, and do better.",,"","","","","","","","","146","130","130","","","","","","","16","","","","","","","","","","","","","","","","","","","","","","","","","","","","","","","","","","","","","","","","","","",""
"12/23/2025 12:01 pm","7409292105673699328","LinkedIn","Post","Photo","Heather Y. Anichini"," ","https://linkedin.com/feed/update/urn:li:share:7409292105673699328","Principal Barton Dassinger's recent Chicago Tribune op-ed (linked in the comments) tells a powerful story about what’s possible when school leaders have the flexibility and data to innovate with care for students and families.

At Cesar E. Chávez Elementary, Barton and his team increased attendance to 96% by focusing on daily practice rather than distant metrics. Through real-time data and daily adult routines, the Chávez team responds immediately when students are absent — calling families, problem-solving barriers, and, if needed, literally showing up at doors to walk students to school.

What stands out most is how the team’s approach and routines serve relationships. Data is used as a tool for connection and trust, helping Chávez evolve into one of Illinois’ top-performing neighborhood elementary schools.

Barton also emphasizes the importance of trusting principals to work with their communities, noting that his role as an Independent School Principal has given him the autonomy to design staffing, schedules, and support that truly meet his community’s needs. 

A powerful reminder that solutions to even pressing challenges, such as chronic absenteeism, exist — if we trust educators and families to pursue them.

This is what strong, equity-driven school leadership looks like: showing up every day, utilizing data effectively, and building systems rooted in trust. 

Congratulations to Barton and the Chávez community for modeling what’s possible for schools across Chicago.",,"","","","","","","","","138","128","128","","","","","","","10","","","","","","","","","","","","","","","","","","","","","","","","","","","","","","","","","","","","","","","","","","",""
"3/20/2026 10:10 am","7440776697383321600","LinkedIn","Post","Photo","Heather Y. Anichini"," ","https://linkedin.com/feed/update/urn:li:share:7440776697383321600","Wishing all Chicago Public Schools leaders a restful and energizing spring break. 🌷

You’ve poured so much into your students, staff, and school communities this year. We hope this break gives you the space to truly decompress, whether that means spending time with family, enjoying quiet moments, traveling, or simply doing whatever brings you joy.

Personally, I am looking forward to napping with my third grader, shopping for Easter-wear with my sixth grader, watching my eighth grader hoop, and sneaking in a few local college visits with my sophomore. Oh, and maybe I’ll read one of the many books piled on my nightstand.

How about you? What’s on the list for you next week?!?

Whatever you choose, please know The Chicago Public Education Fund is grateful for your leadership and remains here to support you every step of the way. 💙",,"4,396","4,396","","2,811","","","","3.12%","137","135","135","","","","","","","2","0","","","","","","","","","","","","","","","","","","","","","","","","","","","","","","","","","","","","","","","","","",""
"6/21/2025 10:00 am","7341862933439680512","LinkedIn","Post","Text","Heather Y. Anichini"," ","https://linkedin.com/feed/update/urn:li:share:7341862933439680512","Calling all visionary leaders in education! 
The Chicago Education Alliance (CEA) is launching as a new field catalyst and is searching for its founding Executive Director.

This is a unique opportunity to lead a bold new force for education equity in Chicago. You'll build stronger relationships and alignment among diverse stakeholders, from grasstops to community-based organizations, to advance a shared student-centered policy agenda.

CEA is backed by multi-year startup funding and a strong coalition of civic and community partners. If you're an entrepreneurial leader with vision, courage, and a deep commitment to improving outcomes for young people, especially those furthest from opportunity, we want to hear from you!

Applications close: June 30, 11:59 PM CT
Compensation: $200,000 - $300,000 annually

Learn more about this impactful role and apply today! 🔗 [https://lnkd.in/djRSW5qJ] 
",,"","","","","","","","","130","128","128","","","","","","","2","","","","","","","","","","","","","","","","","","","","","","","","","","","","","","","","","","","","","","","","","","",""
"9/11/2025 3:59 pm","7372010771662376960","LinkedIn","Post","Video","Heather Y. Anichini"," ","https://linkedin.com/feed/update/urn:li:ugcPost:7372010771662376960","I was excited to start my day yesterday by listening to Barry Tyler Jr. testify to the Chicago Board of Education about the work of The Chicago Public Education Fund. Learning happens in schools because leaders help create the conditions that foster student success every day. Our team believes in the power of their leadership. Barry's words clearly communicate our gratitude for their service and collaboration.
",,"","","","","","","","","128","126","126","","","","","","","2","","","","","","","","","","","","","","","","","","","","","","","","","","","","","","","","","","","","","","","","","","",""
"6/6/2025 11:14 am","7336787633303339009","LinkedIn","Post","Photo","Heather Y. Anichini"," ","https://linkedin.com/feed/update/urn:li:ugcPost:7336787633303339009","Last night, we closed out the 2024–25 school year with more than 100 educators, partners, and civic leaders—a powerful reminder that when we come together on behalf of Chicago’s students, we get results.

This year, The Fund supported over 250 educators—principals, assistant principals, and other school leaders, whose work reached more than 140,000 students across Chicago Public Schools.

Together, we:
✅ Concluded the first cohort of the Malott Educator Fellowship, with the goal of retaining strong leaders in the schools that need them the most

✅ Expanded our Educator Advisory Group to learn from school leaders as we shape our program approach and policy agenda

✅ Built out the Local School Council Working Group to strengthen community decision-making

And so much more!

Because the work in schools never stops, today, we are looking ahead to support school leaders and their teams in the 2025-26 school year.

Registration for programs is now open!
➡️ https://lnkd.in/g9rySmPJ

If you’re a school leader—or you know one—who’s ready to lead boldly next year, we hope you’ll join us.",,"","","","","","","","","127","120","120","","","","","","","7","","","","","","","","","","","","","","","","","","","","","","","","","","","","","","","","","","","","","","","","","","",""
"2/6/2026 3:48 pm","7425656550817443840","LinkedIn","Post","Photo","Heather Y. Anichini"," ","https://linkedin.com/feed/update/urn:li:share:7425656550817443840","The Fund is proud to celebrate Principal Regina Latimer-Lake of Earle STEM Elementary, named Illinois’ 2026 Elementary Principal of the Year!

Selected from 20 regional winners across the state, this honor reflects the real, measurable impact Regina has on students every day. The Illinois Principals Association recognizes leaders whose schools demonstrate strong instructional leadership, student growth, and inclusive school culture—and under Regina’s leadership, Earle STEM rose to the very top.

Between 2022 and 2025, Regina and her team led a 30 percentage-point increase in math growth (from 28% to 58.5%), according to ISBE data.

Regina models perseverance, lifelong learning, and a deep belief in her students’ potential. As her son shared during the celebration, she stayed the course in her own education “not just for herself, but for her students”—a lesson that shows up in classrooms at Earle every day.

At The Chicago Public Education Fund, we believe great principals are powerful drivers of student success. Regina’s statewide recognition is a reminder of what’s possible when talented, student-centered leaders are supported to lead and thrive.

Congratulations to Regina and the entire Earle STEM community. Your impact on students—and Chicago’s future—is unmistakable 💙✨",,"2,608","2,608","","1,747","","","","4.83%","126","117","117","","","","","","","8","1","","","","","","","","","","","","","","","","","","","","","","","","","","","","","","","","","","","","","","","","","",""
"10/15/2025 6:17 pm","7384366815508013056","LinkedIn","Post","Photo","Heather Y. Anichini"," ","https://linkedin.com/feed/update/urn:li:share:7384366815508013056","💜 Our next Growth Leader Award Finalist is Principal Donnell Rader of Beasley Elementary School! 💜

For the past seven years, Principal Rader has led Beasley with two bold, data-driven priorities: strengthening teacher leadership and advancing literacy instruction across every grade level. His goal has been clear: to reach 70% literacy growth schoolwide while building a lasting culture of professional development for teachers.

To achieve this, he developed a distributed leadership model that empowers assistant principals, coaches, and teacher leaders to guide instruction and provide collaborative, targeted support. At the same time, he launched a comprehensive literacy initiative—offering structured professional learning, peer observations, and innovative tools like Beasley’s “literacy planning placemat.”

The results are remarkable:
 📖 Students reading at/above grade level jumped from 30% → 62% (iReady).
 📉 Suspensions dropped by double digits for the second year in a row, strengthening school culture and reducing lost learning time.
 🎓 Chronic absenteeism decreased nearly 10 percentage points in just two years, from 44% → 35%.

Principal Rader’s leadership demonstrates how investing in teachers directly fuels student success. Through collaboration, consistent coaching, and high expectations for both staff and students, he has built a model of sustainable improvement that is inspiring schools beyond Beasley.

👏 Please join us in celebrating Principal Rader’s outstanding leadership, his focus on literacy, and his unwavering belief in the potential of every student.",,"","","","","","","","","122","99","99","","","","","","","23","","","","","","","","","","","","","","","","","","","","","","","","","","","","","","","","","","","","","","","","","","",""
"7/16/2025 4:03 pm","7351355704366034944","LinkedIn","Post","Photo","Heather Y. Anichini"," ","https://linkedin.com/feed/update/urn:li:ugcPost:7351355704366034944","Grateful doesn’t begin to capture how I felt leaving last night’s Summer Leadership Institute Happy Hour.

The energy in the room, the laughter, the ideas, the honest reflection—it’s the kind of spark that sustains me during those long, meeting-packed days when motivation can run low. While our team regularly has the privilege of working alongside Chicago’s school leaders, I’m always especially inspired when we get to pause and connect like this.

As leaders from across the city gathered to celebrate summer, a few themes stood out: your continued commitment to young people, your belief in our shared future, and your gratitude for one another. Your plans for the year ahead are bold and student-centered. Your clarity about the challenges—especially in the face of continued budget uncertainty—is sobering, but your leadership is a powerful reminder of why this work matters.

There’s still a lot ahead of us. But after last night, I am feeling the extra motivation I needed to finish the project that’s been on my to-do list for the last few weeks and maybe send this follow-up email (after a long day of back-to-back meetings). 

We are more ready than ever to support you as we launch the 2025-26 school year.",,"","","","","","","","","121","116","116","","","","","","","5","","","","","","","","","","","","","","","","","","","","","","","","","","","","","","","","","","","","","","","","","","",""
"11/7/2025 12:51 pm","7392634915944611840","LinkedIn","Post","Photo","Heather Y. Anichini"," ","https://linkedin.com/feed/update/urn:li:ugcPost:7392634915944611840","In the last three cycles at The Chicago Public Education Fund, I have raised almost $100 million. 

That said, I have never really considered myself a fundraiser. Why? Because development, for me, has always been about relationships and connections.

✅ Relationships with our principals; connections to funders who believe that leadership matters everywhere.
✅ Relationships with the district; connections to funders who believe in the power of public education to change lives.
✅ Relationships with the city; connections to funders who believe that kids growing up in world-class cities deserve world-class schools.

Those relationships and connections were on full display at the Association of Fundraising Professionals Chicago Chapter's 49th Annual Philanthropy Awards this week. WTTW’s Brandis Griffith Friedman emceed with her usual grace and style. And we were all honored to be in the room celebrating the leadership of Mara Botman, Penny Sebring, and Charles Ashby Lewis, and to hear from the always-inspiring Liz Thompson.

Congratulations to all of this year’s award winners — and thank you to everyone out there doing the daily work of building relationships and making connections that move our city and our schools forward.",,"","","","","","","","","120","110","110","","","","","","","10","","","","","","","","","","","","","","","","","","","","","","","","","","","","","","","","","","","","","","","","","","",""
"9/16/2025 12:13 pm","7373765967207653377","LinkedIn","Post","Photo","Heather Y. Anichini"," ","https://linkedin.com/feed/update/urn:li:ugcPost:7373765967207653377","At The Chicago Public Education Fund, we believe excellent leadership transforms schools — and we know it transforms organizations, too.

Working here isn’t easy. The hours are long, the challenges are complex, and the answers are rarely obvious. But we know that real learning happens in the hard work — both for school leaders and for us.

📣That’s why I’m proud to share that two of our colleagues, Cheyane Bligen, MPPA and Patricia Mota, are living our commitment to leadership growth through their participation in the Surge Institute and the Academy for Local Leadership Chicago this year. 

💡Cheyane, our Senior Associate of Public Affairs, drives connections inside and outside of The Fund — shaping communications strategies and bringing leadership in Chicago’s public schools to life. Her excellence is fueled by her own experiences with the deep inequities of our education system, grounding her passion for equity and her belief that every student is worth the investment.

💡Patricia, our Senior Manager of Network Expansion and Engagement, leads initiatives that strengthen the work between principals and key partners in the work, including Local School Councils and Network Chiefs. A proud CPS alumna and parent, Patricia grew up in Pilsen and brings both personal experience and deep commitment to her work.

Both Patricia and Cheyane lead aspects of our annual #PrincipalPrideChi campaign and work to elevate educator voices through our reports. Both also embody what it means to lead with conviction, creativity, and care, exactly the qualities we want to see in every school across Chicago.

I’m constantly inspired by the thoughtfulness and drive of our team. Patricia and Cheyane remind us daily what it looks like to lead with a commitment to creating a critical mass of great public schools in our city.",,"","","","","","","","","111","104","104","","","","","","","7","","","","","","","","","","","","","","","","","","","","","","","","","","","","","","","","","","","","","","","","","","",""
"6/12/2025 3:16 pm","7339022922411347968","LinkedIn","Post","Text","Heather Y. Anichini"," ","https://linkedin.com/feed/update/urn:li:share:7339022922411347968","Last evening, the Chicago Board of Education selected Dr. Macquline S King, EdD, current Senior Director of Education Policy for the City of Chicago as interim Superintendent (CEO). She will lead the district while the search for a permanent CEO/Superintendent continues.

Dr. King has spent the majority of her career in Chicago Public Schools (CPS), serving as a teacher for 12 years, and earning National Board Certification before pursuing school leadership through New Leaders in 2006-07. For 15 years, from 2007 through 2022, Dr. King served as a CPS principal, first at Dumas Technology Academy, located in Woodlawn, and then at Courtenay Language Arts Center, located in Uptown.

➡️In 2017-18, Dr. King participated in the Cahn Fellows Program, a leadership development program for strong principals, operated in partnership with Teacher’s College at Columbia University. The Chicago Public Education Fund supported Cahn Fellows for 6 years, from 2016-17 to 2021-22, and remains proud of the expansion of these supports.

➡️Dr. King also participated in The Fund’s Professional Learning Communities on multiple occasions, including in 2021-22 and 2022-23. We hope those experiences, both in her role as a school leader and in her expanded capacity and citywide focus, have helped guide her leadership and student-focused decision-making.

We’ve been glad to support Dr. King in her career as a CPS principal, and look forward to partnering with her as she steps into this new role.",,"","","","","","","","","108","96","96","","","","","","","12","","","","","","","","","","","","","","","","","","","","","","","","","","","","","","","","","","","","","","","","","","",""
"12/10/2024 12:23 pm","7272314739727208448","LinkedIn","Post","Video","Heather Y. Anichini"," ","https://linkedin.com/feed/update/urn:li:ugcPost:7272314739727208448","Schools are so much more than individual classrooms. Good principals lead by listening first. They work to understand the diverse needs of their teachers, support staff, community, and — most importantly — students. 

They bring those needs together to ensure the sum is GREATER than its parts. 

That magic? It’s called learning, and it happens in, across, and beyond classrooms over a student’s entire academic career. 

Today, Chicago’s principals partner with their Local School Councils and Instructional Leadership Teams to establish vision, choose curriculum, and support learning. 

In the interest of progress and learning, principals must retain that right to lead.

But don’t take my word for it — here is Gregory Jones, former principal of Kenwood Academy High School, sharing his perspective on contract negotiations.",,"","","","","","","","","106","101","101","","","","","","","5","","","","","","","","","","","","","","","","","","","","","","","","","","","","","","","","","","","","","","","","","","",""
"3/13/2026 1:02 pm","7438283004978032640","LinkedIn","Post","Video","Heather Y. Anichini"," ","https://linkedin.com/feed/update/urn:li:ugcPost:7438283004978032640","This week, Principal Barton Dassinger of César E. Chávez Elementary School in Back of the Yards testified before the Illinois State Board of Education, and the most important part of his message wasn't about attendance itself. It was a direct ask: use the state's accountability system to flag student needs earlier, and resource schools to do the work that his community already does every day.

Under the current proposed framework, a student can be counted as having ""consistent attendance"" even if they miss more than three weeks of school. Barton asked ISBE to consider whether that threshold actually reflects what research tells us — or what educators see. It doesn't. Missing just five days is associated with lower grades and test scores. Students who miss a week of ninth grade are far less likely to graduate. The warning signs appear long before a child becomes “chronically absent.”

Barton isn't asking to rewrite the federal definition of chronic absenteeism. He's asking Illinois to use the flexibility it has to surface those signals sooner — and to back that up with real support for schools.

What does that support look like in practice? At Chávez, it starts every morning. Staff review who's missing and immediately begin reaching out — calls home, walking students to school, helping families solve transportation or childcare problems on the spot. In a community where economic hardship is common and where immigration enforcement has created genuine fear, showing up consistently depends on trust. Families have to believe the school is on their side. When they do, students come.

That's the model Barton is pointing to. Not just a better metric — but the infrastructure and relationships behind it.

Strong accountability systems work when they align what we know drives student success with the resources schools need. Barton's testimony made that case powerfully.|

Grateful for principals like Barton who show up for their communities and who use their voice to strengthen the systems that support schools across Illinois.",,"2,655","2,655","","1,548","","","","3.88%","103","95","95","","","","","","","7","1","","","","","","","","","","1,905","1,905","","","","","","","","","","","","","","","","","","","","","","","","","","","","","32,932.4","",""
"6/7/2024 1:14 pm","7204908572495810561","LinkedIn","Post","Photo","Heather Y. Anichini"," ","https://linkedin.com/feed/update/urn:li:ugcPost:7204908572495810561","I started this first sabbatical week at the place where my career was born: Marquette University. Marquette honed my writing skills, deepened my faith, and extended my vision beyond the neighborhoods of my family and youth. It was also where I faced real challenges and learned what it means to grow through tough times. The people I met there, including Colleen Boraca, Eric Koester, Amy Estlund, PhD, MPH (she/her/hers), and so many others, changed my life and worldview forever.

My timing this weekend wasn’t great for catching up with friends, but it was perfect for visiting old haunts and reflecting. The run along Wisconsin Avenue to the lake looks different than it did all those years ago. It takes me almost as long to go one way as it used to take me to do the round trip, but the magic and majesty of being surrounded by the city and transcending the traffic remain.

As I ran, I thought about the timing of my sabbatical. My oldest is only four short years from stepping onto his own college campus. I thought about how my path — while not linear — is grounded in the values my family of origin offered, and Marquette helped me reshape them in ways that made them my own.

It was at Marquette that I learned to ask tough questions — of myself and others — and to connect the dots with a political lens. (Despite my dad’s concerns, that journalism degree did pay off!) It was there that the Jesuit value of “Women and Men for Others” evolved into the “all work is my work” and “collaboration” values that have been constants in my teams for more than a decade. It was there that I learned that endings were beginnings, too.

The opportunity to be present and reflect in a new but familiar place left me more curious — and less anxious — about this first week away from work than I anticipated. hashtag #RingOutAhoya, I’m excited to see what the next ten weeks have in store!

Side Note: It also left me wondering why I don’t treat long weekends or short vacations like I treated these first few days — truly disconnected from work and fully present in the world. I hid my email and calendar from my home screen, carried my journal instead of my phone, and just showed up — for myself and the people around me. Somehow, I traveled back to those college days (we barely had email, and long-distance calls cost a fortune) and reconnected with that!",,"","","","","","","","","101","88","88","","","","","","","13","","","","","","","","","","","","","","","","","","","","","","","","","","","","","","","","","","","","","","","","","","",""
"5/31/2024 4:52 pm","7202426665677824001","LinkedIn","Post","Photo","Heather Y. Anichini"," ","https://linkedin.com/feed/update/urn:li:share:7202426665677824001","As we close out #MentalHealthAwareness Month, I'm excited to embrace a much-needed sabbatical. After 12 years of dedicated work at The Chicago Public Education Fund, I am taking the next 12 weeks to focus on connection, rest, and fun. 

More on that in a minute, but first #Gratitude.

My time away is only possible because of my incredible Board and team. They are brilliant! I am confident I will return to an even stronger organization than the one I am leaving. If you see Nelson Gerew, Julie Burnett, Mariel Laureano, K. Sujata, or anyone else from my team, please offer support, encouragement, and confidence. #TheyGotThis.

Speaking of their excellence, a little bit of #Business.

I have delegated many responsibilities in preparation for the summer, including the day-to-day management of my social channels. If educators or partners want to share information with my team or the broader community, please contact Cheyane Bligen, MPPA. #PrincipalPrideChi does NOT get the summers off!

Ok. Now for a bit of #Reflection. 

For me, this sabbatical IS a break from work. I think the last time I was unavailable for more than a week was 2008 (my honeymoon), so it does feel like a loss… and a BIG gain. 

It is also a chance to nurture my well-being and realign my priorities. When I started this work, I had two kids under three. I could still run half marathons. Now, I have four kids. I am happy with 5Ks. I need to update my Wellbeing Toolkit for this next chapter, and I plan to focus there as much as I can this summer. 

Most of what I read and hear suggests six domains of mental well-being: connecting socially, managing stress, sleeping well, eating healthy, finding purpose, and moving often.
 
Here are a few things I am thinking about as I head into the weeks ahead:

◾ Purpose: Without work to direct my day, I am excited to reground in my family and community. It will be a gift to show up to the games, swim meets, and theater performances with the right team hat, the perfect snacks, and all the flowers (and without my laptop). One motto I am trying: Presence is Purpose. 

◾ Connection: Without an Outlook calendar and agendas for structure, I plan to relax into time each week with people I respect, admire, and enjoy. I am intentionally going into these conversations with a curious mind and an open heart (and without a time limit). One question I am asking is: What gives you the greatest joy? How do you hold time for it?

◾ Physical health: Without a meeting or a phone call to wake up to take, I am recommitting to my sleep tracker, to #EatingtheRainbow, and my yoga practice. Two small goals: Get lost on a walk without my phone and embarrass myself in driveway basketball with my kids.

As I navigate this journey, I may also share some thoughts here. I hope #LearningoutLoud will help others consider their paths and connect across this network in new ways. 

Here's to accepting breaks when they're offered and prioritizing self-care. See you on the other side!",,"","","","","","","","","101","90","90","","","","","","","11","","","","","","","","","","","","","","","","","","","","","","","","","","","","","","","","","","","","","","","","","","",""
"3/20/2024 6:15 pm","7176355717115781120","LinkedIn","Post","Photo","Heather Y. Anichini"," ","https://linkedin.com/feed/update/urn:li:share:7176355717115781120","One of the reasons I love my day job is that I often find myself listening to and learning from so many of Chicago's best leaders - our principals. The Malott Fellowship is The Chicago Public Education Fund's newest pilot, designed to support and elevate the work of our Priority School Leaders citywide in partnership with The Center for Urban Leadership at UIC and Wise Leadership Consulting. Today, the group met with Bogdana Chkoumbova to talk about the challenges and advantages of the work. It was an honor to be in the room!",,"","","","","","","","","101","97","97","","","","","","","4","","","","","","","","","","","","","","","","","","","","","","","","","","","","","","","","","","","","","","","","","","",""
"8/30/2024 11:00 am","7235298308804534272","LinkedIn","Post","Photo","Heather Y. Anichini"," ","https://linkedin.com/feed/update/urn:li:ugcPost:7235298308804534272","#ReturntoWork is a little anxiety-inducing. Do people still need me? Does anyone even remember me? How do I know? Am I going to be too tired by Thursday to think?

A few years ago, we introduced two tools at The Fund to help ease those feelings and to help the team embrace a returning colleague. 

This week, I experienced first-hand the beauty of: 

🎯 A “Need to Know” summary: This is a document and email that includes the returning team member’s major work streams, with a reminder of where things stood at the start of the leave, an update on their current status and coming deadlines, and key links. It is usually accompanied by an email that summarizes the most pressing items and highlights schedule/calendar items for the first few weeks back.

📅 A “soft return” week: This is an approach to return that intentionally centers the people/connection part of the work and that also aims to position the returning team member in a way that they can add immediate value. This week included a Board committee meeting, some site visits with principals, and several one-on-ones, all structured for reconnecting and dot-connecting (my personal superpower).

In addition, we engage in a “small comforts” approach to the return. This looks like a “Welcome Back” note in your space, flowers on your first day, donuts on Friday, and other small signals of care.

It is always a joy when something you theoretically believe in becomes something you KNOW works because it has a positive impact on YOU.

A huge thanks to everyone at The Fund, our educators, and our partners for the warm welcome back. 

It is an honor to be back with all of you. #MyTeamistheBestTeam #PrincipalPrideChi",,"","","","","","","","","98","84","84","","","","","","","14","","","","","","","","","","","","","","","","","","","","","","","","","","","","","","","","","","","","","","","","","","",""
"11/29/2025 9:17 am","7400553504773431296","LinkedIn","Post","Photo","Heather Y. Anichini"," ","https://linkedin.com/feed/update/urn:li:ugcPost:7400553504773431296","Posting today with deep gratitude for Chicago’s principals and aspiring principals, and for the partners and supporters who stand with them every day. 

Chicago continues to offer real bright spots: ☀️ 

☑️ I’ve written recently about Rodolfo Rojas (Everett) and Nicholas Guerrero (Ravenswood) — leaders guiding schools where young people are learning more than their peers almost anywhere else in Illinois.

☑️ In October, we honored Barton Dassinger (Chávez) and Brian Kelly Ed.D  (King) for game-changing academic growth in the wake of a pandemic.

▶️ Our young people deserve the chance to learn and lead at the highest levels. Achieving that future for all our students, in all of our schools will require sustained, aligned work. ◀️ 

THANK YOU to everyone who showed up this year — for your schools, for your communities, and for each other — in spite of the challenges.

The challenges are real. And they are persistent. 

A rapidly shifting landscape — governance transitions, budget uncertainty, and federal actions — will continue to test Chicago’s public education sector in new ways. 

Some of you have been doing this work for decades; others stepped in to help this year. All of you helped sustain momentum when it mattered most.

If the only way through is through — and the only constant is change — I’m grateful we’re in it together. 🙏 

#PrincipalPrideChi The Chicago Public Education Fund",,"","","","","","","","","92","92","92","","","","","","","0","","","","","","","","","","","","","","","","","","","","","","","","","","","","","","","","","","","","","","","","","","",""
"10/18/2024 4:06 pm","7253149506320441344","LinkedIn","Post","Photo","Heather Y. Anichini"," ","https://linkedin.com/feed/update/urn:li:ugcPost:7253149506320441344","#PrincipalPrideChi is truly my favorite time of year. In Chicago, the average district principal leads a 73-person team, manages a $8.9m budget, and is responsible for 519 students learning and thriving every day. 

They are a FORCE and provide sturdy leadership even (especially) when political noise threatens to interfere with the work of learning. 

Last night, The Fund team honored Principal Maureen Delgado of DeWitt Clinton Elementary School and Assistant Principal Brittany Tidwell-Bailey of Wendell Smith Elementary School and heard stories from Shannae Jackson, Iliana Rzodkiewicz, Strok, Marian, and Bill Yeh.

CEO Pedro Martinez and Chief Bogdana Chkoumbova were present to celebrate the fact that #TheBestAreWithCPS.

A huge thanks to Dr. Chevy Humphrey and the team at Griffin Museum of Science and Industry, to our partners at William Blair, Chicago Bulls, Ingenuity - Chicago, BMO, Chicago Public Schools, CHICAGO PRINCIPALS & ADMINISTRATORS ASSOCIATION, City of Chicago, and to Patricia Mota and our Fund team. 

It was a remarkable night of elevating the stories of the leadership our city and communities deserve. #ThankAPrincipal",,"","","","","","","","","91","85","85","","","","","","","6","","","","","","","","","","","","","","","","","","","","","","","","","","","","","","","","","","","","","","","","","","",""
"12/18/2025 12:53 pm","7407493144629448704","LinkedIn","Post","Video","Heather Y. Anichini"," ","https://linkedin.com/feed/update/urn:li:ugcPost:7407493144629448704","Yesterday, Barry Tyler Jr., our Director of Policy and Public Affairs, testified before the Illinois State Board of Education on the proposed new accountability system.

As Barry emphasized, “Leaders do not improve schools through labels alone. They improve schools through accurate, timely, readily available data.” Educators are most effective when they have usable, timely information directly connected to teaching and learning.

This is evident in practice across Chicago Public Schools. As highlighted through our Growth Award finalists, CPS principals are implementing intentional, data-informed strategies—such as in-depth analysis of student growth and proficiency, student interviews, and innovative instructional approaches—to identify trends early, intervene when students begin to fall off track, and align academic, climate, and enrichment efforts. This approach has helped drive meaningful improvements in attendance, school culture, and student outcomes.

Illinois has an opportunity to continue leading the nation by getting this right—and we’re committed to partnering in this work so that every school leader has the tools necessary to drive growth, and every student receives the quality education they deserve.",,"","","","","","","","","90","87","87","","","","","","","3","","","","","","","","","","","","","","","","","","","","","","","","","","","","","","","","","","","","","","","","","","",""
"10/12/2025 5:15 pm","7383264013746540544","LinkedIn","Post","Photo","Heather Y. Anichini"," ","https://linkedin.com/feed/update/urn:li:share:7383264013746540544","We are proud to announce the 2025 Growth Leader Award, honoring Chicago’s most visionary school leaders. Today, I’m highlighting one of our outstanding finalists: Principal William Hook Ag School of Chicago Agriculture High School.

Principal Hook leads with vision, compassion, and innovation. He ensures his students excel academically while connecting learning to real-world opportunities. 

When data revealed gaps in enrollment and performance among underrepresented students in Advanced Placement (AP) and Dual Credit courses, Principal Hook and his team acted boldly:

 ✅ Introduced AP boot camps
 ✅ Strengthened vertical curriculum alignment
 ✅ Expanded family outreach and college partnerships
 ✅ Supported teacher credentialing to grow access

The results speak volumes:
📈 In 2024–25, the share of students graduating with dual credit increased from 41% to 61%
📈 AP exams increased from 270 in 2021 to 331 in 2025
📈 AP pass rates more than doubled, from 29% to 60%

Beyond the numbers, students report increased confidence, higher GPAs, improved attendance, and greater readiness for life after high school. Chicago’s schools thrive because of leaders like Principal Hook; leaders who turn data into action, equity into opportunity, and vision into lasting impact.

👏 Please join me in celebrating Principal William Hook and his tireless dedication to students, families, and the broader community! 👏",,"","","","","","","","","90","78","78","","","","","","","12","","","","","","","","","","","","","","","","","","","","","","","","","","","","","","","","","","","","","","","","","","",""
"1/7/2025 1:19 pm","7282475975899074562","LinkedIn","Post","Text","Heather Y. Anichini"," ","https://linkedin.com/feed/update/urn:li:share:7282475975899074562","One resolution I know I’m keeping in 2025? Staying informed about the work of the Chicago Board of Education.

After all, next week marks a historic moment for Chicago’s public schools—the largest governance shift since 1995. Twenty-one members, including ten elected last November, will be sworn in to lead the Chicago Board of Education.

With change comes opportunity. I was inspired by the dedication of the candidates who ran for the ten open seats. Many joined forums we co-hosted with Mikva Challenge and CHICAGO PRINCIPALS & ADMINISTRATORS ASSOCIATION, and many engaged directly with school leaders in their districts. Their curiosity and commitment to service set a strong foundation for the work ahead.

Over the next six months, the board will navigate crucial decisions—selecting CPS leadership, negotiating a new teachers' contract, and finalizing the 2025-26 budget. All this will unfold amid broader political, policy, and funding shifts, creating new challenges for educators, students, and families.

As they make these choices, I hope board members stay focused on why they chose to serve the 325,000 young people in CPS classrooms. While the headlines often miss the daily triumphs in our schools, those stories of hope and hard work are very real.

Want to stay informed during this important moment in our shared history? Check out the articles below from Chalkbeat Chicago to learn more about the board and the critical decisions ahead. Or sign up for The Chicago Public Education Fund “Friends of” Newsletter, which provides a news round-up twice a month. See the link below for sign up! 🔽 🔽 🔽",,"","","","","","","","","90","88","88","","","","","","","2","","","","","","","","","","","","","","","","","","","","","","","","","","","","","","","","","","","","","","","","","","",""
"10/16/2025 3:16 pm","7384683565244088320","LinkedIn","Post","Photo","Heather Y. Anichini"," ","https://linkedin.com/feed/update/urn:li:share:7384683565244088320","✨ Today is the day! ✨

This evening, The Chicago Public Education Fund will host our annual Principal Storytelling event—a night dedicated to uplifting the incredible leadership of Chicago’s public school principals.

I am deeply grateful to our talented team, generous sponsors, inspiring speakers, and special guests who make this gathering possible. Most of all, I am thankful for the principals whose stories remind us what is possible for Chicago’s students every single day.

Counting the minutes until we celebrate Chicago’s amazing school leaders together! 💜",,"","","","","","","","","89","85","85","","","","","","","4","","","","","","","","","","","","","","","","","","","","","","","","","","","","","","","","","","","","","","","","","","",""
"10/1/2024 12:45 pm","7246938212063928320","LinkedIn","Post","Photo","Heather Y. Anichini"," ","https://linkedin.com/feed/update/urn:li:share:7246938212063928320","Part of my sabbatical work was adjusting to progressive lenses, and I've noticed people don't recognize me when I wear them. Today marks the start of Principal Appreciation Month, which means I will be out and about to celebrate great leaders citywide (and sporting lots of purple with my new specs!). Whether you see me or not, be sure to #ThankaPrincipal for the work they do every day. It matters for our kids, their families, and our city. Their work changes lives. #PrincipalPrideChi",,"","","","","","","","","89","86","86","","","","","","","3","","","","","","","","","","","","","","","","","","","","","","","","","","","","","","","","","","","","","","","","","","",""
"4/3/2026 11:30 am","7445867109328498688","LinkedIn","Post","Photo","Heather Y. Anichini"," ","https://linkedin.com/feed/update/urn:li:share:7445867109328498688","Finishing up my San Diego itinerary for #ASUGSVSummit, and the question on my mind isn't whether AI can help educators. 

❓I am wondering: how do we make sure it actually does? ❓

The conversation too often stops at policy guardrails or student-facing tools. But principals are losing hours every day to operational work that pulls them away from teachers, instruction, and culture. That's a problem worth solving.
At The Chicago Public Education Fund, that's exactly where we're focused: building AI solutions that give school leaders their time back. Not in theory. In actual hours.

I'll be on a panel on Wednesday, April 15. Moderated by Mahnaz R. Charania, PhD, I’ll be joined by Jason Palmer, Jim O'Neill, Jodi Feikema, PhD, and Megan Mitchell, M.Ed. 

Together, we’ll be exploring whether AI can finally deliver the teaching renaissance it promises. I'm going in with real questions, a few potential answers, and genuine curiosity about the experience of the people in that room.

If you're at #ASUGSVSummit, let's connect. I want to hear what's working in your districts and what you're learning.",,"2,838","2,838","","1,920","","","","3.07%","87","79","79","","","","","","","8","0","","","","","","","","","","","","","","","","","","","","","","","","","","","","","","","","","","","","","","","","","",""
"4/8/2025 11:04 am","7315404227596406786","LinkedIn","Post","Video","Heather Y. Anichini"," ","https://linkedin.com/feed/update/urn:li:ugcPost:7315404227596406786","It's #APWeek25, which means I got over a deep dislike of myself on video to share an even deeper appreciation for the work of Chicago's assistant principals. 

👏 Be sure to thank an AP in your world this week. The work is hard, and a little bit of gratitude goes a long way. 👏 ",,"","","","","","","","","86","86","86","","","","","","","0","","","","","","","","","","","","","","","","","","","","","","","","","","","","","","","","","","","","","","","","","","",""
"10/17/2025 12:19 pm","7385001530782879744","LinkedIn","Post","Photo","Heather Y. Anichini"," ","https://linkedin.com/feed/update/urn:li:ugcPost:7385001530782879744","✨ What an evening! ✨

Last night, we came together for The Fund’s 10th Annual Principal Storytelling event, during our 25th anniversary year. This tradition is one of my favorites because it brings to life what we know to be true: great principals transform schools, and great schools transform lives.

📸 There were too many partners and leaders in the room to count (or tag). We’re sharing a few photos in comments—if you were there, drop us a note and a photo or two! 🔽🔽

As always, I am deeply grateful to our incredible Fund team for creating such a meaningful evening, to our partners and funders for steadfast support, and to our principals for courageously sharing stories rooted in data, driven by student growth, and filled with resilience and innovation. 

Once again, Chicago’s school leaders reminded all of us why our city is such a powerful place to live and to learn.

We celebrated all eight of our Growth Leader Award finalists and honored two outstanding principals who exemplify what’s possible when leadership is driven by a strong vision and equity:

🏆 Principal Barton Dassinger, Chavez Elementary
🏆 Principal Brian Kelly Ed.D, King College Prep High School

Congratulations to you both—and to all of our finalists—for the extraordinary impact you’re making in the lives of Chicago’s students.

💜 Thank you to every partner in this work. Chicago’s school leaders are lighting the way forward, and I’m excited for what we will (conitnue to) accomplish together. #PrincipalPrideChi 💜",,"","","","","","","","","84","78","78","","","","","","","6","","","","","","","","","","","","","","","","","","","","","","","","","","","","","","","","","","","","","","","","","","",""
"9/6/2025 11:23 am","7370129571851124736","LinkedIn","Post","Photo","Heather Y. Anichini"," ","https://linkedin.com/feed/update/urn:li:share:7370129571851124736","Thursday marked a powerful beginning here at The Chicago Public Education Fund. 

We welcomed the newest cohort of the Malott Educator Fellowship, a program launched in 2024 to support principal growth, leadership, and retention through a personalized, cohort-based model.

Together, these leaders will problem solve and innovate around some of Chicago public school’s most pressing challenges, including chronic absenteeism, systemic disinvestment, and high student mobility driven by housing insecurity.

During our kickoff event, Dr. Claudia Ortiz, an alum of the program and principal at Tarkington School of Excellence, shared a powerful message: supporting school leaders means investing in their daily practices, well-being, networks, and long-term satisfaction. 

Under her leadership, Tarkington moved from a ""Targeted Support"" to a ""Commendable"" designation on the Illinois Report Card—a testament to what strong leadership and community can achieve.

We’re incredibly grateful for Dr. Ortiz’s continued partnership and insight.
The kickoff marks more than just the start of a program—it’s a renewed commitment to the power of leadership and the promise of equity. 

We can’t wait to see what this new cohort will accomplish over the next two years through community, partnership, and innovation.",,"","","","","","","","","84","79","79","","","","","","","5","","","","","","","","","","","","","","","","","","","","","","","","","","","","","","","","","","","","","","","","","","",""
"5/16/2025 9:54 am","7329157176541806593","LinkedIn","Post","Photo","Heather Y. Anichini"," ","https://linkedin.com/feed/update/urn:li:ugcPost:7329157176541806593","Still feeling energized from Wednesday night’s Tapestry: Weaving Equity for Arts Education event with Nicole Losurdo Upton and the Ingenuity - Chicago.

👏 Congratulations to our fellow honorees, including Pedro Martinez and Bogdana Chkoumbova, Paul Schissler from Lara Academy, and the team at Guitars Over Guns, and thank you to Emcee Suzanne le Mignot from WBBM | CBS Chicago.

🎉A special shout out to all the principals and APs in the room — the night before budget dropped! It meant a lot to celebrate and see you.
Our team was truly honored to be recognized by the Ingenuity Team and Bogdana for 25 years of partnership with the incredible educators who lead Chicago’s public schools. 

It was a joy to celebrate alongside so many friends, colleagues, and champions of the arts — united by a shared belief: Leadership and the arts are essentials, not extras. 

At The Chicago Public Education Fund, we’re proud to partner with Ingenuity to live that belief in two meaningful ways:

🎨 The inaugural Design Thinking in the Arts Award winner, the educator team at Dyett High School for the Arts, will receive targeted support to bring their bold, community-rooted vision to life in the 2025–26 school year.

🎓 We’re co-developing a new professional learning experience for principals focused on arts leadership — supporting more school leaders in centering the arts as a critical part of student success and our city’s future.
Thank you to Ingenuity for your leadership — and for bringing us all together in celebration and action.

We’ve learned a lot over the past 25 years, but one truth remains: students don’t learn because of policy or politics. They learn — and thrive — when supported by excellent educators, surrounded by principled partners, and supplied with the essentials they deserve.",,"","","","","","","","","83","77","77","","","","","","","6","","","","","","","","","","","","","","","","","","","","","","","","","","","","","","","","","","","","","","","","","","",""
"3/12/2025 12:18 pm","7305638302164860929","LinkedIn","Post","Photo","Heather Y. Anichini"," ","https://linkedin.com/feed/update/urn:li:share:7305638302164860929","Lately, there’s been a lot of discussion around whether the Chicago Board of Education should approve a $175 million payment to reimburse the City for a pension payment to the Municipal Employees’ Annuity and Benefit Fund (MEABF). This will be the topic of two public hearings on the budget this week, March 13 and 14 at 10:30 a.m. at CPS’ Loop offices.

Simply put: CPS’s 2025 budget doesn’t have enough revenue to cover this payment AND meet the costs of a new teacher contract.

Amid the debate, let’s ground ourselves in some key facts about how CPS funds are allocated and what’s at stake if budgets tighten further.

📊 CPS’s $8.4B Operating Budget: Where Does the Money Come From?
58% from local sources ($5.0B, primarily property taxes)
25% from the state ($2.1B)
16% from federal funding ($1.3B, in Title resources, nutrition programs, and other grants)*

*Federal funding is declining.* 

Between FY24 and FY25, CPS lost $337M in federal funds as COVID-19 relief money dried up. The final $233M had to be spent by September 2024. 

And, as I have discussed before, there is talk about federal changes that might put Title I and other federal funding streams at risk.

💰 TLDR; we have about $8.4B, but are losing some revenue due to federal shifts. 

Got it. So, where does the money go right now?

$3.4B supports system-wide costs:
▪️ 56% ($1.9B) covers centrally managed resources like facilities, transportation, clinicians, social workers ($5800/student)
▪️ 37% ($1.3B) goes to teacher pensions and set-asides ($3,000/student).
▪️ 7% ($200M)  funds central administration like finance, IT, and legal etc. ($676/student).

$5B goes directly to schools (~$15,000 per student). Of that, up to 95% covers staff salaries.
▪️ Every school has a principal and at least one assistant principal (~$368K per school on average).
▪️ Schools have at least 10 teachers, with an average of 41 per school (~$5M per school on average).
▪️ Special education support is significant, with an average of 14 Special Education Classroom Assistants per school (~$1M per school on average).

This school year, CPS school communities budgeted about $100M in non-personnel funding (~$500/student), allocated at the discretion of principals and Local School Councils. 

This funding ($200K/school) supports:
✅ After-school programs & tutoring
✅ Athletics & extracurriculars
✅ Community school efforts, which keep buildings open 6 AM - 6 PM

What’s the Bottom Line?? 
🔽 
When schools in Chicago face funding gaps, principals don’t have the luxury of cutting nice-to-haves. They are often forced to cut what others would consider basics: sports teams, tutoring, and afterschool programming. The district has to cut shared supports - including those to students who need it most. 

The teachers who remain inevitably take on more inside their classrooms.

We must ask: As CPS navigates these challenges, how do we ensure that school leaders can provide the resources students and educators deserve?",,"","","","","","","","","83","77","77","","","","","","","6","","","","","","","","","","","","","","","","","","","","","","","","","","","","","","","","","","","","","","","","","","",""
"8/28/2024 4:45 pm","7234677614534090754","LinkedIn","Post","Photo","Heather Y. Anichini"," ","https://linkedin.com/feed/update/urn:li:ugcPost:7234677614534090754","I am returning from my sabbatical just in time for the first week of school! Today, I had the pleasure of visiting Northwest Middle and Gray Elementary, engaging with their principals, and learning about their aspirations for the upcoming year. #BacktoSchool #BacktoWork",,"","","","","","","","","83","81","81","","","","","","","2","","","","","","","","","","","","","","","","","","","","","","","","","","","","","","","","","","","","","","","","","","",""
"6/18/2025 3:10 pm","7341195551280963585","LinkedIn","Post","Text","Heather Y. Anichini"," ","https://linkedin.com/feed/update/urn:li:share:7341195551280963585","In 13 years at The Chicago Public Education Fund, I have helped support nine CPS CEOs, and have learned something from each one. 

📰 The headline: not everything that matters in the moment matters in the long run, and sometimes split-second choices have a very long tail. 

I imagine CEO Pedro Martinez will be remembered for his work in the wake of a once-in-a-century pandemic and through a significant governance change in the nation’s fourth-largest school district. His deep connection to the city -- as a CPS graduate, as a former CPS senior team member, and as a dad -- helped shape his vision and allowed him to connect with educators, students, and families citywide. I wish him well as he moves on to Massachusetts. 

📣I also appreciate the message he has delivered so frequently in his last few weeks: CPS’s strength is in the school leaders, teachers, young people, families, and community members who do the work of teaching, learning, and growing every day.📣

Starting Friday, that work will continue with Dr. Macquline S King, EdD and the CPS leadership team, who will be focused on the FY26 budget and the planning for opening schools in mid-August. I look forward to supporting CPS's next chapter and our city’s more than 600 school communities in the work ahead.",,"","","","","","","","","81","79","79","","","","","","","2","","","","","","","","","","","","","","","","","","","","","","","","","","","","","","","","","","","","","","","","","","",""
"5/1/2026 9:43 am","7455990404354826240","LinkedIn","Post","Photo","Heather Y. Anichini"," ","https://linkedin.com/feed/update/urn:li:ugcPost:7455990404354826240","I just wrapped my time at Pahara Institute at Lone Rock, and I'm leaving with three lessons worth holding onto:

1️⃣ Belief in the potential of every young person in our lives is a powerful why. Staying close to that, especially as leadership pulls us further from classrooms, is key.

2️⃣ People - old friends and new colleagues - are the path to our shared future. The only way through is through, and the best way through is together.

3️⃣ Ease can be found in small moments. Reading, hiking, and listening to music can be healing, mind-opening, and space-creating.

Throughout my career, I've had the opportunity to participate in a few cohort-based fellowships, each with its own strengths. Pahara's reputation for seminar-style learning, deep reading, and gorgeous surroundings proved true from start to finish. 

But the one thing every cohort experience has in common is this: the greatest value-add is always the people. Our cohort was truly diverse in every way, and that created space for me to learn so much.

Thank you to my cohort and the Pahara team for a gift I know will last. 

Thanks, too, to my team and Board at The Chicago Public Education Fund for making the fellowship happen. It would have been impossible without their support.

#Pahara #PaharaFellowship #EducationLeadership #EdLeaders #PublicEducation #LeadershipDevelopment",,"2,291","2,291","","1,423","","","","3.49%","80","76","76","","","","","","","4","0","","","","","","","","","","","","","","","","","","","","","","","","","","","","","","","","","","","","","","","","","",""
"4/16/2024 4:47 pm","7186118141310107649","LinkedIn","Post","Photo","Heather Y. Anichini"," ","https://linkedin.com/feed/update/urn:li:ugcPost:7186118141310107649","At the 2024 ASU+GSV Summit, learning from innovative and courageous women at every turn. What a gift to be still, listen, and grow. As I celebrate 12 years into this role, I am grateful for those gifts and the educators I learn alongside (and from) daily. #ASUGSVSummit #ContinuousLearning",,"","","","","","","","","79","72","72","","","","","","","7","","","","","","","","","","","","","","","","","","","","","","","","","","","","","","","","","","","","","","","","","","",""
"11/10/2025 4:07 pm","7393771387464646656","LinkedIn","Post","Photo","Heather Y. Anichini"," ","https://linkedin.com/feed/update/urn:li:ugcPost:7393771387464646656","My first education job outside the classroom was with Chicago Public Schools, managing the School Improvement Plan effort—then known as SIPAAA.

That role introduced me to hundreds of Chicago principals and assistant principals. It’s where I learned that change is always possible and always hard work; that speeches and rallies can inspire, but real change happens when you roll up your sleeves and do the job. 

It’s also where I came to believe that strong schools thrive when strong leaders have the room to innovate in partnership with their communities. A belief that has driven a whole career.

That’s why it was significant to spend time this weekend with leaders engaged in the 2025 version of SIP, now called the Continuous Improvement Work Plan (CIWP)—a critical tool for school teams working to accelerate learning and belonging across Chicago.

Even as the noise grows louder locally and nationally, these leaders and their teams set aside a Saturday to dig deep, collaborate, and plan for a stronger future for their students.

Huge shoutout to The Chicago Public Education Fund staff members, Mariel Laureano and E.J. Dubinsky, and Leadership + Design team members, Tara Curry-Jahn and Isaiah Noreiga, for time well spent among the city’s best—and to Dr. Jessica Gutowski, who joined us to learn alongside.
#PrincipalPrideChi #LeadershipInAction #PublicEducation",,"","","","","","","","","78","76","76","","","","","","","2","","","","","","","","","","","","","","","","","","","","","","","","","","","","","","","","","","","","","","","","","","",""
"10/4/2024 4:00 pm","7248074642630811650","LinkedIn","Post","Video","Heather Y. Anichini"," ","https://linkedin.com/feed/update/urn:li:ugcPost:7248074642630811650","#PrincipalPrideChi is my favorite time of year! Chicago’s principals are truly unmatched. This month, we celebrate your unwavering dedication, compassion, and profound impact on our schools and communities. Happy Principal Appreciation Month! Be sure to #ThankAPrincipal ",,"","","","","","","","","78","78","78","","","","","","","0","","","","","","","","","","","","","","","","","","","","","","","","","","","","","","","","","","","","","","","","","","",""
"10/31/2025 3:22 pm","7390121130830938112","LinkedIn","Post","Photo","Heather Y. Anichini"," ","https://linkedin.com/feed/update/urn:li:ugcPost:7390121130830938112","Celebrating 25 years of impact!

Two weeks ago, we celebrated The Chicago Public Education Fund's 25th Anniversary Reception, gathering principals, Board members, and Leadership Council members ahead of our Principal Storytelling event — a truly magical evening honoring the educators who make Chicago’s public schools extraordinary.

Three brilliant principals — Nicole Spicer (Bronzeville Classical), Nicholas Guerrero (Ravenswood Elementary), and Barton Dassinger (César Chávez Multicultural Academic Center) shared their powerful stories of leadership, innovation, and community. Their reflections captured what 25 years of partnership and investment have meant for Chicago’s educators, students, and schools.

Their stories helped remind us that while much has changed since our founding, The Fund’s core belief remains constant:

Great schools are everybody’s business.

Since our start, Chicago’s graduation rate has risen from 47% to 84%, fueled by remarkable and resilient communities and scholars, championed by visionary school leaders, and supported by the generous civic and philanthropic partners who continue to stand with them.

We were also proud to close the evening with Kia R. Banks, President of the Chicago Principals and Administrators Association, who lifted up the collective power of school leadership and community partnership and invited us to toast to the next 25 years of impact.

To everyone who joined us: thank you for celebrating this milestone and for believing in the power of strong school leaders. Together, we are making Chicago the best city in America to lead a public school and to learn in one.

#25YearsOfImpact #ChicagoLeads #PublicEducation #SchoolLeadership #TheFund #ChicagoPrincipals #EducationMatters #PrincipalPrideChi",,"","","","","","","","","77","69","69","","","","","","","8","","","","","","","","","","","","","","","","","","","","","","","","","","","","","","","","","","","","","","","","","","",""
"10/28/2025 3:59 pm","7389043263288139776","LinkedIn","Post","Photo","Heather Y. Anichini"," ","https://linkedin.com/feed/update/urn:li:ugcPost:7389043263288139776","✨ What an inspiring evening at the Golden Apple Foundation’s Impact Award celebration last night!

I was so grateful for the opportunity to join the Golden Apple Foundation in honoring 40 years of recruiting, preparing, and mentoring aspiring (and current!) educators through the Golden Apple Scholars and Accelerators Programs.

This year’s Impact Award was presented to Ambassador Rahm Emanuel, former U.S. Ambassador to Japan and Mayor of Chicago. Both Ambassador Emanuel and Dr. Janice K. Jackson, EdD, former CPS CEO, reminded us how critical it is to stay focused on students LEARNING.

This is especially salient as the world grows more complex and demanding, and as the importance of maintaining high expectations/supports for students, ensuring every graduate has a clear postsecondary plan, and using data to drive adult actions grows.

As we prepare to review data from the 2024–25 school year, those lessons resonated loudly.

It was a joy to celebrate with so many inspiring educators, colleagues, and partners. Special thanks to Chicago Board of Education members Jessica Biggs, Therese Boyle, Carlos Rivas, and Ellen Rosenfeld for joining us in the celebration of Golden Apple’s incredible work.

#GoldenAppleAwards #ChicagoEducation #Leadership #ThankATeacher #PublicEducation #PrincipalPrideChi",,"","","","","","","","","74","70","70","","","","","","","4","","","","","","","","","","","","","","","","","","","","","","","","","","","","","","","","","","","","","","","","","","",""
"10/15/2025 7:30 am","7384195478629904385","LinkedIn","Post","Photo","Heather Y. Anichini"," ","https://linkedin.com/feed/update/urn:li:share:7384195478629904385","💜 Our next Growth Leader Award Finalist is Principal Paul J. Karafiol of Lake View High School! 💜

Since officially stepping into the role in 2017, Principal Karafiol has led Lake View through a period of deep reflection and transformation. Early on, he and his team recognized critical challenges:

- College enrollment had stalled at around 65%.
- Only 28% of students took an AP course before graduation, and just 30% passed
- Behavior incidents across the school were at record highs

Principal Karafiol responded by reimagining systems of support and opportunity. He guided his counseling team to redesign college and career readiness pathways, partnered with deans and community organizations to strengthen restorative supports, and expanded access to AP and Dual Credit courses.

The results speak volumes, from 2015 to 2024:
 🎓 College enrollment increased from 68% → 75%
 📘 Early college & career credentials grew from 27% → 49%
 📈 Student growth on national assessments rose from the 23rd to → 48th percentile

At the same time, he prioritized school climate by recruiting staff with expertise in social-emotional supports and ensuring that students regularly engaged with college and career programming. This holistic approach has changed the trajectory for Lake View students and their families.

👏 By growing AP/Dual Credit success, increasing college readiness, and strengthening support systems, Principal Karafiol has redefined opportunity for Lake View students and families. Please join us in celebrating his leadership! 👏",,"","","","","","","","","74","72","72","","","","","","","2","","","","","","","","","","","","","","","","","","","","","","","","","","","","","","","","","","","","","","","","","","",""
"10/28/2024 4:30 pm","7256779351847755776","LinkedIn","Post","Photo","Heather Y. Anichini"," ","https://linkedin.com/feed/update/urn:li:ugcPost:7256779351847755776","“Tell me something GOOD about Chicago Public Schools.” I often hear this on soccer sidelines, at networking events, and in funder meetings. While some people pose it as a challenge, it is a joyful question for me, and I always have an answer.

This week, my answer features the incredible work of Jennifer Clayton MHS CCC-SLP/L at Kershaw Elementary School in the Englewood community. Principal Clayton and her remarkable team serve 225 students in PreK-8 every day.

It is an International Baccalaureate (IB) school, which means students learn a world language (Mandarin and Spanish), solve problems in their local communities, and connect with other students across the globe. When you walk in the door, their trophy case is full of artwork from pen pals who live thousands of miles away.

Kershaw is home to three cluster classrooms with students who have specialized needs, and the school has seen an influx of newcomers. In some places, people perceive these factors as a ""burden"" or ""something to manage.""

Kershaw recognizes every young person as the gift they are. They recite their student pledge every morning, which says: “I am the greatest child in the world simply because I am.” The adults in the building embody this belief through their welcoming, attentive, and supportive interactions with young people.

That belief makes a difference. Kershaw’s students outperform the state average in ELA and Mathematics growth, which means they learn more each year than their peers in other places.

The best part about this answer to the 'what's good' question in Chicago is that Kershaw isn't an individual outlier. At dozens of Chicago schools, adults consistently prioritize the needs of kids and families, making tough work look effortless. 

Doubt it? Come walk a school with me. I promise you’ll be glad you did!",,"","","","","","","","","74","71","71","","","","","","","3","","","","","","","","","","","","","","","","","","","","","","","","","","","","","","","","","","","","","","","","","","",""
"5/21/2024 4:26 pm","7198796226203389952","LinkedIn","Post","Photo","Heather Y. Anichini"," ","https://linkedin.com/feed/update/urn:li:ugcPost:7198796226203389952","Experienced leaders can sometimes get complacent — they stick with what works. Not so in schools — students and communities demand and deserve our best, which takes innovation. Today, I spent time with some of Chicago’s most seasoned and successful #principals. I listened and learned from how they work with their teams to keep reimagining what’s possible. From instruction to student support and tools like AI, Chicago’s #educators are on the cutting edge in serving our school communities. #PrincipalPrideChi",,"","","","","","","","","74","69","69","","","","","","","5","","","","","","","","","","","","","","","","","","","","","","","","","","","","","","","","","","","","","","","","","","",""
"1/14/2026 12:43 pm","7417275154936025088","LinkedIn","Post","Text","Heather Y. Anichini"," ","https://linkedin.com/feed/update/urn:li:share:7417275154936025088","Mariel Laureano has been a partner and leader in The Fund's work for a very long time. As a proud principal, she championed and modeled our belief in strong leadership. As a new Director here at The Fund at the launch of Chicago Leads, she brought valuable perspective from the field, a willingness to challenge long-held beliefs, and the optimism and persistence required to accelerate change. This promotion is well-earned; I am excited to see where she leads us in the next chapter.",,"","","","","","","","","73","64","64","","","","","","","9","","","","","","","","","","","","","","","","","","","","","","","","","","","","","","","","","","","","","","","","","","",""
"10/30/2025 3:19 pm","7389757839130574849","LinkedIn","Post","Photo","Heather Y. Anichini"," ","https://linkedin.com/feed/update/urn:li:ugcPost:7389757839130574849","Last week, I had the privilege of spending five days hiking, reading, reflecting, and engaging at Pahara Institute, alongside 20+ extraordinary leaders in education.

It was an important pause to wrestle with the challenges of this moment — from federal action to cell phones — and to explore the opportunities ahead — from coalition building to AI.

The Chicagoan in me was especially grateful (and proud) when we closed with Gwendolyn Brooks’ classic poem “One Wants a Teller in a Time Like This.” My favorite line:

“One's not a man, one's not a woman grown
 To bear enormous business all alone.”

Shaping the future of public education is indeed “enormous business.” 

None of us can do it alone.

I left the week full of gratitude — for my team at The Chicago Public Education Fund (and at home), for the encouragement of my nominators Angela Cobb, Susan Asiyanbi, Liz Thompson, and for the cohort of brilliant humans I’m learning from and alongside.",,"","","","","","","","","73","70","70","","","","","","","3","","","","","","","","","","","","","","","","","","","","","","","","","","","","","","","","","","","","","","","","","","",""
"10/14/2025 4:22 pm","7383975500450287617","LinkedIn","Post","Photo","Heather Y. Anichini"," ","https://linkedin.com/feed/update/urn:li:share:7383975500450287617","💜 Our next Growth Leader Award Finalist is Principal Brian Kelly Ed.D of King College Prep! 

When Principal Kelly took the helm at King College Prep in 2019, he set out to strengthen graduation outcomes, improve attendance, raise GPAs, and support teacher retention. His leadership has been characterized by a commitment to equity, ensuring that every student has access to rigorous and meaningful learning opportunities.

Recognizing the need for stronger access to grade-level coursework, he worked with his team to redesign the master schedule. Now, all students—including diverse learners and English language learners—are enrolled in classes that prepare them for both short-term and long-term success.

In response to post-pandemic challenges, Principal Kelly spearheaded a revitalization effort to enhance the school’s culture and climate. From launching social-emotional learning homerooms and expanding restorative practices to restructuring Tier II supports and bringing back student-led assemblies, he rebuilt a sense of community and accountability across the school.

The results speak for themselves:
 🎓 22% of students now graduate having earned 15+ college credits
 💰 Scholarship awards skyrocketed from $1.9M → $33M in six years
 📈 9th & 10th graders saw a 20% jump in ELA & Math on Star360 over 2 years

By investing in teacher leadership through learning cycles, data dives, and peer-led professional development, Principal Kelly has transformed King College Prep into a school where data drives equity and collaboration fuels progress.

👏 Principal Brian Kelly balances a strong focus on equity, social-emotional support, and differentiated academic instruction to drive student attainment. Please join me in celebrating his transformative impact and ongoing commitment to students.
",,"","","","","","","","","72","66","66","","","","","","","6","","","","","","","","","","","","","","","","","","","","","","","","","","","","","","","","","","","","","","","","","","",""
"4/2/2026 10:13 am","7445488588886085633","LinkedIn","Post","Photo","Heather Y. Anichini"," ","https://linkedin.com/feed/update/urn:li:ugcPost:7445488588886085633","A Better Chicago’s event on chronic absenteeism earlier this week was exactly the kind of dialogue Chicago needs right now: data-driven, solutions-oriented, and student-centered.

The Fund team and I were proud to be there in support of Elizabeth Swanson and her team. The conversation was expertly moderated by Janice K. Jackson, EdD, and brought together voices that don't always share the same stage:
- Barton Dassinger, principal at Chavez and a long-time Fund partner, who argued convincingly that when schools build strong, student-centered environments, they can make real change;
- Khari Viltz, a senior at George Westinghouse College Prep, who reminded the room what's actually at stake and encouraged us to consider the impact adults have on student experience; and
- Elizabeth Cook from Attendance Works, who surfaced real post-pandemic tensions around attendance and elevated what’s working nationwide.

The throughline was clear: chronic absenteeism isn't just a compliance metric. It's a signal of whether students feel seen, safe, and connected; it affects over 40% of CPS students, spiking during key transitions like Pre-K to Kindergarten and 8th to 9th grade. Addressing it requires all of us to move together.

This is deeply connected to our work at The Fund. Through our Top Principal Working Group, our Malott Fellowship, and upcoming Learning Labs, including one on chronic absenteeism led by Malott Fellow alum Chris Graves, we are working alongside school leaders to build the systems and cultures that bring students back and keep them engaged.
 
As Barton put it on the panel, students who come to school, enjoy school, and feel they belong achieve more quickly and more strongly. Our role is to create the spaces where leaders can learn, share, and act on that truth.

We left energized and inspired to do more.",,"1,535","1,535","","970","","","","4.63%","71","63","63","","","","","","","7","1","","","","","","","","","","","","","","","","","","","","","","","","","","","","","","","","","","","","","","","","","",""
"4/8/2026 11:39 am","7447684650908528642","LinkedIn","Post","Photo","Heather Y. Anichini"," ","https://linkedin.com/feed/update/urn:li:share:7447684650908528642","As we continue to celebrate #APWeek, I am reflecting on a leadership gap we don't talk about enough:

▶️ Most aspiring principals don't practice the full scope of the role until they're already in it.◀️

That means the learning curve kicks in after they take on responsibility for students, staff, and the whole school community.

The Chicago Public Education Fund's Leadership Bridge program exists to change that. We pair APs with mentors through our partners at the University of Illinois Chicago and New Leaders Chicago. They work directly with the AP and their current principals to ensure ownership of principal-level work. Key responsibilities, such as budgeting, entry planning, building a learning culture, and ensuring operational excellence, are planned and practiced before the title change.

Because preparation shouldn't be a luxury. It’s what our school communities deserve.

👏To every AP in Leadership Bridge, and every AP across Chicago carrying this work: Your leadership is already shaping schools. We're proud to stand behind you now, and as you step into what's next.👏",,"2,603","2,603","","1,670","","","","2.69%","70","63","63","","","","","","","7","0","","","","","","","","","","","","","","","","","","","","","","","","","","","","","","","","","","","","","","","","","",""
"3/30/2026 1:19 pm","7444448257054760960","LinkedIn","Post","Text","Heather Y. Anichini"," ","https://linkedin.com/feed/update/urn:li:share:7444448257054760960","Congratulations to Dr. Macquline S King, EdD on her three-year contract as Superintendent/CEO of Chicago Public Schools, approved at today's Board of Education meeting.

Dr. King stepped into the interim role at one of the most consequential moments in the district's recent history. She steadied a district navigating a significant budget deficit, led through real uncertainty at the federal level, and built a strong working relationship with a newly formed 21-member board. She did all of this with students and educators at the center. 

What sets Dr. King apart is her deep knowledge of this city and its schools. She is a CPS graduate. A former CPS teacher. A former principal. That lived experience is not just her bio. It shapes how she leads, how she listens, and is one reason many spoke at the Board meeting today about the ways educators, students, and families will benefit from her steady leadership.

Dr. King has two CPS graduates of her own. She knows what it means to trust this system with the people you love most.

We congratulate Dr. King on her appointment; our team is genuinely energized to keep working alongside her and the full CPS leadership team in the years ahead.",,"2,829","2,829","","1,894","","","","2.47%","70","69","69","","","","","","","1","0","","","","","","","","","","","","","","","","","","","","","","","","","","","","","","","","","","","","","","","","","",""
"1/26/2025 10:41 am","7289321549361201152","LinkedIn","Post","Link","Heather Y. Anichini"," ","https://linkedin.com/feed/update/urn:li:share:7289321549361201152","‼️ Attention school leaders and families seeking more information on Chicago's response to recent federal executive orders ‼️ CPS launched a one-stop site here: https://lnkd.in/g2CAepCU. More on upcoming workshops in the comments. Please share with your networks.","https://www.cps.edu/services-and-supports/new-presidential-administration-guidance","","","","","","","","","70","66","66","","","","","","","4","","","","","","","","","","","","","","","","","","","","","","","","","","","","","","","","","","","","","","","","","","",""
"11/22/2024 10:30 am","7265490306345639936","LinkedIn","Post","Photo","Heather Y. Anichini"," ","https://linkedin.com/feed/update/urn:li:share:7265490306345639936","A few years ago, we launched The Chicago Public Education Fund Alumni Update, a quarterly email designed to keep former team members connected to our mission. In every edition, we share highlights of our work, opportunities to champion school leadership, and stories of the incredible contributions our alumni are making in Chicago and beyond.

This quarter, we’re thrilled to feature Bridget Lee, a trailblazing alum who recently founded the Academy for Local Leadership (ALL Chicago), housed at National Louis University. 

ALL Chicago empowers aspiring school board members by providing education and training in student-centered governance. Bridget’s vision comes at the perfect time—as Chicago transitions from a mayorally appointed school board to an elected board for the first time in its history.

Starting in January 2024, Bridget launched ALL Chicago with excellence and speed, recruiting the first cohort of Fellows and preparing them to lead purposefully. 

Her leadership is already making an impact: Carlos Rivas Jr., a member of the inaugural cohort, was elected to the Chicago Board of Education's District 3 seat, representing Logan Square, Humboldt Park, and Hermosa.

“I’m so proud of Carlos for his historic win,” Bridget shared earlier this month. “I’m excited to support him in this new role, especially in amplifying the voices of students, families, and community members in board decisions.”

We’re honored to support Bridget’s work in small ways, including through presentations by our own Nelson Gerew to the ALL Chicago Fellows. 

As Bridget continues to expand the program, foster community connections, and advocate for student-focused leadership, we look forward to seeing her efforts drive meaningful change in education governance across Chicago.

Bridget’s work is a testament to what’s possible when visionary leaders are given the tools to succeed. I can’t wait to see what’s next for ALL Chicago and the students, families, and communities Bridget and her team serve.",,"","","","","","","","","68","62","62","","","","","","","6","","","","","","","","","","","","","","","","","","","","","","","","","","","","","","","","","","","","","","","","","","",""
"5/17/2024 5:03 pm","7197356148604231680","LinkedIn","Post","Photo","Heather Y. Anichini"," ","https://linkedin.com/feed/update/urn:li:ugcPost:7197356148604231680","Thank you, Anajah Philogene (Roberts) and Teach For America Greater Chicago-Northwest Indiana, for a wonderful evening celebrating with friends and colleagues. Congratulations to longtime Fund partner Barton Dassinger, who received the Zell Family Alumni of the Year Award for outstanding school leadership! ",,"","","","","","","","","68","63","63","","","","","","","5","","","","","","","","","","","","","","","","","","","","","","","","","","","","","","","","","","","","","","","","","","",""
"2/9/2026 10:29 am","7426663651249520640","LinkedIn","Post","Photo","Heather Y. Anichini"," ","https://linkedin.com/feed/update/urn:li:ugcPost:7426663651249520640","Last week, I visited Hughes Elementary with colleagues from @The Chicago Public Education Fund, Cheyane Bligen, MPPA, and Brooke Rayford—and left energized by what happens when strong leadership meets a relentless focus on improvement.

Principal Dr. Larue M. Fitch and AP Hadiya I. Turner, M.Ed. arrived just over a year ago with a bold vision for the school and its scholars. They immediately got to work building trust, expanding joy, and making disciplined choices about where to invest time and resources.

And the results are real:
 📈 Enrollment is up — now 220 students, a 29% increase
 🎒 Students are more engaged — behavioral infractions have declined as extracurricular opportunities expanded
 📚 Student learning is improving — ELA proficiency rose from 0.8% to 14%

Walking through the building, the intentionality is unmistakable. Their distributive leadership model is literally on the walls and alive in daily practice. The team is strengthening STEAM programming, advancing toward dual-language instruction, and anchoring every decision in what students need most.

Hughes shows what’s possible when leaders pair high expectations with deep care for students and staff. We saw a healthy culture, a strong focus on student agency, and adults fully engaged in supporting learning.

Thank you to the Hughes team for welcoming us and for the work you do every day on behalf of Chicago’s students. We’re proud to learn from—and stand alongside—leaders driving meaningful, lasting change in our schools.",,"2,480","2,480","","1,220","","","","2.7%","67","66","66","","","","","","","1","0","","","","","","","","","","","","","","","","","","","","","","","","","","","","","","","","","","","","","","","","","",""
"3/10/2025 10:00 am","7304839257163014144","LinkedIn","Post","Photo","Heather Y. Anichini"," ","https://linkedin.com/feed/update/urn:li:ugcPost:7304839257163014144","Last week, I had the pleasure of working with Myetie Hamilton, Daniel Cervantes, and the team Leadership Greater Chicago to moderate a fireside chat with CPS CEO Pedro Martinez.

Two things I took away from the discussion:

1️⃣ Courageous leadership starts with knowing your values and is facilitated by deep connections to the people you serve. Cultivating self-awareness and authentic connection before a challenge arises is worth it!

2️⃣ Public service - in the school system, the city, the state - isn't ""easy"" or ""simple"" no matter what commentators or news cycles might suggest. Leadership is working to understand the complexities, surfacing different points of view, and seeking resolution with (not for) the people the system aims to serve.

Grateful to be in rooms like this one and to have the opportunity to keep listening and learning.

Special thanks to Principal Morales and the Clemente team for welcoming the group and encouraging such a rich experience for the LGC class.",,"","","","","","","","","67","60","60","","","","","","","7","","","","","","","","","","","","","","","","","","","","","","","","","","","","","","","","","","","","","","","","","","",""
"4/17/2026 7:30 am","7450770946329673728","LinkedIn","Post","Photo","Heather Y. Anichini"," ","https://linkedin.com/feed/update/urn:li:ugcPost:7450770946329673728","Winding down this week back in Chicago, I'm reflecting on another insightful trip to ASU+GSV Summit. My head is full of new ideas gathered in sessions, over coffee, and on walks along the ocean. My heart is full from provocative conversations with old friends, so many of whom share my passion for schools that empower young people to pursue their potential.

It was a joy to see so many Chicago civic leaders and educators. Past and present. Across roles and perspectives. Showing up to learn, to connect, and to represent what is strong and possible in our schools nationwide. 

We raise, support, champion, and catapult remarkable leaders in this city, and it is hard not to feel proud of their brilliance, no matter how often I see it on display.

I had the privilege of joining a panel moderated by Mahnaz R. Charania, PhD, alongside Jason Palmer, Jim O'Neill, Jodi Feikema, PhD, and Megan Mitchell, M.Ed.

We wrestled with a real tension: the need to use every tool available to improve students' learning experience — and the desire to meet everyone (students, teachers, and school leaders) where they are.

The only real way to live in that tension is to fully commit to continuous improvement and relational trust. To see every interaction as a chance to try something better, together.

The curiosity and stamina required to do that for the 400+ students and teachers a principal works with each day is one of the reasons I so deeply admire Chicago's school leaders. They lean into change with optimism and commitment every day.

Change may be the only constant. Strong leaders who help their communities navigate, adapt, and thrive in the face of change matter now more than ever.

If AI is going to make a difference in Chicago and beyond, it has to work within the real constraints school leaders face. We need clear guidance, strong implementation, and a focus on clearing the operational work that pulls educators away from instruction and culture. 

Access is a start. What we're really after is acceleration. And that takes intentional design and authentic leadership.

Heading into this Friday, grateful. For the ideas, for the people, and for the reminder that even in a complex moment, there is real energy and commitment to getting this right for the young people we all serve.

#ChicagoSchools #EducationLeadership #ASUGSV #AIinEducation #SchoolLeaders #AI ",,"2,028","2,028","","1,397","","","","3.25%","66","62","62","","","","","","","4","0","","","","","","","","","","","","","","","","","","","","","","","","","","","","","","","","","","","","","","","","","",""
"5/23/2025 10:29 am","7331702852165234688","LinkedIn","Post","Text","Heather Y. Anichini"," ","https://linkedin.com/feed/update/urn:li:share:7331702852165234688","What happens to schools if CPS has to cut their budgets beyond current levels?

Yesterday, I shared how a deficit greater than $229M could lead to reductions in school budgets. Today, I want to show what that could mean for individual schools.

In general, cuts would impact foundational staffing and discretionary spending levels, which will mean less academic, social, and emotional support for students citywide.

🔍 First, a reminder:
Current school budgets are flat compared to last year — but they assume CPS will secure $300M in new revenue. If that revenue doesn’t come through, the deficit could swell to $529M and could go higher still. That would mean almost all school communities would face real cuts.

📉 What could that look like?
Foundational Staffing: A typical large preK-8 school in Chicago has 1,000 students and 47 teacher positions. That’s one core teacher for every 26 students (39 teachers) and one holistic teacher for every five core teachers (8 teachers). A seemingly modest reduction in the core student-teacher ratio — say, from 26:1 to 27:1 — would mean cutting two core teachers and one holistic teacher. This could have a material and negative impact on student experience and could limit learning opportunities.

Flexible Funding: A typical small preK-8 school has about 300 students and receives around $200K in flexible funds. That’s enough to cover an additional teacher position and additional after-school programming, and allow for teachers to meet and plan outside of regular hours. A reduction by one-third — to $134K — is barely enough to cover that teacher position, and it would mean no planning time or after-school supports. A two-thirds reduction? It’s not enough to cover almost any staff position.

📊 This would play out in every school, adding up to:
$529M deficit = 1,500+ potential teacher layoffs
$700M deficit = 2,500+ potential teacher layoffs

The CPS budget is complex, from MEABF to TIFs to funding formulas, but the impact on kids is clear. We need to work now to make sure principals and LSCs aren’t forced to eliminate essential instructional and experiential supports for their students.

Let’s be honest about the impact of additional budget cuts, and just as clear about what’s at stake.",,"","","","","","","","","65","53","53","","","","","","","12","","","","","","","","","","","","","","","","","","","","","","","","","","","","","","","","","","","","","","","","","","","CPS Budget 2025"
"3/4/2025 10:05 am","7302720802162884609","LinkedIn","Post","Text","Heather Y. Anichini"," ","https://linkedin.com/feed/update/urn:li:share:7302720802162884609","A few weeks ago, I wrote about Title I, one of the federal education programs reduced to sound bites in the media right now. 

Let’s take a step back.

In 1965, our country made a national commitment: A child’s zip code should not determine their destiny. Title I was created to ensure that talent and potential—no matter where they exist—are met with opportunity. 

Here’s the reality: Even in strong schools, students from communities with less inherited wealth face additional hurdles. If we truly believe in competition, innovation, and American excellence, we can’t afford to overlook that.

Look at George Westinghouse College Prep in Chicago’s East Garfield Park. It’s a high-performing, selective-enrollment high school with 80% of students taking advanced coursework—compared to about 25% statewide. 

That stat alone is impressive. But here’s what might surprise you: 73% of Westinghouse students come from low-income backgrounds, according to the state’s report card.

That percentage qualifies the school for about $3,000 per student in federal funds—resources that allow students at Westinghouse to access the same tools their suburban peers often take for granted. With that investment, the school can provide:
📌 Technology & instructional resources—ensuring students work with the digital tools required to compete in today’s economy.
📌 Daily access to iPads, Chromebooks, and charging carts— a necessity for interactive learning.
📌 STEM & career partnerships—connecting students to fields like healthcare, architecture, and engineering, preparing them for high-value careers.
Without this funding, experiences that fuel innovation and upward mobility—like advanced coursework and hands-on technology—would be out of reach. 

That’s not just unfair; it’s shortsighted.

The next time you hear someone question federal education funding, ask them this: Is $3,000 per student at Westinghouse wasteful? Or is it an investment in the skilled, competitive workforce we all need for the future?

When we invest wisely in education, we’re not just supporting students—we’re securing a future where we can all thrive.
",,"","","","","","","","","64","63","63","","","","","","","1","","","","","","","","","","","","","","","","","","","","","","","","","","","","","","","","","","","","","","","","","","",""
"3/6/2026 11:55 am","7435744784901758976","LinkedIn","Post","Photo","Heather Y. Anichini"," ","https://linkedin.com/feed/update/urn:li:ugcPost:7435744784901758976","This week, The Chicago Public Education Fund team and I were honored to welcome Chicago Board of Education members Jessica Biggs, Michilla Johnson Blaise, Therese Boyle, and Dr. Che Rhymefest Smith to our annual Leadership Council Lunch.

Our very own Brooke Rayford facilitated a thoughtful conversation on student-centered board decision-making. Together, we reflected on lessons from the first 14 months of Chicago’s hybrid board and on the opportunities ahead to strengthen governance in the service of students.

One of the highlights was hearing each board member lift up the work of principals, teachers, and students in their districts. There were TOO MANY principal shout-outs to list here! 

Those stories were a powerful reminder that deep connections to school communities can produce better policy. We heard concrete ideas that could make our shared work easier and more meaningful.

We were also honored to welcome Principal Charlene Reynolds, M.Ed. of Dewey School of Excellence. Her reflections on what it takes to genuinely support students and educators grounded the conversation in the day-to-day work of our schools.

Moments like this remind me how important it is to create spaces where leaders from across Chicago’s education ecosystem can come together, listen to one another, and stay focused on what matters most—our students.

Grateful to our guests and our Leadership Council for the candid conversation and shared commitment to Chicago’s public schools.

(You can learn more about our Leadership Council in the comments.)",,"2,036","2,036","","1,135","","","","3.09%","63","61","61","","","","","","","2","0","","","","","","","","","","","","","","","","","","","","","","","","","","","","","","","","","","","","","","","","","",""
"4/7/2026 7:00 am","7447248020007464960","LinkedIn","Post","Video","Heather Y. Anichini"," ","https://linkedin.com/feed/update/urn:li:ugcPost:7447248020007464960","Every day, Assistant Principals step into the gaps others don't see. They coach teachers, solve problems before anyone knows they exist, support students through crisis and celebration, and keep schools running. Their work is steady, essential, and rarely gets the spotlight it deserves.

This week is #APWeek, and we're changing that.

To the assistant principals leading schools across Chicago: you hold it all together. Your work matters. Your leadership matters. And we see you.

If you know an outstanding AP, there's still time to nominate them for recognition at https://lnkd.in/gGYSa2aA. Let's make sure their story gets told.

APs, thank you for everything you do. 💙",,"1,826","1,826","","1,265","","","","3.4%","62","62","62","","","","","","","0","0","","","","","","","","","","812","812","","","","","","","","","","","","","","","","","","","","","","","","","","","","","9,829.63","",""
"10/13/2025 8:10 am","7383489229273747456","LinkedIn","Post","Photo","Heather Y. Anichini"," ","https://linkedin.com/feed/update/urn:li:share:7383489229273747456","💜 Our next Growth Leader Award Finalist is Principal Yalil Nieves of Mary Gage Peterson Elementary School! 💜

For more than eight years, Principal Yalil Nieves has led with empathy, integrity, and an unwavering commitment to professional growth. She balances thoughtfulness with decisive action, ensuring every step aligns with Peterson’s mission and values.

To advance equity, elevate student voice, and target support where it’s needed most, Principal Nieves and her team launched five-week data cycles that enable teachers to identify students for targeted instruction, collaboratively monitor progress, and adjust their approach in real-time. 

The results have been extraordinary:
 📚 Classrooms meeting reading proficiency goals grew from 27% in September 2024 to 75% by June 2025
 📊 Math classrooms meeting targets rose from 75% to 82% in the same period
 🚀 Summative results moved, too: State proficiency rates surged from 2022–2024: Reading 17% → 37.8% | Math 11.9% → 24.1% | Science 43% → 50.5%

Peterson also earned an Exemplary designation from the State of Illinois for both academic growth and school climate. 

The impact reaches far beyond test scores as Peterson’s 5Essentials Ambitious Instruction rating jumped from Neutral (2023) to Strong (2024). 

Principal Nieves also partnered with her Student Voice Committees and launched a student-led Attendance Team. Through restorative justice training, weekly community circles, and dedicated SEL blocks, she has guided Peterson’s shift from punitive discipline to restorative practices—strengthening both student well-being and engagement. 

Those efforts helped Peterson achieve a 92.2% attendance rate in 2024, surpassing both district and state averages.🔥🔥 This means more young people are in school AND are learning more every day.🔥🔥

Chicago’s schools thrive because of leaders like Principal Yalil Nieves; leaders who ground their work in data, equity, and student voice to deliver lasting growth. 

👏Please join me in celebrating her extraordinary leadership and impact! 👏",,"","","","","","","","","62","58","58","","","","","","","4","","","","","","","","","","","","","","","","","","","","","","","","","","","","","","","","","","","","","","","","","","",""
"7/25/2025 2:45 pm","7354597566006652928","LinkedIn","Post","Text","Heather Y. Anichini"," ","https://linkedin.com/feed/update/urn:li:share:7354597566006652928","📣 At yesterday’s Chicago Board of Education meeting, Interim CEO Dr. Macquline S King, EdD reinforced what Chicago Public Schools (CPS) heard loud and clear from families, educators, and community members during 5 recent budget conversations. She highlighted the public’s support for:

✅ identifying new revenue sources in partnership with the city of Chicago and the state of Illinois: 77% of small group conversations talked about the need for more revenue, and 71% cited a need to engage with policymakers.

✅ distributing resources more equitably: inequity in CPS was a topic of conversation in 60% of small groups.

✅ centering community voices in decision-making: 60% of groups agreed that the district needs to continue engaging the community.

During the meeting, Chief Budget Officer Mike Sitkowski also gave a detailed report outlining additional feedback learned during the conversations. He emphasized that the community opposes:

🚫 Cutting school budgets or vital student supports: in two-thirds of all conversations, participants stated that they opposed any cuts at the school level. 

🚫 Reimbursing the city for MEABF: whenever the topic was brought up, participants stated that CPS should not make this payment.

🚫 Taking on new loans: in 77% of conversations around borrowing, participants opposed loans to meet operating expenses.

Of course, we know the solutions aren’t simple. And, with the budget release date set for August 13, the timeline is tight. But this feedback offers important pause points as decisions are made.

💬 One thing is certain: school communities expect to be part of the process. And their voices are important in guiding the path forward. ",,"","","","","","","","","62","62","62","","","","","","","0","","","","","","","","","","","","","","","","","","","","","","","","","","","","","","","","","","","","","","","","","","","CPS Budget 2025"
"3/26/2026 12:55 pm","7442992703589773314","LinkedIn","Post","Photo","Heather Y. Anichini"," ","https://linkedin.com/feed/update/urn:li:ugcPost:7442992703589773314","Over the past few weeks, my team and I have had the joy of visiting schools across Chicago to personally deliver framed copies of The Fund’s mid-year program summary to the leaders we featured.

There’s something special about being able to say thank you in person. It means a lot to step into these school communities and see the leadership, care, and intentionality that the report only begins to capture.

☑️ At Ravenswood Elementary, Principal Nicholas Guerrero is showing what’s possible when leadership is grounded in purpose and community. Since 2020, he’s built a culture that centers every student—resulting in a 79% ELA proficiency rate, nearly 30 points above the average of schools in his Network. His commitment to sharing what works with others across the city is exactly the kind of leadership our system needs.

☑️ At Madero Middle School, Principal Hamed Flores reminds us that no one runs a school alone. His focus on distributive leadership and authentic family partnership led to a 16-point increase in the school’s 5Essentials Involved Families score in just one year. It’s a powerful example of what happens when leadership is shared and trust is built.

☑️ At Wendell Phillips Academy, Principal Rashad Talley, Ed.S. continues to invest in his own growth as a Malott Fellow—creating space to reflect, collaborate, and strengthen his practice in service of students. He leverages 5Essentials and Cultivate survey data to deepen his team's understanding of the student experience and strengthen schoolwide practice.

☑️ And at James Shields Elementary, Assistant Principal José Luis Alvarado is showing what’s possible when a leader brings focus, data, and heart to one of a school’s toughest challenges. In just one year, he helped reduce chronic absenteeism from 46% to 28.2%, reflecting strong systems, deep collaboration, and a clear commitment to students. Now, through our Leadership Bridge program, he’s continuing to grow his team and prepare for the next step in his leadership journey.

Moments like these, walking the halls, connecting with leaders, and seeing the impact up close, are a powerful reminder of why this work matters.

To these leaders, and so many others across Chicago: thank you for what you do every day for students, families, and communities. We’re proud to be your partner in this work.",,"1,494","1,494","","865","","","","4.08%","61","60","60","","","","","","","1","0","","","","","","","","","","","","","","","","","","","","","","","","","","","","","","","","","","","","","","","","","",""
"3/8/2025 10:17 am","7304173412816498688","LinkedIn","Post","Photo","Heather Y. Anichini"," ","https://linkedin.com/feed/update/urn:li:ugcPost:7304173412816498688","Managing time is a balancing act for all leaders. For principals and assistant principals, the choices they make about the hours in and outside of school shape the future of education.

This morning, we welcomed dozens (!) of Chicago’s principals and assistant principals into our space at The Chicago Public Education Fund. 

They showed up with purpose, ready to reclaim their time and invest in their leadership.

Guided by the brilliant Nicole Spicer, principal of Bronzeville Classical, these leaders are diving into strategies that will help them define and elevate excellence, foster connection, and prioritize well-being—not just for their school communities, but for themselves.

The dedication of our school leaders constantly inspires me. Their willingness to learn, grow, and support one another—even on a weekend—is a testament to their commitment to Chicago’s students.

#PrincipalPrideChi #Education #TimeWellSpent",,"","","","","","","","","59","57","57","","","","","","","2","","","","","","","","","","","","","","","","","","","","","","","","","","","","","","","","","","","","","","","","","","",""
"10/10/2024 5:22 pm","7250269375390199810","LinkedIn","Post","Text","Heather Y. Anichini"," ","https://linkedin.com/feed/update/urn:li:share:7250269375390199810","October 10th is World Mental Health Day, and this year’s theme is Mental Health at Work. 

In the modern world, work is more of a state of being than a place. It can happen in an office, at your dining room table, on a phone, or in transit. In that context, a sizable majority of our waking hours are ""at work.""

For me, work is often the state I seek when I want to relieve stress. It is where I feel productively challenged, connected to my purpose, and in community, even across lines of difference. 

As a college student and young professional, if I felt confused about the social context or uncertain about a relationship, my default was to say that I had work to do and bury myself in a stack of books or edits. I often covered up social anxiety with academic ambition and buried hurt feelings with hard work.

As a young mom, if I was bored with the toddler games, I dug in on a project instead of figuring out a different way to connect. Lack of control or interest in one area materialized as a pursuit of complete competence in another. 

The rewards and celebrations often praised the workaholic pattern, which felt good.

In later years, work was more frequently a source of stress and burnout rather than solace. However, the long-term lack of full attention to other areas of my life left me feeling like work was the only thing I could do well.

It took me a lot of years (and therapy bills) to learn that I was using work to avoid more uncomfortable feelings of failure, uncertainty, and disconnection. I needed to do the work to find my purpose outside of the scope of The Fund's work. For me, that was and is still- hard work. 

It took me a long time to realize that what I like to do at work—dream, build, do—could translate to what I like to do as a mom. It took me a lot of trial and error to negotiate those dreams, creations, and actions around the evolving needs of four growing kids. When I get it right, I feel the same sense of accomplishment when I complete a strong funder ask or launch a new program.

It took me a lot of quiet and sometimes doing nothing to remember what I liked to read and how I liked to write. It took me even longer to find people who would hold me accountable for doing those things regularly. Now, when I read something I love or write something I don’t hate, it feels important to share it, almost as a promise to my future self.

It took scheduling meditation, therapy, church, and workouts and holding those times on my calendar in the same way I hold check-ins and financial reviews. Now, they are a part of my routine and serve as a buffer against the stressors that are inevitable in the world in which we live.
 
On this important day, I encourage you to consider where you feel healthiest and where you might need to pay more attention. It has certainly helped me.",,"","","","","","","","","58","50","50","","","","","","","8","","","","","","","","","","","","","","","","","","","","","","","","","","","","","","","","","","","","","","","","","","",""
"9/9/2025 10:59 am","7371210540465135616","LinkedIn","Post","Photo","Heather Y. Anichini"," ","https://linkedin.com/feed/update/urn:li:ugcPost:7371210540465135616","Started my morning with Mellody Hobson at UChicago, listening to her reflect on a principal who shaped her life. That school leader set high expectations and invested time in her growth — leaving a lasting imprint on her view of excellence.

At The Chicago Public Education Fund, we see that same influence every day. Principals across Chicago are setting the bar high and pouring into their students, shaping the next generation of city, national, and global leaders.

I’m grateful for the educators who invest in young people’s potential — and for the inspiration that stories like Mellody’s provide to start the day with purpose.",,"","","","","","","","","55","54","54","","","","","","","1","","","","","","","","","","","","","","","","","","","","","","","","","","","","","","","","","","","","","","","","","","",""
"3/20/2025 3:29 pm","7308585604995289090","LinkedIn","Post","Photo","Heather Y. Anichini"," ","https://linkedin.com/feed/update/urn:li:ugcPost:7308585604995289090","Wonderful to see the incredible work of Principal Virag Nanavati and his team at Farragut honored during the Chicago Public Schools Board meeting today. 

Lots of appreciation for the work of partners like Enlace Chicago and Hope Chicago in the postsecondary progress made by young people at the school. 

#PrincipalPrideChi #GoAdmirals",,"","","","","","","","","55","48","48","","","","","","","7","","","","","","","","","","","","","","","","","","","","","","","","","","","","","","","","","","","","","","","","","","",""
"6/9/2025 10:00 am","7337832648834260992","LinkedIn","Post","Link","Heather Y. Anichini"," ","https://linkedin.com/feed/update/urn:li:share:7337832648834260992","Last week, it was reported that the Chicago Board of Education had identified three finalists for the interim CEO role:

 🔹 Dr. Alfonso Carmona, Ed.D 
 🔹 Dr. Macquline S King, EdD 
 🔹 Chief Nicole Milberg
According to a recent Fund poll, Chicagoans want a leader who knows our students, understands the system, and can deliver results. We’re encouraged to see a focus on those qualities reflected in the finalists.

Each brings CPS principal experience, a commitment to student outcomes, and experience leading through complex staffing and budget challenges in various contexts and at some scale.

Of course, the job ahead is big. 

Over the coming months, the interim CEO will need to:
 💰 Finalize and pass the district budget
 🤝 Partner with principals and central teams to ensure a smooth school opening
 📅 Launch the 2025–26 school year with clear expectations and balanced supports for students and families

Whoever is selected, The Fund is ready to partner in support of Chicago’s students, educators, and school communities.

To start, we rolled out program options for 2025–26 to principals and aspiring principals last week. Learn more here: https://lnkd.in/g9rySmPJ","https://chicagopublicfund.qualtrics.com/jfe/form/SV_5sSWEU1U7RqU6yy","","","","","","","","","54","54","54","","","","","","","0","","","","","","","","","","","","","","","","","","","","","","","","","","","","","","","","","","","","","","","","","","",""
"5/9/2025 12:00 pm","7326632056698851330","LinkedIn","Post","Text","Heather Y. Anichini"," ","https://linkedin.com/feed/update/urn:li:share:7326632056698851330","Chicago’s school leaders are facing real challenges — and showing real resolve.

As I’ve shared, Chicago Public Schools (CPS) is confronting its first significant budget deficit since 2017. 

For over 60% of CPS principals, this will be their first time managing through such a deficit, and they’re doing so amid major leadership transitions at the district level.

This week, I spent time with more than two dozen principals and program partners. Here’s what I heard:

🔹 The deficit is real, and leaders are already planning.
They’re thinking hard about protecting the student experience in the face of financial constraints and political uncertainty.

🔹 Information and time make better decisions possible.
Principals want timely, transparent data on the district’s budget process, and enough time to engage their teams and communities in thoughtful planning.

🔹 Flexibility at the school level is essential.
As deficits grow, so must local decision-making authority. Leaders and Local School Councils (LSCs) need the room to make the right trade-offs for their students.

The Fund is committed to working closely with other key stakeholders to ensure school leaders and LSCs have the support they need, now and in the months ahead.

Let’s keep listening. Let’s stay flexible. Our leaders— and the students they serve— are counting on it.",,"","","","","","","","","54","50","50","","","","","","","4","","","","","","","","","","","","","","","","","","","","","","","","","","","","","","","","","","","","","","","","","","","CPS Budget 2025"
"10/27/2025 4:47 pm","7388692951436226561","LinkedIn","Post","Photo","Heather Y. Anichini"," ","https://linkedin.com/feed/update/urn:li:ugcPost:7388692951436226561","💙 Celebrating Principal Erin Roche and Prescott Elementary! 💙

As we continue to celebrate Principal Appreciation Month, I’m especially proud to congratulate Dr. Erin Roche and the entire Prescott Elementary community on being named a 2025 Governor’s Blue Ribbon School. Prescott is just one of just 28 schools in Illinois this year recognized for excellence in teaching, learning, and student outcomes.

Erin’s leadership stands out not just for his vision, but for his commitment to making data work for kids. In 2012, the school was in the 32nd percentile in reading and the 50th percentile in math; under his leadership, the school rose to the 95th percentile in both areas.

Erin’s success can partially be attributed to his focus on operationalizing grading for equity and data-driven instructional improvements. At Prescott, data doesn’t sit in a spreadsheet — it drives collaboration, inform teacher teams, guides interventions, and keeps the focus on every child’s growth.

Beyond Prescott, Erin also serves as a Professional Learning Community (PLC) Lead with The Chicago Public Education Fund, where he mentors other principals to use data, reflection, and instructional leadership to improve their schools. His influence reaches beyond his own building.

Congratulations, Erin — and congratulations to the entire Prescott community! Your recognition is so deeply deserved and a powerful reminder, this month and every month, of the incredible impact principals have on students, staff, and learning outcomes across Chicago.
#Thankaprincipal #PrincipalPrideChi",,"","","","","","","","","53","50","50","","","","","","","3","","","","","","","","","","","","","","","","","","","","","","","","","","","","","","","","","","","","","","","","","","",""
"10/16/2024 9:30 am","7252324923090616320","LinkedIn","Post","Photo","Heather Y. Anichini"," ","https://linkedin.com/feed/update/urn:li:ugcPost:7252324923090616320","Working in Chicago has many gifts; not least is the opportunity to live and learn among legends.

👏 From Anna Valencia's Women at the Forefront to Sylvia Puente's Latinos on the Move to Andrea Zopp's Chicago Newsroom 2.0, the last week has been a masterclass in the leadership our city, country, and world deserve. 👏 

Each of these remarkable humans approaches her work with radical love for the city and its people, high expectations for herself and others, and abundant joy. 

Andy, Sylvia, and Anna model the conscious work of humbly recognizing the shoulders of the giants upon which they stand, boldly claiming the opportunities they earn, and graciously holding the door for those following in their footsteps. #Chicago #WomenSupportingWomen #LivingLegends
",,"","","","","","","","","53","50","50","","","","","","","3","","","","","","","","","","","","","","","","","","","","","","","","","","","","","","","","","","","","","","","","","","",""
"9/28/2024 1:29 pm","7245862116337823744","LinkedIn","Post","Photo","Heather Y. Anichini"," ","https://linkedin.com/feed/update/urn:li:ugcPost:7245862116337823744","It was a joy to be in the room when Andrea Sáenz accepted the Spirit Award from Instituto del Progreso Latino last night. Andrea’s leadership is authentic, effective, and impactful at the individual, community, and systems levels. She leads with purpose and heart. She gets things done. I have learned much working alongside her, and was thrilled to see her dancing onto that stage last night. I was also reminded of the incredible work done by Instituto, which is critical in our city and beyond, right now and always.",,"","","","","","","","","53","53","53","","","","","","","0","","","","","","","","","","","","","","","","","","","","","","","","","","","","","","","","","","","","","","","","","","",""
"10/1/2025 11:57 am","7379197835050881024","LinkedIn","Post","Photo","Heather Y. Anichini"," ","https://linkedin.com/feed/update/urn:li:ugcPost:7379197835050881024","If you know me, you know that #PrincipalPrideChi is my favorite time of year. 💜 Every October, our team at The Chicago Public Education Fund doubles down on celebrating Chicago’s incredible school leaders. Their energy, intentionality, and relentless investment in students are the secret ingredient for so much of what is right in our schools.

In today’s climate, public education faces real challenges. But throughout October, we’ll be highlighting several principals across the district who have strategically utilized data to meet student needs and to drive academic growth.

Principals in Chicago show every day that they have the innovative ideas, toughness, and heart it takes to lead schools and help students thrive. We’re grateful to support them as they provide the care and knowledge our young people need and deserve.

✨ Stay tuned all month as we highlight amazing leaders through case studies, school visits, and our signature event: The Principal Storytelling Evening at the Griffin Museum of Science and Industry on Thursday, October 16th!

Drop a shoutout below ⬇️ to kick off the month and thank your favorite principal! #PrincipalPrideChi",,"","","","","","","","","52","39","39","","","","","","","13","","","","","","","","","","","","","","","","","","","","","","","","","","","","","","","","","","","","","","","","","","",""
"12/19/2024 10:00 am","7275184958090985473","LinkedIn","Post","Text","Heather Y. Anichini"," ","https://linkedin.com/feed/update/urn:li:share:7275184958090985473","As educators across the city wind down the semester, I am grateful. 

At The Fund, I spend regular time in schools and witness first-hand the incredible work of our principals and their teacher teams. They show up when tired, invest in school-wide culture and individual relationships, and celebrate alongside young people.

My gratitude is reinforced when I get home each night and recognize that dozens of educators have spent the day influencing, supporting, and caring for my own children. 

I see:
💙 My freshman, who has teachers and a counselor working with him to make sure he finishes the semester strong. I see the focus on learning over letter grades and the investment in building the planning, collaboration, and communication skills he’ll need as he develops into an adult. I am grateful for the custodial and security staff (who graciously let me in the building to deliver dinner between his activities!).

💙 My seventh grader, who has an entire team of adults working to support him as he learns to consciously make decisions rather than accepting consequences reactively. I see his teachers encouraging him to reflect on what he likes to do and how he wants to grow academically. I am grateful for the coaches helping him grow as a team leader, starting with learning to lose in a way that motivates work and (long-term) wins.

💙 My fifth grader, whose educators encourage them to see failure as an opportunity to learn. I see that child developing a higher tolerance for frustration and am witnessing the growth that comes when a person operates at their edge of growth. I am grateful for the other adults in their life supporting that growth (and those moments of frustration!) with care and compassion.

💙 My second grader, whose teacher builds community and encourages young people to see and know one another. I see an administrative team that knows every child by name and makes them feel seen and supported. I am grateful for the joy that she feels in school - when she’s learning alongside her peers and when she’s building the friendships that will sustain her.

Many parents and caregivers on this platform also work full-time. It can be easy to get caught up in our demanding jobs and forget the adults nurturing our children while we work. 

This is just a reminder to pause and thank those educators for their dedication - to your child and so many others.

Teacher and principal friends, I see you and am truly grateful, as a mom above all.",,"","","","","","","","","52","50","50","","","","","","","2","","","","","","","","","","","","","","","","","","","","","","","","","","","","","","","","","","","","","","","","","","",""
"12/12/2025 2:00 pm","7405335803201085441","LinkedIn","Post","Photo","Heather Y. Anichini"," ","https://linkedin.com/feed/update/urn:li:share:7405335803201085441","In my work with the Illinois Literacy Foundation, I’ve learned that more than half of Illinois adults read and write English below a sixth-grade proficiency level. In practical terms, this makes work, family life, and civic participation more challenging for millions of people.

That reality shapes how I think about the public value of education—here in Chicago and nationwide. Literacy is foundational.

📖 Learning to read, and then reading to learn, underpins the critical thinking and decision-making adults need at home, at work, and in civic life. As technology and AI continue to accelerate, the urgency of this work only grows.

✅ The good news: progress is possible. School communities that advance literacy faster than average offer important insight into what it takes to secure these foundational skills for all students.

A recent piece by Chad Aldeman in The 74 (link in comments) provides an interactive map and highlights school communities nationwide that are outperforming expectations in early literacy. The study identifies 2,158 “exceptional” schools where third-grade reading scores are significantly higher than predicted. CPS has 22 public schools on that list.

🏫 One example is Goudy Technology Academy in Uptown. Goudy serves 490 students and is one of Chicago’s most diverse schools:

🌍 Nearly 50% of students are English learners
🤝 Roughly a third identify as Asian, a third as Black, and a third as Latino
📊 82% of students are identified as low-income on the state report card

Based on its student population, The 74 estimates Goudy’s expected reading proficiency rate at 16%.

▶️The actual rate is 39%—and rising, well above state and national averages of about 30%.

Understanding how that happens matters. At Goudy, Principal Bill Yeh and his team demonstrate what a sustained, schoolwide commitment to literacy looks like:
✅ A culture of data-informed instruction
✅ Consistent use of technology to support and differentiate learning
✅ Regular progress monitoring to meet individual student needs
✅ Timely resources and skill-building supports

▶️ The result: consistent, strong reading growth for low-income students.
Goudy is a powerful example of how a coherent curriculum, strong teacher collaboration, and a belief that all students deserve to read can improve outcomes.

And Goudy is not alone. Leaders like Tonya Williams-Weatherly (Ruggles), Barton Dassinger (Chavez), John Fitzpatrick (Locke), and Shelley Lugo Cordova (Greene) continue to show what’s possible when schools build strong instructional ecosystems, invest in teachers, and align supports around student needs.

Their success should inspire—and challenge—all of us.

With focused leadership and sustained commitment, many more CPS students can achieve grade-level reading proficiency. We must continue to learn from these bright spots and work to make results like Goudy’s the norm, not the exception.

Our students deserve nothing less.",,"","","","","","","","","51","46","46","","","","","","","5","","","","","","","","","","","","","","","","","","","","","","","","","","","","","","","","","","","","","","","","","","",""
"5/7/2025 4:00 pm","7325952222448570369","LinkedIn","Post","Photo","Heather Y. Anichini"," ","https://linkedin.com/feed/update/urn:li:ugcPost:7325952222448570369","Two things I get to do regularly in my work at The Chicago Public Education Fund:

1️⃣ Connect with others who believe in public school leaders as powerful accelerators for young people and the pursuit of their dreams.

2️⃣ Learn from and with the brilliant humans on my team and in the schools we support. 

Today was full of experiences and people who allowed me to do both. I am #grateful for my team, our partners, and the leaders we serve. 

E.J. Dubinsky, Jennifer Cervantes, Elisabethe Ocon Calderon, Tatyana Parks, Ashton Yurk, M.Ed, Christopher LeSuer, Annie Filer",,"","","","","","","","","51","51","51","","","","","","","0","","","","","","","","","","","","","","","","","","","","","","","","","","","","","","","","","","","","","","","","","","",""
"11/15/2024 3:48 pm","7263306937625124866","LinkedIn","Post","Photo","Heather Y. Anichini"," ","https://linkedin.com/feed/update/urn:li:share:7263306937625124866","As a teacher and parent, I’ve found that focusing young people on Stephen Covey’s “circle of control” helps them cope with uncertainty or chaos. 

Honestly, I found those circles helpful this week.

For all of us working in education, the purpose remains clear: to ensure that every child in our charge can joyfully engage in the high-quality education they deserve.

☑️ At The Chicago Public Education Fund, we control how we live out that purpose. And our answer remains simple: We make schools great places to learn by investing in the talented educators who lead them.

☑️ We also control the data we use to inform that purpose. More than twenty years of evidence from the University of Chicago and Vanderbilt University consistently show that students in schools with strong leaders learn more and like school better. 

☑️ We control our actions relating to that data, including our commitment to empowering principals to lead their schools and communities. We do the work to grow leaders who can transform the educational experience for students across Chicago—today and for future generations.

In this challenging and confusing time, it’s important to remember that we can choose to stay out of the circle of concern and operate more frequently in that circle of control.

Our mission is grounded in one core principle: every child in every neighborhood deserves a champion who believes in their potential and provides them with the tools and opportunities to succeed.

In Chicago, those champions are our principals. 

We will continue to act within our circle of control to support and celebrate them in the days, months, and years ahead.",,"","","","","","","","","51","50","50","","","","","","","1","","","","","","","","","","","","","","","","","","","","","","","","","","","","","","","","","","","","","","","","","","",""
"8/26/2024 7:03 am","7233806236587081728","LinkedIn","Post","Text","Heather Y. Anichini"," ","https://linkedin.com/feed/update/urn:li:share:7233806236587081728","Wishing all my principal, teacher, staff, and caregiver friends a happy first day of school! May it be a safe day, full of learning and laughter, and the start to your best school year yet. You got this!",,"","","","","","","","","51","51","51","","","","","","","0","","","","","","","","","","","","","","","","","","","","","","","","","","","","","","","","","","","","","","","","","","",""
"11/24/2025 12:05 pm","7398783886958186498","LinkedIn","Post","Photo","Heather Y. Anichini"," ","https://linkedin.com/feed/update/urn:li:ugcPost:7398783886958186498","Last week, our team had the privilege of visiting Ravenswood Elementary School, and I left deeply encouraged by what strong, student-centered leadership makes possible in Chicago’s public schools. From the moment we walked in, it was clear that Ravenswood is a community rooted in trust, consistency, and joy. 

One practice that stood out was the team's intentional use of data to guide school strategy. The Ravenswood team prioritizes five student groups - Black students, Latino/a/x students, students with disabilities, English-language learners, and students from low-income families. Goals and strategies for all of these student groups are captured in the school’s strategic plan.

The team regularly reflects on progress toward goals, utilizing all available data. With such attention and support, it’s no surprise to see strong outcomes in both reading and math. We heard how teams analyze student work together, identifying trends, and adjusting their practice in ways that clearly benefit all young people in the school community. That level of ownership and collective responsibility is what accelerates learning.

Principal Nicholas Guerrero and the leadership team have truly built a strong culture across their school community. Teachers described Ravenswood as a place where they feel supported to grow “without fear”—one of the clearest indicators of a healthy instructional environment. Families are true partners, with structures that invite parent voice and strengthen engagement and attendance. Local School Council Meetings are productive, efficient, and student-centered.

I left grateful for Ravenswood’s example—and for the many committed educators across Chicago who continue to show what’s possible when we invest in strong school leaders. The Fund is honored to support this work.",,"","","","","","","","","50","46","46","","","","","","","4","","","","","","","","","","","","","","","","","","","","","","","","","","","","","","","","","","","","","","","","","","",""
"4/11/2025 10:52 am","7316488214540689408","LinkedIn","Post","Photo","Heather Y. Anichini"," ","https://linkedin.com/feed/update/urn:li:ugcPost:7316488214540689408","I started #APWeek25 outside my comfort zone with a video thanking assistant principals. I ended it in my favorite place - schools! In between, our team hosted a happy hour where we celebrated with our partners at the Department of Principal Quality (DPQ) and CPAA. Grateful for the opportunity to celebrate great leadership every day and for our team at The Chicago Public Education Fund!
",,"","","","","","","","","50","49","49","","","","","","","1","","","","","","","","","","","","","","","","","","","","","","","","","","","","","","","","","","","","","","","","","","",""
"8/12/2024 4:41 pm","7228878225072865280","LinkedIn","Post","Photo","Heather Y. Anichini"," ","https://linkedin.com/feed/update/urn:li:share:7228878225072865280","“Losing isn’t very fun.” – My kid

My kids are not the kind who get excited about participation trophies. They like to win. And they have reached the point in their sports experiences where that isn’t always a given.

The “unfun” feeling of loss is one reason I’ve always struggled with trying to make failure “safe.” For me, there is nothing safe about the feeling of trying my best and coming up short.

I have learned a lot from watching my kids navigate in three dimensions this summer, though — they see winning, losing, and learning in ways I often miss.

It’s been interesting to watch their growth at a time when I am growing, too. In education, we often discuss #ProductiveStruggle. This summer, I have seen how good coaching manifests that concept beyond the classroom. 
I am reading #TheFrictionProject, which has helped me start to see some differences between their approach and mine.

First, my kids don't turn away from that friction when they don’t know how to do something or can’t reliably do it well. They lean into it and keep asking questions until they understand what is working or identify what might work better. It’s not just that they don’t give up.; they focus on improving in specific ways.

When I return to work, I want to foster more “learn-it-all” behavior in individuals and across teams. To start, I am thinking a lot about how check-in structures and mentorship might encourage specific continuous improvement.

Second, I have noticed that my kids’ best coaches — the ones who seem to get the best results — tell them what to “stop” doing as often as they tell them what to start. This ability to simplify rather than complicate a challenge is also an essential source of reflection.

The book suggests that leaders do more to remove friction around the “right” actions, and it’s been interesting to watch that in action. As I dive back into the day-to-day, I want to challenge myself to subtract more often than I add.

My kids seem to enjoy the process, even when it is most difficult. They take genuine pleasure in doing something they enjoy with people they like. They aim to be the kind of teammate whose positive energy is contagious. They accept friction as part of growth and try to make it worth it, even when it isn’t fun. 

The book says “friction fixers” help their colleagues do their best work, sometimes just reframing the group's experience. 

I’ve observed which kids (my own and others) play that role on a team. When I head back to work, I want to pay more attention to rewarding and valuing that contagious behavior, especially when tensions are high.

 #Sketchnote on the book from Tanmay Vora below and link to the book here: https://lnkd.in/gpqdqcfJ",,"","","","","","","","","50","47","47","","","","","","","3","","","","","","","","","","","","","","","","","","","","","","","","","","","","","","","","","","","","","","","","","","",""
"1/29/2026 1:02 pm","7422715875864190977","LinkedIn","Post","Text","Heather Y. Anichini"," ","https://linkedin.com/feed/update/urn:li:share:7422715875864190977","The Chicago Public Education Fund has officially joined the PIE Network!

The PIE Network brings together 180+ nationwide education advocates who work to ensure every student has access to a future without limits.

Through shared learning and national best practices in policy and advocacy, we’ll deepen the support we provide to CPS school leaders—while also sharing Chicago’s lessons and aligning our advocacy with systems-level change.

By connecting around our policy pillars of good governance, adequate resources, quality local control, and aligned data and accountability systems, we can help improve the conditions in which CPS schools operate so principals, educators, and students can thrive.

Thank you to our partners and current PIE Network Members, Advance Illinois and Kids First Chicago, for their support and endorsement of our membership application!. ",,"1,835","1,835","","1,281","","","","2.67%","49","46","46","","","","","","","3","0","","","","","","","","","","","","","","","","","","","","","","","","","","","","","","","","","","","","","","","","","",""
"10/11/2025 2:11 pm","7382855410594197504","LinkedIn","Post","Text","Heather Y. Anichini"," ","https://linkedin.com/feed/update/urn:li:share:7382855410594197504","🌟 Celebrating the 2025 Growth Leader Award

In honor of 💜 Principal Appreciation Month 💜, The Chicago Public Education Fund is proud to announce the 2025 Growth Leader Award, which recognizes Chicago’s most visionary school leaders. 

These principals transformed climate, accelerated student learning, and delivered measurable gains in reading, math, attendance, and career readiness in the postpandemic era.

Nominees were identified through a rigorous process grounded in multi-year district and state data. Nomination packages included principal reflections and staff perspectives on how strong leadership sparked innovation and improvement. 

From this pool, members of our School Celebrations Committee, including partners and educators, identified eight extraordinary leaders whose results and leadership set them apart.

The finalists are:
🎓 High School Finalists
William Hook Ag School, Chicago Agriculture High School
Brian Kelly Ed.D, King College Preparatory High School
Paul Karafiol, Lake View High School
Jennifer Sutton, Von Steuben High School

📚 Elementary School Finalists
Meghan Duffy, Audubon Elementary School
Donnell Rader, Beasley Elementary School
Barton Dassinger, Chavez Elementary School
Yalil Nieves, Peterson Elementary School

On October 16, two award winners will be named at our Principal Storytelling Evening. Over the next few days, we’ll spotlight each finalist and their school communities.

👏 Join us in celebrating these leaders who prove -- every day -- that Chicago’s principals power strong school climates and accelerate learning for students citywide. 👏 

#PrincipalPrideChi #ThankaPrincipal #PrincipalAppreciationMonth",,"","","","","","","","","49","44","44","","","","","","","5","","","","","","","","","","","","","","","","","","","","","","","","","","","","","","","","","","","","","","","","","","",""
"9/18/2025 2:24 pm","7374523686592241665","LinkedIn","Post","Photo","Heather Y. Anichini"," ","https://linkedin.com/feed/update/urn:li:ugcPost:7374523686592241665","We started our morning at Finkl Elementary with Principal Nancy Quintana, whose commitment to an equitable, excellent, and joyful learning experience shines through in every corner of her school (and outside the school too!).

From classrooms full of laughter and focus to a community eager to support her vision, her leadership was palpable.

E.J. Dubinsky and I were especially inspired by Principal Quintana's plan to create a courtyard that safely serves her youngest cluster students - movement and play are critical tools in learning for all. 

We are grateful to spend the next two years learning alongside Principal Quintana through our Malott Educator Fellowship. Now in its second cohort, the fellowship provides principals in Priority Schools with intensive coaching and professional development to navigate the unique challenges their communities face. 

Leaders like Principal Quintana change lives every day. Their leadership is our best investment, and they deserve our collective support. #PrincipalPrideChi",,"","","","","","","","","49","45","45","","","","","","","4","","","","","","","","","","","","","","","","","","","","","","","","","","","","","","","","","","","","","","","","","","",""
"9/19/2024 10:01 am","7242548447533301761","LinkedIn","Post","Photo","Heather Y. Anichini"," ","https://linkedin.com/feed/update/urn:li:ugcPost:7242548447533301761","This week, our Team and Board had the opportunity to visit with Dr. Christopher Graves, Ed. D., CSBO, Jami Tillis, M.Ed, MA and the team at Jordan Elementary School.

Jordan is a vibrant school on the far north side of the city. The team serves 477 students and their families. 👏It was incredible to see their work in action! 👏

For my Board and team, it was a reminder that leadership matters. Chris and Jami lead with clarity and care, and those values show throughout the school. The visit also proved that leaders who focus on culture can create environments where everyone WANTS to be.

The data supports that observation. In 2023-2024, the school received an “organized” rating on the UChicago 5Essentials, which means the adults in the building work together to create a safe and joyful learning environment for each other and their students. 

As a team leader myself, I was grateful for the example Chris and Jami provided:
1️⃣ Start with culture. Build a place where people want to be, and everyone feels safe learning out loud.
2️⃣ Within that culture, hold high expectations for what the team can do together. Coach toward those expectations with warmth and belief in the team and community.
3️⃣ Celebrate and elevate what’s working and appreciate the people doing the work.

As I walked through the school and classrooms, I was reminded that a strong culture serves and enhances the mission. Chris and Jami modeled clear and high expectations alongside warm and supportive coaching. 

We were in half a dozen classrooms where we saw adults and students learning out loud. Small groups of children had instruction and materials tailored to their language and content needs. Just three weeks into the school year, students were deep into their book clubs and working with each other to understand, infer, and predict based on varied texts. 

Chris and Jami recognized it in real-time. They thanked teachers and high-fived students engaged in productive struggle. Their pride and appreciation for the good work we saw were evident to all.

THAT IS THE WORK. It takes investment at every level and only happens when the culture supports learning.

As I start my team check-ins today, I am asking myself: 
☑ Are we clear on what we're trying to do as a team? 
☑ How am I leaning into our culture to foster and support learning? 
☑ Are we learning out loud through the productive struggle? 
☑ Am I coaching through that learning process with warmth and belief?

I’m curious: Who is inspiring you as a leader? Where are you learning out loud?
 🔽 🔽 🔽",,"","","","","","","","","49","47","47","","","","","","","2","","","","","","","","","","","","","","","","","","","","","","","","","","","","","","","","","","","","","","","","","","",""
"3/28/2024 11:53 am","7179158561065750528","LinkedIn","Post","Text","Heather Y. Anichini"," ","https://linkedin.com/feed/update/urn:li:ugcPost:7179158561065750528","As we close out #WomensHistoryMonth, I am proud to share the podcast I did with Charles Anderson earlier this month.

Our conversation builds on my post from last week and gave me an opportunity to shout out some other really inspirational women who have helped me along in this journey – Denise Little, Annette Gurley, and Anna Valencia, just to name a few.

I share one of my favorite moments from our conversation - and the full podcast! - in my article below. ",,"","","","","","","","","49","48","48","","","","","","","1","","","","","","","","","","","","","","","","","","","","","","","","","","","","","","","","","","","","","","","","","","",""
"4/20/2026 8:54 am","7451991763990315008","LinkedIn","Post","Text","Heather Y. Anichini"," ","https://linkedin.com/feed/update/urn:li:share:7451991763990315008","As a graduate student in education, I spent years studying how people learn. I studied different modalities, different paces, and different paths to the same destination. 

I spent hours in my mom’s classroom. She was a high school teacher who often opted to co-teach to support student learning in the least restrictive environment. She had a remarkable ability to hold both excellence and inclusion as values. And she taught math! 

I thought I had a pretty good handle on both awareness and action.

Then I became a teacher myself, a mentor, and a mom. I learned a whole new set of lessons. I learned what it really means to see and care for young people for who they are. To be deeply invested in their belonging and growth.

April is Autism Awareness Month. As educators, parents, friends, and community members, it's worth leaning in and learning more.

If you're looking to deepen your understanding, I have one specific action you could take: read Serena Peterson-Klosa's posts. 

Her courage, vulnerability, and perspective inspire me. 

Serena is an expert, an educator, a mom, an advocate, and a real human. Her series last year during April transformed my personal perspective. This year’s series is pushing me to go deeper and to do more.

Serena’s work has challenged me to be a better educator, leader, mentor, mom, and friend.

Read it. 

It’s a simple action. It will change you. It will reshape how you show up for people you serve, and maybe for the people you love.",,"1,870","1,870","","1,194","","","","2.51%","47","41","41","","","","","","","6","0","","","","","","","","","","","","","","","","","","","","","","","","","","","","","","","","","","","","","","","","","",""
"1/23/2026 2:56 pm","7420570134987325440","LinkedIn","Post","Text","Heather Y. Anichini"," ","https://linkedin.com/feed/update/urn:li:share:7420570134987325440","I’m delighted to share that Julie Morita has joined the Board of Directors at The Chicago Public Education Fund! 

As someone who is deeply invested in this work, Julie is a respected leader whose career reflects an unwavering commitment to public service, equity, and the well-being of Chicago’s communities.

I am tremendously grateful for her willingness to serve, and for the insight she will bring to our work.

Welcome, Julie—we’re honored to have you join The Fund community.",,"1,315","1,315","","930","","","","3.57%","47","46","46","","","","","","","1","0","","","","","","","","","","","","","","","","","","","","","","","","","","","","","","","","","","","","","","","","","",""
"7/8/2025 1:33 pm","7348419081663860736","LinkedIn","Post","Link","Heather Y. Anichini"," ","https://linkedin.com/feed/update/urn:li:share:7348419081663860736","The numbers are tough — and the timeline is tight.

In June, Chicago Public Schools (CPS) principals and Local School Councils finalized budgets based on a projected $229M budget deficit scenario. 

Interim CEO Dr. Macquline S King, EdD has emphasized that the actual gap between revenue and expenditures is $734M.

That leaves $505M between the first scenario and the current reality. 

Dr. King and her team have less than two months to close the gap. CPS must meet an August 29 deadline for passing an FY26 budget. The challenges are clear:

⛔ Principals don’t have slack.
 In The Chicago Public Education Fund 2025 Principal Engagement Survey, principals named budget cuts, limited resources, and facility challenges among their top concerns.

☑️ Chicagoans don’t want more cuts.
 An April 2025 poll of 1,100 voters found just 26% support reducing school budgets and only 19% support furlough days.

💳 Borrowing isn’t an easy option. 
Only 8% of voters favor it. CPS is already paying $800M+ annually in interest. Without a long-term plan, borrowing now only deepens next year’s crisis.

What’s Next?
Starting next week, CPS is hosting:
✅ 5 community feedback sessions (share your voice)
✅ 2 expert learning sessions (explore solutions)

I’m encouraged by CEO King’s commitment to transparency and collaboration. There are no easy fixes, but an open, inclusive process gives Chicago the best shot at real solutions.

Learn more about the upcoming community feedback sessions:  CPS.edu/budget
","http://CPS.edu/budget","","","","","","","","","47","47","47","","","","","","","0","","","","","","","","","","","","","","","","","","","","","","","","","","","","","","","","","","","","","","","","","","","CPS Budget 2025"
"7/1/2025 5:25 pm","7345940708916154370","LinkedIn","Post","Text","Heather Y. Anichini"," ","https://linkedin.com/feed/update/urn:li:share:7345940708916154370","🔃 Last week, Chicago Public Schools (CPS) Interim CEO Dr. Macquline S King, EdD outlined a projected $734M gap between the district’s anticipated obligations and committed revenue.

What’s included in this number?
➖The $229M previously identified as the gap. 
➖$300M to account for the gap widening if expected revenue doesn’t materialize.
➕ $175M to reimburse the City of Chicago for costs related to pension expenses for non-teaching staff.
➕$30M for costs related to the transition of ACERO schools.

One option to narrow the gap without further negative impact on the student experience? 

💳Borrowing. 💳

CPS issues debt and uses other financial instruments to support capital needs, like constructing and maintaining schools. Borrowing also helps manage cash flow and liquidity needs.

Of course, debt has to be repaid. Borrowing today means revenue has to be diverted from teachers, programs, and services for many years in the future. 

That might be worth it to build or repair a building we will use for decades. It’s harder to make the case when borrowing pays for day-to-day costs like transportation or student supplies.

🛑Consider this: In FY25, CPS had total revenue of $9.34M. Of that, $800M was unavailable to meet today’s student needs. 
 
Why? It was paying interest on $9B in long-term debt that CPS holds. 

Some borrowing is inevitable in a district as large as Chicago. 

Long-term debt makes long-term capital improvements possible. But this isn’t about paying for buildings that will be here in 80 years - it’s paying for day-to-day operations.

And our debt load is already relatively high. CPS’s debt service cost is about 9% of total revenue. In recent years, it’s been as high as 10 to 15%. New York? 5% Los Angeles? 7%

Later this week, I’ll talk a little about CPS’s previous experience with borrowing to pay for operating expenses and about what that might look like this year.
",,"","","","","","","","","47","42","42","","","","","","","5","","","","","","","","","","","","","","","","","","","","","","","","","","","","","","","","","","","","","","","","","","","CPS Budget 2025"
"4/10/2025 10:00 am","7315880718008496128","LinkedIn","Post","Link","Heather Y. Anichini"," ","https://linkedin.com/feed/update/urn:li:share:7315880718008496128","📣 Know someone who is curious, committed, and passionate about public education in Chicago?

We’re looking for Summer Fellows to join The Chicago Public Education Fund — and we’d love your help finding them.

✅ Do they ask great questions?
✅ Are they great with words or data (or both)?
✅ Do they have the summer ""off"" but want to have a broader impact (and have a job)?

If so, send them our way! 

Our Fellowship is a chance to learn, grow, and contribute meaningfully to the future of Chicago’s public schools. It’s not just a summer gig — it’s a launchpad. Several of our full-time team members started as fellows; many alumni are still deeply involved in our work.

📝 Apply here → Summer Fellowship Application
https://lnkd.in/gicAZrAi 

Tag someone who should see this! 👇

#EdLeadership #ChicagoPublicSchools #SummerJobs #NonprofitCareers #EducationMatters","https://recruiting.paylocity.com/recruiting/jobs/All/0a5a742c-c514-4448-a1e9-a97f7108c93c/Chicago-Public-Education-Fund","","","","","","","","","47","44","44","","","","","","","3","","","","","","","","","","","","","","","","","","","","","","","","","","","","","","","","","","","","","","","","","","",""
"4/25/2024 1:55 pm","7189336237206319104","LinkedIn","Post","Photo","Heather Y. Anichini"," ","https://linkedin.com/feed/update/urn:li:ugcPost:7189336237206319104","Our team had the pleasure of hosting 26 eager learners from Lee Elementary School this morning. Fund team members led a panel during the visit to discuss their professional experiences. Principal Lisa Epstein, a current Masterclass leader at The Chicago Public Education Fund, wants to bring workforce visibility to her middle school students, encouraging them to learn more about the different career sectors. The Fund is honored to be their first stop of the day. Here's to the inspiring leaders of tomorrow!
",,"","","","","","","","","47","45","45","","","","","","","2","","","","","","","","","","","","","","","","","","","","","","","","","","","","","","","","","","","","","","","","","","",""
"5/12/2026 5:11 pm","7460089169558650881","LinkedIn","Post","Document","Heather Y. Anichini"," ","https://linkedin.com/feed/update/urn:li:ugcPost:7460089169558650881","FY27 Cost Explainer #1: Staffing costs

Salaries and benefits for 45,578 employees account for about $6.1B (~68%) of all CPS operating costs. On average, staffing costs grew 11% each year between FY19 and FY26 — while average revenue only increased by 6%.

When costs outpace new revenue, it forces tough choices for everyone.

Let’s break that down. 🔽 🔽

📣Headline: Most of CPS’ 45,000+ team members provide direct services to children and families.

37,427 (82%) of these people serve in schools. This includes:

✅ 22,468 teachers (49%) | Average salary: $100K 
      >>> Average annual salary increase since FY19: 4.2%

✅ 1,166 principals and assistant principals (3%)
522 Principals | Average salary: $176K 
      >>> Average annual salary increase since FY19: 3.0%
644 Assistant Principals | Average salary: $143K 
      >>> Average annual salary increase since FY19: 3.8%

✅ 13,793 (30%) support staff assigned to a school
For example: counselors, classroom assistants, school clerks
◼ Average salary varies by position, but overall: $57K   
      >>> Average annual salary increase since FY19: 4.7%

The remaining 8,151 include: 

✅ 6,432 (14%) citywide support staff budgeted centrally but working at schools 
For example: maintenance, transportation, and food service
◼ Average salary varies by position, but overall: $64K   
      >>> Average annual salary increase since FY19: 10.4%

✅ 1,719 (4%) staffed to central and network offices
◼ For example: Instructional Support Leaders, content area specialists, and budget analysts 
◼ Average salary varies by position, but overall: $101K   
      >>> Average annual salary increase since FY19: 3.1%

Both the number and costs of these positions have grown. 

In FY19, CPS employed 37,476 people, 18% fewer than today. 
      >>> The total cost for salaries and benefits that year was $3.4B, 44% less than today. 

During the same period, the district's total enrollment declined by 12%, from 361,314 in FY19 to 316,224 in FY26.

📝Bottom line: CPS is spending 44% more on staffing than it was in FY19 — serving 12% fewer students. With staffing costs growing nearly twice as fast as revenue, the district will face increasing pressure to reduce positions.

Later this week, we’ll talk about what those choices look like at the school level.",,"2,088","2,088","","1,388","","","","2.16%","45","38","38","","","","","","","6","1","","","","","","","","","","","","","","","","","","","","","","","","","","","","","","","","","","","","","","","","","","CPS Budget 2026"
"12/19/2025 6:17 am","7407756073312579584","LinkedIn","Post","Text","Heather Y. Anichini"," ","https://linkedin.com/feed/update/urn:li:share:7407756073312579584","📣Early morning PSA: In many places, today is the last day of school for the calendar year. It’s a big day for students, educators, and the adults who support them.

Be gentle with co-workers who have kids finishing finals. Be patient with educator friends scrambling to grade late assignments. And be kind to the young people in your life who are balancing deadlines, disappointments, and victories all at once.

And if you haven’t already, consider sending a quick thank-you to the counselor, school nurse, principal, or teacher who helped a young person make it through the semester. You seeing their hard (and heart!) work matters and means a lot.",,"","","","","","","","","45","44","44","","","","","","","1","","","","","","","","","","","","","","","","","","","","","","","","","","","","","","","","","","","","","","","","","","",""
"10/14/2025 11:46 am","7383906091438551040","LinkedIn","Post","Photo","Heather Y. Anichini"," ","https://linkedin.com/feed/update/urn:li:share:7383906091438551040","💜 Our next Growth Leader Award Finalist is Principal Meghan Duffy of Audubon Elementary School! 💜

For nine years, Principal Duffy has championed equity and inclusion at Audubon Elementary School. Early on, she identified an opportunity to better support students with disabilities and establish structures that embed regular, differentiated professional learning, fostering stronger collaboration across teams. This strengthened co-teaching between general and special education, providing Learning Behavior Specialists with targeted support.

To reduce chronic absenteeism, Principal Duffy and her team implemented a clear attendance tracking system with step-by-step responses. They partnered closely with support staff and Behavioral Health teams to analyze trends, develop aligned strategies, and recognize students, families, and staff for their progress throughout the year.

What’s changed:
👩‍🎓 92% of students with disabilities now learn in general education classrooms
📈 Above-typical growth on IAR in reading and math for students with IEPs
📉 Chronic absenteeism dropped from 16% → 11% over the past two years
⭐ Strong/Very Strong across all 5Essentials factors in SY23–24 and SY24–25

Principal Duffy is a steadfast advocate for diverse learners—setting high expectations and ensuring differentiated supports so every student can meet them.

👏 Chicago’s schools thrive because of leaders like Principal Duffy—turning data into action, equity into opportunity, and vision into lasting impact. Please join us in celebrating her collaborative leadership and commitment to students and families! 👏",,"","","","","","","","","45","41","41","","","","","","","4","","","","","","","","","","","","","","","","","","","","","","","","","","","","","","","","","","","","","","","","","","",""
"2/2/2026 1:56 pm","7424179031161593856","LinkedIn","Post","Text","Heather Y. Anichini"," ","https://linkedin.com/feed/update/urn:li:share:7424179031161593856","Research shows that when students miss more than 10% of the days in a school year, they are less likely to learn the content for their grade, and they feel more disconnected from school. Over time, they graduate and move on to post-secondary careers or schooling less often.

Attendance really matters. 

Across Chicago, chronic absenteeism -- the rate of students missing more than 10% of school days -- still hovers around 40%, nearly double the prepandemic level. 

However, there are school leaders defying those trends.
- At Chalmers STEAM Elementary, chronic absenteeism dropped from nearly 50% to about 17%, driven by a culture where every student is known by name, and every family feels seen. 

- At César Chávez Multicultural Academic Center, a coordinated attendance team and deep family outreach brought chronic absenteeism down from 39% to just 9%, far outperforming district trends.

This powerful Chicago Tribune story (link in comments) highlights what Principal Dr. Romian Crockett and Principal Barton Dassinger are proving on the ground: school climate isn’t a “soft” strategy; it changes how students and families experience school and can support learning.

What stands out most is that neither principal points to a single program or workaround. Instead, they focus on consistency, connection, and care—showing up every morning, making the calls, knocking on doors, and sending the clear message: You belong here, and your presence matters.

Bottom line: The research is clear: attendance is directly linked to GPA and academic outcomes. But this story reminds us that behind the data are leaders who deeply believe in their students and communities and are willing to do the daily, relational work that real change requires.

At The Fund, we’re proud to support and learn from principals like Romian and Barton. Leaders who demonstrate that when students want to be in school, learning -- and joy -- are easier to inspire.

#AttendanceMatters #SchoolLeadership #ChicagoSchools #EducationEquity #PrincipalLeadership #TheFundChicago",,"1,845","1,845","","1,153","","","","2.38%","44","39","39","","","","","","","4","1","","","","","","","","","","","","","","","","","","","","","","","","","","","","","","","","","","","","","","","","","",""
"8/4/2025 5:35 pm","7358263888477372416","LinkedIn","Post","Video","Heather Y. Anichini"," ","https://linkedin.com/feed/update/urn:li:ugcPost:7358263888477372416","Last week, our chief public affairs officer, Nelson Gerew, was invited to testify at the Illinois House Executive Committee subject-matter hearing on the Chicago Public Schools (CPS) budget. During his testimony, Nelson provided a historical overview of the district's finances from 2008 to 2025. Understanding this history is essential for establishing a solid financial foundation for the district's future.",,"","","","","","","","","44","43","43","","","","","","","1","","","","","","","","","","","","","","","","","","","","","","","","","","","","","","","","","","","","","","","","","","","CPS Budget 2025"
"5/26/2026 3:20 pm","7465134878649487360","LinkedIn","Post","Document","Heather Y. Anichini"," ","https://linkedin.com/feed/update/urn:li:ugcPost:7465134878649487360","Today's budget update: Liquidation as a tool 

CPS allocates positions to each school using a formula. It includes teachers, assistant principals, restorative justice coordinators, and other roles.

Those positions may not match what the school needs or who the principal has on staff. When a mismatch occurs, the principal can work with the Local School Council (LSC) and the district to liquidate the position. This converts dollars tied to that position to more flexible funding. 

That flexibility allows principals and their school communities to hire for other positions, purchase materials, or fund external programs in alignment with their specific needs.

The problem in FY27 is that schools receive fewer dollars per liquidated role.
In FY26, liquidating a position returned 91-97% of its average cost. In FY27, that drops to 50-58%.

→ What does this mean for a school?

A school that liquidated two teachers and a restorative justice coordinator in FY26 received $341,000. The same decisions in FY27 would result in $141,000 less. That gap is an entire teaching position.

→ How widespread is this challenge?

In FY26, 96 (19%) schools liquidated 130 positions, freeing up $11.9M. The same decisions in FY27 would free up $5.7M (52% less).

→ What are the benefits of this change?

For schools, there is no upside. 

For the district, the gap between FY26 and FY27 is a potential savings. Final numbers won't be clear until June, but if patterns hold, the maximum benefit to the district is $6M, on top of the $96M saved through school cuts.

Of course, with less to gain, fewer principals may liquidate roles. They may choose to keep positions that don’t quite fit their vision and forgo the supplies, programs, and support that flexible dollars used to fund.

→ The bottom line

The maximum district savings here is 0.8% of the $732M deficit.

A small gain for the system. A real loss of flexibility for principals and the communities they serve.",,"2,234","2,234","","1,511","","","","1.92%","43","36","36","","","","","","","6","1","","","","","","","","","","","","","","","","","","","","","","","","","","","","","","","","","","","","","","","","","",""
"3/27/2026 2:11 pm","7443374090658365441","LinkedIn","Post","Photo","Heather Y. Anichini"," ","https://linkedin.com/feed/update/urn:li:ugcPost:7443374090658365441","Our team was in Springfield yesterday alongside CPS students, parents, and educators who traveled to the State Capitol to deliver a clear message to legislators: FUND THE FORMULA.

The Evidence-Based Funding (EBF) formula is designed to get every Illinois school to adequacy. But without adequate annual increases, most districts – including CPS – will not reach that goal until the 2030s. Last Year, CPS lost ground, slipping from 79% to 73% of adequacy despite a funding increase. 

The Funding Illinois' Future coalition is asking the General Assembly to increase state school funding by $550 million this year. For Chicago, that could mean upwards of $50 million dollars more directed to schools. The current budget proposal allocates $305 million, a significant increase, but not enough to keep pace with the 2017 commitment.

The Fund joined students and families from Enlace Chicago and Kids First Chicago, representing North Lawndale and Little Village, as they met with Senator Lakesia Collins, Representative Edgar Gonzalez Jr., and Representative IL 9th District State Rep Yolonda Morris. Watching young people articulate what their schools need and why it matters is a reminder of why this work is urgent.

Funding the Formula is not symbolic. It’s about ensuring schools have the resources to deliver on what students deserve.

Stay tuned as our team dives more into the CPS FY27 budget in the coming weeks!",,"1,003","1,003","","602","","","","4.29%","43","41","41","","","","","","","0","2","","","","","","","","","","","","","","","","","","","","","","","","","","","","","","","","","","","","","","","","","","CPS Budget 2026"
"1/16/2026 10:29 am","7417966130062962688","LinkedIn","Post","Photo","Heather Y. Anichini"," ","https://linkedin.com/feed/update/urn:li:ugcPost:7417966130062962688","During the Chicago Board of Education's January Agenda Review Meeting on Wednesday, we were proud to highlight a powerful truth: strong school leadership means students learn more.

Thank you to CPS principals Takeshi James (Avalon Park Fine and Performing Arts Elementary School) and Paul Karafiol (Lake View High School), and to our colleagues at The Chicago Public Education Fund, Nelson Gerew and Mariel Laureano, for their compelling testimonies on what happens when school leaders are trusted, supported, and equipped to lead.

Their testimonies made clear that meaningful gains in attendance, academic growth, early college credits, and school culture don’t happen by chance. They happen when principals have access to accurate, timely data, the flexibility to respond to their communities, and the resources and trust to turn insights into action.

At The Fund, our mission demands that we invest in leadership development, strengthen data-informed decision-making, and partner with CPS to ensure principals can lead boldly and equitably for their students. We believe that when leaders thrive, schools and students succeed. We aim to live that belief every day.

Grateful for the partnership, the leadership, and the continued commitment to empowering Chicago’s school leaders from so many citywide.

🎥 You can view the full testimonies here: https://lnkd.in/gcbPci29",,"","","","","","","","","43","41","41","","","","","","","2","","","","","","","","","","","","","","","","","","","","","","","","","","","","","","","","","","","","","","","","","","",""
"8/6/2025 5:11 pm","7358983107586281473","LinkedIn","Post","Text","Heather Y. Anichini"," ","https://linkedin.com/feed/update/urn:li:share:7358983107586281473","As part of their 2025-26 budget process, and to address the $734 million deficit, Chicago Public Schools (CPS) recently announced cuts to central office departments and services. While these cuts were made centrally to prevent cuts at schools, they do matter. CPS sent a series of communications last week highlighting how these changes might impact daily school operations.

🏫 Building maintenance: School leaders were told to expect updated cleaning schedules and slower responses to non-urgent fixes. Staff will continue to prioritize essential repairs to keep schools clean and safe.

🍽️ Meal service: Free breakfast and lunch will stay throughout the district. However, menus may be simpler on some days, with more cold meals. After-school meals will switch to packaged snacks instead of hot meals.

🕒 New start times: Some schools will have new bell schedules to help buses serve more routes. Families affected by these changes are already aware.

🛑 Crossing guards & Safe Passage: Both crossing guards and Safe Passage are still in place, but they will operate with fewer staff and adjusted hours. No school is losing support entirely, and further details are still forthcoming.

🏥 Student health services: There will be fewer school-based vaccines and physicals, but help is still available. Families can contact Healthy CPS at 773-553-KIDS for more details.

💻 Technology: Some network repairs may experience delays, and some schools may need to purchase their own replacement devices throughout the year.

Historically, Chicago school leaders, teachers, and other school-based staff members have been extremely innovative in identifying ways to support students with fewer resources. The Chicago Public Education Fund stands ready to partner with CPS, the CBOE, principals, and the larger sector in identifying and utilizing local assets to meet the needs of every child across the district.",,"","","","","","","","","43","34","34","","","","","","","9","","","","","","","","","","","","","","","","","","","","","","","","","","","","","","","","","","","","","","","","","","","CPS Budget 2025"
"12/6/2024 4:52 pm","7270933148425687040","LinkedIn","Post","Photo","Heather Y. Anichini"," ","https://linkedin.com/feed/update/urn:li:share:7270933148425687040","Yesterday, I had the privilege of walking through the halls of McNair Elementary in the Austin neighborhood. Principal Benetrice Whitfield has been leading McNair since July 2017, previously serving as the Assistant Principal. Like many principals, her work extends well beyond the confines of her office. Each morning, she arrives at the school and personally collects attendance sheets from every classroom, making sure she stays connected to her school community.",,"","","","","","","","","43","40","40","","","","","","","3","","","","","","","","","","","","","","","","","","","","","","","","","","","","","","","","","","","","","","","","","","",""
"2/20/2026 11:05 am","7430658797096001536","LinkedIn","Post","Photo","Heather Y. Anichini"," ","https://linkedin.com/feed/update/urn:li:share:7430658797096001536","I’m excited to share our Mid-Year Report, which highlights what happens when a city invests in school leadership.

In 2025-26, The Chicago Public Education Fund is supporting principals in 250+ public schools across Chicago. Our report features school leaders Nicholas Guerrero, Hamed Flores, Rashad Talley, Ed.S., and José Luis Alvarado. Their stories remind us why principal leadership matters.

Every day, principals make high-stakes decisions about budgets, instructional materials, staffing, and school culture. We aim to support them like the executive leaders they are — with responsive programs designed to meet real-time needs.

The impact of our work is clear: stronger leadership, improved attendance, and schools that help students learn more.

Grateful for these leaders and proud to share their impact.

 📘 Read the full Mid-Year Report here: https://lnkd.in/g69_Cj-i",,"1,458","1,458","","938","","","","2.88%","42","41","41","","","","","","","1","0","","","","","","","","","","","","","","","","","","","","","","","","","","","","","","","","","","","","","","","","","","CPS Budget 2026"
"8/29/2025 1:15 pm","7367258522935332864","LinkedIn","Post","Text","Heather Y. Anichini"," ","https://linkedin.com/feed/update/urn:li:share:7367258522935332864","Yesterday, the Chicago Board of Education approved the FY26 budget. After months of debate and testimony from parents, educators, labor leaders, elected officials, and community members, the board voted to pass the budget presented by Macquline S King, EdD and her team. 

Here are the key takeaways for Chicago Public Schools in SY2025-26:

✅ No additional school-level cuts. The school budgets principals and Local School Councils approved in June remain protected.

✅ No borrowing. The budget does not include new debt for operational costs. Dr. King and the team made it clear that the board could approve emergency borrowing, through a simple majority vote, if revenue falls short.

✅ No MEABF payment, unless new revenue is secured. Reimbursement to the city is contingent on additional revenue, over what was budgeted. The city is legally obligated to make the full payment.

Twelve CBOE members voted in favor of the budget, seven voted against it, and one abstained. During her comments, Dr. King acknowledged that the budget required tough choices and emphasized the need for more sustainable planning and predictability in the future.

With the structural deficit hovering at $500M, the FY27 conversation will begin very soon. I’ll have more on that next week. ",,"","","","","","","","","42","42","42","","","","","","","0","","","","","","","","","","","","","","","","","","","","","","","","","","","","","","","","","","","","","","","","","","","CPS Budget 2025"
"9/11/2024 1:00 pm","7239694248311209986","LinkedIn","Post","Photo","Heather Y. Anichini"," ","https://linkedin.com/feed/update/urn:li:share:7239694248311209986","Three of my all-time favorite women are collaborating on an event I am sad to miss later tonight.

Sylvia Puente, the CEO of The Latino Policy Forum, and Elizabeth Alvarez, Ph.D., the superintendent of District 91, are meeting in Myetie Hamilton's space at Leadership Greater Chicago to discuss Dr. Alvarez’s new book Rabbit on the Moon: Embracing My Mexican-American Identity.

👏 (Let’s pause for a second and honor the #WomenInLeadership in that room!)

This book is a beautiful mix of memoir, history, research, and storytelling. As I read it, I could hear Dr. Alvarez’s wise and warm voice calling me to hear her story and consider my own.

The quote below is one of the paragraphs I highlighted and annotated in the book. I returned to the section regularly because it spoke to me as an educator and a mother. 

The more extended passage (read the book!) also challenged me to consider the role people who share my identity as a white woman have played in closing doors for people of color in this country. It made me consider the moments when my inability to see that history in the mirror and to hold it in context made the work harder for my colleagues, especially in public education.

As Dr. Alvarez has often done over the years, she models how understanding the breadth and depth of your identity radically changes your commitment to building belonging for the people you support and work alongside. 

Dr. Alvarez’s story embraces a positive and energetic view of her identity and allows her students to embrace the same. My story acknowledges the aspects of my identity I didn’t choose but have to own, especially if I hope to create space where others can feel like they belong.

I am asking:
❓ How do I make space for my team and our educators to reflect inward and look outward?
❓ How do I ""mirror back"" in a way that builds belonging, especially if my identity might be standing in the way of someone feeling safe or welcome?
❓ How do I invite feedback from others that makes me a better mirror and a more transparent (and inspiring) window?
❓ How do I use my position and platform to elevate the windows and mirrors I most admire?

Today's post is a small step in answering that last question. If you feel ready to explore similar ideas in your world, order the book today (link in comments).",,"","","","","","","","","42","35","35","","","","","","","7","","","","","","","","","","","","","","","","","","","","","","","","","","","","","","","","","","","","","","","","","","",""
"11/21/2025 11:08 am","7397682337297330176","LinkedIn","Post","Text","Heather Y. Anichini"," ","https://linkedin.com/feed/update/urn:li:share:7397682337297330176","Excited to see the continued appreciation for Penny Sebring and Charles Ashby Lewis, who received the AFP award earlier this month. Their commitment to young people and public schools in Evanston, Chicago, and beyond is inspiring!",,"","","","","","","","","41","38","38","","","","","","","3","","","","","","","","","","","","","","","","","","","","","","","","","","","","","","","","","","","","","","","","","","",""
"2/7/2025 3:31 pm","7293743126458834945","LinkedIn","Post","Photo","Heather Y. Anichini"," ","https://linkedin.com/feed/update/urn:li:share:7293743126458834945","I know the lingering effects of the pandemic and the current political situation make it easy for some to be pessimistic about public education in Chicago. And the work of principals is harder than ever.

However, the NAEP scores from last week offered some bright spots, especially in Chicago.

Chicago’s students continued to improve where others stalled or declined. Notably, eighth-grade reading edged closer to its 2017 peak, driven by gains among Black and Latino/a/x students. 

This progress is no accident. With support from the University of Chicago Consortium on School Research and other organizations, Chicago Public Schools (CPS) maintains a clear focus on evidence of student learning, with data disaggregated by school and student population, empowers principals and their teams to respond to the real needs of the students they actually serve — not to the myth of an average.

When school leaders have clarity on what their students need, they take action. 

For years, we’ve featured the positive impact of local decision-making on learning. Principals in schools like Avalon Park Fine and Performing Arts School and Jose de Diego Community Academy regularly use data to grow student reading and math skills in new ways.
 
Our team remains committed to encouraging appropriate data use and the advantage of local autonomy — key drivers of Chicago’s progress in the past and in the future.",,"","","","","","","","","41","39","39","","","","","","","2","","","","","","","","","","","","","","","","","","","","","","","","","","","","","","","","","","","","","","","","","","",""
"1/26/2026 3:36 pm","7421667483327213568","LinkedIn","Post","Photo","Heather Y. Anichini"," ","https://linkedin.com/feed/update/urn:li:ugcPost:7421667483327213568","Last week, we met with The Chicago Public Education Fund's Educator Advisory Committee (EAC) at Minnie Minoso Academy, hosted by Principal Carrie Ann Cole,EdD. We dug into a challenge principals everywhere know all too well: the growing burden of compliance work.
 
Our conversation surfaced three consistent themes:
📋 Mandates are multiplying. School leaders are navigating an overwhelming number of requirements — from detailed reporting across multiple responsibilities to compliance tasks that pull time away from instructional leadership.

📝 Evaluation and training systems are especially complex. Principals are juggling multiple platforms, timelines, and paperwork, making it harder to stay focused on what these processes are meant to support: meaningful staff development and growth.

🛠️ Simplification is a major need. Leaders are calling for clearer guidance, less redundancy, and tools that make compliance easier to manage, so they can spend more time coaching teachers and supporting students.

Principal Cole shared how their K-2 team invested in new literacy and math curricula through teacher-led committees. Results show dramatic growth: K-2 math jumped from 53% to 74% proficiency, and reading from 62% to 74%. With Resident Principal Jamil Cary's leadership, they’re focusing on “more joyful learning”, and you can feel it when you walk through the building!

This is what happens when school leaders can focus on instruction rather than paperwork. But it takes time and space that many principals don’t have right now.

Our meetings throughout the year have a specific goal: identifying a small number of high-leverage compliance areas where smarter tools and processes could meaningfully reduce burden. 

We’ll work with partners across Chicago and across the state to take on these challenges together.

When we reduce friction for school leaders, we create more space for what matters most: teaching, learning, and building strong school communities.",,"2,463","2,463","","960","","","","1.62%","40","38","38","","","","","","","1","1","","","","","","","","","","","","","","","","","","","","","","","","","","","","","","","","","","","","","","","","","",""
"7/31/2025 10:00 am","7356700180739469313","LinkedIn","Post","Link","Heather Y. Anichini"," ","https://linkedin.com/feed/update/urn:li:share:7356700180739469313","📣 The Chicago Public Education Fund is looking for a seasoned strategic communication professional to join our team as the Senior Manager of Communications. This person will manage a small team that owns the communications strategy, brand, messaging, overall narrative, and channels for The Fund and sits on our larger Public Affairs and Policy team.

This job might be for you if you are a fast processor, dot-connector, and strong writer with experience designing effective communications campaigns. While I personally love strong individual contributors and independent voices, this role is for someone with a proven track record of managing to established goals through teams and of adapting to organizational voice. Experience working with—and sometimes pushing back on—senior team members is also required. 

You’ll need to be passionate about public schools and the role of school leaders, but your experience with campaigns and communications could be in any sector. 

Oh! And it helps if you enjoy eating lunch in a loud kitchen alongside your colleagues and/or sharing just the right meme for the moment in the Teams channel.

Interested? Know someone who might be a good fit? The application is live now and will remain open until August 15th!

https://lnkd.in/gWyAyvaW","https://recruiting.paylocity.com/Recruiting/Jobs/Details/3411402","","","","","","","","","40","40","40","","","","","","","0","","","","","","","","","","","","","","","","","","","","","","","","","","","","","","","","","","","","","","","","","","",""
"7/21/2025 3:21 pm","7353157302247460867","LinkedIn","Post","Text","Heather Y. Anichini"," ","https://linkedin.com/feed/update/urn:li:share:7353157302247460867","
📊 On July 11, Chicago Public Schools (CPS) released final school budgets for the 2025–26 school year. These budgets reflect planning done by principals back in early June, based on a projected $229M deficit.

🛑 Included in these budgets are more than 1,450 school-based layoffs:
▪️ 432 teachers
▪️ 677 Special Education Classroom Assistants (SECAs)
▪️ 349 other staff

That’s roughly 4% of the 32,000+ school-based positions budgeted in 2024–25.

📈 Historically, about 80% of impacted staff are rehired elsewhere in CPS, as budgets shift and schools adjust staffing to evolving student needs. Still, the scale of these layoffs is significant.

💡 Now that school-level budgets are posted, we know a bit more. Compared to 2024–25, we saw that:
▪️ 303 schools maintained or gained teachers
▪️ 194 schools lost teachers
▪️ 166 schools maintained or gained discretionary funds
▪️ 331 schools lost discretionary funds, by an average of $65K each
▪️ Even schools that gained discretionary dollars saw modest increases, just $32K on average. 

Notably, schools purchased 11 fewer Assistant Principal positions with discretionary funds; that’s a 10% decline.

⚠️ The bottom line: schools are already feeling the strain. And with CPS currently projecting a $734M deficit, more than three times the original $229M estimate, the risk of deeper cuts remains real.

Principals and schools are already being asked to do more with less. Additional reductions would have serious consequences.",,"","","","","","","","","40","40","40","","","","","","","0","","","","","","","","","","","","","","","","","","","","","","","","","","","","","","","","","","","","","","","","","","","CPS Budget 2025"
"1/23/2025 1:47 pm","7288281195199574017","LinkedIn","Post","Photo","Heather Y. Anichini"," ","https://linkedin.com/feed/update/urn:li:ugcPost:7288281195199574017","During this fiercely cold week, where many school communities are concerned about what comes next, we are choosing to focus on stories of promise and progress. 

Our team reached out to five educators participating in our programming this year with a simple question: “Tell us something good that’s happening in your school.”

What emerged is a series of stories about caring for young people and their families, focusing on learning (and joy!) for all students in the community and the commitment of educators everywhere. Read on—we know you’ll be as inspired as we are!

📍Burbank Elementary School | Edward Collins
Burbank was recently named a “National Unified Champion School” by Special Olympics, recognizing its exceptional work with Unified Sports. This rare honor—achieved by only three CPS schools—reflects the commitment of its leaders, teachers, students, and parents to community and inclusion as core values.

📍Chicago High School for Agricultural Sciences | William E. Hook
Hands-on agricultural learning is thriving in the heart of the city at Chicago Ag. Students are actively raising six new steers, training them for competition at the IL Beef Expo and for sale at local restaurants. The Chicago Ag Cattle Club continues to grow, demonstrating the students’ dedication and resilience as they care for their livestock daily, even in the cold.

📍Fulton Elementary School | Dr. Elwanda Butler
Fulton is fostering powerful partnerships between educators and the students they serve. Ms. Kumar, a veteran teacher, and Ms. Polanco, a first-year teacher from the Dominican Republic, are working closely with AP Coleman and Principal Dr. Butler. Together, they are building a supportive, collaborative culture that drives student success and boosts morale across the school.

📍Jordan Community School | Dr. Christopher Graves, Ed. D., CSBO
Jordan is a place where 30+ languages are spoken every day. The team has worked hard to deepen relationships, enhance classroom connections, and bridge language and culture gaps. They’re seeing real results. This year, student survey responses improved in all seven categories surveyed. Chronic absenteeism - the percentage of students who miss 18 or more days of school - dropped by 59% in two years. That means many more students are in class daily and experiencing the best of what the school offers while learning from and with their peers.

📍Sherman School of Excellence | Dr. Regina M. Roberts
The Sherman team engages the community and deepens connections with students and families.
▪️Basketball champions: Students are leading with excellence in and beyond the classroom. The boys’ basketball team remains undefeated for the third consecutive year, inspiring pride and unity.
▪️Family engagement: The team at Sherman brings the broader community together for monthly events to share meals and crafts while fostering strong relationships and celebrating shared success.

💬 What’s something good happening in your community this week?",,"","","","","","","","","40","40","40","","","","","","","0","","","","","","","","","","","","","","","","","","","","","","","","","","","","","","","","","","","","","","","","","","",""
"5/6/2026 1:15 pm","7457855472847626240","LinkedIn","Post","Photo","Heather Y. Anichini"," ","https://linkedin.com/feed/update/urn:li:ugcPost:7457855472847626240","This morning’s American Red Cross 24th Annual Heroes Breakfast was a powerful reminder of Chicago at its best.

The room was filled with people who show up for others every day: health care workers, first responders, advocates, neighbors, and community leaders whose impact often goes unnoticed. 

The stories shared were deeply human, grounded in courage, compassion, and service. I left feeling both grateful and inspired.

I was especially honored to be there celebrating the Malott Family Foundation, this year’s Heritage Award recipient. The Malott Family Foundation was honored for a long-standing commitment to helping others prevent, prepare for, and respond to emergencies in Chicago, across the country, and around the world.

For all of us at The Chicago Public Education Fund, this recognition feels personal. Barbara Malott Kizziah and her family have been steadfast partners in our work for more than two decades. Their belief in Chicago’s educators helped create the Malott Educator Fellowship. 

Each week, we share a #MalottMonday spotlight that captures the impact of their investment through the stories of school leaders across Chicago. The stories are worth reading: https://lnkd.in/gc-KUyZT

Proud to have been in the room this morning. And deeply grateful to the Malott family for helping so many of us show up for each other. ❤️ 

American Red Cross of Illinois #RedCrossHeroes",,"1,170","1,170","","781","","","","3.33%","39","37","37","","","","","","","2","0","","","","","","","","","","","","","","","","","","","","","","","","","","","","","","","","","","","","","","","","","",""
"2/13/2026 3:21 pm","7428186662339284992","LinkedIn","Post","Text","Heather Y. Anichini"," ","https://linkedin.com/feed/update/urn:li:share:7428186662339284992","This week, I joined leaders from across the country at the PIE Network Executive Directors Conference. I’m leaving energized and clear about what this moment requires of us. A few common themes stood out:

1. Students are the center.
Across states and cities, we’re facing real headwinds, including enrollment shifts, political complexity, and fiscal constraints. And still, the focus remains the same: students. The leaders in that room are pushing for meaningful change while staying grounded in the humanity and needs of the communities they serve.

2. Leadership is the lever.
Again and again, the conversation came back to people. Systems change when leaders are supported, challenged, and equipped to execute. Investing in strong, values-driven leadership isn’t ancillary work; it’s the core strategy.

3. Vision without execution isn’t enough.
Bold ideas matter. But so do operational discipline, aligned governance, measurable outcomes, and real accountability. The organizations making progress are pairing big bets with strong follow-through.

4. Partnership is not optional.
No single organization can move complex public systems alone. Progress requires trust, coalition-building, and a willingness to align around shared outcomes, even when approaches differ.

At The Fund, our mission is to strengthen public education by supporting the leaders and innovations that help students thrive. The conversations at PIE reinforced that this work — investing in principals, building capacity, and shaping the conditions for strong governance — is both urgent and deeply worthwhile.

I’m returning to Chicago with renewed clarity and energy for the work ahead and with gratitude for being part of a national network committed to expanding opportunity for young people.

#PublicEducation #EducationLeadership #EducationalEquity #PIENetwork #NonprofitLeadership #SystemsChange #StudentSuccess #ChicagoPublicEducationFund
",,"1,593","1,593","","1,058","","","","2.45%","39","38","38","","","","","","","1","0","","","","","","","","","","","","","","","","","","","","","","","","","","","","","","","","","","","","","","","","","",""
"1/8/2026 11:22 am","7415080386541637634","LinkedIn","Post","Text","Heather Y. Anichini"," ","https://linkedin.com/feed/update/urn:li:share:7415080386541637634","At the end of December, two important decisions were made, both of which impact Chicago Public Schools and its FY26 budget.

First, the City of Chicago adopted its 2026 budget, which includes a record $1.01 billion Tax Increment Financing (TIF) surplus that must be distributed to local taxing bodies. Under that plan, CPS will receive approximately $552.4 million—about $193 million more than originally budgeted for in CPS’s FY26 forecast.

Of that amount, approximately $175 million will be reimbursed to the City for a portion of the Municipal Employees’ Annuity and Benefit Fund (MEABF) pension costs associated with CPS non-teaching staff. 

The confirmed surplus helps CPS maintain stability in a year that began with a projected $734 million deficit. But as always, TIF revenue is one-time and unpredictable. And with the City signaling a move away from TIFs, CPS will need more reliable, long-term funding solutions in the years ahead.

Second, the Chicago Board of Education voted 15–5 to pass a resolution allowing Chicago Public Schools to pursue up to $41M in additional property tax revenue.

This option is available because property values grew faster than expected, and the revenue would support CPS’s operating budget, pension obligations, and special education transportation.

What stood out in the December CBOE meeting was the quality of the discussion. Board members grappled openly with two competing imperatives: managing costs responsibly and ensuring schools are fully funded. Those goals are aligned in theory, but deeply challenging to balance in practice, given the district’s financial reality.

In the end, the Board voted in favor of the increase, while offering substantial material for continued discussion and debate about long-term revenue options and structural cost savings. These conversations will overlap with TIF discussions at the City and with ongoing state-level debates.

Actively grappling with these questions and tensions is a healthy sign—especially given that initial decisions on the FY27 CPS budget, where the gap may be as much as $500 million, need to be made soon.

More to come as that planning gets underway.",,"","","","","","","","","39","37","37","","","","","","","2","","","","","","","","","","","","","","","","","","","","","","","","","","","","","","","","","","","","","","","","","","",""
"9/26/2025 2:16 pm","7377420914285543425","LinkedIn","Post","Photo","Heather Y. Anichini"," ","https://linkedin.com/feed/update/urn:li:ugcPost:7377420914285543425","Amid a week packed with too many meetings and long hours, it was refreshing to pause and return to the why.

It was so fun to join Barry Tyler Jr. at Alexander Graham Elementary’s Fall Fest—a joyful reminder of what matters most: students, families, and the dedicated leaders who show up for them every day.

In deep collaboration with her staff and school community, Principal Deivi Aguilar—first-year Malott Fellow and valued member of our Educator Advisory Committee—launched this tradition to celebrate the return to school, offer families outdoor fun, and strengthen community connections. 

Now in its fourth year, the Fall Fest has grown into a vibrant celebration with food and music, carnival games, an interactive bubble show, a petting zoo, a vendor and resource fair, and of course—a pumpkin giveaway! 🎃

Principal Aguilar is building something special at Graham. From parent involvement to teacher collaboration, instructional quality to student engagement, the growth is clear—and the energy, community, and care were on full display.

Grateful for the chance to celebrate Alexander Graham Elementary and continue supporting leaders doing the work that matters most.",,"","","","","","","","","39","39","39","","","","","","","0","","","","","","","","","","","","","","","","","","","","","","","","","","","","","","","","","","","","","","","","","","",""
"1/19/2025 3:57 pm","7286864367302647813","LinkedIn","Post","Text","Heather Y. Anichini"," ","https://linkedin.com/feed/update/urn:li:share:7286864367302647813","Whenever people ask me why I am excited about Chicago's schools, it always comes down to the remarkable leaders in them. Melissa Zaikos and the team at Intrinsic Schools are an important piece of that story. They are hiring a new principal for their downtown campus. Check out the job description below.
 🔽 🔽 🔽 ",,"","","","","","","","","39","39","39","","","","","","","0","","","","","","","","","","","","","","","","","","","","","","","","","","","","","","","","","","","","","","","","","","",""
"6/26/2025 3:53 pm","7344105519055323136","LinkedIn","Post","Text","Heather Y. Anichini"," ","https://linkedin.com/feed/update/urn:li:share:7344105519055323136","Yesterday, I wrote about the potential impact of additional Chicago Public Schools budget cuts on elementary schools by highlighting what that might look like for Disney. Today, let’s look at what could happen in a large, neighborhood high school.

🏫 Kenwood Academy is CPS’ fourth-largest school:
	▪️It serves 2,000+ students
	▪️Its student body is 83% Black and 57% “economically disadvantaged”
    ▪️It has a 90% four-year graduation rate and 70% college-enrollment rate, both above the Illinois average

In FY25:
✅ Kenwood received 109 core teacher positions	
✅ It received $3.8M in discretionary funding and hired 21 additional staff positions (e.g., assistant principals)

For FY26:
	✅ Kenwood received 106 core teacher positions (-3 FTE)
	✅ It received $3.5M in discretionary funding (-$300K)

As we saw with Disney yesterday, this is nearly flat, but somewhat lower. Like Principal Paul Riskus, EdD and colleagues citywide, Kenwood Principal Karen Calloway and her team had to make difficult tradeoffs and reductions to make the initial numbers work.

But, what happens if things get worse?

To recap, CPS’ current budget assumes $300M from the city. If it doesn’t get that, schools will need to make more cuts.

For Kenwood, this could mean:
▪️ Discretionary funding reduced by one-third → $1.2M
  ✂️ Loss of 8 to 10 staff members, as well as some student-supporting programming (e.g. clubs or activities)
  ✂️ Increase student-teacher ratio by 1 → Loss of five additional teacher positions, and the need to rework the master schedule for all 2,200 students 

Overall, finding an additional $300M in savings for CPS would cost Kenwood up to 13 positions. That’s 9% of its staff (excluding special education) at a time when Kenwood students (and all young people) need - and deserve - our full support.

Citywide, high schools could lose:
✂️ 408 teacher positions
✂️ $38M in discretionary funds → another 300+ teacher positions

If we want to keep building on the success of our schools like Kenwood, we need to protect their resources. I’ll explore some options for doing so as we move toward the expected FY26 budget approval in August.",,"","","","","","","","","37","31","31","","","","","","","6","","","","","","","","","","","","","","","","","","","","","","","","","","","","","","","","","","","","","","","","","","","CPS Budget 2025"
"6/4/2025 5:43 am","7335979463316279296","LinkedIn","Post","Photo","Heather Y. Anichini"," ","https://linkedin.com/feed/update/urn:li:ugcPost:7335979463316279296","On May 31, school leaders, students, and community members gathered to reflect on where our schools are thriving and where there is room for growth.

👏 What stood out most was the JOY people can experience in schools — teachers who inspire, principals who shape culture, students who are deeply engaged in their learning. 

We heard a clear call for predictable, adequate funding to sustain the experiences driving that joy and to build on what's already working. We discussed the need for:

📚 More access to physical books—and less screen time 
(as a mom, I loved hearing young people ask for this one)
🎨 Expanded fine arts and trades programs
🛡️ Safe, reliable transportation and Safe Passage routes
🏫Ongoing investment in educators, especially those rooted in their communities

The conversation was prompted by CPS’ search for a new CEO. Throughout the discussion, I heard a desire for a leader who believes in the power of Chicago’s students and educators and who can deliver the resources to meet local needs.

The message was clear: Chicago wants a leader who listens, leads with heart, and who will put students first.

At The Chicago Public Education Fund, we believe students and educators know what they need. We’re committed to working with CPS, the Board of Education, and principals across the city to keep those voices at the center.
Let’s keep listening—and keep building.

H/t to all those who made the day possible: The conversation was hosted by the team at Chicago State University, led by Board members Che Rhymefest Smith and Therese Boyle, and supported by Monica Santana Rosen and Bridget Lee. Our team was proud to be part of the dialogue in the room.",,"","","","","","","","","37","37","37","","","","","","","0","","","","","","","","","","","","","","","","","","","","","","","","","","","","","","","","","","","","","","","","","","",""
"3/2/2026 1:54 pm","7434325186268569601","LinkedIn","Post","Photo","Heather Y. Anichini"," ","https://linkedin.com/feed/update/urn:li:ugcPost:7434325186268569601","If, like me, you’re starting this week carrying some of the weight of the world, I want to share a few moments that stayed with me from last Friday.

To close out Black History Month, I had the opportunity to visit Haines Elementary School in the heart of Chinatown, led by Principal C. Amy Moy-Davis. Across grade levels, students were studying the legacies of Black leaders in American history and reflecting on the ongoing impact of Black leadership in Chicago and across our country.

I saw students asking hard questions, taking notes, and making connections between the past and the present.

Experiences like these don’t happen by accident. They are the result of intentional leadership, thoughtful instructional planning, and school environments that give educators the autonomy and support to meet students where they are.

At a time when debates over curriculum, funding, and governance are shaping the future of public education in Chicago, it is worth remembering that policy decisions play out in classrooms every day. They show up in what students learn, how they see themselves, and whether they feel a sense of belonging in their school community.

I’m grateful to begin the week reminded that strong school leadership is not an abstract priority. It is a daily investment in students’ ability to understand the world around them and their place within it.",,"1,230","1,230","","705","","","","2.93%","36","35","35","","","","","","","1","0","","","","","","","","","","","","","","","","","","","","","","","","","","","","","","","","","","","","","","","","","",""
"9/17/2025 5:01 pm","7374200792616128512","LinkedIn","Post","Photo","Heather Y. Anichini"," ","https://linkedin.com/feed/update/urn:li:ugcPost:7374200792616128512","🌟 26 aspiring leaders. 1 year of growth. A lifetime of impact. 🌟

Last night, I joined The Chicago Public Education Fund’s very own E.J. Dubinsky to welcome the 2025–26 Leadership Bridge cohort. The cohort includes 26 educators from schools across the city; each of them is preparing to take on a principal role within the next three years.

Through coaching, collaboration, and intentional development, they will gain the tools to serve Chicago’s students with excellence.

Grateful to our partners New Leaders Chicago and University of Illinois Chicago — and to these dedicated educators for leading in new ways. The future of our schools is brighter because of you.",,"","","","","","","","","36","36","36","","","","","","","0","","","","","","","","","","","","","","","","","","","","","","","","","","","","","","","","","","","","","","","","","","",""
"5/30/2025 4:17 pm","7334327216463380480","LinkedIn","Post","Text","Heather Y. Anichini"," ","https://linkedin.com/feed/update/urn:li:share:7334327216463380480","As I previously shared, Chicago Public Schools (CPS) is currently conducting community conversations focused on the Superintendent (CEO) search in collaboration with Alma Advisory Group and Academy for Local Leadership. Our team has been involved in this process, both by attending these public conversations (10 so far!) and creating opportunities for school leaders to share their specific viewpoints on this process.

Yesterday, in collaboration with the Alma Advisory Group, our team convened a stakeholder conversation with our Educator Advisor Committee, a group of over 30 school leaders that meets throughout the school year to provide feedback on our work.

EAC members offered feedback that largely aligned with the findings of a poll The Chicago Public Education Fund conducted last month. Some of the topics in common to both groups included:

Our poll showed that 73% of voters want to be involved in the leadership search. Similarly, EAC members shared their appreciation for having an opportunity to share their perspectives during the search, and for the effort current CEO Pedro Martinez has shown to engage with and listen to school leaders during his tenure.

In our poll, a majority of respondents wanted the next CEO to have:

▪️ A strong understanding and commitment to student learning and development (68%)
▪️ A proven track record of improved student outcomes (58%)
▪️ Experience balancing a large, complicated budget (55%)

Comments from the EAC also underscored the importance of having an understanding of education and finances.

EAC members believe it’s important that the new CEO understands that schools are diverse and serve diverse communities, and accounts for these nuances while planning and implementing districtwide strategies. Chicagoans share this understanding and believe principals need to retain the authority to make decisions around their schools’ staff (84%), budget (75%), and programming (87%). 

As these community conversations continue, it is important to make direct connections between what the public wants in CPS’s new leadership and what educators and school leaders need as well. Local decision-making and flexibility have played a significant role in CPS’s growth and improvement. Our next leader must continue to strengthen the conditions to increase the number of strong leaders in CPS by meeting them where they are, accelerating their growth, and enabling their retention.",,"","","","","","","","","36","36","36","","","","","","","0","","","","","","","","","","","","","","","","","","","","","","","","","","","","","","","","","","","","","","","","","","","CPS Budget 2025"
"12/31/2025 4:39 pm","7412261119593000960","LinkedIn","Post","Video","Heather Y. Anichini"," ","https://linkedin.com/feed/update/urn:li:ugcPost:7412261119593000960","As we wrap up 2025, I’m filled with gratitude for our partners, donors, and, especially, Chicago’s school leaders. Their steady commitment carried us through a year that was both disruptive and defining for public education, here in Chicago and beyond.

Uncertainty showed up everywhere. Leadership transitions, policy shifts, and funding pressures created real challenges for schools and too often pulled focus away from learning.

And yet, one thing remained constant: the power of strong principals. They show up every day to create safe, supportive, and effective learning environments for the young people and educators in their communities.

For 25 years, The Chicago Public Education Fund has believed that leadership is a catalyst for change. In 2025, we were proud to lift the stories of school leaders who kept students at the center, even amid a noisy, unsettled landscape.

Looking ahead to 2026, our focus remains clear: strengthening school leadership and deepening collaboration across the sector. The momentum behind Chicago Leads, including reaching the $50M milestone, gives us confidence in what’s possible.

Thank you for your partnership and your belief in Chicago’s students. I’m looking forward to the work ahead and to continuing it together.",,"","","","","","","","","35","34","34","","","","","","","1","","","","","","","","","","","","","","","","","","","","","","","","","","","","","","","","","","","","","","","","","","",""
"4/21/2025 10:00 am","7320065449038082048","LinkedIn","Post","Document","Heather Y. Anichini"," ","https://linkedin.com/feed/update/urn:li:ugcPost:7320065449038082048","💬 Chicago Public Schools is projecting a $529M deficit for the 2026 fiscal year (FY26), and there are no easy solutions.

Let’s break down the numbers — and why this matters for our schools, students, and city...

🔹 What’s Driving the Gap?
➕ Revenue growth (mostly property taxes and state funding): +$310M
That's $529M less than revenue loss and cost increases. The details:
➖ One-time funding losses, including federal COVID-19 funds ending: -$355M
➖ Expense growth (including $250M for new union contracts): -$484M

The math: even after growing revenue, CPS is still facing a significant shortfall.

💲 Consider this: 
Even if CPS cut all expenses except those already in schools and its pension obligations, it would only save about $300M. Cuts would reach classrooms anyway, making teaching harder and learning slower, while eliminating operational supports that communities need.

🔸 And the deficit could get worse:
$175M city pension reimbursement not yet included in these assumptions
Potential cuts to Title I, school meals, and Medicaid funding
Reliance on $300M in TIF funds — if that drops, the gap widens.

⁉️  How Can CPS Close the Gap?
Make deep cuts, which are disruptive and ultimately limit student growth.
Raise more revenue, which is tough in an environment where state funding is tight and federal funding is unpredictable.

💡 The most likely near-term help? Another TIF surplus commitment from the City of Chicago. CPS received $298M in FY25 — an increase over the prior year — and another boost could make the FY26 budget work.

Stay tuned for additional ideas and more details later this week. ",,"","","","","","","","","35","32","32","","","","","","","3","","","","","","","","","","","","","","","","","","","","","","","","","","","","","","","","","","","","","","","","","","","CPS Budget 2025"
"4/3/2024 1:55 pm","7181350318348099584","LinkedIn","Post","Photo","Heather Y. Anichini"," ","https://linkedin.com/feed/update/urn:li:share:7181350318348099584","Every member of The Fund team serves as a PLC buddy, supporting the leaders of our Professional Learning Communities in their work. I love this aspect of my job because I ALWAYS learn something new and leave sessions inspired to improve. This year, I've been honored to support John Fitzpatrick and Maureen Komperda in their work with Assistant Principals. Their conversations have made it very clear that #CPSRunsonAPs. Shout out to the team at Locke for hosting today and to Daisy Lopez, Erika Moratilla-Padilla, Edna Mercado, Lisa Walmire, and Marci Haynes for their incredible work every day. Thanks, too, to Mariel Laureano for bringing her ""principal ears"" to every conversation and supporting the learning today. ",,"","","","","","","","","35","35","35","","","","","","","0","","","","","","","","","","","","","","","","","","","","","","","","","","","","","","","","","","","","","","","","","","",""
"5/30/2024 7:04 pm","7202097635980177408","LinkedIn","Post","Photo","Heather Y. Anichini"," ","https://linkedin.com/feed/update/urn:li:share:7202097635980177408","One of The Fund’s values is solutions-orientation. Nothing inspires that more than the leaders we serve. At the end of the school year and after a long day, this group gathered to close out our year in community. They surfaced AND offered solutions for staffing challenges, with their own needs and those of students across the city in mind. Their creativity and persistence are incredible to witness every time. #PrincipalPrideChi and values-based leadership in action!",,"","","","","","","","","34","34","34","","","","","","","0","","","","","","","","","","","","","","","","","","","","","","","","","","","","","","","","","","","","","","","","","","",""
"4/9/2024 10:00 am","7183478839669350400","LinkedIn","Post","Link","Heather Y. Anichini"," ","https://linkedin.com/feed/update/urn:li:share:7183478839669350400","From April 1-5, we celebrated Assistant Principal (AP) Appreciation Week at The Chicago Public Education Fund. Throughout the week, I reflected on the importance of principals supporting their APs. That part of #leadership - coaching and mentoring - must be discussed more. 

It takes work to do well. I have been lucky to serve as a Professional Learning Community (PLC) buddy to a group of principals from whom I have learned much.

Carolyn Eggert, Fernando Kim, John Fitzpatrick, Dr. Olimpia Bahena, Charles Anderson, and Nicole Spicer have all navigated the ups and downs of leadership by learning out loud with their peers. 
✔ Many supported long-term partners in the AP role (or as co-principals!). 
✔ Others supported pipeline development through residencies and APs who moved on to principal roles. 
✔ Still, others have seen unexpected churn and - dare I say it - had to #pivot.
 
In all cases, I have seen three patterns I try to emulate in my leadership:

1️⃣ They are clear on the strengths their APs bring.
Strong leaders identify where their APs can shine most brightly and elevate their leadership. Maybe they are exceptional with the community and take on Local School Council (LSC) relationships. Perhaps they are passionate about students earning college credits in high school, and they channel that energy to expand Advanced Placement or International Baccalaureate programs. The PLC I'm buddied with this year - led by John Fitzpatrick and Maureen Komperda - provides remarkable insight into the importance of a leader who identifies and leverages AP strengths.

2️⃣ They are all willing to ""give up"" something if it means their AP gains.
Principal Homero Peñuelas, Ed.D leads five APs at Curie. He recognizes his APs’ talents, interests, and unique perspectives. He empowers them to lead in specific areas - even those sometimes reserved for the principal - because he believes in the interest of learning and growth. (Just check out some of the programs his APs have created! https://bit.ly/49iT6fY)

3️⃣ They keep kids first and ""let go"" when that's what's right.
Our best principals recognize when an AP is ready to become a principal. If the leaders are staying in place, they work to help the AP find a role at a school where their strengths can continue to shine. If the leader is ready to retire, they prioritize succession planning and prepare their AP to assume the principalship.
 
I am not as good at ANY of this as I want. One of the best parts of my job is continuing to have such remarkable examples from which to learn. 

Another advantage is the talented people who come through our team. While I make mistakes, I know I have made a difference for some of my colleagues. And, when I am at my best, I know I am building on their strengths, ensuring they can shine, and letting go when it's time. 

#ChicagoRunsonAPs and most of our organizations run on the leaders we mentor and support. I aim to keep getting better by listening and learning from Chicago's best.","https://bit.ly/49iT6fY","","","","","","","","","34","31","31","","","","","","","3","","","","","","","","","","","","","","","","","","","","","","","","","","","","","","","","","","","","","","","","","","",""
"5/14/2025 1:51 pm","7328492056958455808","LinkedIn","Post","Text","Heather Y. Anichini"," ","https://linkedin.com/feed/update/urn:li:ugcPost:7328492056958455808","Mariel Laureano spoke today to emphasize the need for a transparent and flexible budget process and to highlight the support we will provide to principals, Local School Councils, and their teams. ⬇️ 
",,"","","","","","","","","33","32","32","","","","","","","1","","","","","","","","","","","","","","","","","","","","","","","","","","","","","","","","","","","","","","","","","","","CPS Budget 2025"
"3/19/2025 7:08 am","7308097097000448000","LinkedIn","Post","Text","Heather Y. Anichini"," ","https://linkedin.com/feed/update/urn:li:share:7308097097000448000","I have been reading a lot (and writing a little) about the budget decisions facing the Chicago Board of Education and the CPS leadership team. Their choices will impact students, teachers, principals, and communities today and in the future. This piece is an essential read for those trying to understand the stakes.",,"","","","","","","","","33","32","32","","","","","","","1","","","","","","","","","","","","","","","","","","","","","","","","","","","","","","","","","","","","","","","","","","","CPS Budget 2025"
"12/29/2025 9:21 am","7411426176772153345","LinkedIn","Post","Link","Heather Y. Anichini"," ","https://linkedin.com/feed/update/urn:li:share:7411426176772153345","Today the Chicago Board of Education will hold a special meeting to consider whether to pursue additional revenue related to property taxes.

A few basics, in plain terms:

Why is $41M “available” now?
Earlier this year, CPS set its property tax levy below the maximum allowed under state law. 

The final 2024 Estimated Assessed Value for the City of Chicago had not yet been published, and the amount of new property in Chicago was higher than expected. 

As a result, the district now has the legal option, not the obligation, to levy up to $41 million more than originally planned. 

Of this $41M:
- Around $24M would be part of the education levy, to support the district’s overall operating budget;
- Around $11M would go to the district’s pension levy, to pay costs related to the Chicago Teacher’s Pension Fund; and
- Around $6M would go to cover costs related to special education transportation.

What choices does the Board have? 

At least two:
1️⃣Leave the levy as-is and not pursue the additional $41M
2️⃣Approve some or all of the $41M in additional property tax revenue

In any case, the FY26 levy must be finalized by December 29.

None of these choices is simple, and each carries real implications for taxpayers, schools, and long-term stability.

Why does this matter in the bigger picture?

CPS is facing an operating deficit of over $500 million in FY27. In that context, $41M is not a solution—but it is also not insignificant. It represents about 8% of the projected gap, and is the equivalent of ~360 teaching positions. 

Decisions like this signal how the district and Board are thinking about closing a much larger structural shortfall; signals the city and state will be monitoring closely.

This meeting is less about one revenue line and more about how CPS navigates hard fiscal realities: balancing stability for schools, transparency for taxpayers, and the urgency of long-term planning.

Chicago’s students, educators, and communities deserve clear-eyed conversations about tradeoffs—especially when the numbers are this large and the stakes this high. 

You can watch the Chicago Board of Education meeting, which starts at 10:30 AM, live on the CPS YouTube channel: https://lnkd.in/gpWZMYkT","https://www.youtube.com/@ChiPubSchools/streams","","","","","","","","","32","31","31","","","","","","","1","","","","","","","","","","","","","","","","","","","","","","","","","","","","","","","","","","","","","","","","","","",""
"10/3/2025 12:08 pm","7379925287343423488","LinkedIn","Post","Photo","Heather Y. Anichini"," ","https://linkedin.com/feed/update/urn:li:share:7379925287343423488","This week, Advance Illinois released the 2025 edition of The State We’re In at the City Club of Chicago.

The report provides a holistic view of Illinois’ education system, spanning from birth through postsecondary education, tracking years of funding, staffing, and student performance data to highlight progress and persistent challenges. This report continues to reinforce the importance of collecting, analyzing, and transparently sharing data as a means to align resources and set effective strategies. A few things jumped out for me:

🏫CPS principals are outpacing the rest of the state on 5Essentials performance, reflected in strong or strongest implementation of Effective Leaders. Roughly 27% of schools in CPS are reaching this mark, compared to 22% across the state.

↔️Although there have been some gains in specific academic areas, the overall achievement gap in Illinois has widened over the past 5 years for students from low-income households, students of color, English learners, and students with disabilities. 

💰 Illinois now ranks 18th (previously ranked 47th in 2008) among the states in education spending per student. While overall educational funding has increased, spending in specific priority areas remains inadequate. We rank 26th in state-funded preschool and 46th in public university and community college funding.

📊The state continues to experience challenges in academic growth and proficiency from 3rd to 8th grade, as only one-third of students meet national benchmarks in reading and math by 4th, 8th, and 11th grades. Overall, Illinois students are now getting less than one year of learning for a year of school over the five years between 3rd and 8th grade.

At the release event, a dynamic panel facilitated by Julie Morita and featuring the Honorable Kimberly A. Lightford, Linda Xochitl Tortolero, and Steven Isoye shared key findings and discussed what advocacy, policy, and philanthropic efforts it will take to ensure Illinois is one of the best places to raise children, attend school, and pursue college.

The Chicago Public Education Fund team was joined by some of our own special guests, including Chicago Public Schools board members Carlos Rivas, Jessica Biggs, and Michilla Johnson Blaise, and Fund board members Auyana Orr, MPP and Lauren Patnaude.

👏 We remain grateful for the work of Advance Illinois and their continued attention to data access and transparency as they focus on building strong pathways for every learner in Chicago and across the state.",,"","","","","","","","","31","31","31","","","","","","","0","","","","","","","","","","","","","","","","","","","","","","","","","","","","","","","","","","","","","","","","","","",""
"9/23/2025 3:49 pm","7376357003608190976","LinkedIn","Post","Text","Heather Y. Anichini"," ","https://linkedin.com/feed/update/urn:li:share:7376357003608190976","📊 September and October always bring a flood of insight into how our public schools are doing. From graduation rates to enrollment numbers, this is the season when the data tells a story. We are committed to unpacking it with you.

Last week’s data release by the U.S. Department of Education is a good place to start. On the Nation’s Report Card for 12th graders:
➖ Math scores fell 3 points since 2019 (6 points since their 2013 peak)
📉 Reading scores fell 3 points since 2019 (4 points since their 2015 peak)
⚖️ Students at the top held steady, but those already struggling lost the most ground

The national picture is clear: achievement gaps are widening.

One limitation: this data doesn’t include state or district breakouts. That’s why the next few weeks matter so much. Chicago Public Schools (CPS) will release new assessment data soon, and historically, Chicago students have outpaced national trends in learning growth. Encouragingly, eighth-grade NAEP reading scores are climbing again, led by Black and Latino/a/x students.

Here’s the complicating factor: early reports suggest CPS enrollment dropped by 12,000 students this year. That means we need to look at both how many students our schools are serving and how well they are learning.

Whatever the data shows, two things are certain:
 1️⃣ My team and I will break down what it means—for our students, our schools, and our city.
 2️⃣ Strong principals will lead the response.",,"","","","","","","","","31","30","30","","","","","","","1","","","","","","","","","","","","","","","","","","","","","","","","","","","","","","","","","","","","","","","","","","",""
"5/17/2025 4:56 pm","7329625914135269376","LinkedIn","Post","Photo","Heather Y. Anichini"," ","https://linkedin.com/feed/update/urn:li:ugcPost:7329625914135269376","A beautiful (and very full!) day for learning and leadership in Chicago.

From the Cahn Fellowship alumni conference, to affinity work led by the Latino Leadership Pipeline, to budget office hours with Femi Skanes, Ed.D., to community conversations… today was remarkable and inspiring to witness.

(The photo was on my walk from one place to another.)

Grateful to the team at The Chicago Public Education Fund, especially Elisabethe Ocon Calderon, Jennifer Cervantes, and Barry Tyler Jr., who showed up in all the places today, and for the generosity and commitment of all our partners in the work. 

It takes a city to power our shared purpose and today was an example of where we can go when we go together.",,"","","","","","","","","31","30","30","","","","","","","1","","","","","","","","","","","","","","","","","","","","","","","","","","","","","","","","","","","","","","","","","","",""
"2/6/2025 10:15 am","7293243912922480640","LinkedIn","Post","Photo","Heather Y. Anichini"," ","https://linkedin.com/feed/update/urn:li:share:7293243912922480640","Yesterday, I caught up with Dr. Kendra Washington-Bass. Her leadership has inspired me for nearly two decades, so it was a joy to hear about her new book, Unwrapped, and her entrepreneurial work with The Lucy Leadership Project. 

The book is a deeply personal and radically researched love letter to the work of leadership as a woman. I couldn't put it down! If you want to learn more, Kendra and her co-author, Kelly Peaks Horner, are hosting a webinar next Tuesday. 

It's worth pausing your day for an unwrapped conversation with them! (Link to the event in comments.)",,"","","","","","","","","31","26","26","","","","","","","5","","","","","","","","","","","","","","","","","","","","","","","","","","","","","","","","","","","","","","","","","","",""
"4/22/2026 6:00 am","7452559094646849536","LinkedIn","Post","Document","Heather Y. Anichini"," ","https://linkedin.com/feed/update/urn:li:ugcPost:7452559094646849536","FY27 Revenue Explainer #1: Federal Funding 
It's budget season in CPS, and this space will be full of fiscal news you can use.

Starting this week: the revenue side of the equation. Most school systems draw from three sources: federal, state, and local. We'll take them one at a time. 

Up first: federal funding.

Federal dollars have never been the primary driver of school funding in the U.S. But for specific students and programs, they are essential.

CPS can expect roughly $900M in federal support in FY27, largely flat from the prior year, and about 9% of an estimated $10.25B total budget.

The largest federal streams for CPS in FY27 are:
◾ $487M: Every Student Succeeds Act (ESSA); also known as “title dollars,” this revenue is designed to supplement local and state funding for districts serving low-income families
◾ $214M: Child nutrition programs
◾ $115M: IDEA: services for students with disabilities

Congress recently extended level funding across these programs. 

These dollars are more stable than headlines suggest, but not immune to fluctuations that impact schools and young people.

Smaller, discretionary grants within the larger allocations are more exposed. Last year, CPS lost a $23M magnet school grant with little warning. Those kinds of changes can happen mid-year, without replacement.

BOTTOM LINE: For CPS and other systems nationwide, federal contributions are likely to remain flat, with some exposure to sudden shifts around the edges. In SY27, the federal contribution won’t meaningfully close structural gaps, and small mid-year shifts could have an outsized impact. 

📌 Next: state funding – the most important lever for long-term stability.",,"1,480","1,480","","993","","","","2.03%","30","28","28","","","","","","","1","1","","","","","","","","","","","","","","","","","","","","","","","","","","","","","","","","","","","","","","","","","","CPS Budget 2026"
"5/19/2025 4:43 pm","7330347313145569280","LinkedIn","Post","Photo","Heather Y. Anichini"," ","https://linkedin.com/feed/update/urn:li:ugcPost:7330347313145569280","Principals and Local School Councils (LSCs) are in the middle of one of the most complex budget seasons since 2017.

For 60% of current Chicago Public Schools (CPS) principals, this is their first experience managing through a “flat” or “deficit” budget scenario.
As Mariel Laureano highlighted last week, our school communities need three things: clear insight into trade-offs, time to plan, and support to communicate.

Here’s what we know:
🔹 There are multiple potential scenarios.
Projections for CPS’ FY26 deficit range from $229M to over $1B. The budgets released last week were anchored in the lowest range and assume the district secures $300M in new revenue over FY25. They also assume that CPS does not reimburse the city for non-teacher pension costs (MEABF). The graphic shows how any change in those assumptions shifts the budget scenario.

🔹 School budgets will vary.
Even in a relatively flat funding scenario, many schools — especially those facing enrollment changes — may have to make hard choices. If new revenue doesn’t materialize, additional cuts may follow this summer.

🔹 Flexibility is key.
Principals and their teams know their communities best and must be trusted to make the right trade-offs. One indicator to watch: In FY25, 59 allocated positions were converted into flexible dollars at the school level. That number may grow this year.

At The Chicago Public Education Fund, we’re working closely with our partners to equip school leaders with tools, resources, and time — especially as they prepare for the June 5 budget submission deadline. 🗓️

Our first office hours opportunity this weekend allowed leaders the time to work with one another and local experts as they considered options moving forward. Shout out to Jennifer Cervantes, Femi Skanes, Ed.D., and Stacy Stewart for their support in making it happen.",,"","","","","","","","","30","30","30","","","","","","","0","","","","","","","","","","","","","","","","","","","","","","","","","","","","","","","","","","","","","","","","","","","CPS Budget 2025"
"1/14/2025 10:55 am","7284976358487703552","LinkedIn","Post","Photo","Heather Y. Anichini"," ","https://linkedin.com/feed/update/urn:li:ugcPost:7284976358487703552","It was a joy to be with our Malott Fellows, our University of Illinois Chicago partners, and the Wise Leadership Consulting team this morning.",,"","","","","","","","","30","30","30","","","","","","","0","","","","","","","","","","","","","","","","","","","","","","","","","","","","","","","","","","","","","","","","","","",""
"5/24/2024 3:53 pm","7199875078723964928","LinkedIn","Post","Photo","Heather Y. Anichini"," ","https://linkedin.com/feed/update/urn:li:share:7199875078723964928","Congratulations to Deputy Chief of Schools —Network 13 José Torres of Chicago Public Schools and the second cohort of the MCEL (Men of Color in Educational Leadership) National Leadership Institute fellowship. I am excited to watch your leadership development!",,"","","","","","","","","30","28","28","","","","","","","2","","","","","","","","","","","","","","","","","","","","","","","","","","","","","","","","","","","","","","","","","","",""
"4/23/2025 11:00 am","7320839046262321152","LinkedIn","Post","Text","Heather Y. Anichini"," ","https://linkedin.com/feed/update/urn:li:share:7320839046262321152","Earlier this week, I shared updates about the $529 million budget gap facing Chicago Public Schools in 2026. 

There’s no easy fix—but one potential source of revenue worth discussing is Tax Increment Financing (TIF). Let’s explore what that means.

🙋 What is a TIF?
It’s a tool a city can use when it decides to invest in development in a particular community. To do so, it freezes property tax revenue for schools and other local bodies at the current rate. As the neighborhood grows and tax revenue increases, the extra money is banked to fund payments for the original development and help build new amenities, such as roads or parks, within the same neighborhood. 

⁉️How does TIF work in Chicago?
Chicago has been using TIFs since 1983 and has 136 of these areas, according to the latest count. TIFs are intended to remain active for 23 years, at which point the increased revenue would benefit the entire city and other taxing bodies, such as CPS, not just the TIF community. These can be extended for an additional 12 years, with state approval. Approval was secured for eight TIF districts in December 2024; the city plans to seek approval to extend another ten through 2027.

🏫 How does this affect schools in CPS?
Schools do not benefit from increased tax revenue while the TIF is active. In 2025, over $1.2 billion in taxes were allocated to TIF funds. CPS says this means it is missing out on about $600 million each year that could be used to support students and teachers.

💲 What’s a TIF surplus?
 If a TIF area has money left over that isn’t being used for a project, the city is supposed to share that money with groups that usually get property taxes, including CPS. Since schools typically receive about half of all property taxes in Chicago, CPS gets approximately 50% of any TIF surplus.

In fiscal year 2025, CPS received $298 million from surplus TIF funds. That’s a big jump from $159 million in fiscal year 2024, but there’s more money being held in TIFs that could help.

🛠️ What could be done?
Options include: 
1️⃣ Declaring more TIF money as surplus; CPS receives about 50%.
2️⃣ Shrink some TIF areas to let more money go back to schools and other agencies.
3️⃣ End certain TIFs, ensuring CPS and other services fully benefit from the existing tax base.

TIFs are tricky. And, if we’re serious about ensuring CPS has the resources it needs to serve the city’s students, it is essential to understand and consider the role they could play.",,"","","","","","","","","29","28","28","","","","","","","1","","","","","","","","","","","","","","","","","","","","","","","","","","","","","","","","","","","","","","","","","","","CPS Budget 2025"
"1/24/2024 1:19 pm","7156002557046280192","LinkedIn","Post","Text","Heather Y. Anichini"," ","https://linkedin.com/feed/update/urn:li:ugcPost:7156002557046280192","This was the highlight of my week. For years, I had had the honor of learning from the leadership of Aimée Eubanks Davis and Anajah Philogene (Roberts). It was deeply meaningful to learn out loud with them, alongside Al Bertani and Penny Sebring. People drive progress; our continued commitment to learning and growing together is critical for the educators we support and for the young people we serve. ",,"","","","","","","","","29","29","29","","","","","","","0","","","","","","","","","","","","","","","","","","","","","","","","","","","","","","","","","","","","","","","","","","",""
"3/24/2026 8:00 am","7441903453657862144","LinkedIn","Post","Text","Heather Y. Anichini"," ","https://linkedin.com/feed/update/urn:li:share:7441903453657862144","As we head into the final week of Women's History Month, I've been reflecting on the women who have shaped public education in Chicago. There are dozens of public schools in the city named after women, in many neighborhoods. Three that stand out for me:

💙Maria Saucedo was a respected educator and principal who championed bilingual education and created pathways for Latino educators to lead. Her commitment to multilingual learners continues to shape how we think about equity and access in our schools today. Maria Saucedo Scholastic Academy carries forward her legacy of excellence and advocacy.

💚Hannah Greenebaum Solomon founded the National Council of Jewish Women and advocated for immigrant families, civic participation, and social welfare across Chicago. Her work is a powerful reminder that schools are deeply connected to the broader communities they serve. Hannah G. Solomon Elementary School honors her commitment to equity and belonging.

❤️ Madeline Stratton Morris (also known as Madeline Morgan), who, in the 1940s, developed the first Black history curriculum adopted by a major U.S. public school system. Her work pushed Chicago Public Schools to tell a more complete and truthful story, reminding us that education is not just about what we teach, but whose stories are told and valued.

She doesn't have a school named after her (yet!), but walk into classrooms across Chicago, and you'll see the impact of her belief that all students deserve to see themselves in what they're taught.

These women helped lay the foundation for the work we see and support across Chicago today.

Throughout my career, I've been fortunate to learn from and alongside incredible women, leaders who have pushed me to think bigger, act with courage, and stay grounded in purpose. Their mentorship, honesty, and unwavering commitment to students and communities have had a lasting impact on how I show up in this work every day.

And I'm especially grateful for the many women leading our schools right now. Your leadership, your care, and your belief in what's possible for young people continue to move our city forward.",,"1,142","1,142","","756","","","","2.45%","28","27","27","","","","","","","1","0","","","","","","","","","","","","","","","","","","","","","","","","","","","","","","","","","","","","","","","","","",""
"9/3/2025 4:12 pm","7369115198466551810","LinkedIn","Post","Text","Heather Y. Anichini"," ","https://linkedin.com/feed/update/urn:li:share:7369115198466551810","Last Friday, the Chicago Board of Education (CBOE) approved the FY2026 budget—totaling $10.25B.

As required by state law, the budget’s assumed revenues match its projected costs. Including:
$1.1B in debt service
$556M in capital spending
$8.6B in operating expenditures

The $8.6B operating budget is a 1% increase over FY2025, and required difficult but necessary cuts as federal COVID-19 funding phased out. 

When she began her tenure in June of 2025, Macquline S King, EdD  projected the district’s structural deficit was $734M, inclusive of the district reimbursing the city of Chicago $175M for a portion of the MEABF pension payment.

Thanks to the leadership of Dr. King, input from five community feedback sessions, and the decisions reflected in the new budget, those projections have been dramatically reduced—by nearly 40%. Two big shifts:

While the MEABF reimbursement is likely to remain a topic of discussion, there is general consensus that it should not be included as a budgeted obligation, without corresponding revenue. This removes $175M from the structural deficit assumptions.

The approved FY26 budget permanently eliminated $214M in central office services and through operational efficiencies.

This means real decreases in deficit projections for future years:

FY2027: $520M (↓47%)
FY2028: $582M (↓44%)
FY2029: $835M (↓37%)

Of course, with a $500M+ gap still forecast for FY27, the road ahead won’t be easy. Future cuts will be harder to find, and true long-term stability will require partnership among Chicago Public Schools leadership, the CBOE, the city of Chicago, and the state of Illinois—to pursue both new revenue sources and efficiencies, while avoiding further borrowing.

The FY26 budget is complete. Next up: FY2027. I’ll share updates in the weeks and months ahead as that process begins.",,"","","","","","","","","28","26","26","","","","","","","2","","","","","","","","","","","","","","","","","","","","","","","","","","","","","","","","","","","","","","","","","","","CPS Budget 2025"
"8/22/2025 1:06 pm","7364719687697387521","LinkedIn","Post","Text","Heather Y. Anichini"," ","https://linkedin.com/feed/update/urn:li:share:7364719687697387521","This week, Chicago’s classrooms were buzzing again with energy, curiosity, and hope. Even with uncertainties around district finances, the commitment school leaders have to students, families, and their faculty and staff is unwavering (and was on full display).

Our team at The Chicago Public Education Fund is gearing up, too. We’re ready to continue providing resources, professional learning communities, leadership development, and thought partnership to leaders citywide. 

Everything we do is designed to ensure principals and their teams can focus on what matters most: helping every student thrive.

To all school leaders—thank you for your ongoing commitment and service to over 325,000 young people who walk through your doors every day.

Here’s to a year of learning, growth, and joy. 

No matter the challenges ahead, we will face them like Chicago always does— together.",,"","","","","","","","","28","27","27","","","","","","","1","","","","","","","","","","","","","","","","","","","","","","","","","","","","","","","","","","","","","","","","","","","CPS Budget 2025"
"2/3/2025 6:40 am","7292159971528450048","LinkedIn","Post","Link","Heather Y. Anichini"," ","https://linkedin.com/feed/update/urn:li:share:7292159971528450048","Hyper-local media outlets make a big difference in the community and in good governance. Grateful this morning for the coverage from Block Club Chicago on how to support individuals, businesses, and communities in our city right now. All of the resources in the article are helpful; check out the comments for some specifics related to those of us with team members who are feeling targeted, for those of us looking to provide volunteer support, and for those of us who want reliable news and action alerts.","https://blockclubchicago.org/2025/01/28/chicagos-immigrants-are-being-targeted-by-ice-heres-what-you-can-do-to-help/","","","","","","","","","28","25","25","","","","","","","3","","","","","","","","","","","","","","","","","","","","","","","","","","","","","","","","","","","","","","","","","","",""
"9/20/2025 1:13 pm","7375230514762403840","LinkedIn","Post","Photo","Heather Y. Anichini"," ","https://linkedin.com/feed/update/urn:li:share:7375230514762403840","❓ Did you know in the U.S., about 54% of adults read at a 6th grade level or lower ⁉️ 

This week, I joined Mo Khan, Eilish McDonagh-Hermer, and Cabell King, as the City of Des Plaines Mayor Andrew Goczkowski and the City Council recognized #NationalLiteracyMonth, highlighting the importance of literacy for all.

The proclamation said it best: ""Access to books, educational programs, and literacy resouces is vital to the personal, educational, and economic well-being of individuals and the strength of our communities.""

If you're looking for an action you can take - right now - that would make the world just a little bit better, walk over to your local library and ask how you can help support stronger literacy in your neighborhood. 

Tackling this challenge will take all of us. Succeeding will be a win for us all, too. Literate adults are happier, healthier, and more economically stable. Their children are also more likely to succeed in school and to pursue post-secondary credentials or degrees.",,"","","","","","","","","27","25","25","","","","","","","2","","","","","","","","","","","","","","","","","","","","","","","","","","","","","","","","","","","","","","","","","","",""
"7/3/2025 3:18 pm","7346633468124008450","LinkedIn","Post","Text","Heather Y. Anichini"," ","https://linkedin.com/feed/update/urn:li:share:7346633468124008450","Earlier this week, I shared that Chicago Public Schools (CPS) now spends $800M annually on debt—funds that could otherwise support classrooms, teachers, and student services.

🏫Not all debt is bad. Borrowing for long-term capital projects, like modernizing aging school buildings, is standard in large districts. 

But borrowing to plug year-to-year budget gaps? That’s a different story.

Unfortunately, it’s one we’ve heard before. 

In 2016, CPS issued $725M in debt at 8.5% interest to close a deficit.
💲That deal alone costs $62M/year in interest through 2044.

Between 2016-2018, CPS issued over $2.1B in similar deals.
💲Freeing up short-term cash but ultimately locking in nearly $200M/year in interest payments.

Thankfully, in 2017, Illinois passed a new education funding model that improved the district's financial outlook. But the debt the district took on to bridge the gap, and its long-term consequences, remain.

After all, if CPS had that $200M back today, the current budget situation would be less worrisome.

❓Are there new revenue solutions on the horizon? ❓

Maybe, but they will take leadership.

See the comments for previous reflections on potential TIF solutions in Chicago, and stay tuned for some reflections on what the state could do in the coming weeks.",,"","","","","","","","","27","25","25","","","","","","","2","","","","","","","","","","","","","","","","","","","","","","","","","","","","","","","","","","","","","","","","","","","CPS Budget 2025"
"1/2/2026 2:31 pm","7412953767999934464","LinkedIn","Post","Photo","Heather Y. Anichini"," ","https://linkedin.com/feed/update/urn:li:share:7412953767999934464","If your New Year’s resolution includes connecting meaningfully with your community, this post is for you!

Local School Councils (LSCs) are one of Chicago’s most powerful and unique levers for strengthening our public schools. By centering community voice and shared decision-making, parent, educator, community, and student representatives partner with principals to help build strong, student-focused school communities.

That’s why The Chicago Public Education Fund, in collaboration with CPS, created a new LSC Toolkit (link in comments). If you care about your school and want a concrete way to make an impact, you’ll find practical guidance and resources there.

And who knows? Maybe you’ll be inspired to run for your Local School Council in 2026! The deadline to apply is Tuesday, January 20, 2026.",,"","","","","","","","","26","24","24","","","","","","","2","","","","","","","","","","","","","","","","","","","","","","","","","","","","","","","","","","","","","","","","","","",""
"12/5/2025 11:25 am","7402760117177495552","LinkedIn","Post","Photo","Heather Y. Anichini"," ","https://linkedin.com/feed/update/urn:li:ugcPost:7402760117177495552","It’s exciting to see the Chicago Board of Education launch applications for the Black Student Achievement Committee (BSAC). This is a powerful opportunity for Chicagoans to help shape policies that put Black students at the center of our city’s future.

At The Fund, we know that real change in public education happens when the community is not just heard, but actively engaged in decision-making. This committee brings together school leaders, students, families, educators, and community partners to ensure CPS delivers the opportunity, joy, and excellence every child deserves.

And we know what’s possible. Black students in CPS have made some of the strongest academic gains in the country over the past decade—including outpacing national growth in reading and math—and contributed to CPS being recognized for faster improvement than nearly every major urban district. Graduation rates for Black students have increased by more than 20 percentage points since 2011, and college enrollment and persistence have also shown steady improvement.

These outcomes show what our students can achieve when we invest in them. But persistent disparities remain, and prioritizing Black student success isn’t optional. Focused support is essential to building a stronger, more equitable city. The BSAC will advise on the Black Student Success Plan and help hold us all accountable to outcomes that truly reflect our values.

If you care deeply about racial justice, community voice, and high-quality public education, I urge you to apply. Your leadership matters; your lived experience matters. Our students need champions who will push us to do better and dream bigger.

🗓️ Applications are open now through Dec. 22 at 5 p.m.
 📍 Open to Chicago residents across CPS—students, parents, educators, community partners, and neighbors.

Let’s keep building a system where every student sees their brilliance recognized and their potential fully realized.

Our kids deserve nothing less.

You can find the Black Student Achievement Committee application here: https://lnkd.in/gN3ZRvv3

You can review CPS' full Black Student Success Plan here: https://lnkd.in/gPHNG5_H",,"","","","","","","","","26","22","22","","","","","","","4","","","","","","","","","","","","","","","","","","","","","","","","","","","","","","","","","","","","","","","","","","",""
"5/10/2024 5:23 am","7194643182188437504","LinkedIn","Post","Text","Heather Y. Anichini"," ","https://linkedin.com/feed/update/urn:li:ugcPost:7194643182188437504","I continue to be excited and impressed with the work Academy for Local Leadership and Bridget Lee are doing to lead and learn about the role of an elected school board. Chicago is undergoing a big shift, and preparation will be critical for the change process. Also great to see The Chicago Public Education Fund's own Julie Burnett talking about her experience working with the Board - so much brilliance and experience on that panel!",,"","","","","","","","","26","26","26","","","","","","","0","","","","","","","","","","","","","","","","","","","","","","","","","","","","","","","","","","","","","","","","","","",""
"12/11/2025 10:00 am","7404855714172547072","LinkedIn","Post","Photo","Heather Y. Anichini"," ","https://linkedin.com/feed/update/urn:li:share:7404855714172547072","There’s been understandable confusion about how the City’s budget negotiations might affect CPS. Here are the key facts.

💡 Let’s start with the CPS context.

- CPS built $379M in TIF surplus into its FY26 budget, approved in August. Schools used this number for their own planning.
- The initial proposed City budget included $552.4M in TIF surplus for CPS, around 52% of the total $1B TIF surplus declared citywide. 
- The $173 million above what was included in CPS’ approved budget is committed to help the City meet its Municipal Employees’, Officers’, and Officials’ Annuity and Benefit Fund (MEABF) pension payment. This was solidified with an Intergovernmental Agreement approved by the CBOE on 10/30. 

🔍 What We Know About the TIF Surplus

- In October, the Mayor’s proposed budget included a record $1B TIF surplus.
- By law, $552.4M of that surplus flows to CPS. That’s its share of the property tax revenue designated for schools that is held in TIF districts.
- Even though the City Council’s Finance Committee rejected the Mayor’s initial budget revenue proposal in November, that vote does not necessarily affect the surplus. In fact, in other alternative plans that have been proposed, the city’s revenue plan still includes up to $1B in TIF surplus. 
- Unless the total TIF surplus in the final City budget falls below around $700M, CPS’ current-year budget remains intact.
- The Intergovernmental Agreement, between CPS and the City of Chicago, makes it clear that CPS is only obligated to make the MEABF payment if it receives above $379M in TIF surplus, and the amount it contributes will be equal to the additional amount it receives (but is not to exceed $200M).

🗓️ What Happens Next
- The City Council must pass a budget by December 31.
- The only scenario in which CPS’s portion is affected is if the total surplus falls below $700M. None of the current proposals suggests that as an option.
- For any decrease between $1B and $700M, CPS would owe a smaller (or no) MEABF reimbursement to the City under the recent Intergovernmental Agreement; however, the CPS operational budget would remain unchanged. 

🏫 Impact on Schools
- Assuming a budget is passed that includes at least $700M in TIF surplus, no mid-year cuts are expected.
- Additional TIF dollars (above $379M) would support a City pension obligation (MEABF)—not CPS operations.

📘 Looking Ahead to FY26
The confirmed surplus helps CPS maintain stability in a year that began with a projected $734M deficit. But as always, TIF revenue is one-time and unpredictable. And with the City signaling a move away from TIFs, CPS will need more reliable, long-term funding solutions in the years ahead.

🎯 Bottom Line
- CPS will likely receive sufficient TIF dollars to cover its operating budget.
- Any revenue beyond $379M is already allocated to help cover MEABF payments.
- Chicago still needs sustainable revenue solutions to support students and schools.",,"","","","","","","","","25","25","25","","","","","","","0","","","","","","","","","","","","","","","","","","","","","","","","","","","","","","","","","","","","","","","","","","",""
"8/26/2025 10:14 am","7366125828373426176","LinkedIn","Post","Photo","Heather Y. Anichini"," ","https://linkedin.com/feed/update/urn:li:share:7366125828373426176","As Chicago Public Schools (CPS) prepares to pass and implement its FY26 budget, sources of additional revenue have been a major focal point over the past months. The most likely revenue source in this cycle? Surplus funds from the city’s Tax Increment Financing (TIF) districts.

💰 What’s a TIF surplus?
 Each year, the city of Chicago must declare unspent dollars from certain TIF districts as “surplus.” By state law, CPS is guaranteed about 52% of any declared surplus.

▶️CPS’s FY26 budget proposal includes $379M in TIF surplus from the city; flat from FY25.◀️

📈 What assumptions are built in here?

▪️That the city will declare a surplus of ~$700M. In that scenario, CPS would receive its share - ~$379M - and the city would receive ~$190M.
▪️Most experts anticipate the city will need to declare at least some surplus to close its own projected budget gap - estimated at $1.2B.
▪️There are funds available as surplus. As the visual shows, the last city of Chicago annual report indicated TIF balances over $3B and a $485M surplus net of all revenue, expenditure, declared surplus, and planned projects.

🔎Looking ahead
The city is exploring options to become less reliant on TIF surplus in the future, but major shifts are not likely before FY27. 

Whatever approach the city takes, CPS is entitled to the related property tax revenue. Long term, property tax revenue not placed in a TIF district account would go directly to CPS; this may be more predictable than the current approach.

Existing revenue increases related to property taxes may not be enough. Many stakeholders are already advocating for collaborative conversations among state, city, and CPS leadership as soon as this budget cycle concludes.

Bottom line: A TIF surplus is likely for FY26 and is vital to helping CPS balance its $734M budget deficit. However, it won’t solve CPS’s long-term structural deficit. Later this week, I will discuss how additional funding from the state can help on that front. 

Feel free to review our full memo and stay tuned for more analysis: https://lnkd.in/giBDDz3g",,"","","","","","","","","25","23","23","","","","","","","2","","","","","","","","","","","","","","","","","","","","","","","","","","","","","","","","","","","","","","","","","","","CPS Budget 2025"
"7/18/2025 2:47 pm","7352061410807336961","LinkedIn","Post","Photo","Heather Y. Anichini"," ","https://linkedin.com/feed/update/urn:li:ugcPost:7352061410807336961","This week, Chicago Public Schools (CPS) hosted a learning session, and three community feedback sessions focused on the 2025-26 budget. The goal? To provide information and context about the current budget, and to hear directly from the public on possible solutions. 

I attended two of the community feedback sessions and walked away energized by the number of parents, community members, and other various stakeholders in attendance and the productive conversations that took place. Let’s dive into some of the information and data discussed and review the next steps for the coming weeks.

🔍 What We Knew:
School budgets for the 2025-26 school year were built around a $229M deficit and submitted in early June. Even in this relatively “flat” context, many schools had to make difficult tradeoffs. 

On June 28, CPS’ Interim CEO Dr. Macquline S King, EdD anchored the discussion on the gap between allocated revenue and projected expenses, which is $734M—$500M more than schools planned for.

One thing was clear: with limited local funding tools and no clear help from the state or federal government coming, more tough decisions were likely ahead.

📉 What We Learned:
CPS revenue options are indeed limited. Local sources account for 57% of revenue, and CPS is limited in how much it can extend its property tax levy.

Debt remains a challenge. CPS has over $9B in long-term debt that requires over $800M in annual interest payments.

CPS has no reserves. The district ended FY26 with -18 days of cash on hand!

Overall, the public remains anxious about the situation. Feedback at sessions suggested that parents, community members, and other stakeholders want CPS to pursue additional revenue-generating options to protect key resources at the school level, including strong instructional programs, social-emotional support, and before- and after-school resources like Safe Passage and athletics.

It’s also clear there are no easy solutions, that there are risks with borrowing that require more analysis, and that the conversation between the city and CPS needs to continue to advance, especially around payment of the MEABF and TIF surplus estimates.

🔜 What’s Next:
CPS will host two more community feedback sessions: Saturday, July 19 at 10 am at Back of The Yards High School and a virtual option at 5:30 pm on Monday, July 21. They will also host another learning session during the week of July 21. Once the sessions are completed, CPS will incorporate the feedback they’ve heard and continue to work with key stakeholders to finalize and post the full district budget by August 13. The Chicago Public Education Fund will continue to partner with CPS leadership, the Chicago Board of Education, and sector partners as this critical process continues. ",,"","","","","","","","","25","25","25","","","","","","","0","","","","","","","","","","","","","","","","","","","","","","","","","","","","","","","","","","","","","","","","","","","CPS Budget 2025"
"4/15/2025 3:00 pm","7317995748413845506","LinkedIn","Post","Text","Heather Y. Anichini"," ","https://linkedin.com/feed/update/urn:li:share:7317995748413845506","Quick recap: Launched in the 1960s as a part of the nation’s shared commitment to strong public schools for all, Title I aims to help “level the playing field” in a system where local and state funding is often dependent on generational property wealth. Title I recognizes that potential is everywhere, but opportunity can be limited. It aims to unlock student learning everywhere.

At Sumner Elementary Math and Science Community Academy in West Garfield Park, students are growing in math proficiency faster than 60% of their peers statewide.

At Owens Community Academy in West Pullman, students are outpacing two-thirds of their statewide cohort in reading. 

At both schools, more than 85% of students come from low-income households.

Their academic progress is not accidental. 

It’s supported by strong leadership and critical federal funding. Federal sources provide more than $4500 per student in these schools, giving principals more flexibility to invest in what students need most: additional teachers, smaller class sizes, targeted supports, enrichment programming, and more.

But, Title I and federal funds cover only a small portion of what it takes to run a school. When they are threatened, so is the stability and momentum that make academic progress possible.

As CPS Chief Education Officer Bogdana Chkoumbova put it at the start of the 2024-25 school year:

“When given adequate resources, CPS showed that we will make wise investments that support teaching and learning... We must continue to work toward a future where public education is valued as the most foundational part of a thriving society.”

Title I was established to level the playing field. Today, it remains one of our most effective tools for doing so; just look to Sumner and Owens for proof.

But, changes to Title I, especially at a time when other funding is flux, could be devastating. We must maintain it, protect it, and ensure it remains flexible in the hands of school leaders who know their students best.",,"","","","","","","","","25","25","25","","","","","","","0","","","","","","","","","","","","","","","","","","","","","","","","","","","","","","","","","","","","","","","","","","",""
"5/22/2026 12:00 pm","7463631719498235905","LinkedIn","Post","Document","Heather Y. Anichini"," ","https://linkedin.com/feed/update/urn:li:ugcPost:7463631719498235905","Today's budget update: AP positions in small schools

Schools with enrollments of 250 or fewer are less likely to lose teacher positions in FY27. But they are losing something else: an assistant principal.

→ How did we get here? 

Starting in FY25, CPS allocated a foundational AP position to every school. Schools could use the funds tied to that allocation in other ways, but most principals and their learning communities prioritized retaining the AP position. In FY26, 499 district-operated schools received an AP allocation. Only 12 (2%) chose to redirect those resources. Among the 107 schools with fewer than 250 students, just 6 (6%) redirected those funds.

→ What's changing? 

CPS will no longer fund a foundational AP for schools with 250 or fewer students in FY27. That means slightly over 100 AP positions are likely to be cut. The district saves around $18M, about 19% of school-level savings identified so far ($96M), and 2.5% of the total $732M deficit.

→ What does this mean for schools? 

Trade-offs. APs provide real value: instructional leadership, administrative capacity, community connection, and a potential successor when principals transition.

Principals can use discretionary funds to keep the position, but an AP averages $180,000 in salary and benefits. Among schools with fewer than 250 students in FY26, the average discretionary funding was around $260,000. Assuming that holds steady in FY27, keeping an AP will be difficult for most schools. Those dollars are already covering critical operational needs, including supplies and transportation for field trips. Using funds to keep the AP means real trade-offs.

→ Are there other options? 

Sort of. Next week, I'll talk about position liquidation, another budget option principals have, but one that may be less useful in FY27.",,"5,129","5,129","","3,859","","","","0.47%","24","21","21","","","","","","","2","1","","","","","","","","","","","","","","","","","","","","","","","","","","","","","","","","","","","","","","","","","",""
"1/21/2026 4:01 pm","7419861655519535104","LinkedIn","Post","Text","Heather Y. Anichini"," ","https://linkedin.com/feed/update/urn:li:share:7419861655519535104","Last week, the Illinois State Board of Education (ISBE) released proposed updates to the system that keeps the public informed about all Illinois public schools.*

What Illinois is proposing:

ISBE wants to create a “profile of performance” for each school using two sets of indicators:

Core indicators, which are the primary drivers of a school’s rating:
- Academic proficiency: % of students meeting/exceeding standards on state assessments (IAR for elementary/middle school; ACT for high school)
- Academic growth: how much students improve over time on those assessments
- Graduation rate: for high schools only

Elevating indicators, which can raise a school’s rating, a level, but not lower it:
- English Learner progress: whether multilingual learners are on track to reach English proficiency within 5 years
- Consistent attendance: % of students attending at least 90% of school days
- School culture & climate: student response rate on the 5Essentials survey

Each indicator has thresholds that determine a rating: Exemplary, Approaching Exemplary, Commendable, Developing, or Comprehensive. Those ratings then combine into a school’s overall designation, ranging from Exemplary (the highest rating) to Comprehensive.

A couple of other features worth noting:
- This system isn’t based on a simple weighted formula; ratings are determined by a combination and interaction of results across Core and - ---Elevating indicators. While this may seem appropriately nuanced to expert users, it can lead to confusion, especially for non-educators, including parents, who hope to use the system. 
- On the equity front, some decidedly good news: outcomes for all student groups matter: a school cannot receive an Exemplary or Approaching Exemplary designation if one or more student groups have a Comprehensive performance profile.

What’s next:
ISBE expects to approve the final plan at its April board meeting and submit it to the U.S. Department of Education. If approved, the new designations would appear on the Illinois Report Card in October.

How to get involved:
ISBE is hosting virtual listening sessions in January, February, and March, with public comment opportunities in March and April. Details are available at the link in the comments.

Our own director of policy and public affairs, Barry Tyler Jr., testified before the Board on the proposal in December (linked in comments as well).
Illinois has an opportunity to continue leading the nation by getting this system right—and we’ll keep sharing updates as the process moves forward.

* As a reminder, all states are required by federal law to have an accountability system that measures factors like academic proficiency, academic growth, and graduation rates. ISBE’s proposal complies with this law.",,"","","","","","","","","24","19","19","","","","","","","5","","","","","","","","","","","","","","","","","","","","","","","","","","","","","","","","","","","","","","","","","","",""
"11/20/2025 4:26 pm","7397399923006140417","LinkedIn","Post","Photo","Heather Y. Anichini"," ","https://linkedin.com/feed/update/urn:li:share:7397399923006140417","Graduation Rates in Chicago: What the Data Show (And What They Don’t)

Over the past few weeks, I highlighted data that shows how young people in Chicago are doing in school. I discussed how elementary assessments suggest progress with significant room to grow, and how stubbornly high absenteeism impacts learning environments. 

Today, we are examining another key indicator in more detail: high school graduation rates.

The Big Picture
CPS rightfully touts the district’s increased graduation rates as one of its most impressive accomplishments in its modern era. As CPS moved to a decentralized model in the 1990s, the graduation rate rose steadily from the 40s to over 75% by 2013.

This upward trend has remained a bright spot for CPS, even during the challenging years of the COVID pandemic. While the district posted its highest-ever graduation rate (83.2%) in 2022, the rate has remained above 80% in each of the three years since, and this year increased by 1.6 percentage points to 82.5%.

Why This Matters
Gains in the four-year graduation rate show that high school students in Chicago and across Illinois are making academic progress. While these numbers don’t by themselves indicate how students will perform in postsecondary education, coinciding rises in high schoolers taking college-level coursework through International Baccalaureate, Advanced Placement (26.4% in 2024-25), and dual-credit classes (20.7% in 2024-25) do suggest that more students are leaving high school ready to further their education.

The Bottom Line
While many metrics indicate that there is still considerable room for improvement, CPS’s achievements in improving graduation rates have made a tangible difference. If this year’s cohort graduated at a rate comparable to just 12 years ago, nearly 2000 fewer students would have walked across the stage last spring to collect their diplomas. The impact of increased graduation rates on these students is incalculable.",,"","","","","","","","","24","24","24","","","","","","","0","","","","","","","","","","","","","","","","","","","","","","","","","","","","","","","","","","","","","","","","","","",""
"9/29/2025 3:53 pm","7378532521438957569","LinkedIn","Post","Link","Heather Y. Anichini"," ","https://linkedin.com/feed/update/urn:li:share:7378532521438957569","✨ Chicago’s students are proving what’s possible in public education. The question is: can adults keep up?

From Farragut grads heading to Cornell, to Chávez seventh graders completing Algebra I, our young people are delivering results at scale. They deserve leaders who match their resolve with transparency, focus, and investments in strategies that drive their growth.

Over the past 30 years, Chicago Public Schools has come so far. That wasn’t an accident. It was the result of decades of work by principals, teachers, scholars, and families. Crucially, it was driven by honest analysis of student data, which guided principals to deliver targeted support and accelerate learning where it was needed most. If we want to accelerate improvements in student outcomes, we must trust and empower local leaders to do what they do best.

The fact is, our students continue to hold up their end of the bargain by showing up with energy and effort. In response, they aren’t asking for reinvention, but for consistent opportunity and access to the excellence they deserve. It’s time for the rest of us to deliver.

➡️ Read more in my latest piece: Chicago’s Students Prove What’s Possible. Adults Must Keep Up.

https://lnkd.in/dQg4V4Xi
","https://www.chicagobusiness.com/crains-forum-urban-education/chicago-students-need-adults-show-real-leadership-opinion","","","","","","","","","24","23","23","","","","","","","1","","","","","","","","","","","","","","","","","","","","","","","","","","","","","","","","","","","","","","","","","","",""
"8/15/2025 2:50 pm","7362209152128987139","LinkedIn","Post","Text","Heather Y. Anichini"," ","https://linkedin.com/feed/update/urn:li:share:7362209152128987139","On Wednesday, Chicago Public Schools (CPS) released its FY26 proposed budget. In a world of tough decisions, CPS leadership avoided additional cuts to schools, protecting the budgets principals and LSCs approved in June.

💲 Revenue: The budget assumes $379M in Tax Increment Financing (TIF) surplus, equal to FY25. The city likely needs TIF surplus to balance its own budget, and CPS is entitled to 52% of any surplus declared. The budget also includes a level increase in state funding of $76M as CPS’ need status in Illinois increased from Tier 2 to Tier 1. Tier 1 districts statewide receive priority for equity-based funds. The budget also indicates CPS would reimburse the city for a portion of non-teacher pension costs if additional revenue, above the TIF and state funding assumed, is received.

🛑 Reductions and cuts: The budget includes $293M in cuts to central office departments and citywide services. $165M was identified in June, including changes in food service and delays to non-essential maintenance. Another $126M was announced on Wednesday. Overall, central office staff will decrease from 1,662 in FY25 to 1,509 in FY26, a 10% decrease. Beyond layoffs, these cuts include a freeze on hiring and a delay in planned IT projects. 

🏦 Borrowing: No loan provision is included in the budget, as revenue and expenses are balanced with the assumptions outlined above. In public polling and community conversations earlier this year, taking a loan was an unpopular option. For reference, the FY26 budget already includes $1B in debt service for long-term loans, and an additional $23M was for interest from short-term loans to manage cash flow.

CPS and the Chicago Board of Education will hear public reactions to the budget on Tuesday, August 19, at 1 p.m. and 4:30 p.m. I’ll be in the afternoon session and will share my thoughts on what we hear next week.",,"","","","","","","","","24","21","21","","","","","","","3","","","","","","","","","","","","","","","","","","","","","","","","","","","","","","","","","","","","","","","","","","","CPS Budget 2025"
"8/8/2025 4:41 pm","7359700417154347008","LinkedIn","Post","Text","Heather Y. Anichini"," ","https://linkedin.com/feed/update/urn:li:share:7359700417154347008","📢 Our team released a memo examining key considerations in the Chicago Public Schools (CPS) 2026 budget. The district faces a $734 million shortfall and an August 30 deadline to pass a balanced budget.

The TLDR? There are no easy solutions, but some clear options. CPS could:

1️⃣ Make further cuts: Dr. King has stated that additional cuts should not come from schools, which is consistent with the feedback received in community conversations. CPS already trimmed over $150M centrally to try and keep school budgets flat. Additional central cuts are possible, but will have to be done with care to minimize impact on schools. And, there aren’t enough centralized cost savings available to fully close the gap. Other options - like furlough days - are only one-time solutions and would require cooperation from CPS’s labor partners.

2️⃣ Borrow funds: The public generally opposes this option, partly because legacy debt is already a burden. The current CPS budget includes $100M in savings through debt refinancing, which may put some limits on how much additional capital they can access in a short window. Borrowing also increases long-term costs and risks of (more) credit downgrades. Dr. King has emphasized the community’s call for more structural solutions; a loan is a one-year fix.

3️⃣ Pursue new revenue: CPS’ direct tax revenue is currently capped by law, and $76M in increased state support through the funding formula is already assumed in the gap. The City’s budget closes in December, and it is unclear how much TIF surplus will be declared. CPS will receive 52% of that revenue, and any surplus above the 2025 budget could help close the gap. Long term, CPS’s community conversations highlighted the need for coordinated advocacy around revenue, with the goal of securing a lasting solution.

4️⃣ Reassess pension contributions: Although it contributed a portion of its COVID-19 funding toward the MEABF obligations for a few years, CPS is not legally required to provide the city with an MEABF reimbursement. With COVID-19 relief funding fully spent and additional federal cuts looming, the trade-offs here are especially challenging.

🔍 In the weeks ahead, we’ll share more insights on potential solutions to both the current gap and CPS’s longstanding structural deficit.

📄 Read the full memo here → https://lnkd.in/giBDDz3g

💬 Our team welcomes your thoughts and engagement as the budget conversation continues to unfold.",,"","","","","","","","","24","20","20","","","","","","","4","","","","","","","","","","","","","","","","","","","","","","","","","","","","","","","","","","","","","","","","","","","CPS Budget 2025"
"5/28/2026 9:56 am","7465778070415712256","LinkedIn","Post","Text","Heather Y. Anichini"," ","https://linkedin.com/feed/update/urn:li:ugcPost:7465778070415712256","Our team, our partners, and our principals were thankful to Dr. Macquline King for her words and wisdom yesterday. We were also grateful to Julie Burnett, who helped make sure it happened! In the middle of a very busy season, the time and community were a real gift.

#TheBestAreWithCPS #PrincipalPrideChi",,"512","512","","337","","","","4.49%","23","23","23","","","","","","","0","0","","","","","","","","","","","","","","","","","","","","","","","","","","","","","","","","","","","","","","","","","",""
"4/24/2026 3:53 pm","7453546636271718400","LinkedIn","Post","Photo","Heather Y. Anichini"," ","https://linkedin.com/feed/update/urn:li:share:7453546636271718400","Every day, principals make decisions that shape the student experience. From how time is used, to how teams are supported, to how resources reach students.

And in a challenging budget environment, those decisions matter even more. 

Last year, 91% of principals surveyed told us that the ability to allocate school resources and manage budgets is critical to effective school leadership. When principals have clear timelines, meaningful flexibility, and the right support, they are better positioned to align resources to instructional priorities and to the overall needs of their school communities.

That is why the 2026 Principal & AP Engagement Survey matters. Your participation helps us understand what is working, where leaders need more support, and how resource-allocation systems can better support principals, assistant principals, and the students they serve.

Please click here to request your unique survey link: 📨 https://lnkd.in/gzUac8H7

#SchoolLeadership #EducationFunding #PrincipalLeadership #EducationData",,"966","966","","615","","","","2.38%","23","21","21","","","","","","","2","0","","","","","","","","","","","","","","","","","","","","","","","","","","","","","","","","","","","","","","","","","","CPS Budget 2026"
"4/13/2026 11:55 am","7449500522572701697","LinkedIn","Post","Photo","Heather Y. Anichini"," ","https://linkedin.com/feed/update/urn:li:share:7449500522572701697","The Chicago Public Schools (CPS) budget is complex. Last year, I wrote extensively about the work of the Chicago Board of Education (CBOE) and Dr. Macquline King in reaching a balanced budget recommendation amid a structural deficit. 

This year, the challenge is equally daunting. By law, the CBOE must pass a budget resolution no later than August 29; they have many issues to discuss between now and then.

Part of the complexity is that school districts, including CPS, rely on revenue appropriated by local, state, and federal policymakers. Each of these groups operates on separate timelines and faces distinct political pressures; the dollars flowing from each source come with unique constraints and possibilities. 

Here’s a deeper look at revenue received by CPS:

🏙️ Local revenue 🏙️ 
Biggest CPS funding source, primarily through property tax levy, determined by the CBOE and limited by state law

◾TIF surplus remains a key, but unpredictable, resource
◾FY26 bottom line: $5.43 billion 
◾FY27 projection: $5.6-5.9 billion 

⏱ Timing note: the CBOE must finalize the property tax levy by the last Tuesday of December each year; TIFs will be an estimate until the City passes its budget, which they must do by December 31 (both AFTER the CPS budget deadline)⏱ 

***

🏛️ State revenue 🏛️ 
Driven by the Evidence-Based Funding (EBF) formula, which prioritizes high-needs districts like CPS

◾Modest funding increases every year, subject to the state budget
◾FY26 bottom line: $2.30 billion 
◾FY27 projection: $2.4-2.5 billion

⏱ Timing note: The state must pass a budget by May 31
(BEFORE the CPS budget deadline) ⏱ 

***

⚖️ Federal revenue⚖️ 
Limited overall funding, but targeted to specific needs

◾At least $23 million in discretionary funds have been discontinued due to shifts in federal policy; the cuts negatively impact resources for citywide magnet schools and English-language supports
◾FY26 bottom line: $903 million
◾FY27 projection: around $900 million

⏱ Timing note: The bulk of federal education funding for CPS’s FY26 was already approved in 2025. ⏱ 

***

📊 The big picture 📊 
Between local, state, and federal funds, CPS can expect an operating budget of around $9.0-9.2 billion in FY27, an increase of $400-600 million from last year. Where CPS lands in that range will depend on the decisions of multiple groups of decision-makers, and some of those decisions will come after August 29. 

The discussion around revenue often stops at “more” or “less,” without a real look at why. Of course, there is more to this discussion than just these numbers. Stay tuned over the next couple of weeks as I dive deeper into each revenue source to outline the various decisions that shape the CPS budget picture.",,"699","699","","469","","","","3.29%","23","23","23","","","","","","","0","0","","","","","","","","","","","","","","","","","","","","","","","","","","","","","","","","","","","","","","","","","","CPS Budget 2026"
"3/19/2026 12:03 pm","7440442775743102977","LinkedIn","Post","Text","Heather Y. Anichini"," ","https://linkedin.com/feed/update/urn:li:share:7440442775743102977","As we move into the FY27 budget cycle, I’ve been reflecting on what we learned during last year’s process. Throughout FY26, the Chicago Board of Education and CPS leadership worked hard to keep students at the center of difficult decisions. 

Three conditions proved especially important in protecting the student experience:

◾A district budget that prioritized stability in schools
◾Transparency and community engagement throughout the process
◾Flexibility and sufficient runway for principals and Local School Councils

Those same conditions feel essential again this year.

CPS is now confronting another significant deficit, projected at $520 million. Back‑to‑back districtwide shortfalls make stabilizing schools even more challenging, even with careful planning and early communication. Leadership and staff transitions at the district level can also make it harder for school communities to know where to turn for guidance.

Over the past several weeks, our team at The Chicago Public Education Fund has been listening to educators, program partners, and nonprofit leaders across the city. 

A few themes are emerging clearly:

1️⃣ The financial pressure is real, and leaders are planning ahead.
School communities are already thinking about budgets for FY27—we heard ideas from students at Lakeview shared during today's CBOE meeting. Our conversations suggest nonprofits, too, are anticipating further reductions to school‑based programming. Community partners are already preparing to serve young people with fewer discretionary dollars.

2️⃣ Clear timelines and early information make a difference.
One of the biggest lessons from FY26 was the value of transparent, timely updates. In FY27, releasing the full budget timeline and school‑level budgets in April would support thoughtful planning and give partners time to pursue external funding as new gaps emerge.

3️⃣ Stability and flexibility at the school level matter.
When tough decisions arise, school communities are best positioned to make them. In FY26, CPS helped by offering flexibility in how resources could be used and by protecting school budgets once released. Similar support in FY27 would be especially valuable for communities experiencing significant change.

At The Fund, we remain committed to working alongside district leaders, school communities, and partners to ensure the FY27 budget process builds on what worked in FY26; keeping students and local communities at the center.

More to come in the weeks ahead.",,"992","992","","618","","","","2.32%","23","22","22","","","","","","","1","0","","","","","","","","","","","","","","","","","","","","","","","","","","","","","","","","","","","","","","","","","","CPS Budget 2026"
"3/25/2024 4:59 pm","7178148631772897280","LinkedIn","Post","Link","Heather Y. Anichini"," ","https://linkedin.com/feed/update/urn:li:share:7178148631772897280","My network for sure includes the next Director of Operations for Nicole Milberg's team at CPS. This role is responsible for policy and operations, procurement, data handling, and strategic planning. Want to learn more? Feel free to message me!

https://bit.ly/3TA0NZe ","https://bit.ly/3TA0NZe","","","","","","","","","23","23","23","","","","","","","0","","","","","","","","","","","","","","","","","","","","","","","","","","","","","","","","","","","","","","","","","","",""
"10/24/2025 1:04 pm","7387549546417086464","LinkedIn","Post","Text","Heather Y. Anichini"," ","https://linkedin.com/feed/update/urn:li:share:7387549546417086464","📣 Big news for Chicago schools and the FY26 budget — and what it really means.

In August, CPS approved a balanced FY26 budget of $10.25 billion, which assumed $379 million in revenue from Tax Increment Financing (TIF) surplus. As I’ve noted before, understanding how TIF surpluses flow into K–12 budgeting is essential for long-term planning.

🔍 What’s happening now
Last week, Mayor Johnson presented his 2026 City of Chicago budget proposal to the City Council. Facing a $1.2 billion deficit, the City closed the gap through savings, cost reductions, and new or one-time revenue measures.

Crucially, the proposal includes a TIF surplus of more than $1 billion to support the City’s commitments. By state law, CPS receives roughly 52% of any declared TIF surplus—an estimated $522 million for its FY26 budget. That’s well above the $379 million CPS had assumed in August, meaning schools won’t face mid-year cuts.

💡 Why this matters for schools
This additional revenue helps close the projected $734 million CPS budget gap—without requiring deeper cuts. However, it’s important to remember: TIF surpluses are one-time revenues. They depend on economic conditions and policy choices and can’t serve as a long-term solution to the district’s structural deficit.

The FY26 budget also included a commitment for CPS to reimburse the City for Municipal Employees Annuity Benefit Fund (MEABF) costs if TIF revenues exceed projections. This year’s surplus could enable a reimbursement of over $130 million, though not the full $175 million the City had initially requested.

Looking ahead, the City is exploring ways to reduce reliance on TIF surpluses, signaling that future budgets (FY27+) may look very different. Collaboration among the state, City, and CPS will be key to achieving stability.

🚀 What we should keep focusing on:
• Advocating for predictable, sustainable funding streams so schools aren’t dependent on unpredictable surplus dollars.

• Elevating the voices of principals, educators, and community partners in the budget conversation — because the decisions we make today shape what students experience tomorrow.

🎯 Bottom line
This record TIF surplus is a positive and stabilizing step — it buys time and breathing room for the district. But it does not replace the need for sustained investment, smart allocation, and long-term planning to ensure every Chicago child attends a great school led by strong educators.

As we look toward FY27, with a $500M+ deficit still on the horizon, the conversation must continue — about how local, state, and federal systems can better support public education.

I’ll share a deeper analysis soon on how state funding and policy decisions may help close CPS’s longer-term gap. In the meantime, I encourage school leaders, policymakers, and community partners to stay engaged, informed, and active in shaping what comes next.",,"","","","","","","","","22","22","22","","","","","","","0","","","","","","","","","","","","","","","","","","","","","","","","","","","","","","","","","","","","","","","","","","",""
"3/9/2026 1:22 pm","7436838954445856768","LinkedIn","Post","Text","Heather Y. Anichini"," ","https://linkedin.com/feed/update/urn:li:share:7436838954445856768","In many cities, school governance starts and ends pretty far from classrooms. In Chicago, it is rooted where learning happens: in our individual schools.

Our Local School Councils (LSCs) include parents, teachers, and community members who serve alongside principals to guide the direction of their schools.

LSC members are elected and are charged with approving budgets, shaping improvement plans, and strengthening the relationship between school leadership and the community.

We know that when these partnerships are strong, schools are stronger. The second LSC Engagement survey, released last week, helps shed light on the depth and importance of this partnership:

📊 83% of LSC members report strong, collaborative relationships with their principals.

📊 76% say those partnerships lead to real, positive shifts in how their school operates.

That’s what community-centered governance looks like in practice. 
It’s also a reminder that the work of improving schools is not done by anyone alone. Creating a positive, joyful learning culture happens best when educators and communities work together.

🗳 Of course, if you live in Chicago, you know LSC elections are just about a week away! 

You can find LSC election information in the comments. Click that link and be sure to: 
 ✔️ Vote on March 18
 ✔️ Encourage a neighbor to participate
 ✔️ Support the leadership of your local school

This is one of the most powerful ways you can demonstrate your support for strong public schools in Chicago.

In Chicago, schools are where the real work happens. We’re excited to see communities across Chicago showing up for the important work of public education, and we're proud to work with our partners, the Department of Principal Quality (DPQ) and the Office of Local School Council Relations, to help make it happen!",,"1,683","1,683","","1,002","","","","1.25%","21","18","18","","","","","","","3","0","","","","","","","","","","","","","","","","","","","","","","","","","","","","","","","","","","","","","","","","","","CPS Budget 2026"
"2/27/2026 2:18 pm","7433244240043790336","LinkedIn","Post","Photo","Heather Y. Anichini"," ","https://linkedin.com/feed/update/urn:li:share:7433244240043790336","Chicago has 77 neighborhoods, but it runs on six degrees of separation. And while leaning on others for support and advancement isn't always our first instinct, those networks are both available and invaluable.

Those networks didn't emerge by accident. In 1989, Illinois passed legislation that established Local School Councils, giving parents and community members a voice in their schools. Among the most important powers afforded to LSCs then and now: the responsibility for hiring a principal.

Over time, that decision fundamentally changed who leads schools in Chicago. Today, schools are more frequently led by women and by principals who identify as Black or Latino.

Research and experience tell us that representation matters - students are more likely to succeed when taught or led by an educator who shares some aspect of their identity. We also know that shifts in representation can be bumpy, and that networks, allyship, and mentorship matter, especially when someone is serving as the ""first"" or the ""only.""

Over the past few weeks, our team has been talking with Black principals and their mentors about their experiences leading in our schools. What keeps coming up in those conversations is the power of Black mentorship, genuine relationships, and connections across Chicago's schools and through the generations.

Take the story of Herald Watson, for example. Herald was a fourth-grade teacher when Stephen McClain, Ed.D. became his principal at Curtis Elementary in 2013. One day, Stephan called Herald into his office for what Herald calls ""a real, heart-to-heart talk."" At that moment, he realized Stephen saw him — not just as a teacher, but as a future leader. That conversation changed everything.

In 2025, Herald was named the principal of Lavizzo Elementary in Roseland. The school serves 375 students, most of whom identify as Black (86%). His first focus is to make the school a place all of his students want to be. He shared, ""We have empowered our students to be co-creators of their school experience. Through Student Town Halls, focus groups, and empathy surveys, we gain insight into how our school feels, looks, and sounds to our scholars.""

In his first year in the role, Herald has significantly increased attendance: 40% of students maintain attendance above 95%, and 24% attend at 90% or above. In 2024-2025, the average daily attendance rate was 88%. This year, Herald expects it to be 92% or above, with momentum to reach 95% in the next two years.

Stephan didn’t stop with inspiring Herald and students like him to lead. Today, he's coaching five principals through our Malott Educator Fellowship, empowering them to live into their why and increasing students’ sense of belonging.

As Black History Month concludes, we recognize the Black leaders who built this relational infrastructure and who are nourishing it today.

That's the work. That's the legacy.",,"820","820","","553","","","","2.56%","21","20","20","","","","","","","1","0","","","","","","","","","","","","","","","","","","","","","","","","","","","","","","","","","","","","","","","","","",""
"7/11/2025 1:56 pm","7349511987560652800","LinkedIn","Post","Photo","Heather Y. Anichini"," ","https://linkedin.com/feed/update/urn:li:share:7349511987560652800","Chicago school leaders — let’s connect.

The Fund team will be at the Summer Leadership Institute next week to talk about how we can support you and your teams in the year ahead, especially as you plan for SY25-26:

✅Stop by our SLI table at the vendor fair on Tuesday, July 15 from 10:30 am - 3:00 pm to learn about programs in 2025-26. Our professional development experts, Jen Cervantes and E.J. Dubinsky, will be there with information about how we’ll support leaders this school year. Stop by, say hi, and claim your seat at upcoming opportunities!

✅Join us for a happy hour to connect with fellow leaders later that evening at TNT Rooftop. RSVP here: https://bit.ly/SLIHH25

✅RSVP for summer opportunities here: https://bit.ly/4ls1nVR
Check out the upcoming Masterclass on middle school advisory planning! 

We’re committed to supporting school leaders through every challenge and helping you plan for what’s next.",,"","","","","","","","","21","19","19","","","","","","","2","","","","","","","","","","","","","","","","","","","","","","","","","","","","","","","","","","","","","","","","","","",""
"6/25/2025 1:31 pm","7343707458453835776","LinkedIn","Post","Text","Heather Y. Anichini"," ","https://linkedin.com/feed/update/urn:li:share:7343707458453835776","On June 5, CPS principals submitted their final school budgets — based on a projected $229M deficit. While the overall budgets were technically ""flat,"" most schools experienced reductions that required tough decisions.

📍Take Walt Disney Magnet School in Uptown as an example: Disney serves 1,394 students and is among the most diverse in the city: 55% of its students are Black, 20% are Latino/a/x, 12% are white, and 9% are Asian. 63% are identified as “economically disadvantaged.”

In FY25:
	✅Disney received 64 core/holistic positions
	✅Disney received $1.2M in discretionary funds and hired 10 essential staff (e.g., clerks, TAs)

In FY26:  Disney faced some reductions, despite enrollment remaining steady.
	✅63 core/holistic positions (-1 FTE)
	✅$1.1M in discretionary funding (-$100,000)

As Principal Paul Riskus, EdD shared recently, his team turned to fundraising to close the gap. This is a heavy lift for an already busy Disney staff. It’s also a tool not available to every school.

Of course, the situation could get worse.
 	▪️Current budgets assume $300M in revenue from city/state sources.
	▪️If that money doesn’t materialize the deficit rises to $529M, triggering deeper cuts.

Here’s what that would mean for Disney:
🚫 Lose one-third of discretionary funding → $370K 
	 📉 That could lead to a loss of up to 3 positions

🚫 Increase student-teacher ratio by just 1 → Loss of three teachers 
	📉 That could mean two core and one holistic teachers

Combined, that’s a 7% staffing loss (excluding special education). And it would happen just before school starts.

So close to the beginning of the school year, Disney would turn to its internal accounts (funds built from efforts such as fundraising, rentals, etc.) to save these positions, a difficult decision considering so much of this fund has already been depleted in the past two years. This is not sustainable and is not an option for many CPS schools.

Citywide, CPS elementary schools could see:
📉 $53M less in discretionary = 420+ teacher positions lost
📉 313 fewer teachers due to formula changes

There’s no question the CPS budget is complicated, but we can all agree that we need to do everything possible to avoid further reducing already limited school resources.
",,"","","","","","","","","21","18","18","","","","","","","3","","","","","","","","","","","","","","","","","","","","","","","","","","","","","","","","","","","","","","","","","","","CPS Budget 2025"
"5/18/2026 2:00 pm","7462187861274972160","LinkedIn","Post","Document","Heather Y. Anichini"," ","https://linkedin.com/feed/update/urn:li:ugcPost:7462187861274972160","Last week, CPS announced a $732M deficit for FY27, up from the $520M projected in the FY26 Budget Book.

School-level budgets absorb nearly $100M of that gap. How CPS closes the rest is still an open question.

→ The most concrete revenue lever right now is TIF surplus.

CPS is assuming $100M, about a fifth of last year's actual surplus. Assuming $552M, equal to last year, TIFs would close roughly $450M of the gap.

That is not a permanent fix. But for FY27, it matters.

→ As CPS works through the big-picture issues, principals are facing the first significant school-level cuts since FY17.

Two changes to note:
▸ The student-to-teacher ratio rose by one student across all schools. Final savings will be clear in June; initial estimates suggest $78M.
▸ Schools under 250 students will no longer be guaranteed an assistant principal. That affects 100 to 120 positions and yields an estimated savings of $18M.

CPS made important choices to protect the most vulnerable schools, especially caps on teacher losses per school and a firm commitment to fully fund special education staffing.

With those caps in place, an estimated 800 to 900 positions could be affected systemwide — roughly 2% of the 37,427 people who work directly in CPS schools.

A small percentage on a spreadsheet means real people in school buildings. For the communities absorbing the cuts, the impact is anything but marginal.

→ What's next
Principals have until June 9 to appeal allocations, work with their Local School Councils, and finalize budgets. The Fund is providing budget tools and direct support through this window.

The district has until August 29 to pass a budget for FY27. Closing a deficit this size for two years running is not a sustainable path. 

Alongside the immediate work on FY27, it's time to align on long-term solutions to the structural problem.

More to come.",,"1,959","1,959","","1,344","","","","1.02%","20","17","17","","","","","","","2","1","","","","","","","","","","","","","","","","","","","","","","","","","","","","","","","","","","","","","","","","","","CPS Budget 2026"
"5/28/2025 12:23 pm","7333543365998718977","LinkedIn","Post","Text","Heather Y. Anichini"," ","https://linkedin.com/feed/update/urn:li:share:7333543365998718977","With just 11 days left in the 2024–25 school year, Chicago students, families, and educators are celebrating a year of growth. They are also preparing for major transitions, from grade promotions to graduations. 

CPS is preparing too, with a search underway for the next leader of the nation’s fourth-largest school system. 

At the same time, uncertainty around the district’s FY26 budget continues to loom. 

Naturally, our team at The Fund wanted to understand how Chicagoans feel during this pivotal moment. So, in April, we commissioned a poll of 1,000 Chicago voters. 

Here's what we learned:

🙋 Chicagoans want a voice in CPS leadership.
 As CPS winds down its first round of community conversations this week, 73% of voters say they want to be involved in the leadership search. The most preferred engagement methods? Public meetings (45%) and online surveys (41%).

🏫 Student success should guide the next leader.
As the CBOE considers the leader profile for CPS, it is interesting to see that Chicagoans value leaders who understand students (43%), have a track record of improving outcomes (37%), and can manage complex budgets (33%).

💲 The public favors revenue solutions over cuts.
As CPS looks to resolve its structural deficit, more than half of voters (53%) believe CPS should pursue additional revenue from the state, while nearly one-third (32%) support new funding from the City of Chicago.

📺 Community members are paying attention.
As we head toward summer, schools remain a topic of interest for all of Chicago; 77% of respondents report following CPS news, especially via television and social media.

Chicago has always been a city where civic engagement and local decision-making matter. From Local School Councils to a 21-person school board, Chicagoans have long voiced their commitment to public education. 

In the weeks ahead, we’ll be sharing more from this poll, including insights on how these public perspectives can shape the future of CPS. Stay tuned.",,"","","","","","","","","20","20","20","","","","","","","0","","","","","","","","","","","","","","","","","","","","","","","","","","","","","","","","","","","","","","","","","","","CPS Budget 2025"
"11/4/2024 10:45 am","7259244304219480065","LinkedIn","Post","Link","Heather Y. Anichini"," ","https://linkedin.com/feed/update/urn:li:share:7259244304219480065","As we all prepare for a week of election talk and the potential implications on our communities, country, and world, I want to pause and thank Sydney Finley for giving voice to the importance of the many already-elected Local School Council members serving in Chicago's public schools. Their tireless work to center their students and their community's needs, especially in times of turmoil or change, is critical to our schools. Their partnership with principals makes schools places of belonging and learning for young people. Sydney's leadership of this work on our team is helping us live into our mission and providing needed support to leaders and schools. Extra shout-out for hitting that two-minute time limit precisely! 


https://lnkd.in/gBGUxdjA","https://www.youtube.com/live/R6F83RRbBdk?t=6562s","","","","","","","","","20","18","18","","","","","","","2","","","","","","","","","","","","","","","","","","","","","","","","","","","","","","","","","","","","","","","","","","",""
"8/12/2025 4:04 pm","7361140534926561281","LinkedIn","Post","Link","Heather Y. Anichini"," ","https://linkedin.com/feed/update/urn:li:share:7361140534926561281","One way The Chicago Public Education Fund attempts to show appreciation for school leaders is by listening to their perspectives and turning that feedback into action. Their insight shapes how we advocate for and support school leaders through our programming and policy agenda. For the past two years, members of our Educator Advisory Committee (EAC) have crafted recommendations for specific policy changes that we then share broadly with key stakeholders. In March, the group of around 30 principals used their shared experiences to generate recommendations to address staff shortages in CPS. 

As our policy and advocacy work continues to evolve, we aim to incorporate additional school leader voices. Last week, we brought together groups of principals from across the city for a series of policy conversations. 

Despite ongoing budget uncertainty and leadership changes at the district level, one thing was clear: principals remain committed to doing whatever it takes to ensure students have the resources and support they need.

They also shared that transparency and communication matter. Even when there’s disagreement, understanding the why behind a decision—and how it impacts their school community—is essential. That way, they can adjust accordingly and build investment with educators, parents, and other key stakeholders within their school communities. 

These conversations will continue throughout the fall and help shape our policy agenda for 2026. However, our goal remains the same: to improve conditions that allow principals to focus on what matters most—the needs of students and families.

Review the EAC’s 2025 policy recommendations here: https://lnkd.in/gezKj5zB","https://thefundchicago.org/principals-and-assistant-principals-provide-recommendations-to-cps-budget-office/","","","","","","","","","19","19","19","","","","","","","0","","","","","","","","","","","","","","","","","","","","","","","","","","","","","","","","","","","","","","","","","","",""
"5/22/2025 1:51 pm","7331391331136638976","LinkedIn","Post","Text","Heather Y. Anichini"," ","https://linkedin.com/feed/update/urn:li:share:7331391331136638976","What could Chicago schools face if the CPS deficit grows?

Over the past few weeks, I’ve shared that there are multiple scenarios for CPS’ FY26 budget, with a deficit that could range from $229M to over $1B. That range is driven by uncertain revenues and big-picture cost drivers. Where Chicago lands within that range has very real implications for school communities.

🧮 Here’s what we know:
Last week, principals and LSCs received school budgets based on a $229M deficit, the smallest scenario among three considered. CPS can close a $229M deficit with cuts to centrally-provided services and keep overall school budgets flat — at about $5B across all schools.

❗But overall flat funding doesn’t mean unchanged budgets.
CPS school funding formulas reflect both enrollment and student need, and these change from year to year. That means most schools will still face trade-offs, even under the most stable scenario. That’s why we’re working with our partners to support principals and LSCs now.

❓But what if the deficit is larger? $529M? $734M? More?
Then, district-wide school-level budget cuts are likely, and CPS could:

Alter the foundational position formulas: In FY25, over 13,000 teacher positions were allocated via these formulas. Reducing this total by 500 teacher positions — one per school on average — would save just ~$60M, while reducing student supports everywhere.

Cut flexible funding: In FY25, preK-8 schools received an average of $650 per student, and at least $325 per student in flexible funding. High schools received an average of $1,500, and at least $1,095 per student. School communities use these resources for additional positions, supplies, programming, and meeting other student needs. Reducing this amount by a third — an average loss of $132K per school — would save only around $80M, and would require real reductions in the services offered to students in schools.

💡 Taking these tough steps would only yield ~$140M in savings on top of the central cuts of $239M. The cuts required to close a $529M deficit would likely be double what is described above in most schools. And, the larger the deficit, the more drastic these kinds of cuts will need to be.

School leaders are already working hard to meet student needs under the current conditions. If revenue assumptions don’t hold, they may be asked to do much more with even less. I’ll share more on what those difficult choices could look like tomorrow.",,"","","","","","","","","19","15","15","","","","","","","4","","","","","","","","","","","","","","","","","","","","","","","","","","","","","","","","","","","","","","","","","","","CPS Budget 2025"
"2/27/2025 2:27 pm","7300974882824040448","LinkedIn","Post","Photo","Heather Y. Anichini"," ","https://linkedin.com/feed/update/urn:li:share:7300974882824040448","Black History is Chicago history—every day of the year. Black History Month gives us the opportunity to amplify the stories and leadership that continue to shape our city.

This year, my team has been deeply engaged in supporting Local School Councils, which has led us to reflect on the vision of Mayor Harold Washington. His commitment to community-led schools laid the foundation for stronger public education in Chicago, which ultimately helped increase high school graduation rates from under 50% in the 1990s to 86.4% in 2024.

In the comments, I’ve linked a powerful piece by Dr. Albert Bennett that explores how the education summit at the start of Mayor Washington’s second term led to the creation of Local School Councils—structures that remain vital to our schools today.

At a time when so much is happening in and around education, learning from and honoring this history feels more important than ever. I hope you’ll take a moment to read, reflect, and celebrate the legacy of leaders like Mayor Washington—this month and always.",,"","","","","","","","","19","18","18","","","","","","","1","","","","","","","","","","","","","","","","","","","","","","","","","","","","","","","","","","","","","","","","","","",""
"1/9/2025 7:41 pm","7283296908171735041","LinkedIn","Post","Text","Heather Y. Anichini"," ","https://linkedin.com/feed/update/urn:li:ugcPost:7283296908171735041","The work of Ingenuity - Chicago and their fearless leader, Nicole Losurdo Upton never fails to inspire me. Read past the headlines, and you'll see that incredible things are happening in Chicago's public schools; the Creative Schools Fund is an important part of that magic in 130 school communities.",,"","","","","","","","","19","18","18","","","","","","","1","","","","","","","","","","","","","","","","","","","","","","","","","","","","","","","","","","","","","","","","","","",""
"5/20/2026 1:45 pm","7462936439492661248","LinkedIn","Post","Document","Heather Y. Anichini"," ","https://linkedin.com/feed/update/urn:li:ugcPost:7462936439492661248","Budget topic of the day: Teacher allocations

CPS allocates core teaching positions to schools based on two factors: enrollment and a student-to-teacher ratio. For schools with more than 250 students, this can lead to compounding losses in FY27.

Enrollment declined by about 9,000 in FY26. That loss was experienced unevenly, with some communities losing larger numbers than others.

Simultaneously, CPS increased the student-to-teacher ratio by one student across all schools and grade bands. For many schools districtwide, this meant additional position losses. 

Most schools below 250 students in enrollment will not lose any teacher positions. Of the 107 schools in this category, 16 (15%) are expected to lose a teacher position. 

The 392 schools with more than 250 students are impacted by both enrollment changes and an increase in the student-to-teacher ratio by one student across all schools and grade bands. 

369 (94%) of these schools are expected to lose at least one teacher position as a result of the shifts.  

While the final impact won’t be clear until June, this likely means the loss of 700-800 positions citywide, and a savings of $78M. For schools losing teachers, the gap is hard to fill.

→ Here’s an example:
Take a typical elementary school with around 600 students in FY26. Enrollment drops by roughly 50 in FY27. That means TWO fewer teaching positions. 

Add the ratio increase: The school received one teacher for every 24 students in FY26. They have one for every 25 in FY27. That’s likely the loss of a THIRD position.

Three teachers. That's the gap a principal will now have to try to fill. 

They can use discretionary funds to buy back a position, but those dollars were committed to something else in FY26: a literacy interventionist, after school programming, an additional social worker. 

Every buyback in FY27 is a subtraction somewhere else.

→ Aren’t there caps?
Yes. CPS capped losses at four teachers per elementary and six per high school. 

The cap matters, but it only applies to centrally allocated general education positions. Program cuts or shifting student needs can push losses beyond it.

→ A reminder about small schools

For the most part, the schools below the 250-student threshold did not face teacher cuts. However, these schools did lose their foundational assistant principal, an issue we’ll tackle tomorrow.

Up Next: what the AP cut means for these schools.",,"1,102","1,102","","762","","","","1.63%","18","16","16","","","","","","","2","0","","","","","","","","","","","","","","","","","","","","","","","","","","","","","","","","","","","","","","","","","","CPS Budget 2026"
"4/28/2026 8:41 am","7454887606590390273","LinkedIn","Post","Photo","Heather Y. Anichini"," ","https://linkedin.com/feed/update/urn:li:share:7454887606590390273","Last week, our partners at Northern Trust hosted The Chicago Public Education Fund team for a day of connection, reflection, and work. 

We anchored in the one thing we know we can count on: CHANGE. 

We discussed how our individual and collective responses to those ever-present shifts create weather. ⛈️ 🌈 🌤️ 

We practiced naming the weather we create and describing it to others. 

☂️ We learned that some of us see Picture G as standing in the rain, and others see it as walking toward the light. ☀️

We talked about all the ways our individual weather interacts. We noticed that if one of us is Picture B and the other is Picture C, we can all end up living through Picture I!

Using the analogy helped us process and plan in new and important ways.

❓ I am curious: ",,"18,459","18,459","","13,959","","","","0.1%","18","16","16","","","","","","","1","1","","","","","","","","","","","","","","","","","","","","","","","","","","","","","","","","","","","","","","","","","",""
"11/13/2025 11:22 am","7394786827427045376","LinkedIn","Post","Photo","Heather Y. Anichini"," ","https://linkedin.com/feed/update/urn:li:ugcPost:7394786827427045376","Thanks for all the feedback on last week's IAR post (see link in comments)! Several of you asked that we post comparisons across various student groups. You can see that data in the graphics below. Unfortunately, the lack of raw data makes it impossible to assess whether the obvious gaps are widening, shrinking, or staying the same. We hope that CPS or ISBE can release those data so we can all engage in this important conversation in the coming months.

Looking forward to continuing this important conversation and ensuring school leaders, parents, and school communities have access to data that is transparent, timely, and actionable. Clear, disaggregated information is essential to understanding where supports are needed most — and to celebrating the real progress happening in our schools.

As more data become available, we’ll keep sharing what we learn. In the meantime, please keep the questions and insights coming.",,"","","","","","","","","18","16","16","","","","","","","2","","","","","","","","","","","","","","","","","","","","","","","","","","","","","","","","","","","","","","","","","","",""
"11/6/2025 12:21 pm","7392264923629793280","LinkedIn","Post","Text","Heather Y. Anichini"," ","https://linkedin.com/feed/update/urn:li:share:7392264923629793280","Chicago Public Schools 2024–25 IAR Results: What the Data Show (and Don’t Show)

Last week, Chicago Public Schools (CPS) and the Illinois State Board of Education (ISBE) released the 2024–25 Illinois Assessment of Readiness (IAR) results — the statewide measure of student proficiency in reading and math. The data is available at the state, district, and school levels, disaggregated by demographic group.

Why this matters:
Statewide assessments help determine whether schools are providing students with the tools and environment they need to learn. In Illinois, they spotlight schools and districts achieving strong results — and illuminate opportunity gaps, helping direct resources where they’re needed most.

What’s different this year:
Under federal law, states must report the percentage of students in each achievement category, but they have discretion over the test and proficiency “cut scores.” For the 2024–25 school year, ISBE lowered those thresholds. Without access to the underlying scale scores, it’s impossible to track precise year-to-year changes — which is why we’re urging ISBE and CPS to release that data at the school level. (More on that next week!)

In the meantime, we can use the current data to explore key questions:
❓ Are our young people receiving the support they need to learn?
❓ Where are we seeing success?
❓ How can we expand those practices elsewhere?

Let’s start here: Are our young people receiving the support they need to learn?

CPS recalculated prior-year data using the lower proficiency thresholds and reported steady, though slowing, progress:
📘Reading (Grades 3–8): 28.7% (2022) → 34.3% (2023) → 40.0% (2024) → 40.6% (2025)
🧮Math (Grades 3–8): 21.1% (2022) → 24.4% (2023) → 25.5% (2024) → 26.2% (2025)

The bottom line:
Even with lower cut scores, only 4 in 10 CPS students meet reading proficiency standards — and fewer than 3 in 10 meet math benchmarks. Statewide, about 5 in 10 students are proficient in reading, and fewer than 4 in 10 in math.

Every family wants their child to be proficient in elementary reading and math. These skills are foundational for success in high school and beyond, as well as for navigating an increasingly information-rich world.

Meeting that goal takes focus, partnership, and persistence. The good news: we know it’s possible. Nineteen Chicago schools were recognized by ISBE as exemplary this year.

We’ll take a closer look at those stories and additional data points in the coming weeks.",,"","","","","","","","","18","18","18","","","","","","","0","","","","","","","","","","","","","","","","","","","","","","","","","","","","","","","","","","","","","","","","","","",""
"5/7/2026 5:23 am","7458099258945220608","LinkedIn","Post","Text","Heather Y. Anichini"," ","https://linkedin.com/feed/update/urn:li:ugcPost:7458099258945220608","Such well-deserved recognition of one of Chicago’s very best. 

In addition to all that Mariel Laureano said, Nicole’s Masterclass on Leadership has reshaped the way I approach my day. 

Nicole is a remarkable educator, leading an inspiring school, who generously shares her wisdom with so many of us.

Grateful for the Golden Apple Foundation and their recognition of leadership at its finest. #PrincipalPrideChi",,"316","316","","189","","","","5.38%","17","17","17","","","","","","","0","0","","","","","","","","","","","","","","","","","","","","","","","","","","","","","","","","","","","","","","","","","",""
"4/23/2026 4:02 pm","7453186663909883904","LinkedIn","Post","Text","Heather Y. Anichini"," ","https://linkedin.com/feed/update/urn:li:ugcPost:7453186663909883904","A highlight of my week. Grateful for John Fitzpatrick and Mariel Laureano. Their expertise as long-time leaders and visionaries always inspires me; their championing of Chicago's young people always leaves me ready to do more and to be better. There is nothing accidental about the magic we saw at Locke - every decision is intentional and grounded in the students and families served.",,"860","860","","346","","","","1.98%","17","16","16","","","","","","","1","0","","","","","","","","","","","","","","","","","","","","","","","","","","","","","","","","","","","","","","","","","","CPS Budget 2026"
"5/4/2026 12:03 pm","7457112588376649728","LinkedIn","Post","Document","Heather Y. Anichini"," ","https://linkedin.com/feed/update/urn:li:ugcPost:7457112588376649728","FY27 Revenue Explainer #3: Local Property Taxes
CPS receives roughly $4B in property tax revenue annually.

In FY26, property tax revenue accounted for about 40% of the $10.25B total budget and 48% of the district's $9B operating budget. In Illinois, a school board’s power to increase a property tax levy is capped at 5% or the rate of inflation, whichever is less.

In December 2025, the Chicago Board of Education increased the levy by the maximum allowed: 2.9%. This generated roughly $73M in additional revenue for the FY26 budget. New property coming online and other shifts in the tax base added another $160M in new revenue for FY26.

This steady growth has helped CPS meet student needs, and the district has raised its levy to the cap for the last 15 years.

Another increase of around $240M, on par with FY26 growth, is expected in FY27. The total includes additional revenue from raising the cap and other increases in the tax base. The $240M is already assumed in the $520M deficit projected for FY27. 

Caps mean CPS can’t raise additional revenue from this source.

Bottom line: Property taxes remain the largest revenue source for all districts in Illinois, including CPS. In FY27, they will make a meaningful contribution to meeting the needs of Chicago’s students. But, even after significant new revenue, the $520M gap remains.

📌 Next: TIF surplus – a meaningful resource with long-term risks.",,"982","982","","694","","","","1.63%","16","15","15","","","","","","","0","1","","","","","","","","","","","","","","","","","","","","","","","","","","","","","","","","","","","","","","","","","","CPS Budget 2026"
"5/1/2025 7:30 am","7323522087581626369","LinkedIn","Post","Text","Heather Y. Anichini"," ","https://linkedin.com/feed/update/urn:li:share:7323522087581626369","Recently, I shared one potential way to close the Chicago Public Schools' $529M budget gap: TIF. 

Last June, the city outlined a path that could help; it includes allowing TIF districts to expire and could eventually mean up to $300 million annually for CPS. That would narrow the structural gap over time. 

Of course, the gap for FY26 could also grow:

➡️ CPS could receive reduced revenue from the state ($2.6B in FY25) or the federal government ($1B in non-COVID funding in FY25).

➡️ CPS might also face pressure to reimburse the City of Chicago for a share of the Municipal Employees Annuity and Benefit Fund (MEABF).

What do you need to know about MEABF?

 📌 The total annual cost of the MEABF was $900M in FY25. 

📌 Beginning in FY17, a water/sewer tax helped the city fund this obligation. It generated $260M in revenue in FY25. Notably, the tax rate has remained stagnant since FY21.

📌 ~30% of the MEABF liability is attributed to CPS employees; however, under state law, the city is responsible for making all payments.

📌 The city requested that the CBOE reimburse some of this cost starting in FY21; the CBOE complied from FY21 through FY24, when CPS reimbursed the city $175M. 

📌 CPS did not receive any of the revenue from the water and sewer tax in any of those years.

In a tight fiscal environment, there are no easy options:

 🔁 Borrowing delays the problem.

 💰 Raising taxes is politically challenging for the city, especially with a recession looming.

 ✂️ Cutting $175M from CPS to make the reimbursement could impact classrooms; that’s the equivalent of 1,400 teacher positions.

These decisions are tough, and they matter. The consequences will be felt by students, educators, and communities citywide.",,"","","","","","","","","16","13","13","","","","","","","3","","","","","","","","","","","","","","","","","","","","","","","","","","","","","","","","","","","","","","","","","","","CPS Budget 2025"
"3/25/2025 3:43 pm","7310400899858714624","LinkedIn","Post","Text","Heather Y. Anichini"," ","https://linkedin.com/feed/update/urn:li:share:7310400899858714624","Any collaboration between The Learning Accelerator and Leading Educators is bound to be useful in classrooms and schools; this set of resources is no exception. No matter where you are in your school’s AI journey, check them out. Shout out to Jin-Soo Huh and Chong-Hao Fu who continue to inspire with their thoughtful practicality and everyday excellence. Educator teams will lead the way, if you give them the tools and time to make magic happen.",,"","","","","","","","","16","15","15","","","","","","","1","","","","","","","","","","","","","","","","","","","","","","","","","","","","","","","","","","","","","","","","","","",""
"9/23/2024 4:55 pm","7244102106691870723","LinkedIn","Post","Photo","Heather Y. Anichini"," ","https://linkedin.com/feed/update/urn:li:share:7244102106691870723","Recently, I had the opportunity to visit Dr. Nicholas Kotis at Gray Elementary School with The Fund team. 

Dr. Kotis is a remarkable leader. His work is personally energizing and intellectually stimulating. Our team enjoyed talking with him about the history (and the stories) that have inspired his work, including his explanation of how this image (from Epcot) serves as his daily reminder to communicate with his team and families.

Our conversation also brought me back to my sabbatical promise to read voraciously and share some of my favorites. Inspired by Dr. Kotis’ love of history (and all things Greek), here are four books I loved this summer from VERY different genres and authors:

◾ Take My Hand
Many years ago, a colleague pushed me to read ""Bad Blood"", and it shaped my understanding of how people of color view the medical community, especially when the government is behind the solution. Dolen Perkins-Valdez’s book is historical fiction, but it made me want to know more about the true stories of ""Medical Apartheid"", especially in a world where quality, representative, and inclusive health care remains a profound social justice issue.

◾ Fruit of the Drunken Tree
I adore Isabelle Allende’s books, and this book by Ingrid Rojas Contreras offers similar insight into the recent past. I learned much about Colombia’s history during Pablo Escobar’s reign and its impact on its people, especially across class lines. It also made me think about the power one person can wield if the political conditions are right (or wrong!).

◾ King: A Life
This book offers a new look at one of our country’s most significant leaders. Jonathan Eig engaged with as many primary sources as possible and set out to tell parts of the story we might not already know. For my Chicago friends, the chapters on the work here are a must-read. For my church friends, the sections on radical love are an essential challenge.

◾ The Little Liar
There are many historical fiction books set in the World War II era. I appreciated Mitch Albom's take on the impact of the war on Greece. Told through the perspective of several different characters, this book made me think about my definition of truth and justice and reconsider what I thought I knew about a much-studied period of our past.

What inspires you in your work? What are you reading that makes you think or want to know more?
",,"","","","","","","","","16","14","14","","","","","","","2","","","","","","","","","","","","","","","","","","","","","","","","","","","","","","","","","","","","","","","","","","",""
"11/5/2025 12:34 pm","7391905876820942849","LinkedIn","Post","Text","Heather Y. Anichini"," ","https://linkedin.com/feed/update/urn:li:ugcPost:7391905876820942849","Thrilled to see the great work of Elizabeth Swanson and ABC featured all over my feed. This discussion about our shared future really matters!",,"","","","","","","","","15","15","15","","","","","","","0","","","","","","","","","","","","","","","","","","","","","","","","","","","","","","","","","","","","","","","","","","",""
"12/18/2024 4:22 pm","7275274151450304512","LinkedIn","Post","Text","Heather Y. Anichini"," ","https://linkedin.com/feed/update/urn:li:share:7275274151450304512","Love seeing this piece on Joshua Long!",,"","","","","","","","","15","15","15","","","","","","","0","","","","","","","","","","","","","","","","","","","","","","","","","","","","","","","","","","","","","","","","","","",""
"11/14/2025 2:42 pm","7395199410730762240","LinkedIn","Post","Photo","Heather Y. Anichini"," ","https://linkedin.com/feed/update/urn:li:ugcPost:7395199410730762240","Elementary School Attendance in Chicago and Illinois: What the Data Tell Us (and What They Don’t)

Last week, we reviewed the recent IAR (elementary assessment) data. This week, let’s turn to something just as fundamental: attendance. We’ll examine the data to reveal how often both students and teachers are showing up in Chicago and across the state.

Why this matters
Attendance is the quiet engine of learning.
 ✅ When students have what they need to show up consistently, they build skills, confidence, and connection.
 ✅ When teachers are supported to be in the classroom daily, they build relationships, routines, and continuity.

When students or teachers need to miss school, classroom rhythm is disrupted, and learning suffers.

What’s changed since 2019
Throughout the 2010s, attendance among both elementary students and teachers in Illinois was relatively stable. COVID-19 changed that dramatically. Statewide absences reached record highs in 2020–21, and although the data indicate a recovery, we’re still not back to pre-pandemic norms.

Elementary Student Attendance (K–8)
Even with a gradual recovery, nearly one in three CPS elementary students misses more than 18 days in a typical 180-day school year.

Teacher Attendance Trends
The percentage of Chicago teachers missing more than 10 days per school year has also increased since 2018. We know that there is a correlation between teacher absences and student achievement, and that trust is built in classrooms over time. 

The bottom line
Teacher and student attendance build the ecosystem for trust and help foster learning. 

Patterns like these require time and attention to interrupt, but that investment pays off: when students, teachers, and families all have what they need to show up, learning flourishes.

Supporting young people and teachers begins with acknowledging that recovery is underway, albeit unevenly. Schools serving higher-need students continue to face deeper challenges tied to health, housing instability, transportation, and burnout. 

Addressing these trends requires connection — with educators, communities, families, and young people.

The good news
Some Chicago elementary schools are proving what’s possible.

Schools that have made the most significant gains in student attendance also report:
✅ Stronger teacher attendance
✅ More consistent communication with families, including home visits
✅ Targeted supports, from morning check-ins to transportation partnerships and “attendance champion” teams

The lesson is clear: showing up starts with feeling seen.

More to come on the bright spots across Chicago and Illinois, where both students and teachers are showing up and thriving every day.",,"","","","","","","","","14","14","14","","","","","","","0","","","","","","","","","","","","","","","","","","","","","","","","","","","","","","","","","","","","","","","","","","",""
"5/8/2026 3:33 pm","7458615183146668032","LinkedIn","Post","Document","Heather Y. Anichini"," ","https://linkedin.com/feed/update/urn:li:ugcPost:7458615183146668032","FY27 Revenue Explainer #6: Recap

Over the past two weeks, I’ve reviewed CPS’s major revenue sources and their impact on the district’s financial outlook. 

To recap, CPS is likely to receive around $9B in operating revenue for FY27 from three sources:

🇺🇸 Federal: $900M (10%) in stable funding for major streams, but smaller grants can be cut with little warning.
🏛️ State: $2.4B (26%) in support; this includes $70M in growth through the Evidence-Based Finding Formula.
🏙️ Local: $5.7B (62%) in total, with roughly $240M secured in growth through increased property tax revenue, along with up to $552M assumed in TIF surplus, level with FY26 actual revenue and $173M over the FY26 budgeted amount. 

Summary: These three sources could yield nearly $500M in new revenue over FY26, resulting in a deficit of about $350M. 

But that number isn’t firm: In the FY26 budget book, CPS assumed closer to $300M in new revenue, including less in TIF surplus. CPS projected a $520M+ gap relative to projected expenses at that time.

At this stage in the budget cycle, there is no room for additional growth through federal, state, or property tax sources. 

TIF surpluses could grow, but the city decides as late as December, too late for the CPS budget decisions underway now.

Bottom line: Principals will learn how much of the gap will be absorbed in their schools as they receive their school budgets, likely next week. When those budgets hit, I’ll dive into what cuts could mean for Chicago schools and students. ",,"1,312","1,312","","895","","","","0.99%","13","12","12","","","","","","","1","0","","","","","","","","","","","","","","","","","","","","","","","","","","","","","","","","","","","","","","","","","","CPS Budget 2026"
"5/5/2026 4:11 pm","7457537456511430656","LinkedIn","Post","Document","Heather Y. Anichini"," ","https://linkedin.com/feed/update/urn:li:ugcPost:7457537456511430656","FY27 Revenue Explainer #4: Tax Increment Financing Districts (TIF)

In FY26, CPS received $552M from TIF surpluses. That is about 5% of the $10.25B total budget, and 6% of the district’s $8.7B operating budget, a small but meaningful share.

⁉️ How do those dollars come to CPS?

Tax Increment Financing (TIF) is an economic development tool that sets aside increases in property tax revenue to fund redevelopment projects within a specific geographic area.

Taxing bodies, like CPS, don’t receive the incremental increases for the period the TIF is active, generally 23 years.

⌚ Over time, TIF districts may generate more property tax revenue than needed for planned projects. When that happens, state law requires the unused funds to be surplused. 

By law, CPS receives about 52% of the total. In 2019, the City of Chicago adopted a formal policy to declare surplus. In FY26, the City declared a surplus of over $1B, and CPS received $552M:

▶️ $397M ◀️ 
▪️Available to cover operating expenses for CPS, slightly above the $379M assumed in the budget CPS passed.

▶️$175M ◀️ 
▪️Returned as reimbursement to the City for Municipal Employees Annuity & Benefit Fund (MEABF) costs, per the district’s agreement with the City.

⏸️ Here's the catch. ⏸️ 

The City is not required to finalize the TIF surplus until December. CPS must pass its budget by August. That's a real calendar challenge, and it makes TIF funding risky to calculate and to count on.

What’s more, the amount available varies from year-to-year. Even with a formal process, politics often come into play. Counting on TIF dollars for steady-state operations is not a sustainable, long-term strategy.

📣 Bottom line: TIF surpluses are politically-dependent, variable in amount, and -- by design -- one-time sources of revenue. The total amount is only known after the CPS budget is passed. Still, we CAN make some plausible assumptions based on previous years, which we’ll do in the next post. 

📌 Next: The FY27 TIF outlook",,"831","831","","596","","","","1.56%","13","13","13","","","","","","","0","0","","","","","","","","","","","","","","","","","","","","","","","","","","","","","","","","","","","","","","","","","","CPS Budget 2026"
"3/17/2026 5:22 pm","7439798411870154752","LinkedIn","Post","Link","Heather Y. Anichini"," ","https://linkedin.com/feed/update/urn:li:share:7439798411870154752","Did you vote today? Good. ✅

But wait. You’re not done yet. 

Tomorrow — Wednesday, March 18 — Chicago Public Schools will hold Local School Council (LSC) elections.

🗳️If you’re connected to a CPS school, I hope you’ll take a moment to vote in these critical elections.

Local School Councils are one of the most distinctive features of Chicago Public Schools. Created through the 1988 Chicago School Reform Act, they bring civic engagement directly into our schools by giving families, educators, and community members a real voice in school governance.

LSCs play an important role in school leadership. They approve school budgets, evaluate and support principals, and help connect schools to the communities they serve. When LSCs are strong and engaged, schools are better positioned to meet the needs of students and families.

At The Chicago Public Education Fund, we see every day how critical strong leadership is to student success. Our work focuses on supporting school leaders across the city, and Local School Councils are essential partners in that effort.

It’s also worth remembering that LSC service is entirely voluntary. Running for a seat and serving a school community takes real commitment.
So to every parent, educator, community member, and student who stepped forward to run this year: thank you for your civic leadership.

If you’re part of a CPS school community, don’t forget to vote tomorrow.
Our schools — and our city — are stronger when communities show up.

You can use this CPS map to identify your voting location: https://lnkd.in/gMyUKAZr

#ChicagoSchools #LocalSchoolCouncils #CivicEngagement","https://schoolinfo.cps.edu/map-lscelection/","650","650","","417","","","","2%","13","13","13","","","","","","","0","0","","","","","","","","","","","","","","","","","","","","","","","","","","","","","","","","","","","","","","","","","","CPS Budget 2026"
"8/20/2025 3:58 pm","7364038264728510464","LinkedIn","Post","Text","Heather Y. Anichini"," ","https://linkedin.com/feed/update/urn:li:share:7364038264728510464","Yesterday, on the second day of school, the Chicago Board of Education held two public hearings on the FY26 budget.

Chicago Public Schools (CPS) team members reviewed the proposed plan, and we heard testimony from labor leaders, elected officials, parents, Local School Council members, educators, and nonprofit leaders (including our own Nelson Gerew).

The good news? There was some real consensus...

✅ Engaging the public matters. Families, educators, and students must have a voice, especially when choices are toughest.

✅ Protecting school budgets — already tight — is a shared value.

✅ All cuts have costs. Central office and citywide savings come with tradeoffs that families already feel.

There were also lengthy discussions around three challenging issues...

⚖️ TIF: The budget estimated TIF surplus revenue at $379M, level with last year. Some Board Members questioned whether the City would release those funds in the year ahead; some Aldermen testified that a TIF surplus is likely needed to close Chicago's budget gap. In any case, CPS is entitled to 52% of any surplus declared by the City. 

🏛️ MEABF: Legally, this pension payment is a City obligation, though CPS reimbursed the City for a few cycles.  The CPS budget includes at least partial reimbursement to the City if revenues exceed assumptions.

💸 Debt: CPS budget and finance leaders strongly urged against including new borrowing for operations, warning it could jeopardize refinancing savings and cost much more long-term. Some Board members asked for more explicit flexibility in the budget to account for unexpected revenue challenges. 

One other thing everyone seemed to agree on?
🚫 Choosing between bad options to keep schools whole is not sustainable.

The first step toward stability is passing a responsible budget next week. Only then can conversations about future investments in our students truly begin with the City, the State, and other partners.",,"","","","","","","","","13","13","13","","","","","","","0","","","","","","","","","","","","","","","","","","","","","","","","","","","","","","","","","","","","","","","","","","","CPS Budget 2025"
"3/14/2025 10:00 am","7305996420438794241","LinkedIn","Post","Photo","Heather Y. Anichini"," ","https://linkedin.com/feed/update/urn:li:share:7305996420438794241","Did you know that 30% of people living in Cook County struggle with reading and comprehension? That means there’s likely at least one adult on your block or in your apartment building who may need support.

In recognition of National Literacy Month, the Illinois Literacy Foundation is seeking volunteers to dedicate an hour or two each week to tutoring their neighbors. Can you help?",,"","","","","","","","","13","13","13","","","","","","","0","","","","","","","","","","","","","","","","","","","","","","","","","","","","","","","","","","","","","","","","","","",""
"2/18/2025 3:21 pm","7297726909176561664","LinkedIn","Post","Link","Heather Y. Anichini"," ","https://linkedin.com/feed/update/urn:li:share:7297726909176561664","""If the new board rises to the occasion, CPS could become the national model for large urban districts — improving student outcomes despite financial turmoil and leadership change. If it fails, the hardest hit will be those students who can least afford to see their schools unravel.""

This is a powerful reminder of the opportunity ahead for the Board of Education and an important caution about what’s at stake for Chicago’s learners.

I appreciate the perspective shared in this piece and remain committed to working alongside CPS leaders, our principals, and the Board of Education to ensure we rise to the challenge—because Chicago’s young people deserve nothing less.

https://lnkd.in/gENjM2a5 ","https://www.chicagotribune.com/2025/02/17/opinion-chicago-public-schools-board-of-education-finances-students/","","","","","","","","","13","13","13","","","","","","","0","","","","","","","","","","","","","","","","","","","","","","","","","","","","","","","","","","","","","","","","","","",""
"12/12/2024 11:50 am","7273031450587750400","LinkedIn","Post","Text","Heather Y. Anichini"," ","https://linkedin.com/feed/update/urn:li:ugcPost:7273031450587750400","This is such exciting and vital work, led by the Latino Policy Forum and talented educators like Dr. Olimpia Bahena. If you haven't read the report, you should check it out: https://lnkd.in/gZYcPUsx. ",,"","","","","","","","","13","13","13","","","","","","","0","","","","","","","","","","","","","","","","","","","","","","","","","","","","","","","","","","","","","","","","","","",""
"12/4/2025 4:56 pm","7402480833745588224","LinkedIn","Post","Text","Heather Y. Anichini"," ","https://linkedin.com/feed/update/urn:li:ugcPost:7402480833745588224","Love to see data being used to drive professional development opportunities for school leaders and learning opportunities for students! Thank you Mira Weber for your strong leadership and vision!",,"","","","","","","","","12","11","11","","","","","","","1","","","","","","","","","","","","","","","","","","","","","","","","","","","","","","","","","","","","","","","","","","",""
"7/29/2025 6:33 pm","7356104710203887616","LinkedIn","Post","Text","Heather Y. Anichini"," ","https://linkedin.com/feed/update/urn:li:share:7356104710203887616","Love that my team has such deep connections to schools and all the ways we show up to support where we can. (Also, I appreciate the reminder on those 3rd-grade school supplies...)",,"","","","","","","","","12","12","12","","","","","","","0","","","","","","","","","","","","","","","","","","","","","","","","","","","","","","","","","","","","","","","","","","",""
"10/30/2025 10:24 am","7389683647320244224","LinkedIn","Post","Text","Heather Y. Anichini"," ","https://linkedin.com/feed/update/urn:li:share:7389683647320244224","On Tuesday our team visited Everett Elementary School and left deeply inspired by what strong, steady leadership can make possible. 

For 14 years, Principal Rodolfo Rojas has led Everett with both heart and strategy — transforming a small McKinley Park school into a model of student engagement, academic strength, and community connection. 

Serving just over 100 students (more on the challenges of very small schools in a future post!), many of whom are English language learners, Everett continues to outperform expectations, maintaining strong student math and reading gains, a positive culture, and high engagement across classrooms. 

During our visit, Chicago Board of Education Member Yesenia López, The Chicago Public Education Fund staff, Board of Directors, and Leadership Council members had the privilege of hearing directly from teachers and students about what makes Everett special. What stood out most was the culture: students who know their voice matters, educators who collaborate seamlessly, and a principal who sees every challenge as an opportunity to grow.

I’ve known Rodolfo for most of his principal tenure, and I am grateful for the ways his leadership extends far beyond Everett — as a Fund Fellow, Executive Principal, and Cahn Fellow, he continues to invest in other school leaders across the district, shaping what’s possible for Chicago’s schools.

As we continue Principal Appreciation Month, let’s celebrate Rodolfo, for his dedication, innovation, and lasting commitment to excellence. His leadership continues to inspire all of us who believe in the power of great principals to transform lives and communities. 

Thank you to the entire Everett team for reminding us that great schools are defined by the ways in which they serve young people.

#SchoolLeadership #ChicagoEducation #PublicEducation #PrincipalLeadership #EverettElementary #TheFund #PrincipalPrideChi",,"","","","","","","","","11","11","11","","","","","","","0","","","","","","","","","","","","","","","","","","","","","","","","","","","","","","","","","","","","","","","","","","",""
"3/21/2025 4:07 pm","7308957437049389056","LinkedIn","Post","Text","Heather Y. Anichini"," ","https://linkedin.com/feed/update/urn:li:share:7308957437049389056","📅 As we head into Spring Break, here's a quick save-the-date for the assistant principals in my network. 

🎉 🎉 We'll celebrate Chicago's #APWeek25 with a Happy Hour for YOU on Thursday, April 10. I hope to see you there! 🎉 🎉

Best wishes for a RESTFUL Spring Break, all! You earned every nap! 😴 ",,"","","","","","","","","11","11","11","","","","","","","0","","","","","","","","","","","","","","","","","","","","","","","","","","","","","","","","","","","","","","","","","","",""
"5/23/2024 10:00 am","7199355304176738304","LinkedIn","Post","Text","Heather Y. Anichini"," ","https://linkedin.com/feed/update/urn:li:ugcPost:7199355304176738304","Speaking of innovation and creativity in school leadership, our team The Chicago Public Education Fund sponsored a Design Challenge earlier this month. Participating teams started with the needs of their students and communities. They surfaced a clearer perspective around what might work in conversation with the people most impacted. Then, they co-created solutions with buy-in and enthusiasm. #ContinuousImprovement takes work, empathy, belief, and a team. Congratulations again to all participants and to our winners!",,"","","","","","","","","11","11","11","","","","","","","0","","","","","","","","","","","","","","","","","","","","","","","","","","","","","","","","","","","","","","","","","","",""
"11/25/2025 5:13 pm","7399223744331878400","LinkedIn","Post","Text","Heather Y. Anichini"," ","https://linkedin.com/feed/update/urn:li:share:7399223744331878400","📣 We're trying something new this season of gratitude. An anonymous donor will DOUBLE every gift through our Giving Tuesday campaign (which starts today!). Every dollar will support programs for Chicago's talented principals. Please consider joining us. #EveryGiftCounts #GivingTuesday #PrincipalPrideChi",,"","","","","","","","","10","10","10","","","","","","","0","","","","","","","","","","","","","","","","","","","","","","","","","","","","","","","","","","","","","","","","","","",""
"5/18/2026 9:23 am","7462145780708032512","LinkedIn","Post","Text","Heather Y. Anichini"," ","https://linkedin.com/feed/update/urn:li:ugcPost:7462145780708032512","School budgets are out.

For school leaders across Chicago, this moment isn't the starting line.
Principal Lisa Epstein of Lee Elementary started her budget process months before a single number was released. She knew what her school needed. Now she has to reconcile that with what she actually has.

This year, that math is especially hard.

Many schools across the city are navigating enrollment shifts and realigning resources, scheduling, and supports to meet students' needs. That’s never a simple equation.

As schools face $96M in cuts for FY27, school leaders are forced to make tough decisions.

The Fund will continue supporting school leaders through this process by creating spaces for collaboration, sharing practical tools and guidance, and advocating for the conditions leaders need to make decisions that best serve their students and communities.

School leaders can learn more and sign up for our budget support sessions here: https://lnkd.in/gUBkf5iz",,"279","279","","160","","","","3.23%","9","9","9","","","","","","","0","0","","","","","","","","","","","","","","","","","","","","","","","","","","","","","","","","","","","","","","","","","","CPS Budget 2026"
"8/27/2025 2:30 pm","7366552646561746944","LinkedIn","Post","Text","Heather Y. Anichini"," ","https://linkedin.com/feed/update/urn:li:share:7366552646561746944","As Nelson Gerew highlighted in his recent testimony before the Illinois House Executive Committee, Chicago Public Schools (CPS) has made real progress since the passage of the Evidence-Based Funding (EBF) formula in 2017. State revenue has grown, local revenue has increased, and COVID relief dollars allowed for real gains in student learning.

But as those federal funds expire, CPS is once again facing structural deficits. Tomorrow’s Board of Education vote will close a $734M gap for FY26. That is necessary work, but it is only the beginning.

To ensure long-term stability for CPS — and fairness for students across Illinois — we need state-level solutions. Four stand out:

✅ Accelerate the path to adequacy. At $350M per year, Illinois won’t reach adequacy until the 2030s. CPS, which just moved from Tier 2 to Tier 1 in the EBF formula, is currently at 73% adequacy — meaning its 325,000+ students receive only 79 cents on the dollar for what they need. Chicago is not alone: students in Rockford, East St. Louis, and dozens of other districts cannot afford to wait another decade.

✅ Fully fund special education. CPS has nearly doubled the number of special education classroom assistants since 2019 — a critical investment for equity and inclusion. But the state formula does not keep pace with the true cost of serving students with disabilities. Updating EBF to reflect actual special education needs would provide a lifeline for families across Illinois.

✅ Share responsibility for teacher pensions. CPS legacy pension costs exceed $650M annually, requiring the district to divert over $100M from its operating budget each year. Expanding state support, beyond just the “normal cost,” would free up local resources to directly benefit students.

✅ Enable local revenue options. CPS raises 60% of its budget through property taxes, but it is capped at inflation or 5%. Without authority to issue levies beyond existing caps, CPS has little ability to respond to crises or sustain investments that work. State flexibility here could prevent mid-year cuts and layoffs like those seen a decade ago.

The lesson from Nelson’s testimony is clear: when Chicago and Illinois have invested in schools, students have delivered. CPS eighth-graders now outperform national averages in reading. Graduation rates are rising, and more graduates are leaving with college credit and AP scores than ever before.

Tomorrow’s CPS budget is step one. Step two must be an urgent, statewide conversation about adequacy, equity, and sustainability. Illinois has shown before that bipartisan solutions are possible. Our students deserve nothing less.
",,"","","","","","","","","9","9","9","","","","","","","0","","","","","","","","","","","","","","","","","","","","","","","","","","","","","","","","","","","","","","","","","","","CPS Budget 2025"
"10/2/2024 12:48 pm","7247301498341122049","LinkedIn","Post","Text","Heather Y. Anichini"," ","https://linkedin.com/feed/update/urn:li:share:7247301498341122049","Once again, Elizabeth Alvarez, Ph.D. hits it on the head. ""Effective principals have a profound, positive impact on the schools they lead."" Yes! Be sure to #ThankaPrincipal this month, and always.",,"","","","","","","","","9","8","8","","","","","","","1","","","","","","","","","","","","","","","","","","","","","","","","","","","","","","","","","","","","","","","","","","",""
"5/7/2026 3:00 pm","7458239157115670528","LinkedIn","Post","Document","Heather Y. Anichini"," ","https://linkedin.com/feed/update/urn:li:ugcPost:7458239157115670528","FY27 Revenue Explainer 5: TIF Surplus Assumptions - Part 2 ⤵️ 

Yesterday, I explained how TIF surpluses factored into the CPS budget in FY26 and why they aren’t as predictable as CPS’s other revenue sources. Today, we’ll consider how much CPS is likely to receive in FY27.

💡 To start, it’s important to remember that as TIF districts age, their property values grow. Over time, the tax revenue they generate may exceed the amount required by their planned redevelopment projects. 

When these funds are declared surplus, CPS receives about 52% of that amount. In the last four years, the declared surplus has grown steadily.

📊 TIF surplus declared - City of Chicago
▪️$395M > FY23
▪️$435M > FY24
▪️$712M > FY25 
▪️$1.01B > FY26

Even as the surpluses have grown, the total TIF balance has remained high. This means that - while the surpluses are substantial - the overall revenue available for development projects remains high. Balances have been increasing even after these surplus declarations!

📊TIF balance, as of December 31
▪️$2.5B > 2022
▪️$3.1B > 2023 
▪️$3.2B > 2024 
▪️$3.3B > 2025

Based on this information, it seems safe to assume that the FY27 TIF surplus declaration will be similar to FY26's: $552M.

The current deficit projection of $520M assumes only $379M in TIF surplus. If CPS received $552M without conditions around the MEABF, the budget gap would shrink to $375M.

Of course, that assumption is not a guarantee. CPS and the City will discuss projections in the coming weeks, and the CBOE will need to decide how much TIF surplus to assume in the budget they pass this summer.

📣Bottom line: CPS could assume up to $552M in TIF surplus in FY27, helping close the projected gap. But, even that wouldn’t be enough.",,"1,157","1,157","","827","","","","0.69%","8","8","8","","","","","","","0","0","","","","","","","","","","","","","","","","","","","","","","","","","","","","","","","","","","","","","","","","","","CPS Budget 2026"
"4/27/2026 3:01 pm","7454620660347207680","LinkedIn","Post","Document","Heather Y. Anichini"," ","https://linkedin.com/feed/update/urn:li:ugcPost:7454620660347207680","CPS receives roughly $4B in property tax revenue annually. 

That’s about 40% of the $10.25B total budget, and nearly half of the district's $8.6B operating budget. In Illinois, a school board’s power to increase a property tax levy is capped at 5% or the rate of inflation, whichever is less.

In December 2025, the Chicago Board of Education increased the levy by the maximum allowed: 2.9%. This generated roughly $73M in additional revenue for the FY26 budget. New property coming online and other shifts in the tax base added another $100M in new revenue for FY26.

This steady growth has helped CPS meet growing student needs, which is why the district has raised its levy to the cap for the last 13 years. 

Another increase is already assumed in the $500M+ deficit projected for FY27. Caps mean additional revenue won't come from this source.

Bottom line: Property taxes remain the largest revenue source for all districts in Illinois, including CPS. In FY27, they will make a meaningful contribution to meeting Chicago’s students' needs. But, even after significant new revenue, the $500M+ gap remains.

📌 Next: TIF surplus – a meaningful resource with long-term risks.",,"706","706","","473","","","","1.13%","8","8","8","","","","","","","0","0","","","","","","","","","","","","","","","","","","","","","","","","","","","","","","","","","","","","","","","","","","CPS Budget 2026"
"11/25/2025 4:14 pm","7399208831341248512","LinkedIn","Post","Photo","Heather Y. Anichini"," ","https://linkedin.com/feed/update/urn:li:ugcPost:7399208831341248512","High School Assessment Results: What the 2024–25 Data Tells Us

ISBE and CPS released new performance data this fall, and one trend is clear: college-readiness is slipping—locally and nationally. No single test tells the whole story, but the pattern is unmistakable.

Chicago, once a national outlier for improvement, is now experiencing a slower version of the same nationwide slide. The question isn’t whether the trend is real—it’s how quickly we can reverse it.

How High School Assessment Works in Illinois
Illinois has long used a college-readiness exam for its statewide test, moving from ACT → SAT → ACT again in 2025. Due to this shift, year-to-year comparisons are challenging, but the long-term trend is clear.

📉 The Trend
In 2025, CPS 11th graders averaged 17.1 (Math) and 16.6 (ELA) on the ACT—down 1.2 points from a decade ago.

CPS SAT scores also declined steadily, from 969 (2018) to 929 (2024).
Notably, some outcomes continue to rise—graduation rates and early college credentials among them. Historically, CPS improved these alongside test scores. A decade-long decline is unusual.

National data mirrors the pattern: ACT math averages fell from 20.8 → 18.9, and ELA from 20.9 → 19.2 since 2015.

Where Do We Go From Here?
Reversing the slide—and returning to the steady progress Chicago once led—will require:
- Stronger early high school reading and math supports
- A deep focus on high-quality instruction and rigorous curriculum
- Transparent, ongoing monitoring of multiple data points—not just ACT results

Chicago has proven that improvement is possible. The challenge now is to ensure that rising graduation and credential rates are matched by genuine academic readiness. Every student deserves to leave high school prepared for what comes next.",,"","","","","","","","","8","8","8","","","","","","","0","","","","","","","","","","","","","","","","","","","","","","","","","","","","","","","","","","","","","","","","","","",""
"4/25/2024 9:00 am","7189137634948956161","LinkedIn","Post","Text","Heather Y. Anichini"," ","https://linkedin.com/feed/update/urn:li:share:7189137634948956161","Very excited to see the Design Challenge leaders and their teams in action. They listened and heard their students and communities. They used their learning to co-design projects that meet needs, inspire joy, and create possibility. You can learn more about The Chicago Public Education Fund and our work with the Design Challenge below.",,"","","","","","","","","8","7","7","","","","","","","1","","","","","","","","","","","","","","","","","","","","","","","","","","","","","","","","","","","","","","","","","","",""
"12/2/2025 10:34 am","7401660162597695488","LinkedIn","Post","Text","Heather Y. Anichini"," ","https://linkedin.com/feed/update/urn:li:share:7401660162597695488","Please consider joining us today! Your investment in The Chicago Public Education Fund supports strong programming for student-centered principals, transparent data and analysis of education policy issues, and an incredible, mission-aligned team.",,"","","","","","","","","7","7","7","","","","","","","0","","","","","","","","","","","","","","","","","","","","","","","","","","","","","","","","","","","","","","","","","","",""
"6/20/2025 12:00 pm","7341865286192549889","LinkedIn","Post","Link","Heather Y. Anichini"," ","https://linkedin.com/feed/update/urn:li:share:7341865286192549889","At The Chicago Public Education Fund, listening to school leaders is core to our mission.

Every year, we ask Chicago’s principals and assistant principals what they need to succeed. 

📊 If you’re deep into the data, I encourage you to check out the full report here: https://bit.ly/45rYmjg.
 
A few highlights:
➕ Satisfaction is Up: 70% of principals and 80% of assistant principals report feeling satisfied in their roles, a positive sign of strong connection to their schools and communities.

✔️The Need for Support is Up, too: Only 52% of leaders feel they have the tools they need to do their jobs well. That’s an 11-point drop from last year. Leaders consistently point to the need for more help with instructional leadership, school climate, and staff management.

🏫 Chronic Absenteeism Remains a Crisis: With 40% of students chronically absent, leaders are searching for practical strategies, and peers to work alongside, to improve student engagement and attendance.

🔜 What's Next? The survey is only the first step. We are already launching new programs, publishing case studies, and creating more opportunities for leaders to shape solutions. In the months ahead, we’ll partner with Chicago Public Schools, Chicago Principals & Administrators Association, and Department of Principal Quality (DPQ) to analyze the data, host focus groups, and refine our support strategy for 2025–26. 

Let’s keep listening — and acting — together.
","https://bit.ly/45rYmjg","","","","","","","","","7","7","7","","","","","","","0","","","","","","","","","","","","","","","","","","","","","","","","","","","","","","","","","","","","","","","","","","",""
"2/22/2025 11:56 am","7299124894573768704","LinkedIn","Post","Text","Heather Y. Anichini"," ","https://linkedin.com/feed/update/urn:li:share:7299124894573768704","In supporting principals, we try to center the voices and experiences of Black and Latino/a/e leaders who face unique and often intensified challenges. Our role is not to speak over or for them but to listen, learn, and advocate for systemic changes that honor their strengths and respond to their needs.

This week, Daniel Perry reminds us that ""The research tells us that Black leaders are more adversely affected healthwise due to the challenges of leadership. It is critical that school leaders are aware and have strategies to adapt to take care of themselves."" 

Read on below 🔽  🔽  🔽",,"","","","","","","","","7","7","7","","","","","","","0","","","","","","","","","","","","","","","","","","","","","","","","","","","","","","","","","","","","","","","","","","",""
"5/7/2026 4:32 pm","7458267487365902337","LinkedIn","Post","Text","Heather Y. Anichini"," ","https://linkedin.com/feed/update/urn:li:share:7458267487365902337","Ingenuity - Chicago has spent 15 years making the case that every child deserves access to the arts in public schools.
 
Last night, Nicole Losurdo Upton and her team marked Ingenuity’s 15th anniversary at Tapestry 2026, raising significant resources to close that gap and celebrating partners who have helped along the way.

It was a personal joy to watch Principal Maria G Gamboa accept the Be Creative Award. A Malott Fellow and regular program participant, Principal Gamboa and her team at The Multicultural Arts High School continue to inspire at every turn.

Ingenuity also honored Zach Lazar for his long-standing civic leadership and The Joffrey Ballet for their work to bring world-class arts education into CPS classrooms. 

Everyone in the room was deeply committed to the arts in public schools – not as enrichment on the margins but as an essential part of what school is.

👏 98,000 more students have that access today thanks to Ingenuity's work and the support of so many who attended last night. 

That's what 15 years of sustained commitment looks like.

At The Fund, we see every day how school culture shapes whether and how students show up. Arts programs build belonging, confidence, and connection. Those aren't soft outcomes; they’re the conditions that make learning possible.

Fifteen years is worth celebrating. So is the clarity about what the next 15 require.

Grateful to Ingenuity - Chicago for the evening, and for reminding us all what we're working toward. ",,"352","352","","205","","","","1.7%","6","6","6","","","","","","","0","0","","","","","","","","","","","","","","","","","","","","","","","","","","","","","","","","","","","","","","","","","",""
"4/23/2026 8:31 am","7453072996279418881","LinkedIn","Post","Document","Heather Y. Anichini"," ","https://linkedin.com/feed/update/urn:li:ugcPost:7453072996279418881","FY27 Revenue Explainer #2: State Funding 
State funding is increasing each year, but most districts statewide still do not receive the funding necessary to meet the needs of the students they serve.
 
Illinois’ Evidence-Based Funding formula, passed in 2017, was designed to close the gap between what students need and what districts receive. 

In FY26, CPS saw a $73M boost from a statewide increase in EBF, bringing the total state contribution to $1.9B. A similar increase is expected in FY27, with state funding projected to reach $2B, or approximately 20% of the district’s overall $10.25B budget.

Though the amount has increased, the current EBF isn’t keeping up with growing student needs. In FY24, CPS was funded at 81% of adequacy. 

In FY26, we were at 73%. That means CPS has 73 cents on every dollar it needs to fully serve our students. The gap contributes to the fiscal pressures many districts, including CPS, are feeling this year.

BOTTOM LINE: Annual increases in state revenue help CPS get closer to a balanced budget, but aren’t yet enough to fully meet student needs. In SY27, the additional dollars will make a difference, but won’t close the gap.

📌 Next: local revenue; the largest source, but with its own constraints.",,"1,137","1,137","","779","","","","0.53%","6","6","6","","","","","","","0","0","","","","","","","","","","","","","","","","","","","","","","","","","","","","","","","","","","","","","","","","","","CPS Budget 2026"
"4/4/2025 4:04 pm","7314030040344580096","LinkedIn","Post","Text","Heather Y. Anichini"," ","https://linkedin.com/feed/update/urn:li:ugcPost:7314030040344580096","Assistant principals wear many hats. Please nominate your favorite AP for recognition during #APWeek25. Stay tuned as we highlight these leaders' remarkable stories. 

https://bit.ly/3FOuYJc ",,"","","","","","","","","6","6","6","","","","","","","0","","","","","","","","","","","","","","","","","","","","","","","","","","","","","","","","","","","","","","","","","","",""
"8/28/2025 2:04 pm","7366908506777567232","LinkedIn","Post","Link","Heather Y. Anichini"," ","https://linkedin.com/feed/update/urn:li:share:7366908506777567232","📉 Chicago Public Schools’ (CPS) $734 million deficit includes a proposed $175 million reimbursement payment to the City of Chicago for the Municipal Employees Annuity and Benefit Fund (MEABF).

This pension system covers CPS employees who are not certified educators. Importantly, CPS is not legally obligated to make this payment, and for nearly 100 years, it did not. Between 2020 and 2023, the district reimbursed the city using one-time federal COVID-19 relief funds, but those dollars are no longer available. Covering this cost now would mean either cuts to the CPS budget or additional borrowing.

Public opinion reflects skepticism as only 25% of voters support CPS taking on this responsibility.

💡How can CPS and the city of Chicago resolve the MEABF payment situation? Well, some potential solutions include:
▪️ A new, dedicated tax levy authorized by the state
▪️ State absorption of CPS’s normal pension costs for these employees, as it already does for teachers
▪️ The city of Chicago owning the cost of MEABF without expecting any contribution from CPS (at least until the district fixes its structural budget deficit)

Any path forward will require collaboration between CPS, the city of Chicago, and state leaders. What remains clear: addressing this obligation without new revenue would come at a significant cost to students.

Feel free to review our full memo on our website: https://lnkd.in/giBDDz3g","https://thefundchicago.org/four-scenarios-to-consider-for-balancing-the-2026-cps-budget/","","","","","","","","","5","5","5","","","","","","","0","","","","","","","","","","","","","","","","","","","","","","","","","","","","","","","","","","","","","","","","","","","CPS Budget 2025"
"4/23/2026 3:05 pm","7453172100833415170","LinkedIn","Post","Text","Heather Y. Anichini"," ","https://linkedin.com/feed/update/urn:li:ugcPost:7453172100833415170","A highlight of my week. Grateful for John Fitzpatrick and Mariel Laureano. Their expertise as long-time leaders and visionaries always inspires me; their championship of Chicago's young people always leaves me ready to do more and to be better. There is nothing accidental about the magic we saw at Locke - every decision is intentional and grounded in the students and families served.",,"81","81","","0","","","","4.94%","4","4","4","","","","","","","0","0","","","","","","","","","","","","","","","","","","","","","","","","","","","","","","","","","","","","","","","","","","CPS Budget 2026"
"2/20/2024 7:27 pm","7165879655239987200","LinkedIn","Post","Link","Heather Y. Anichini"," ","https://linkedin.com/feed/update/urn:li:share:7165879655239987200","Ready to take our Design Challenge? RSVP now for tomorrow night's webinar to learn more: https://lnkd.in/gtHaMCuZ ","https://us02web.zoom.us/meeting/register/tZYpcOygqz0jHNUjk9Wbkk5vvoo0Rc7pHpRJ#/registration","","","","","","","","","4","4","4","","","","","","","0","","","","","","","","","","","","","","","","","","","","","","","","","","","","","","","","","","","","","","","","","","",""
"12/2/2025 6:18 pm","7401776868217323520","LinkedIn","Post","Text","Heather Y. Anichini"," ","https://linkedin.com/feed/update/urn:li:share:7401776868217323520","⁉️Can you help us close out this Giving Tuesday out strong?! 

An anonymous donor is matching all new and increased gifts and we are closing in on our $10,000 goal. 

We appreciate your support, today and always. 🙏",,"","","","","","","","","2","2","2","","","","","","","0","","","","","","","","","","","","","","","","","","","","","","","","","","","","","","","","","","","","","","","","","","",""
"5/12/2026 1:48 pm","7460038210031652864","LinkedIn","Post","Document","Heather Y. Anichini"," ","https://linkedin.com/feed/update/urn:li:ugcPost:7460038210031652864","FY27 Cost Explainer #1: Staffing costs
Salaries and benefits for 45,550 people account for about $6.1B (~68%) of all CPS operating costs. On average, staffing costs grew 11% each year between FY19 and FY26 — while average revenue only increased by 6%.

When costs outpace new revenue, it forces tough choices for everyone.

Let’s break that down. 🔽 🔽

37,399 (82%) of these people serve in schools. This includes:

✅ 22,468 teachers (49%) | Average salary: $100K 
      >>> Average annual salary increase since FY19: 4.2%

✅ 1,138 principals and assistant principals (3%)
Principals | Average salary: $176K 
      >>> Average annual salary increase since FY19: 3.0%
Assistant Principals | Average salary: $143K 
      >>> Average annual salary increase since FY19: 3.8%

✅ 13,793 (30%) support staff assigned to a school
For example: counselors, classroom assistants, school clerks
◼ Average salary varies by position, but overall: $57K   
      >>> Average annual salary increase since FY19: 4.7%

The remaining 8,151 include: 

✅ 6,432 (14%) citywide support staff budgeted centrally but working at schools 
For example: maintenance, transportation, and food service
◼ Average salary varies by position, but overall: $64K  
      >>> Average annual salary increase since FY19: 10.4%

✅ 1,719 (4%) staffed to central and network offices
◼ For example: Instructional Support Leaders, content area specialists, and budget analysts 
◼ Average salary varies by position, but overall: $101K   
      >>> Average annual salary increase since FY19: 3.1%

Both the number and costs of these positions have grown. 

In FY19, CPS employed 37,476 people, 18% fewer than today. 
      >>> The total cost for salaries and benefits that year was $3.4B, 44% less than today. 

During the same period, the district's total enrollment declined by 12%, from 361,314 in FY19 to 316,224 in FY26.

📝Bottom line: CPS is spending 44% more on staffing than it was in FY19 — serving 12% fewer students. With staffing costs growing nearly twice as fast as revenue, the district will face increasing pressure to reduce positions.

Later this week, we’ll talk about what those choices look like at the school level.",,"","","","","","","","","0","","","","","","","","","","","","","","","","","","","","","","","","","","","","","","","","","","","","","","","","","","","","","","","","","","","","CPS Budget 2026"
"1/9/2025 1:40 pm","7283206053985460224","LinkedIn","Post","Text","Heather Y. Anichini"," ","https://linkedin.com/feed/update/urn:li:ugcPost:7283206053985460224","Tune it tonight for an important conversation on the state of public education!",,"","","","","","","","","0","","","","","","","","","","","","","","","","","","","","","","","","","","","","","","","","","","","","","","","","","","","","","","","","","","","",""
