"Date","Post ID","Network","Post Type","Content Type","Profile","Sent by","Link","Post","Linked Content","Impressions","Organic Impressions","Paid Impressions","Reach","Organic Reach","Potential Reach","Engagement Rate (per Impression)","Engagements","Reactions","Likes","Dislikes","Love Reactions","Haha Reactions","Wow Reactions","Sad Reactions","Angry Reactions","Comments","Shares","Saves","Post Link Clicks","SproutLink Clicks","Other Post Clicks","Post Clicks (All)","Other Engagements","Subscribers Gained from Video","Annotation Clicks","Card Clicks","Video Views","Organic Video Views","Reels Skip Rate","Crossposted Reels Views","Facebook Reels Views","Paid Video Views","Partial Video Views","Organic Partial Video Views","Paid Partial Video Views","Full Video Views","Organic Full Video Views","Paid Full Video Views","Full Video View Rate","Follow Video Views","For You Video Views","Hashtag Video Views","Business Account Video Views","Others Video Views","Search Video Views","Sound Video Views","Unspecified Video Views","Estimated Minutes Watched","Story Taps Back","Story Taps Forward","Story Exits","Story Replies","Video Added to Playlists","Subscribers Lost from Video","Video Removed from Playlists","Average Video Time Watched (Seconds)","Video View Time (Seconds)","Poll Votes","Tags"
"7/7/2026 3:40 pm","2074594488522006999","X","'@Reply","Text","'@MsAnichini"," ","https://twitter.com/MsAnichini/status/2074594488522006999","That amplifies CPS' structural financial weakness, and each year it goes unaddressed, the deficit compounds.

* This is part two in a series that explores drivers of CPS’ FY27 deficit, currently projected at $732M.","","14","14","","","","711","14.29%","2","1","1","","","","","","","0","0","","","","0","0","1","","","","","","","","","","","","","","","","","","","","","","","","","","","","","","","","","","","",""
"7/7/2026 3:40 pm","2074594448105701429","X","'@Reply","Text","'@MsAnichini"," ","https://twitter.com/MsAnichini/status/2074594448105701429","→ Bottom line: Revenue is up 34% since FY19. Personnel costs are up 55%. Personnel growth absorbed 92 cents of every new revenue dollar CPS brought in, leaving just 8 cents for everything else in the operating budget.","","21","21","","","","711","0%","0","0","0","","","","","","","0","0","","","","0","0","0","","","","","","","","","","","","","","","","","","","","","","","","","","","","","","","","","","","",""
"7/7/2026 3:40 pm","2074594388412334387","X","'@Reply","Text","'@MsAnichini"," ","https://twitter.com/MsAnichini/status/2074594388412334387","For example, in FY26, CPS' required contribution to the Chicago Teachers Pension Fund outpaced revenue from the dedicated pension levy, forcing the district to divert $61.3M to cover the shortfall. As required payments continue to rise, these diversions will likely increase.","","17","17","","","","711","0%","0","0","0","","","","","","","0","0","","","","0","0","0","","","","","","","","","","","","","","","","","","","","","","","","","","","","","","","","","","","",""
"7/7/2026 3:39 pm","2074594289091215794","X","'@Reply","Text","'@MsAnichini"," ","https://twitter.com/MsAnichini/status/2074594289091215794","For context, inflation over the same period grew 28% or roughly 3.7% per year (Bureau of Labor Statistics).

Increased compensation also includes higher pension costs to the district.","","18","18","","","","711","0%","0","0","0","","","","","","","0","0","","","","0","0","0","","","","","","","","","","","","","","","","","","","","","","","","","","","","","","","","","","","",""
"7/7/2026 3:39 pm","2074594235815244237","X","'@Reply","Text","'@MsAnichini"," ","https://twitter.com/MsAnichini/status/2074594235815244237","Meeting those needs explains some of this increase, a topic I’ll cover in a later post.

Better compensation (~$1.0B in increased cost)
The average CPS salary for all employees grew from $64,000 to $81,000 between FY19 and FY26 (27%), or roughly 3.5% per year.","","15","15","","","","711","13.33%","2","0","0","","","","","","","0","0","","","","2","2","0","","","","","","","","","","","","","","","","","","","","","","","","","","","","","","","","","","","",""
"7/7/2026 3:39 pm","2074594115115688155","X","'@Reply","Text","'@MsAnichini"," ","https://twitter.com/MsAnichini/status/2074594115115688155","Note that declining enrollment doesn’t mean a decrease in need. Learning gaps that emerged during the pandemic required intensive support for many students. 

At the same time, the number of students with Individual Education Programs (IEPs) grew from 51,000 to 55,000 (8%).","","20","20","","","","711","0%","0","0","0","","","","","","","0","0","","","","0","0","0","","","","","","","","","","","","","","","","","","","","","","","","","","","","","","","","","","","",""
"7/7/2026 3:38 pm","2074593959314112888","X","'@Reply","Text","'@MsAnichini"," ","https://twitter.com/MsAnichini/status/2074593959314112888","From FY19 to FY26, total staff grew by about 8,700 (24%), from 36,855 to 45,550

■ School-based positions: + ~6,000 (19%), from 31,370 to 37,399 
■ Citywide roles: + ~2,100 (48%), from 4,344 to 6,432 
■ Central office and network roles: + ~600 (51%), from 1,141 to 1,719","","12","12","","","","711","0%","0","0","0","","","","","","","0","0","","","","0","0","0","","","","","","","","","","","","","","","","","","","","","","","","","","","","","","","","","","","",""
"7/7/2026 3:37 pm","2074593791420289473","X","'@Reply","Text","'@MsAnichini"," ","https://twitter.com/MsAnichini/status/2074593791420289473","CPS personnel costs rose from $3.96B in FY19 to $6.15B in FY26, a 55% increase. Revenue rose only 34% over the same period, from $7.01B to $9.39B

Two major drivers:
1️⃣ More staff (~$1.2B in increased cost)
2️⃣ Better compensation (~$1.0B in increased cost)","","21","21","","","","711","0%","0","0","0","","","","","","","0","0","","","","0","0","0","","","","","","","","","","","","","","","","","","","","","","","","","","","","","","","","","","","",""
"7/7/2026 3:37 pm","2074593644573561063","X","Post","Photo","'@MsAnichini"," ","https://twitter.com/MsAnichini/status/2074593644573561063","Personnel costs account for $6.15B (71%) of CPS' $8.7B operating budget, the largest piece of total spending. That's reasonable: it takes a lot of people to teach, feed, transport, and support students

But when personnel costs outpace revenue, it amplifies structural weakness https://t.co/jrQY4L2fhu","https://x.com/MsAnichini/status/2074593644573561063/photo/1","124","124","","","","3,754","15.32%","19","0","0","","","","","","","8","1","","","","7","7","3","","","","","","","","","","","","","","","","","","","","","","","","","","","","","","","","","","","","Non-Optimal X"
"7/6/2026 5:25 pm","2074258337626202560","X","Post","Text","'@MsAnichini"," ","https://twitter.com/MsAnichini/status/2074258337626202560","CPS serves over 316,224 students. In FY14, that number was 400,545 (a 21% drop over 12 years)

More schools with enrollments below 250 students means increases in per-student spending, without expanding supports

Follow my LinkedIn as I explore drivers of CPS’ FY27 deficit","","153","153","","","","711","6.54%","10","2","2","","","","","","","0","0","","","","7","7","1","","","","","","","","","","","","","","","","","","","","","","","","","","","","","","","","","","","","Optimal Time X"
"7/3/2026 4:12 pm","2073153012269195550","X","'@Reply","Text","'@MsAnichini"," ","https://twitter.com/MsAnichini/status/2073153012269195550","What strikes me about how Chicago honors this day is that it doesn't just commemorate. It asks people to actively contribute towards a brighter future.

To The Fund, that's the spirit behind Independence Day: building “a government of the people, for the people, &amp; by the people.”","","30","30","","","","710","3.33%","1","1","1","","","","","","","0","0","","","","0","0","0","","","","","","","","","","","","","","","","","","","","","","","","","","","","","","","","","","","",""
"7/3/2026 4:12 pm","2073153008276263175","X","'@Reply","Text","'@MsAnichini"," ","https://twitter.com/MsAnichini/status/2073153008276263175","🏛️The Chicago History Museum is marking the holiday with a full day of civic programming, arts and crafts for social change, a freedom song sing-along, and a Wish Wall asking Chicagoans what they hope for the nation's future. All free for Illinois residents.","","55","55","","","","710","5.45%","3","0","0","","","","","","","1","0","","","","2","2","0","","","","","","","","","","","","","","","","","","","","","","","","","","","","","","","","","","","",""
"7/3/2026 4:12 pm","2073153010167902408","X","'@Reply","Text","'@MsAnichini"," ","https://twitter.com/MsAnichini/status/2073153010167902408","🎡And Navy Pier is putting on what it's calling the largest and longest fireworks display in its history to mark 250 years of independence.","","164","164","","","","710","1.83%","3","0","0","","","","","","","1","0","","","","2","2","0","","","","","","","","","","","","","","","","","","","","","","","","","","","","","","","","","","","",""
"7/3/2026 4:12 pm","2073153004295848168","X","'@Reply","Text","'@MsAnichini"," ","https://twitter.com/MsAnichini/status/2073153004295848168","A few highlights: 
🎤The Obama Presidential Center is hosting The People's Fourth on the South Side, with live music and performances on the John Lewis Plaza from 2 to 7 p.m.","","26","26","","","","710","3.85%","1","0","0","","","","","","","1","0","","","","0","0","0","","","","","","","","","","","","","","","","","","","","","","","","","","","","","","","","","","","",""
"7/3/2026 4:12 pm","2073153002081304970","X","Post","Text","'@MsAnichini"," ","https://twitter.com/MsAnichini/status/2073153002081304970","Public schools are where the next generation learns what independence means and decides how they will carry it forward. 

Schools may be closed today, but Chicago provides plenty of opportunities to learn, lead, and listen to the hopes of our young people.","","100","100","","","","710","1%","1","0","0","","","","","","","1","0","","","","0","0","0","","","","","","","","","","","","","","","","","","","","","","","","","","","","","","","","","","","","Non-Optimal X"
"6/27/2026 10:19 am","2070889699468599556","X","'@Reply","Link","'@MsAnichini"," ","https://twitter.com/MsAnichini/status/2070889699468599556","Read the full op-ed here: https://t.co/5j3JeJDQCL","https://www.chicagotribune.com/2026/06/11/school-board-member-cps-cannot-help-students-succeed-if-it-first-asks-some-of-them-to-hide/?clearUserState=true","20","20","","","","709","10%","2","0","0","","","","","","","0","0","","1","","1","2","0","","","","","","","","","","","","","","","","","","","","","","","","","","","","","","","","","","","",""
"6/27/2026 10:19 am","2070889697287565474","X","'@Reply","Text","'@MsAnichini"," ","https://twitter.com/MsAnichini/status/2070889697287565474","Public schools should be places where every young person feels seen, safe, and ready to learn. We remain grateful for district and school leadership who continue to prioritize student belonging in classrooms and school communities.","","28","28","","","","709","3.57%","1","0","0","","","","","","","1","0","","","","0","0","0","","","","","","","","","","","","","","","","","","","","","","","","","","","","","","","","","","","",""
"6/27/2026 10:19 am","2070889694863217022","X","'@Reply","Text","'@MsAnichini"," ","https://twitter.com/MsAnichini/status/2070889694863217022","Carlos stressed that the real risk is leaving children feeling ""invisible, unsafe, or ashamed of who they are.""","","28","28","","","","709","7.14%","2","1","1","","","","","","","1","0","","","","0","0","0","","","","","","","","","","","","","","","","","","","","","","","","","","","","","","","","","","","",""
"6/27/2026 10:19 am","2070889692875153605","X","Post","Text","'@MsAnichini"," ","https://twitter.com/MsAnichini/status/2070889692875153605","The Chicago Public Education Fund is proud to stand with the educators who show up daily and create positive learning environments for every young person they reach.

CBOE Member Carlos Rivas captured something very important in his recent @chicagotribune op-ed.","","93","93","","","","770","9.68%","9","2","2","","","","","","","1","1","","","","5","5","0","","","","","","","","","","","","","","","","","","","","","","","","","","","","","","","","","","","","Non-Optimal X"
"6/19/2026 3:37 pm","2068070609095971004","X","'@Reply","Text","'@MsAnichini"," ","https://twitter.com/MsAnichini/status/2068070609095971004","To the Black principals and assistant principals across Chicago Public Schools: thank you.

What you carry, what you build, and what you make possible for students every day is extraordinary. We don’t take it for granted.

Happy Juneteenth.","","24","24","","","","710","0%","0","0","0","","","","","","","0","0","","","","0","0","0","","","","","","","","","","","","","","","","","","","","","","","","","","","","","","","","","","","",""
"6/19/2026 3:37 pm","2068070605581148328","X","'@Reply","Text","'@MsAnichini"," ","https://twitter.com/MsAnichini/status/2068070605581148328","The freedom to learn is not abstract. It’s a teacher who stays after the bell. A principal who knows every child by name. A school culture built with intention in a community that deserves excellence.","","27","27","","","","710","3.7%","1","0","0","","","","","","","1","0","","","","0","0","0","","","","","","","","","","","","","","","","","","","","","","","","","","","","","","","","","","","",""
"6/19/2026 3:37 pm","2068070602963878152","X","'@Reply","Text","'@MsAnichini"," ","https://twitter.com/MsAnichini/status/2068070602963878152","That pursuit of education built schools, opened doors, and shaped generations of leaders. Many of the educators leading Chicago’s public schools today are part of that lineage.","","61","61","","","","710","1.64%","1","0","0","","","","","","","1","0","","","","0","0","0","","","","","","","","","","","","","","","","","","","","","","","","","","","","","","","","","","","",""
"6/19/2026 3:37 pm","2068070600598306944","X","Post","Text","'@MsAnichini"," ","https://twitter.com/MsAnichini/status/2068070600598306944","Juneteenth marks the moment freedom was finally announced in Texas. In the years that followed, Black Americans fought for many rights, and among the most powerful was the freedom to learn.","","47","47","","","","710","2.13%","1","0","0","","","","","","","1","0","","","","0","0","0","","","","","","","","","","","","","","","","","","","","","","","","","","","","","","","","","","","","Non-Optimal X"
"6/15/2026 3:00 pm","2066611910259184041","X","'@Reply","Text","'@MsAnichini"," ","https://twitter.com/MsAnichini/status/2066611910259184041","I saw grace. I saw persistence. I saw creativity. I saw leaders pouring into the potential of their scholars, even when conditions made the work harder.

I hope you are finding time to rest and recharge. I look forward to walking your hallways with you again soon!","","21","21","","","","710","0%","0","0","0","","","","","","","0","0","","","","0","0","0","","","","","","","","","","","","","","","","","","","","","","","","","","","","","","","","","","","",""
"6/15/2026 3:00 pm","2066611842768617945","X","'@Reply","Text","'@MsAnichini"," ","https://twitter.com/MsAnichini/status/2066611842768617945","Malott Fellows and their work to make schools a safe space. Design Challenge participants who built solutions rooted in student voices. Schools that opened their doors

Principals and APs navigated challenging budget cycles while pushing for stronger learning environments.","","16","16","","","","710","0%","0","0","0","","","","","","","0","0","","","","0","0","0","","","","","","","","","","","","","","","","","","","","","","","","","","","","","","","","","","","",""
"6/15/2026 3:00 pm","2066611791405228487","X","Post","Link","'@MsAnichini"," ","https://twitter.com/MsAnichini/status/2066611791405228487","As we kick off summer, I'm thinking about the 250 principals and 200 APs our team joyfully learned alongside this year.

Each community reinforced an important lesson: There is something powerful about being in schools.
@TheFundChicago @ChiPubSchools 

https://t.co/ViosarBdGU","https://youtu.be/Z5t0bk0ig_k?si=qdlPBSHBpyjblPpt","74","74","","","","709","4.05%","3","1","1","","","","","","","2","0","","0","","0","0","0","","","","","","","","","","","","","","","","","","","","","","","","","","","","","","","","","","","","Non-Optimal X"
"6/15/2026 2:57 pm","2066611010769682678","X","'@Reply","Text","'@MsAnichini"," ","https://twitter.com/MsAnichini/status/2066611010769682678","I saw grace. I saw persistence. I saw creativity. I saw leaders pouring into the potential of their scholars, even when conditions made the work harder. 

I hope you are finding time to rest and recharge. I look forward to walking your hallways with you again soon.","","","","","","","709","","0","","","","","","","","","","","","","","","","","","","","","","","","","","","","","","","","","","","","","","","","","","","","","","","","","","","",""
"6/15/2026 2:56 pm","2066610861133742355","X","'@Reply","Text","'@MsAnichini"," ","https://twitter.com/MsAnichini/status/2066610861133742355","Malott Fellows and their work to make schools a safe space. Design Challenge participants who built solutions rooted in student voices. Schools that opened their doors

Principals and APs navigated challenging budget cycles while pushing for stronger learning environments.","","","","","","","709","","0","","","","","","","","","","","","","","","","","","","","","","","","","","","","","","","","","","","","","","","","","","","","","","","","","","","",""
"6/15/2026 2:54 pm","2066610337596530751","X","Post","Link","'@MsAnichini"," ","https://twitter.com/MsAnichini/status/2066610337596530751","As we kick off summer, I'm thinking about the 250 principals and 200 APs our team joyfully learned alongside this year.

Each community reinforced an important lesson: There is something powerful about being in schools.

https://t.co/ViosarBdGU","https://youtu.be/Z5t0bk0ig_k?si=qdlPBSHBpyjblPpt","","","","","","709","","0","","","","","","","","","","","","","","","","","","","","","","","","","","","","","","","","","","","","","","","","","","","","","","","","","","","",""
"6/4/2026 2:46 pm","2062622020492300522","X","'@Reply","Photo","'@MsAnichini"," ","https://twitter.com/MsAnichini/status/2062622020492300522","📸 Two pictures tell the story. First: my kid's first day of kindergarten, my sister and dad were there. I had to work. Second: my three kids at the nature center, where quality care gave them — and us — a lifeline during those intense early years. https://t.co/Vfx1x5253u","https://x.com/MsAnichini/status/2062622020492300522/photo/1","207","207","","","","709","4.83%","10","0","0","","","","","","","0","0","","","","2","2","8","","","","","","","","","","","","","","","","","","","","","","","","","","","","","","","","","","","",""
"6/4/2026 2:46 pm","2062622017451426027","X","'@Reply","Text","'@MsAnichini"," ","https://twitter.com/MsAnichini/status/2062622017451426027","Diana built a lasting legacy. Now Celena steps in with momentum, urgency, and unmistakable purpose. I left grateful, and ready for the work ahead. #EarlyChildhood #EarlyLearning #Chicago","","1,398","1,398","","","","709","0.29%","4","0","0","","","","","","","1","0","","","","3","3","0","","","","","","","","","","","","","","","","","","","","","","","","","","","","","","","","","","","",""
"6/4/2026 2:46 pm","2062622014104273242","X","'@Reply","Text","'@MsAnichini"," ","https://twitter.com/MsAnichini/status/2062622014104273242","1 in 3 children enters kindergarten behind. That's not a failure of families, it's a failure of systems. Quality early care is hard to find, hard to afford, and too often treated as optional. It isn't.","","34","34","","","","709","2.94%","1","0","0","","","","","","","1","0","","","","0","0","0","","","","","","","","","","","","","","","","","","","","","","","","","","","","","","","","","","","",""
"6/4/2026 2:46 pm","2062622015899471947","X","'@Reply","Text","'@MsAnichini"," ","https://twitter.com/MsAnichini/status/2062622015899471947","For our family, high-quality care through our local park district and YMCA was life-changing. But too many families across our city and in rural communities never get that access. That has to change.","","151","151","","","","709","0.66%","1","0","0","","","","","","","1","0","","","","0","0","0","","","","","","","","","","","","","","","","","","","","","","","","","","","","","","","","","","","",""
"6/4/2026 2:46 pm","2062622012158128187","X","Post","Text","'@MsAnichini"," ","https://twitter.com/MsAnichini/status/2062622012158128187","Yesterday at the #StartEarlyLuncheon, Dr. Diana Rauner passed the baton to Celena Sarillo. The program was grounded in facts, centered on families, and full of hope. Here's what stayed with me. 🧵","","232","232","","","","709","0.86%","2","0","0","","","","","","","1","0","","","","1","1","0","","","","","","","","","","","","","","","","","","","","","","","","","","","","","","","","","","","","Non-Optimal X"
"12/29/2025 9:31 am","2005663009189052766","X","'@Reply","Link","'@MsAnichini"," ","https://twitter.com/MsAnichini/status/2005663009189052766","You can watch the meeting live on CPS' YouTube channel this morning at 10:30am! 

https://t.co/6C7Z0SGGRp","https://www.youtube.com/@ChiPubSchools/streams","52","52","","","","713","7.69%","4","0","0","","","","","","","0","0","","2","","2","4","0","","","","","","","","","","","","","","","","","","","","","","","","","","","","","","","","","","","",""
"12/29/2025 9:31 am","2005663007339368758","X","'@Reply","Text","'@MsAnichini"," ","https://twitter.com/MsAnichini/status/2005663007339368758","❓Why this matters:
CPS faces a projected $500M+ operating deficit in FY27.
$41M isn’t a solution—but it’s ~8% of the gap, equivalent to ~360 teaching positions. Decisions like this signal how CPS plans to address much larger fiscal challenges ahead.","","33","33","","","","713","3.03%","1","0","0","","","","","","","1","0","","","","0","0","0","","","","","","","","","","","","","","","","","","","","","","","","","","","","","","","","","","","",""
"12/29/2025 9:31 am","2005663005863010357","X","'@Reply","Text","'@MsAnichini"," ","https://twitter.com/MsAnichini/status/2005663005863010357","If pursued, the $41M roughly breaks down as:
• $24M for CPS’s general education levy
• $11M for the teachers’ pension levy
• $6M for sped transportation

❓The Board’s choices:
1️⃣ Leave the levy as-is
2️⃣ Approve some/all of the $41M
(FY26 levy must be finalized by 12/29)","","29","29","","","","713","13.79%","4","0","0","","","","","","","1","1","","","","2","2","0","","","","","","","","","","","","","","","","","","","","","","","","","","","","","","","","","","","",""
"12/29/2025 9:31 am","2005663004269134302","X","'@Reply","Text","'@MsAnichini"," ","https://twitter.com/MsAnichini/status/2005663004269134302","❓Why is $41M “available” now?
Earlier this year, CPS set its property tax levy below the maximum allowed under state law.
Because final property values came in higher than expected, CPS now has the legal option—though not the obligation—to levy up to $41M more.","","19","19","","","","713","5.26%","1","0","0","","","","","","","1","0","","","","0","0","0","","","","","","","","","","","","","","","","","","","","","","","","","","","","","","","","","","","",""
"12/29/2025 9:31 am","2005663002352386199","X","Post","Text","'@MsAnichini"," ","https://twitter.com/MsAnichini/status/2005663002352386199","Today, the Chicago Board of Education is holding a special meeting to consider whether to pursue up to $41M in additional property tax revenue. 

A few basics below:","","42","42","","","","713","19.05%","8","0","0","","","","","","","1","0","","","","7","7","0","","","","","","","","","","","","","","","","","","","","","","","","","","","","","","","","","","","",""
"12/23/2025 12:16 pm","2003530157576044630","X","Quote","Link","'@MsAnichini"," ","https://twitter.com/MsAnichini/status/2003530157576044630","","https://x.com/chicagotribune/status/2003223807675297852?s=20","32","32","","","","711","0%","0","0","0","","","","","","","0","0","","0","","0","0","0","","","","","","","","","","","","","","","","","","","","","","","","","","","","","","","","","","","",""
"12/23/2025 12:16 pm","2003530155512463435","X","'@Reply","Text","'@MsAnichini"," ","https://twitter.com/MsAnichini/status/2003530155512463435","Congratulations to Barton and the Chávez community for modeling what’s possible for schools across Chicago.","","19","19","","","","711","5.26%","1","0","0","","","","","","","1","0","","","","0","0","0","","","","","","","","","","","","","","","","","","","","","","","","","","","","","","","","","","","",""
"12/23/2025 12:16 pm","2003530153574515133","X","'@Reply","Text","'@MsAnichini"," ","https://twitter.com/MsAnichini/status/2003530153574515133","As an Independent School Principal, Barton shows how autonomy enables schools to respond to community realities—proving that challenges like chronic absenteeism require trust, relationships, and equity-driven leadership.","","17","17","","","","711","5.88%","1","0","0","","","","","","","1","0","","","","0","0","0","","","","","","","","","","","","","","","","","","","","","","","","","","","","","","","","","","","",""
"12/23/2025 12:16 pm","2003530151662092490","X","'@Reply","Text","'@MsAnichini"," ","https://twitter.com/MsAnichini/status/2003530151662092490","At Cesar E. Chávez Elementary, the team raised attendance to 96% by focusing on daily practice and real-time data—while navigating the real impacts of immigration fears on student attendance with care and urgency.","","18","18","","","","711","11.11%","2","1","1","","","","","","","1","0","","","","0","0","0","","","","","","","","","","","","","","","","","","","","","","","","","","","","","","","","","","","",""
"12/23/2025 12:16 pm","2003530148768092528","X","Post","Photo","'@MsAnichini"," ","https://twitter.com/MsAnichini/status/2003530148768092528","Principal Barton Dassinger's Chicago Tribune op-ed shows what’s possible when school leaders are trusted with the flexibility to innovate alongside students and families. https://t.co/ZMccIsBTFc","https://x.com/MsAnichini/status/2003530148768092528/photo/1","49","49","","","","711","18.37%","9","1","1","","","","","","","1","0","","","","7","7","0","","","","","","","","","","","","","","","","","","","","","","","","","","","","","","","","","","","",""
"12/23/2025 12:13 pm","2003529303699722418","X","'@Reply","Text","'@MsAnichini"," ","https://twitter.com/MsAnichini/status/2003529303699722418","Congratulations to Barton and the Chávez community for modeling what’s possible for schools across Chicago.","","","","","","","711","","0","","","","","","","","","","","","","","","","","","","","","","","","","","","","","","","","","","","","","","","","","","","","","","","","","","","",""
"12/23/2025 12:13 pm","2003529301606731826","X","'@Reply","Text","'@MsAnichini"," ","https://twitter.com/MsAnichini/status/2003529301606731826","As an Independent School Principal, Barton shows how autonomy enables schools to respond to community realities—proving that challenges like chronic absenteeism require trust, relationships, and equity-driven leadership.","","","","","","","711","","0","","","","","","","","","","","","","","","","","","","","","","","","","","","","","","","","","","","","","","","","","","","","","","","","","","","",""
"12/23/2025 12:13 pm","2003529299190776035","X","'@Reply","Text","'@MsAnichini"," ","https://twitter.com/MsAnichini/status/2003529299190776035","At Cesar E. Chávez Elementary, the team raised attendance to 96% by focusing on daily practice and real-time data—while navigating the real impacts of immigration fears on student attendance with care and urgency.","","","","","","","711","","0","","","","","","","","","","","","","","","","","","","","","","","","","","","","","","","","","","","","","","","","","","","","","","","","","","","",""
"12/23/2025 12:13 pm","2003529296321654953","X","Post","Photo","'@MsAnichini"," ","https://twitter.com/MsAnichini/status/2003529296321654953","Principal @BartonDassinger’s Chicago Tribune op-ed shows what’s possible when school leaders are trusted with the flexibility to innovate alongside students and families. https://t.co/KyAKv1dure","https://twitter.com/MsAnichini/status/2003529296321654953/photo/1","","","","","","711","","0","","","","","","","","","","","","","","","","","","","","","","","","","","","","","","","","","","","","","","","","","","","","","","","","","","","",""
"12/19/2025 6:20 am","2001991043089064036","X","Post","Video","'@MsAnichini"," ","https://twitter.com/MsAnichini/status/2001991043089064036","Educator friends: I see you! In those parking lots EARLY. Wrapping up those grades. Checking in on young people for whom the break feels heavy. Thank you for all you're doing. You got this! https://t.co/d4n5AWWJYQ","https://x.com/MsAnichini/status/2001991043089064036/photo/1","72","72","","","","710","5.56%","4","2","2","","","","","","","0","0","","","","2","2","0","","","","","","","","","","","","","","","","","","","","","","","","","","","","","","","","","","","",""
"12/12/2025 2:07 pm","1999571867909116237","X","'@Reply","Photo","'@MsAnichini"," ","https://twitter.com/MsAnichini/status/1999571867909116237","https://t.co/AOM5BPhZzb https://t.co/6bM1vFp3oj","https://x.com/MsAnichini/status/1999571867909116237/photo/1, https://www.the74million.org/article/these-schools-are-beating-the-odds-in-teaching-kids-to-read/?utm_source=Chalkbeat&utm_campaign=6499333ae9-Tennessee+How+this+TN+district+is+reducing+chronic&utm_medium=email&utm_term=0_9091015053-6499333ae9-1296368346&mc_cid=6499333ae9&mc_eid=3b30d59fb2","11","11","","","","710","0%","0","0","0","","","","","","","0","0","","0","","0","0","0","","","","","","","","","","","","","","","","","","","","","","","","","","","","","","","","","","","",""
"12/12/2025 2:07 pm","1999571863488327729","X","Post","Text","'@MsAnichini"," ","https://twitter.com/MsAnichini/status/1999571863488327729","Nothing matters more to the public value of education than literacy.
Learning to read—and then reading to learn—fuels the critical thinking adults need at work, at home, and in civic life. As AI accelerates, this work is more urgent than ever.","","63","63","","","","710","3.17%","2","1","1","","","","","","","1","0","","","","0","0","0","","","","","","","","","","","","","","","","","","","","","","","","","","","","","","","","","","","",""
"12/12/2025 2:07 pm","1999571865526788242","X","'@Reply","Text","'@MsAnichini"," ","https://twitter.com/MsAnichini/status/1999571865526788242","A new piece in The 74 highlights schools advancing literacy at a faster rate than expected. Out of the 2,158 schools nationwide, Chicago has 22 on the list.

One example: Goudy Tech Academy  
Expected reading proficiency: 16%  
Actual: 39%—and rising
Focused leadership matters.","","17","17","","","","710","5.88%","1","0","0","","","","","","","1","0","","","","0","0","0","","","","","","","","","","","","","","","","","","","","","","","","","","","","","","","","","","","",""
"12/5/2025 11:39 am","1996997806284816509","X","'@Reply","Photo","'@MsAnichini"," ","https://twitter.com/MsAnichini/status/1996997806284816509","🗓️ Apps due Dec. 22, 5pm
🔗 BSAC application: https://t.co/Uy4JuZtqoY https://t.co/XRUnbErdSn","https://x.com/MsAnichini/status/1996997806284816509/photo/1, https://www.cps.edu/globalassets/cps-pages/initiatives/black-student-success-plan/black-student-success-plan.pdf","18","18","","","","709","0%","0","0","0","","","","","","","0","0","","0","","0","0","0","","","","","","","","","","","","","","","","","","","","","","","","","","","","","","","","","","","",""
"12/5/2025 11:39 am","1996997804107923673","X","'@Reply","Text","'@MsAnichini"," ","https://twitter.com/MsAnichini/status/1996997804107923673","If you care about racial justice, community voice, and great public schools, apply. Your leadership and lived experience matter.","","25","25","","","","709","4%","1","0","0","","","","","","","1","0","","","","0","0","0","","","","","","","","","","","","","","","","","","","","","","","","","","","","","","","","","","","",""
"12/5/2025 11:39 am","1996997802040365379","X","'@Reply","Text","'@MsAnichini"," ","https://twitter.com/MsAnichini/status/1996997802040365379","But disparities remain, and prioritizing Black student success is essential to building a more equitable city. The BSAC will advise on CPS’ Black Student Success Plan and ensure accountability to outcomes that reflect our values.","","5","5","","","","709","20%","1","0","0","","","","","","","1","0","","","","0","0","0","","","","","","","","","","","","","","","","","","","","","","","","","","","","","","","","","","","",""
"12/5/2025 11:39 am","1996997800182087961","X","'@Reply","Text","'@MsAnichini"," ","https://twitter.com/MsAnichini/status/1996997800182087961","And we know what’s possible: Black students in CPS have driven some of the strongest gains in the country, outpacing national growth in reading and math. And grad rates, college enrollment, and persistence continue to rise.","","6","6","","","","709","16.67%","1","0","0","","","","","","","1","0","","","","0","0","0","","","","","","","","","","","","","","","","","","","","","","","","","","","","","","","","","","","",""
"12/5/2025 11:39 am","1996997798529528248","X","Post","Text","'@MsAnichini"," ","https://twitter.com/MsAnichini/status/1996997798529528248","Applications for the CBOE's new Black Student Achievement Committee are now open. This is a chance for Chicagoans to help shape policies that put Black students at the center of our city’s future.
The Fund recognizes that real change happens when communities drive decision-making","","70","70","","","","1,358","7.14%","5","2","2","","","","","","","1","1","","","","1","1","0","","","","","","","","","","","","","","","","","","","","","","","","","","","","","","","","","","","",""
"10/28/2025 4:07 pm","1983279388390256674","X","'@Reply","Text","'@MsAnichini"," ","https://twitter.com/MsAnichini/status/1983279388390256674","They both focused on keeping student outcomes at the center, maintaining high expectations, and using data to drive results. As we begin reviewing 2024–25 data, those reminders couldn’t be more timely.","","21","21","","","","714","4.76%","1","0","0","","","","","","","1","0","","","","0","0","0","","","","","","","","","","","","","","","","","","","","","","","","","","","","","","","","","","","",""
"10/28/2025 4:07 pm","1983279390223151442","X","'@Reply","Photo","'@MsAnichini"," ","https://twitter.com/MsAnichini/status/1983279390223151442","Grateful to celebrate with so many dedicated educators, colleagues, and partners—especially Jessica Biggs, Therese Boyle, Carlos Rivas, and Ellen Rosenfeld from the Chicago Board of Education.

#GoldenAppleAwards #Leadership #ThankATeacher #PublicEducation #PrincipalPrideChi https://t.co/c2ZMhXPq30","https://x.com/MsAnichini/status/1983279390223151442/photo/1","52","52","","","","714","0%","0","0","0","","","","","","","0","0","","","","0","0","0","","","","","","","","","","","","","","","","","","","","","","","","","","","","","","","","","","","",""
"10/28/2025 4:07 pm","1983279386674770226","X","Post","Text","'@MsAnichini"," ","https://twitter.com/MsAnichini/status/1983279386674770226","✨ What an inspiring evening celebrating 40 years of the Golden Apple Foundation’s impact!

This year’s Impact Award honored Ambassador @RahmEmanuel, with powerful reflections from him and @janicejackson.","","30","30","","","","706","13.33%","4","2","2","","","","","","","1","0","","","","1","1","0","","","","","","","","","","","","","","","","","","","","","","","","","","","","","","","","","","","",""
"10/17/2025 12:26 pm","1979237698406686795","X","'@Reply","Photo","'@MsAnichini"," ","https://twitter.com/MsAnichini/status/1979237698406686795","We celebrated all 8 Growth Leader Award finalists &amp; honored 2 who exemplify vision &amp; equity in action:
🏆 Barton Dassinger, Chavez Elementary 
🏆 Brian Kelly, King College Prep

Congratulations—and thank you for transforming lives across Chicago every day. 💜 #PrincipalPrideChi https://t.co/uZ9YDG2Ecv","https://twitter.com/MsAnichini/status/1979237698406686795/photo/1","28","28","","","","714","7.14%","2","0","0","","","","","","","0","0","","","","2","2","0","","","","","","","","","","","","","","","","","","","","","","","","","","","","","","","","","","","",""
"10/17/2025 12:26 pm","1979237684213158250","X","'@Reply","Text","'@MsAnichini"," ","https://twitter.com/MsAnichini/status/1979237684213158250","I’m deeply grateful to our incredible Fund team for creating such a meaningful evening,
to our partners and funders for their unwavering support,
and to our principals for courageously sharing stories of data, growth, resilience, and innovation. 🌟","","19","19","","","","714","5.26%","1","0","0","","","","","","","1","0","","","","0","0","0","","","","","","","","","","","","","","","","","","","","","","","","","","","","","","","","","","","",""
"10/17/2025 12:26 pm","1979237681885241577","X","'@Reply","Text","'@MsAnichini"," ","https://twitter.com/MsAnichini/status/1979237681885241577","📸 The room was filled with so many partners, leaders, and friends—we couldn’t possibly tag you all!
We’re sharing a few photos below 👇
If you were there, drop a note (and a photo or two!) in the comments. We’d love to see your perspective from this special night. 💜","","8","8","","","","714","12.5%","1","0","0","","","","","","","1","0","","","","0","0","0","","","","","","","","","","","","","","","","","","","","","","","","","","","","","","","","","","","",""
"10/17/2025 12:26 pm","1979237679767126082","X","Post","Text","'@MsAnichini"," ","https://twitter.com/MsAnichini/status/1979237679767126082","✨ What an evening! ✨
Last night, we gathered for The Fund’s 10th Annual Principal Storytelling event—during our 25th anniversary year! 🎉
This tradition is one of my favorites as it reminds us that great principals transform schools, and great schools transform lives. 💪 #P","","29","29","","","","714","13.79%","4","1","1","","","","","","","1","0","","","","2","2","0","","","","","","","","","","","","","","","","","","","","","","","","","","","","","","","","","","","",""
"10/16/2025 8:52 am","1978821344490820019","X","'@Reply","Photo","'@MsAnichini"," ","https://twitter.com/MsAnichini/status/1978821344490820019","The results speak volumes:
🎓 Freshman Success soared 3.4% → 92.4%
📘 AP pass rate grew 46% → 55%
🌍 ESL-certified teachers expanded 9 → 24 in 2 years
👏 Principal Sutton proves what’s possible when equity drives every decision. Join us in celebrating her impact! 👏 https://t.co/lF7T4taVY8","https://twitter.com/MsAnichini/status/1978821344490820019/photo/1","26","26","","","","714","0%","0","0","0","","","","","","","0","0","","","","0","0","0","","","","","","","","","","","","","","","","","","","","","","","","","","","","","","","","","","","",""
"10/16/2025 8:52 am","1978821341408047503","X","'@Reply","Text","'@MsAnichini"," ","https://twitter.com/MsAnichini/status/1978821341408047503","She also put relationships at the center of school culture:
🤝 Staff affinity groups to build trust &amp; equity
📊 Student success plans + empathy interviews
🎓 Reimagined grade-level meetings to ensure belonging &amp; support","","23","23","","","","714","4.35%","1","0","0","","","","","","","1","0","","","","0","0","0","","","","","","","","","","","","","","","","","","","","","","","","","","","","","","","","","","","",""
"10/16/2025 8:52 am","1978821337318592583","X","Post","Text","'@MsAnichini"," ","https://twitter.com/MsAnichini/status/1978821337318592583","💜 Thrilled to share our last Growth Leader Award Finalist: Principal Jennifer Sutton of Von Steuben High School! 💜

A proud CPS alum, she has spent nearly 8 years championing inclusive decision-making and breaking down barriers for staff, students, and families.","","43","43","","","","714","9.3%","4","0","0","","","","","","","1","0","","","","3","3","0","","","","","","","","","","","","","","","","","","","","","","","","","","","","","","","","","","","",""
"10/16/2025 8:52 am","1978821339356987620","X","'@Reply","Text","'@MsAnichini"," ","https://twitter.com/MsAnichini/status/1978821339356987620","When data showed that historically marginalized students were underrepresented in advanced coursework, Principal Sutton built a plan.

Today, Von Steuben celebrates record numbers of students earning Early College Credentials through Dual Credit &amp; AP courses.","","8","8","","","","714","12.5%","1","0","0","","","","","","","1","0","","","","0","0","0","","","","","","","","","","","","","","","","","","","","","","","","","","","","","","","","","","","",""
"10/16/2025 8:50 am","1978820833603649761","X","'@Reply","Text","'@MsAnichini"," ","https://twitter.com/MsAnichini/status/1978820833603649761","The results speak volumes:
🎓 Freshman Success soared 3.4% → 92.4%
📘 AP pass rate grew 46% → 55%
🌍 ESL-certified teachers expanded 9 → 24 in 2 years
👏 Principal Sutton proves what’s possible when equity drives every decision. Join us in celebrating her impact! 👏","","","","","","","714","","0","","","","","","","","","","","","","","","","","","","","","","","","","","","","","","","","","","","","","","","","","","","","","","","","","","","",""
"10/16/2025 8:50 am","1978820829312872455","X","'@Reply","Text","'@MsAnichini"," ","https://twitter.com/MsAnichini/status/1978820829312872455","When data showed that historically marginalized students were underrepresented in advanced coursework, Principal Sutton built a plan.

Today, Von Steuben celebrates record numbers of students earning Early College Credentials through Dual Credit &amp; AP courses.","","17","17","","","","714","0%","0","0","0","","","","","","","0","0","","","","0","0","0","","","","","","","","","","","","","","","","","","","","","","","","","","","","","","","","","","","",""
"10/16/2025 8:50 am","1978820831359664217","X","'@Reply","Text","'@MsAnichini"," ","https://twitter.com/MsAnichini/status/1978820831359664217","She also put relationships at the center of school culture:
🤝 Staff affinity groups to build trust &amp; equity
📊 Student success plans + empathy interviews
🎓 Reimagined grade-level meetings to ensure belonging &amp; support","","","","","","","714","","0","","","","","","","","","","","","","","","","","","","","","","","","","","","","","","","","","","","","","","","","","","","","","","","","","","","",""
"10/16/2025 8:50 am","1978820826783731874","X","Post","Text","'@MsAnichini"," ","https://twitter.com/MsAnichini/status/1978820826783731874","💜 Thrilled to share our final Growth Leader Award Finalist: Principal Jennifer Sutton of Von Steuben High School! 💜

A proud CPS alum, she has spent nearly 8 years championing inclusive decision-making and breaking down barriers for staff, students, and families.","","","","","","","714","","0","","","","","","","","","","","","","","","","","","","","","","","","","","","","","","","","","","","","","","","","","","","","","","","","","","","",""
"10/15/2025 6:19 pm","1978601748387226035","X","'@Reply","Text","'@MsAnichini"," ","https://twitter.com/MsAnichini/status/1978601748387226035","How he did it:
✅ Built a distributed leadership model empowering APs, coaches &amp; teacher leaders
✅ Launched a comprehensive literacy initiative with PD, peer observations &amp; tools like Beasley’s “literacy planning placemat”
Collaboration + coaching = stronger instruction.","","25","25","","","","714","4%","1","0","0","","","","","","","1","0","","","","0","0","0","","","","","","","","","","","","","","","","","","","","","","","","","","","","","","","","","","","",""
"10/15/2025 6:19 pm","1978601750224318945","X","'@Reply","Photo","'@MsAnichini"," ","https://twitter.com/MsAnichini/status/1978601750224318945","The results are remarkable:
📖 Students reading at/above grade level jumped 32%
📉 Suspensions dropped 2 years in a row
🎓 Chronic absenteeism down nearly 10 pts 
👏 Join us in celebrating Principal Rader’s impact at Beasley—where investing in teachers fuels student success! 👏 https://t.co/jseh7E9TEj","https://twitter.com/MsAnichini/status/1978601750224318945/photo/1","21","21","","","","714","0%","0","0","0","","","","","","","0","0","","","","0","0","0","","","","","","","","","","","","","","","","","","","","","","","","","","","","","","","","","","","",""
"10/15/2025 6:19 pm","1978601746382336292","X","Post","Text","'@MsAnichini"," ","https://twitter.com/MsAnichini/status/1978601746382336292","💜 Our next Growth Leader Award Finalist is Principal Donnell Rader of Beasley Elementary! 💜

For 7 years, he’s led with two bold priorities:
📖 Driving 70% literacy growth schoolwide
👩‍🏫 Building a lasting culture of teacher leadership &amp; professional growth","","47","47","","","","714","4.26%","2","1","1","","","","","","","1","0","","","","0","0","0","","","","","","","","","","","","","","","","","","","","","","","","","","","","","","","","","","","",""
"10/15/2025 3:26 pm","1978558215911542991","X","'@Reply","Photo","'@MsAnichini"," ","https://twitter.com/MsAnichini/status/1978558215911542991","Chávez now leads all non-selective CPS schools in 7th graders passing the Algebra Exit Exam &amp; student participation in summer learning is at record highs.

👏 Principal Dassinger’s commitment to equity &amp; innovation has transformed Chávez into a citywide model. #GrowthLeaderAward https://t.co/6aBHKeQLC2","https://twitter.com/MsAnichini/status/1978558215911542991/photo/1","38","38","","","","714","2.63%","1","0","0","","","","","","","0","0","","","","1","1","0","","","","","","","","","","","","","","","","","","","","","","","","","","","","","","","","","","","",""
"10/15/2025 3:26 pm","1978558214263181323","X","'@Reply","Text","'@MsAnichini"," ","https://twitter.com/MsAnichini/status/1978558214263181323","The results: 
📈Attendance: 90.3% → 96% 
📉 Chronic absenteeism: 37% → 6.3% 
📘 Math: 84% → 91.6% | Reading: 71.5% → 85.7%","","26","26","","","","714","3.85%","1","0","0","","","","","","","1","0","","","","0","0","0","","","","","","","","","","","","","","","","","","","","","","","","","","","","","","","","","","","",""
"10/15/2025 3:26 pm","1978558212996546920","X","'@Reply","Text","'@MsAnichini"," ","https://twitter.com/MsAnichini/status/1978558212996546920","To help students recover from the pandemic, he doubled down on two priorities:

✅ Attendance – real-time data, home visits &amp; celebrations 
✅ Student growth – high-quality curriculum, smaller classes, and more teacher coaching.","","10","10","","","","714","10%","1","0","0","","","","","","","1","0","","","","0","0","0","","","","","","","","","","","","","","","","","","","","","","","","","","","","","","","","","","","",""
"10/15/2025 3:26 pm","1978558211583008801","X","Post","Text","'@MsAnichini"," ","https://twitter.com/MsAnichini/status/1978558211583008801","💜 Our next Growth Leader Award Finalist is Principal Barton Dassinger of Chávez Elementary School! 💜

For over a decade, he’s led Chávez with a clear vision: strong attendance, academic growth, and student engagement open doors for every child.","","45","45","","","","847","8.89%","4","0","0","","","","","","","1","1","","","","2","2","0","","","","","","","","","","","","","","","","","","","","","","","","","","","","","","","","","","","",""
"10/14/2025 4:25 pm","1978210480549167251","X","'@Reply","Photo","'@MsAnichini"," ","https://twitter.com/MsAnichini/status/1978210480549167251","The results speak for themselves:
🎓 22%+ of students graduate with 15+ college credits
💰 Scholarships grew from $1.9M → $33M
📈 9th &amp; 10th graders saw a 20% jump in ELA &amp; Math
👏 Join us in celebrating Principal Kelly’s transformative leadership &amp; commitment to students! 💜 https://t.co/Q1BfsLnpxQ","https://twitter.com/MsAnichini/status/1978210480549167251/photo/1","33","33","","","","714","12.12%","4","0","0","","","","","","","0","0","","","","4","4","0","","","","","","","","","","","","","","","","","","","","","","","","","","","","","","","","","","","",""
"10/14/2025 4:25 pm","1978210478007460235","X","'@Reply","Text","'@MsAnichini"," ","https://twitter.com/MsAnichini/status/1978210478007460235","His leadership in action:
📚 Redesigned the master schedule so ALL students—including diverse learners &amp; English language learners—take rigorous, grade-level coursework.
🌱 Revitalized culture with SEL homerooms, restorative practices, Tier II supports &amp; student-led assemblies.","","34","34","","","","714","2.94%","1","0","0","","","","","","","1","0","","","","0","0","0","","","","","","","","","","","","","","","","","","","","","","","","","","","","","","","","","","","",""
"10/14/2025 4:25 pm","1978210476086395338","X","Post","Text","'@MsAnichini"," ","https://twitter.com/MsAnichini/status/1978210476086395338","💜 Our next Growth Leader Award Finalist is Principal Brian Kelly, Ed.D of King College Prep! 💜

Since 2019, he’s worked to raise graduation rates, boost attendance, strengthen GPAs, and retain great teachers—always with a focus on equity and access for every student.","","105","105","","","","714","5.71%","6","3","3","","","","","","","1","0","","","","2","2","0","","","","","","","","","","","","","","","","","","","","","","","","","","","","","","","","","","","",""
"10/14/2025 12:30 pm","1978151516147003837","X","'@Reply","Photo","'@MsAnichini"," ","https://twitter.com/MsAnichini/status/1978151516147003837","Principal Duffy is a steadfast advocate for diverse learners—turning data into action, equity into opportunity, and vision into lasting impact. 👏

Chicago’s schools shine because of leaders like her! 💜 https://t.co/F4IExtNC8y","https://twitter.com/MsAnichini/status/1978151516147003837/photo/1","27","27","","","","714","0%","0","0","0","","","","","","","0","0","","","","0","0","0","","","","","","","","","","","","","","","","","","","","","","","","","","","","","","","","","","","",""
"10/14/2025 12:30 pm","1978151514569933190","X","'@Reply","Text","'@MsAnichini"," ","https://twitter.com/MsAnichini/status/1978151514569933190","Her leadership has led to big changes:
👩‍🎓 92% of students w/ disabilities in gen ed
📈 Above-typical IAR growth in reading &amp; math for IEP students
📉 Absenteeism dropped 16% → 11%
⭐ Strong/Very Strong across all 5Essentials (SY23–24 &amp; SY24–25)","","23","23","","","","714","4.35%","1","0","0","","","","","","","1","0","","","","0","0","0","","","","","","","","","","","","","","","","","","","","","","","","","","","","","","","","","","","",""
"10/14/2025 12:30 pm","1978151513286476089","X","Post","Text","'@MsAnichini"," ","https://twitter.com/MsAnichini/status/1978151513286476089","💜 Our next Growth Leader Award Finalist: Principal Meghan Duffy of Audubon Elementary! 💜

For 9 years, she’s championed equity &amp; inclusion—strengthening co-teaching, building collaboration, and ensuring every student has the support they need to thrive. #CPSLeadership","","44","44","","","","714","4.55%","2","1","1","","","","","","","1","0","","","","0","0","0","","","","","","","","","","","","","","","","","","","","","","","","","","","","","","","","","","","",""
"10/13/2025 8:14 am","1977724550453334133","X","'@Reply","Text","'@MsAnichini"," ","https://twitter.com/MsAnichini/status/1977724550453334133","Results you can feel:
📚 ELA classrooms meeting goals 27%→75% (’24–’25); Math 75%→82%
🧮 IAR proficiency R 17→37.8 | M 11.9→24.1 | Sci 43→50.5 (’22–’24)
🏅 State Exemplary; 5Essentials Neutral→Strong; Attendance 92.2%
👏 Join us in celebrating Principal Nieves!","","35","35","","","","714","5.71%","2","2","2","","","","","","","0","0","","","","0","0","0","","","","","","","","","","","","","","","","","","","","","","","","","","","","","","","","","","","",""
"10/13/2025 8:14 am","1977724547496321404","X","Post","Text","'@MsAnichini"," ","https://twitter.com/MsAnichini/status/1977724547496321404","💜 Spotlighting #GrowthLeaderAward finalist Principal Yalil Nieves (Mary Gage Peterson ES). 8+ years leading with empathy, integrity &amp; data—aligning every move to Peterson’s mission and student voice. #PrincipalPrideChi #ThankAPrincipal","","130","130","","","","4,468","9.23%","12","3","3","","","","","","","1","2","","","","6","6","0","","","","","","","","","","","","","","","","","","","","","","","","","","","","","","","","","","","",""
"10/13/2025 8:14 am","1977724549039882651","X","'@Reply","Text","'@MsAnichini"," ","https://twitter.com/MsAnichini/status/1977724549039882651","When data showed inequities, her team acted:
✅ 5-week data cycles for targeted instruction &amp; real-time adjustments
✅ Student Voice Committees + a student-led Attendance Team
✅ Restorative practices, weekly circles, dedicated SEL blocks","","32","32","","","","714","9.38%","3","2","2","","","","","","","1","0","","","","0","0","0","","","","","","","","","","","","","","","","","","","","","","","","","","","","","","","","","","","",""
"10/13/2025 6:10 am","1977693421671198894","X","'@Reply","Text","'@MsAnichini"," ","https://twitter.com/MsAnichini/status/1977693421671198894","The results:
📈 Dual-credit grads 41%→61%
📈 AP exams 270→331 (’21–’25)
📈 AP pass rate 29%→60%
Students report higher confidence, stronger GPAs &amp; attendance. 👏","","21","21","","","","714","0%","0","0","0","","","","","","","0","0","","","","0","0","0","","","","","","","","","","","","","","","","","","","","","","","","","","","","","","","","","","","",""
"10/13/2025 6:10 am","1977693419225891327","X","Post","Text","'@MsAnichini"," ","https://twitter.com/MsAnichini/status/1977693419225891327","💜 Proud to highlight #GrowthLeaderAward finalist Principal William Hook (Chicago Ag HS)—leading with vision, compassion, and innovation. #PrincipalPrideChi","","39","39","","","","714","7.69%","3","0","0","","","","","","","1","0","","","","2","2","0","","","","","","","","","","","","","","","","","","","","","","","","","","","","","","","","","","","",""
"10/13/2025 6:10 am","1977693420408697015","X","'@Reply","Text","'@MsAnichini"," ","https://twitter.com/MsAnichini/status/1977693420408697015","When data showed gaps in AP &amp; Dual Credit access, his team moved fast:
✅ AP boot camps
✅ Vertical curriculum alignment
✅ Family outreach + college partners
✅ Teacher credentialing to expand access","","24","24","","","","714","4.17%","1","0","0","","","","","","","1","0","","","","0","0","0","","","","","","","","","","","","","","","","","","","","","","","","","","","","","","","","","","","",""
"10/11/2025 2:17 pm","1977091144757740018","X","'@Reply","Text","'@MsAnichini"," ","https://twitter.com/MsAnichini/status/1977091144757740018","🎓 HS Finalists:
William Hook (Chicago Ag) • Brian Kelly (King College Prep) • Paul J. Karafiol (Lake View) • Jennifer Sutton (Von Steuben)","","68","68","","","","714","1.47%","1","0","0","","","","","","","1","0","","","","0","0","0","","","","","","","","","","","","","","","","","","","","","","","","","","","","","","","","","","","",""
"10/11/2025 2:17 pm","1977091147408560219","X","'@Reply","Text","'@MsAnichini"," ","https://twitter.com/MsAnichini/status/1977091147408560219","📚 ES Finalists:
Megan Duffy (Audubon) • Donnell Rader (Beasley) • Barton Dassinger (Chavez) • Yalil Nieves (Peterson)
🏆 Winners announced Oct 16; finalist spotlights all week!","","93","93","","","","714","1.08%","1","0","0","","","","","","","0","0","","","","1","1","0","","","","","","","","","","","","","","","","","","","","","","","","","","","","","","","","","","","",""
"10/11/2025 2:17 pm","1977091141981102273","X","Post","Text","'@MsAnichini"," ","https://twitter.com/MsAnichini/status/1977091141981102273","💜 The 2025 #GrowthLeaderAward honors two Chicago principals (one ES, one HS) for postpandemic gains in achievement &amp; attendance—and for building strong, shared leadership. #PrincipalPrideChi #ThankAPrincipal","","202","202","","","","4,411","9.41%","19","2","2","","","","","","","1","2","","","","14","14","0","","","","","","","","","","","","","","","","","","","","","","","","","","","","","","","","","","","",""
"10/3/2025 12:26 pm","1974164196385587470","X","'@Reply","Text","'@MsAnichini"," ","https://twitter.com/MsAnichini/status/1974164196385587470","The @TheFundChicago team was joined by some of our own special guests, including @ChiPubSchools board members Carlos Rivas, Jessica Biggs, and @MichillaB, and Fund board members Auyana Orr and Lauren Patnaude.","","45","45","","","","714","24.44%","11","1","1","","","","","","","1","0","","","","9","9","0","","","","","","","","","","","","","","","","","","","","","","","","","","","","","","","","","","","",""
"10/3/2025 12:26 pm","1974164197979402363","X","'@Reply","Text","'@MsAnichini"," ","https://twitter.com/MsAnichini/status/1974164197979402363","👏 We remain grateful for the work of Advance Illinois and their continued attention to data access and transparency as they focus on building strong pathways for every learner in Chicago and across the state.","","24","24","","","","714","0%","0","0","0","","","","","","","0","0","","","","0","0","0","","","","","","","","","","","","","","","","","","","","","","","","","","","","","","","","","","","",""
"10/3/2025 12:26 pm","1974164191700529568","X","'@Reply","Text","'@MsAnichini"," ","https://twitter.com/MsAnichini/status/1974164191700529568","💰Illinois now ranks 18th nationally in state education per student (it was 47th in 2008). While educational funding is up, spending for specific priority areas is still inadequate. We rank 26th in state-funded preschool and 46th in university and community college funding.","","10","10","","","","714","10%","1","0","0","","","","","","","1","0","","","","0","0","0","","","","","","","","","","","","","","","","","","","","","","","","","","","","","","","","","","","",""
"10/3/2025 12:26 pm","1974164193248227543","X","'@Reply","Text","'@MsAnichini"," ","https://twitter.com/MsAnichini/status/1974164193248227543","📊The state continues to experience challenges in academic growth and proficiency from 3rd to 8th grade, as only one-third of students meet national benchmarks in reading and math by 4th, 8th, and 11th grades—a number that has been declining since 2015.","","16","16","","","","714","6.25%","1","0","0","","","","","","","1","0","","","","0","0","0","","","","","","","","","","","","","","","","","","","","","","","","","","","","","","","","","","","",""
"10/3/2025 12:26 pm","1974164194762314177","X","'@Reply","Text","'@MsAnichini"," ","https://twitter.com/MsAnichini/status/1974164194762314177","At the event, a panel facilitated by @DrJulieMorita and featuring the Honorable @LLCoolK_4, Linda Xóchitl Tortolero, and @StevenIsoye discussed what work is needed for Illinois to be one of the best places to raise children, attend school, and pursue college.","","14","14","","","","714","7.14%","1","0","0","","","","","","","1","0","","","","0","0","0","","","","","","","","","","","","","","","","","","","","","","","","","","","","","","","","","","","",""
"10/3/2025 12:26 pm","1974164188554805429","X","'@Reply","Text","'@MsAnichini"," ","https://twitter.com/MsAnichini/status/1974164188554805429","↔️There have been some gains in specific academic areas, but the overall achievement gap in Illinois has widened over the past 5 years for students from low-income households, students of color, English learners, and students with disabilities.","","14","14","","","","714","7.14%","1","0","0","","","","","","","1","0","","","","0","0","0","","","","","","","","","","","","","","","","","","","","","","","","","","","","","","","","","","","",""
"10/3/2025 12:26 pm","1974164190161219756","X","'@Reply","Text","'@MsAnichini"," ","https://twitter.com/MsAnichini/status/1974164190161219756","Overall, Illinois students are now getting less than one year of learning for a year of school over the five years between 3rd and 8th grade.","","4","4","","","","714","25%","1","0","0","","","","","","","1","0","","","","0","0","0","","","","","","","","","","","","","","","","","","","","","","","","","","","","","","","","","","","",""
"10/3/2025 12:26 pm","1974164186990362998","X","'@Reply","Text","'@MsAnichini"," ","https://twitter.com/MsAnichini/status/1974164186990362998","🏫CPS principals are outpacing the rest of the state on 5Essentials performance reflected in strong or strongest implementation of Effective Leaders, with roughly 25% of schools in CPS reaching this mark compared to 22% across the state.","","7","7","","","","714","14.29%","1","0","0","","","","","","","1","0","","","","0","0","0","","","","","","","","","","","","","","","","","","","","","","","","","","","","","","","","","","","",""
"10/3/2025 12:26 pm","1974164182921834822","X","Post","Photo","'@MsAnichini"," ","https://twitter.com/MsAnichini/status/1974164182921834822","This week, @AdvanceIllinois released its 2025 The State We’re In report at City Club of Chicago. The report takes a holistic look at Illinois’ education system, from birth to postsecondary, tracking funding, staffing, and student achievement to highlight progress and challenges. https://t.co/LHOYvXqd68","https://x.com/MsAnichini/status/1974164182921834822/photo/1","40","40","","","","811","10%","4","0","0","","","","","","","1","1","","","","2","2","0","","","","","","","","","","","","","","","","","","","","","","","","","","","","","","","","","","","",""
"10/3/2025 12:26 pm","1974164185434239262","X","'@Reply","Text","'@MsAnichini"," ","https://twitter.com/MsAnichini/status/1974164185434239262","While this annual report continues to reinforce the importance of collecting, analyzing, and transparently sharing data as a means to align resources and set effective strategies that drive student growth and success, this year, a few things jumped out for me:","","9","9","","","","714","11.11%","1","0","0","","","","","","","1","0","","","","0","0","0","","","","","","","","","","","","","","","","","","","","","","","","","","","","","","","","","","","",""
"10/1/2025 11:57 am","1973432114059288671","X","'@Reply","Text","'@MsAnichini"," ","https://twitter.com/MsAnichini/status/1973432114059288671","Drop a shoutout below ⬇️ to kick off the month and thank your favorite principal! #PrincipalPrideChi","","20","20","","","","714","0%","0","0","0","","","","","","","0","0","","","","0","0","0","","","","","","","","","","","","","","","","","","","","","","","","","","","","","","","","","","","",""
"10/1/2025 11:57 am","1973432112377372733","X","'@Reply","Text","'@MsAnichini"," ","https://twitter.com/MsAnichini/status/1973432112377372733","✨ Stay tuned all month as we highlight amazing leaders through case studies, school visits, and our signature event: The Principal Storytelling Evening at the Griffin Museum of Science and Industry on Thursday, October 16th!","","27","27","","","","714","3.7%","1","0","0","","","","","","","1","0","","","","0","0","0","","","","","","","","","","","","","","","","","","","","","","","","","","","","","","","","","","","",""
"10/1/2025 11:57 am","1973432110620020951","X","'@Reply","Text","'@MsAnichini"," ","https://twitter.com/MsAnichini/status/1973432110620020951","Principals in Chicago show every day that they have the innovation, toughness, and heart it takes to lead schools and help students thrive. We’re grateful to support them as they provide the care and knowledge our young people need for success.","","9","9","","","","714","11.11%","1","0","0","","","","","","","1","0","","","","0","0","0","","","","","","","","","","","","","","","","","","","","","","","","","","","","","","","","","","","",""
"10/1/2025 11:57 am","1973432108392792086","X","'@Reply","Text","'@MsAnichini"," ","https://twitter.com/MsAnichini/status/1973432108392792086","In today’s climate, public education faces real challenges. But throughout October, we’ll be highlighting several principals across the district who have strategically utilized data to meet student needs and to drive academic growth.","","7","7","","","","714","14.29%","1","0","0","","","","","","","1","0","","","","0","0","0","","","","","","","","","","","","","","","","","","","","","","","","","","","","","","","","","","","",""
"10/1/2025 11:57 am","1973432106387910753","X","'@Reply","Text","'@MsAnichini"," ","https://twitter.com/MsAnichini/status/1973432106387910753","Every October, our team at @TheFundChicago doubles down on celebrating Chicago’s incredible school leaders. Their energy, intentionality, and relentless investment in students are the secret ingredient for so much of what is right in our schools.","","42","42","","","","3,783","9.52%","4","1","1","","","","","","","1","1","","","","1","1","0","","","","","","","","","","","","","","","","","","","","","","","","","","","","","","","","","","","",""
"10/1/2025 11:57 am","1973432103300931737","X","Post","Photo","'@MsAnichini"," ","https://twitter.com/MsAnichini/status/1973432103300931737","If you know me, you know that #PrincipalPrideChi is my favorite time of year. 💜 https://t.co/CqA0Xd8uoM","https://x.com/MsAnichini/status/1973432103300931737/photo/1","61","61","","","","3,783","34.43%","21","1","1","","","","","","","1","2","","","","17","17","0","","","","","","","","","","","","","","","","","","","","","","","","","","","","","","","","","","","",""
"9/29/2025 3:57 pm","1972767648120487984","X","'@Reply","Text","'@MsAnichini"," ","https://twitter.com/MsAnichini/status/1972767648120487984","The fact is, our students continue to hold up their end of the bargain by showing up with energy and effort. In response, they aren’t asking for reinvention, but for consistent opportunity and access to the excellence they deserve. It’s time for the rest of us to deliver.","","21","21","","","","714","4.76%","1","0","0","","","","","","","1","0","","","","0","0","0","","","","","","","","","","","","","","","","","","","","","","","","","","","","","","","","","","","",""
"9/29/2025 3:57 pm","1972767649609482397","X","'@Reply","Link","'@MsAnichini"," ","https://twitter.com/MsAnichini/status/1972767649609482397","➡️ Read more in my latest piece: Chicago’s Students Prove What’s Possible. Adults Must Keep Up.

https://t.co/cM2BxvDjxP","https://www.chicagobusiness.com/crains-forum-urban-education/chicago-students-need-adults-show-real-leadership-opinion","25","25","","","","714","16%","4","0","0","","","","","","","0","0","","4","","0","4","0","","","","","","","","","","","","","","","","","","","","","","","","","","","","","","","","","","","",""
"9/29/2025 3:57 pm","1972767646610489767","X","'@Reply","Text","'@MsAnichini"," ","https://twitter.com/MsAnichini/status/1972767646610489767","Crucially, it was driven by honest analysis of stdnt data, which guided principals to deliver targeted support and accelerate learning where it was needed most. If we want to accelerate improvements in stdnt outcomes, we must trust &amp; empower local leaders to do what they do best.","","6","6","","","","714","16.67%","1","0","0","","","","","","","1","0","","","","0","0","0","","","","","","","","","","","","","","","","","","","","","","","","","","","","","","","","","","","",""
"9/29/2025 3:57 pm","1972767643175379292","X","'@Reply","Text","'@MsAnichini"," ","https://twitter.com/MsAnichini/status/1972767643175379292","From Farragut grads heading to Cornell, to Chávez seventh graders completing Algebra I, our young people are delivering results at scale. They deserve leaders who match their resolve with transparency, focus, and investments in strategies that drive their growth.","","6","6","","","","714","16.67%","1","0","0","","","","","","","1","0","","","","0","0","0","","","","","","","","","","","","","","","","","","","","","","","","","","","","","","","","","","","",""
"9/29/2025 3:57 pm","1972767645050237044","X","'@Reply","Text","'@MsAnichini"," ","https://twitter.com/MsAnichini/status/1972767645050237044","Over the past 30 years, CPS has come so far. That wasn’t an accident. It was the result of decades of work by principals, teachers, scholars, and families.","","6","6","","","","714","16.67%","1","0","0","","","","","","","1","0","","","","0","0","0","","","","","","","","","","","","","","","","","","","","","","","","","","","","","","","","","","","",""
"9/29/2025 3:57 pm","1972767641644511316","X","Post","Text","'@MsAnichini"," ","https://twitter.com/MsAnichini/status/1972767641644511316","✨ Chicago’s students are proving what’s possible in public education. The question is: can adults keep up?","","27","27","","","","714","11.11%","3","0","0","","","","","","","1","0","","","","2","2","0","","","","","","","","","","","","","","","","","","","","","","","","","","","","","","","","","","","",""
"9/26/2025 2:19 pm","1971655811891077599","X","'@Reply","Text","'@MsAnichini"," ","https://twitter.com/MsAnichini/status/1971655811891077599","Grateful for the chance to celebrate Alexander Graham Elementary and continue supporting leaders doing the work that matters most.","","11","11","","","","714","0%","0","0","0","","","","","","","0","0","","","","0","0","0","","","","","","","","","","","","","","","","","","","","","","","","","","","","","","","","","","","",""
"9/26/2025 2:19 pm","1971655808485376269","X","'@Reply","Text","'@MsAnichini"," ","https://twitter.com/MsAnichini/status/1971655808485376269","Principal Aguilar is building something special at Graham. From parent involvement to teacher collaboration, instructional quality to student engagement, the growth is clear—and the energy, community, and care were on full display.","","14","14","","","","714","7.14%","1","0","0","","","","","","","1","0","","","","0","0","0","","","","","","","","","","","","","","","","","","","","","","","","","","","","","","","","","","","",""
"9/26/2025 2:19 pm","1971655805754921324","X","'@Reply","Text","'@MsAnichini"," ","https://twitter.com/MsAnichini/status/1971655805754921324","Now in its fourth year, the Fall Fest has grown into a vibrant celebration with food and music, carnival games, an interactive bubble show, a petting zoo, a vendor and resource fair, and of course—a pumpkin giveaway! 🎃","","33","33","","","","714","3.03%","1","0","0","","","","","","","1","0","","","","0","0","0","","","","","","","","","","","","","","","","","","","","","","","","","","","","","","","","","","","",""
"9/26/2025 2:19 pm","1971655802659471478","X","'@Reply","Text","'@MsAnichini"," ","https://twitter.com/MsAnichini/status/1971655802659471478","In deep collaboration with her staff and school community, Principal Aguilar—first-year Malott Fellow and valued member of our Educator Advisory Committee—launched this tradition to celebrate the return to school, offer families outdoor fun, and strengthen community connections.","","27","27","","","","714","3.7%","1","0","0","","","","","","","1","0","","","","0","0","0","","","","","","","","","","","","","","","","","","","","","","","","","","","","","","","","","","","",""
"9/26/2025 2:19 pm","1971655797286564285","X","Post","Photo","'@MsAnichini"," ","https://twitter.com/MsAnichini/status/1971655797286564285","Amid a week packed with too many meetings and long hours, it was refreshing to pause and return to the why.

It was so fun to join Barry Tyler at Graham ES’s Fall Fest—a joyful reminder of what matters most: students, families, and the dedicated leaders who show up for them daily https://t.co/ZhPXANnFIB","https://x.com/MsAnichini/status/1971655797286564285/photo/1","63","63","","","","1,374","14.29%","9","1","1","","","","","","","1","1","","","","6","6","0","","","","","","","","","","","","","","","","","","","","","","","","","","","","","","","","","","","",""
"9/23/2025 4:22 pm","1970599566291673417","X","'@Reply","Text","'@MsAnichini"," ","https://twitter.com/MsAnichini/status/1970599566291673417","Whatever the CPS results show, two things are certain:
 1️⃣ We’ll break down what the data means for students, schools &amp; our city.
 2️⃣ Strong principals will lead the response.","","16","16","","","","714","0%","0","0","0","","","","","","","0","0","","","","0","0","0","","","","","","","","","","","","","","","","","","","","","","","","","","","","","","","","","","","",""
"9/23/2025 4:22 pm","1970599563200495707","X","'@Reply","Text","'@MsAnichini"," ","https://twitter.com/MsAnichini/status/1970599563200495707","One limitation: these results don’t include state or district breakouts. But we’ll soon get fresh @ChiPubSchools data — and Chicago students have often outpaced national trends.
Example: 8th-grade NAEP reading scores are climbing again, led by Black &amp; Latino/a/x students.","","15","15","","","","714","26.67%","4","0","0","","","","","","","1","0","","","","3","3","0","","","","","","","","","","","","","","","","","","","","","","","","","","","","","","","","","","","",""
"9/23/2025 4:22 pm","1970599564785918115","X","'@Reply","Text","'@MsAnichini"," ","https://twitter.com/MsAnichini/status/1970599564785918115","A complicating factor: CPS enrollment is down by 12,000 students this year. That adds urgency to the question — not just how many students we serve, but how well they are learning.","","20","20","","","","714","5%","1","0","0","","","","","","","1","0","","","","0","0","0","","","","","","","","","","","","","","","","","","","","","","","","","","","","","","","","","","","",""
"9/23/2025 4:22 pm","1970599561547874612","X","'@Reply","Text","'@MsAnichini"," ","https://twitter.com/MsAnichini/status/1970599561547874612","Students at the top held steady. But those already behind lost the most ground. The national picture is clear: achievement gaps are widening.","","4","4","","","","714","25%","1","0","0","","","","","","","1","0","","","","0","0","0","","","","","","","","","","","","","","","","","","","","","","","","","","","","","","","","","","","",""
"9/23/2025 4:22 pm","1970599558096003500","X","Post","Text","'@MsAnichini"," ","https://twitter.com/MsAnichini/status/1970599558096003500","📊 September &amp; October always bring a flood of insight into how our schools are doing. From graduation rates to enrollment, the data tells a story — one we’re committed to unpacking with you. #EduData","","34","34","","","","714","5.88%","2","0","0","","","","","","","1","0","","","","1","1","0","","","","","","","","","","","","","","","","","","","","","","","","","","","","","","","","","","","",""
"9/23/2025 4:22 pm","1970599559836639720","X","'@Reply","Text","'@MsAnichini"," ","https://twitter.com/MsAnichini/status/1970599559836639720","Last week, the first post-pandemic Nation’s Report Card results for 12th graders came out. The findings were sobering:
 • Math: ↓3 pts since 2019 (↓6 since 2013)
 • Reading: ↓3 pts since 2019 (↓4 since 2015)","","6","6","","","","714","16.67%","1","0","0","","","","","","","1","0","","","","0","0","0","","","","","","","","","","","","","","","","","","","","","","","","","","","","","","","","","","","",""
"9/18/2025 2:26 pm","1968758598399336475","X","Post","Photo","'@MsAnichini"," ","https://twitter.com/MsAnichini/status/1968758598399336475","Started our morning at Finkl Elementary with Principal Nancy Quintana. Her vision for joyful, equitable learning shines in every corner - from classrooms to community.

Principals change lives. Their leadership is our best investment. #PrincipalPrideChi https://t.co/xYEbx2Hbzw","https://x.com/MsAnichini/status/1968758598399336475/photo/1","310","310","","","","5,312","15.16%","47","7","7","","","","","","","1","2","","","","37","37","0","","","","","","","","","","","","","","","","","","","","","","","","","","","","","","","","","","","",""
"9/17/2025 5:01 pm","1968435252637966755","X","'@Reply","Text","'@MsAnichini"," ","https://twitter.com/MsAnichini/status/1968435252637966755","Grateful to our partners @NewLeadersOrg  and @thisisUIC  — and to these dedicated educators for leading in new ways. The future of our schools is brighter because of you.","","25","25","","","","714","0%","0","0","0","","","","","","","0","0","","","","0","0","0","","","","","","","","","","","","","","","","","","","","","","","","","","","","","","","","","","","",""
"9/17/2025 5:01 pm","1968435250733728038","X","'@Reply","Text","'@MsAnichini"," ","https://twitter.com/MsAnichini/status/1968435250733728038","The cohort includes 26 educators from schools across the city; each of them is preparing to take on a principal role within the next three years.

Through coaching, collaboration, and intentional development, they will gain the tools to serve Chicago’s students with excellence.","","25","25","","","","714","4%","1","0","0","","","","","","","1","0","","","","0","0","0","","","","","","","","","","","","","","","","","","","","","","","","","","","","","","","","","","","",""
"9/17/2025 5:01 pm","1968435246434529394","X","Post","Photo","'@MsAnichini"," ","https://twitter.com/MsAnichini/status/1968435246434529394","🌟 26 aspiring leaders. 1 year of growth. A lifetime of impact. 🌟

Last night, I joined @TheFundChicago's E.J. Dubinsky to welcome the 2025–26 Leadership Bridge cohort. https://t.co/wyPRkvaqUm","https://x.com/MsAnichini/status/1968435246434529394/photo/1","146","146","","","","5,322","26.03%","38","5","5","","","","","","","1","2","","","","30","30","0","","","","","","","","","","","","","","","","","","","","","","","","","","","","","","","","","","","",""
"9/16/2025 12:11 pm","1967999727708037482","X","'@Reply","Text","'@MsAnichini"," ","https://twitter.com/MsAnichini/status/1967999727708037482","I’m constantly inspired by the thoughtfulness and drive of our team. Patricia and Cheyane remind us daily what it looks like to lead with a commitment to creating a critical mass of great public schools in our city.","","24","24","","","","714","12.5%","3","2","2","","","","","","","0","0","","","","1","1","0","","","","","","","","","","","","","","","","","","","","","","","","","","","","","","","","","","","",""
"9/16/2025 12:11 pm","1967999723962589496","X","'@Reply","Text","'@MsAnichini"," ","https://twitter.com/MsAnichini/status/1967999723962589496","A proud @ChiPubSchools alumna and parent, Patricia grew up in Pilsen and brings both personal experience and deep commitment to her work.","","38","38","","","","714","10.53%","4","2","2","","","","","","","1","0","","","","1","1","0","","","","","","","","","","","","","","","","","","","","","","","","","","","","","","","","","","","",""
"9/16/2025 12:11 pm","1967999722280632414","X","'@Reply","Text","'@MsAnichini"," ","https://twitter.com/MsAnichini/status/1967999722280632414","💡Patricia, our Senior Manager of Network Expansion and Engagement, leads initiatives that strengthen the work between principals and key partners in the work, including Local School Councils and Network Chiefs.","","13","13","","","","715","15.38%","2","1","1","","","","","","","1","0","","","","0","0","0","","","","","","","","","","","","","","","","","","","","","","","","","","","","","","","","","","","",""
"9/16/2025 12:11 pm","1967999725854154815","X","'@Reply","Text","'@MsAnichini"," ","https://twitter.com/MsAnichini/status/1967999725854154815","Both Patricia &amp; Cheyane lead aspects of our annual #PrincipalPrideChi campaign &amp; work to elevate educator voices through our reports. Both also embody what it means to lead with conviction, creativity, and care, exactly the qualities we want to see in every school across Chicago","","31","31","","","","714","9.68%","3","2","2","","","","","","","1","0","","","","0","0","0","","","","","","","","","","","","","","","","","","","","","","","","","","","","","","","","","","","",""
"9/16/2025 12:11 pm","1967999720359628830","X","'@Reply","Text","'@MsAnichini"," ","https://twitter.com/MsAnichini/status/1967999720359628830","Her excellence is fueled by her own experiences with the deep inequities of our education system, grounding her passion for equity and her belief that every student is worth the investment.","","13","13","","","","715","15.38%","2","1","1","","","","","","","1","0","","","","0","0","0","","","","","","","","","","","","","","","","","","","","","","","","","","","","","","","","","","","",""
"9/16/2025 12:11 pm","1967999718459576483","X","'@Reply","Text","'@MsAnichini"," ","https://twitter.com/MsAnichini/status/1967999718459576483","💡Cheyane, our Senior Associate of Public Affairs, drives connections inside and outside of The Fund — shaping communications strategies and bringing leadership in Chicago’s public schools to life.","","28","28","","","","714","10.71%","3","1","1","","","","","","","1","0","","","","1","1","0","","","","","","","","","","","","","","","","","","","","","","","","","","","","","","","","","","","",""
"9/16/2025 12:11 pm","1967999715066380558","X","'@Reply","Photo","'@MsAnichini"," ","https://twitter.com/MsAnichini/status/1967999715066380558","📣That’s why I’m proud to share that two of our colleagues, Cheyane Bligen and Patricia Mota, are living our commitment to leadership growth through their participation in the @Surge_Institute and the Academy for Local Leadership Chicago this year. https://t.co/qHnBYMQLvu","https://x.com/MsAnichini/status/1967999715066380558/photo/1","36","36","","","","3,781","11.11%","4","2","2","","","","","","","1","1","","","","0","0","0","","","","","","","","","","","","","","","","","","","","","","","","","","","","","","","","","","","",""
"9/16/2025 12:11 pm","1967999710943383944","X","Post","Text","'@MsAnichini"," ","https://twitter.com/MsAnichini/status/1967999710943383944","At @TheFundChicago, we believe excellent leadership transforms schools — and we know it transforms organizations, too.","","65","65","","","","3,778","7.69%","5","0","0","","","","","","","1","1","","","","3","3","0","","","","","","","","","","","","","","","","","","","","","","","","","","","","","","","","","","","",""
"9/16/2025 12:11 pm","1967999712763715654","X","'@Reply","Text","'@MsAnichini"," ","https://twitter.com/MsAnichini/status/1967999712763715654","Working here isn’t easy. The hours are long, the challenges are complex, and the answers are rarely obvious. But we know that real learning happens in the hard work — both for school leaders and for us.","","9","9","","","","714","22.22%","2","1","1","","","","","","","1","0","","","","0","0","0","","","","","","","","","","","","","","","","","","","","","","","","","","","","","","","","","","","",""
"9/11/2025 3:59 pm","1966245144233185567","X","'@Reply","Text","'@MsAnichini"," ","https://twitter.com/MsAnichini/status/1966245144233185567","Learning happens in schools because leaders help create the conditions that foster student success every day. Our team believes in the power of their leadership. Barry's words clearly communicate our gratitude for their service and collaboration.","","18","18","","","","716","0%","0","0","0","","","","","","","0","0","","","","0","0","0","","","","","","","","","","","","","","","","","","","","","","","","","","","","","","","","","","","",""
"9/11/2025 3:59 pm","1966245142152790439","X","Post","Video","'@MsAnichini"," ","https://twitter.com/MsAnichini/status/1966245142152790439","I was excited to start my day yesterday by listening to @BTfor3Hammond testify to the Chicago Board of Education about the work of @TheFundChicago. https://t.co/1wUCrCrU5M","https://x.com/MsAnichini/status/1966245142152790439/video/1","123","123","","","","5,983","17.07%","21","5","5","","","","","","","1","3","","","","12","12","0","","","","38","","","","","","","","","","","","","","","","","","","","","","","","","","","","","","","",""
"9/9/2025 10:59 am","1965444864075853927","X","'@Reply","Text","'@MsAnichini"," ","https://twitter.com/MsAnichini/status/1965444864075853927","At @TheFundChicago, we see that same influence every day. Principals across Chicago are setting the bar high and pouring into their students, shaping the next generation of city, national, and global leaders.","","45","45","","","","3,778","4.44%","2","0","0","","","","","","","1","1","","","","0","0","0","","","","","","","","","","","","","","","","","","","","","","","","","","","","","","","","","","","",""
"9/9/2025 10:59 am","1965444865963295219","X","'@Reply","Text","'@MsAnichini"," ","https://twitter.com/MsAnichini/status/1965444865963295219","I’m grateful for the educators who invest in young people’s potential — and for the inspiration that stories like Mellody’s provide to start the day with purpose.","","16","16","","","","716","0%","0","0","0","","","","","","","0","0","","","","0","0","0","","","","","","","","","","","","","","","","","","","","","","","","","","","","","","","","","","","",""
"9/9/2025 10:59 am","1965444860753875149","X","Post","Photo","'@MsAnichini"," ","https://twitter.com/MsAnichini/status/1965444860753875149","Started my morning with Mellody Hobson at UChicago, listening to her reflect on a principal who shaped her life. That school leader set high expectations and invested time in her growth — leaving a lasting imprint on her view of excellence. https://t.co/xub22HH3QZ","https://x.com/MsAnichini/status/1965444860753875149/photo/1","71","71","","","","716","18.31%","13","1","1","","","","","","","1","0","","","","11","11","0","","","","","","","","","","","","","","","","","","","","","","","","","","","","","","","","","","","",""
"9/3/2025 4:13 pm","1963349614234669485","X","'@Reply","Text","'@MsAnichini"," ","https://twitter.com/MsAnichini/status/1963349614234669485","The FY26 budget is complete. Next up: FY2027. I’ll share updates in the weeks and months ahead as that process begins.","","32","32","","","","716","0%","0","0","0","","","","","","","0","0","","","","0","0","0","","","","","","","","","","","","","","","","","","","","","","","","","","","","","","","","","","","",""
"9/3/2025 4:13 pm","1963349610761785442","X","'@Reply","Text","'@MsAnichini"," ","https://twitter.com/MsAnichini/status/1963349610761785442","This means real decreases in deficit projections for future years: 

FY2027: $520M (↓47%)
FY2028: $582M (↓44%)
FY2029: $835M (↓37%)

Of course, with a $500M+ gap still forecast for FY27, the road ahead won’t be easy.","","7","7","","","","716","14.29%","1","0","0","","","","","","","1","0","","","","0","0","0","","","","","","","","","","","","","","","","","","","","","","","","","","","","","","","","","","","",""
"9/3/2025 4:13 pm","1963349612494049555","X","'@Reply","Text","'@MsAnichini"," ","https://twitter.com/MsAnichini/status/1963349612494049555","Future cuts will be harder to find, and true long-term stability will require partnership among CPS leadership, the CBOE, the city of Chicago, and the state of Illinois—to pursue both new revenue sources and efficiencies, while avoiding further borrowing.","","36","36","","","","716","8.33%","3","1","1","","","","","","","1","0","","","","1","1","0","","","","","","","","","","","","","","","","","","","","","","","","","","","","","","","","","","","",""
"9/3/2025 4:13 pm","1963349606022148557","X","'@Reply","Text","'@MsAnichini"," ","https://twitter.com/MsAnichini/status/1963349606022148557","Thanks to the leadership of Dr. King, input from five community feedback sessions, and the decisions reflected in the new budget, those projections have been dramatically reduced—by nearly 40%. Two big shifts:","","9","9","","","","716","11.11%","1","0","0","","","","","","","1","0","","","","0","0","0","","","","","","","","","","","","","","","","","","","","","","","","","","","","","","","","","","","",""
"9/3/2025 4:13 pm","1963349609368956965","X","'@Reply","Text","'@MsAnichini"," ","https://twitter.com/MsAnichini/status/1963349609368956965","The approved FY26 budget permanently eliminated $214M in central office services and through operational efficiencies.","","9","9","","","","716","11.11%","1","0","0","","","","","","","1","0","","","","0","0","0","","","","","","","","","","","","","","","","","","","","","","","","","","","","","","","","","","","",""
"9/3/2025 4:13 pm","1963349607729303837","X","'@Reply","Text","'@MsAnichini"," ","https://twitter.com/MsAnichini/status/1963349607729303837","While the MEABF reimbursement is likely to remain a topic of discussion, there is general consensus that it should not be included as a budgeted obligation, without corresponding revenue. This removes $175M from the structural deficit assumptions.","","9","9","","","","716","11.11%","1","0","0","","","","","","","1","0","","","","0","0","0","","","","","","","","","","","","","","","","","","","","","","","","","","","","","","","","","","","",""
"9/3/2025 4:13 pm","1963349602989404462","X","'@Reply","Text","'@MsAnichini"," ","https://twitter.com/MsAnichini/status/1963349602989404462","The $8.6B operating budget is a 1% increase over FY2025, and required difficult but necessary cuts as federal COVID-19 funding phased out.","","13","13","","","","715","7.69%","1","0","0","","","","","","","1","0","","","","0","0","0","","","","","","","","","","","","","","","","","","","","","","","","","","","","","","","","","","","",""
"9/3/2025 4:13 pm","1963349604369613180","X","'@Reply","Text","'@MsAnichini"," ","https://twitter.com/MsAnichini/status/1963349604369613180","When she began her tenure in June of 2025, Dr. Macquline King projected the district’s structural deficit was $734M, inclusive of the district reimbursing the City of Chicago $175M for a portion of the MEABF pension payment.","","15","15","","","","715","6.67%","1","0","0","","","","","","","1","0","","","","0","0","0","","","","","","","","","","","","","","","","","","","","","","","","","","","","","","","","","","","",""
"9/3/2025 4:13 pm","1963349601362104831","X","Post","Text","'@MsAnichini"," ","https://twitter.com/MsAnichini/status/1963349601362104831","Last Friday, the Chicago Board of Education (CBOE) approved the FY2026 budget—totaling $10.25B.
As required by state law, the budget’s assumed revenues match its projected costs. Including:
$1.1B in debt service
$556M in capital spending
$8.6B in operating expenditures","","106","106","","","","3,779","13.21%","14","0","0","","","","","","","1","1","","","","12","12","0","","","","","","","","","","","","","","","","","","","","","","","","","","","","","","","","","","","",""
"8/29/2025 1:33 pm","1961497339207499840","X","'@Reply","Text","'@MsAnichini"," ","https://twitter.com/MsAnichini/status/1961497339207499840","Twelve CBOE members voted in favor of the budget, seven voted against it, and one abstained. During her comments, Dr. King acknowledged that the budget required tough choices and emphasized the need for more sustainable planning and predictability in the future.","","60","60","","","","3,780","3.33%","2","0","0","","","","","","","1","1","","","","0","0","0","","","","","","","","","","","","","","","","","","","","","","","","","","","","","","","","","","","",""
"8/29/2025 1:33 pm","1961497341334040646","X","'@Reply","Text","'@MsAnichini"," ","https://twitter.com/MsAnichini/status/1961497341334040646","With the structural deficit hovering at $500M, the FY27 conversation will begin very soon. I’ll have more on that next week.","","59","59","","","","3,780","3.39%","2","1","1","","","","","","","0","1","","","","0","0","0","","","","","","","","","","","","","","","","","","","","","","","","","","","","","","","","","","","",""
"8/29/2025 1:33 pm","1961497335214580074","X","'@Reply","Text","'@MsAnichini"," ","https://twitter.com/MsAnichini/status/1961497335214580074","✅ No borrowing. The budget does not include new debt for operational costs. Dr. King and the team made it clear that the board could approve emergency borrowing, through a simple majority vote, if revenue falls short.","","39","39","","","","3,780","5.13%","2","0","0","","","","","","","1","1","","","","0","0","0","","","","","","","","","","","","","","","","","","","","","","","","","","","","","","","","","","","",""
"8/29/2025 1:33 pm","1961497337009770691","X","'@Reply","Text","'@MsAnichini"," ","https://twitter.com/MsAnichini/status/1961497337009770691","✅ No MEABF payment, unless new revenue is secured. Reimbursement to the city is contingent on additional revenue, over what was budgeted. The city is legally obligated to make the full payment.","","39","39","","","","3,780","5.13%","2","0","0","","","","","","","1","1","","","","0","0","0","","","","","","","","","","","","","","","","","","","","","","","","","","","","","","","","","","","",""
"8/29/2025 1:33 pm","1961497331708104860","X","Post","Text","'@MsAnichini"," ","https://twitter.com/MsAnichini/status/1961497331708104860","Yesterday, the Chicago Board of Education approved the FY26 budget. After months of debate and testimony from parents, educators, labor leaders, elected officials, and community members, the board voted to pass the budget presented by @MacqulineKing and her team.","","86","86","","","","3,783","9.3%","8","0","0","","","","","","","1","1","","","","6","6","0","","","","","","","","","","","","","","","","","","","","","","","","","","","","","","","","","","","",""
"8/29/2025 1:33 pm","1961497333427839477","X","'@Reply","Text","'@MsAnichini"," ","https://twitter.com/MsAnichini/status/1961497333427839477","Here are the key takeaways for @ChiPubSchools  in SY2025-26:

✅ No additional school-level cuts. The school budgets principals and Local School Councils approved in June remain protected.","","32","32","","","","3,782","12.5%","4","0","0","","","","","","","1","1","","","","2","2","0","","","","","","","","","","","","","","","","","","","","","","","","","","","","","","","","","","","",""
"8/29/2025 1:17 pm","1961493436227354657","X","'@Reply","Text","'@MsAnichini"," ","https://twitter.com/MsAnichini/status/1961493436227354657","Here are the key takeaways for @ChicagoPublicSchools in SY2025-26:
✅ No additional school-level cuts. The school budgets principals and Local School Councils approved in June remain protected.","","16","16","","","","716","6.25%","1","0","0","","","","","","","0","0","","","","1","1","0","","","","","","","","","","","","","","","","","","","","","","","","","","","","","","","","","","","",""
"8/28/2025 2:04 pm","1961142823593341000","X","'@Reply","Text","'@MsAnichini"," ","https://twitter.com/MsAnichini/status/1961142823593341000","Any path forward will require collaboration between CPS, the city of Chicago, and state leaders. What remains clear: addressing this obligation without new revenue would come at a significant cost to students.","","22","22","","","","716","4.55%","1","0","0","","","","","","","1","0","","","","0","0","0","","","","","","","","","","","","","","","","","","","","","","","","","","","","","","","","","","","",""
"8/28/2025 2:04 pm","1961142826034479550","X","'@Reply","Link","'@MsAnichini"," ","https://twitter.com/MsAnichini/status/1961142826034479550","Feel free to review our full memo on our website: https://t.co/W64B1PQUaw","https://thefundchicago.org/four-scenarios-to-consider-for-balancing-the-2026-cps-budget/","41","41","","","","716","4.88%","2","0","0","","","","","","","0","0","","0","","2","2","0","","","","","","","","","","","","","","","","","","","","","","","","","","","","","","","","","","","",""
"8/28/2025 2:04 pm","1961142820766425270","X","'@Reply","Text","'@MsAnichini"," ","https://twitter.com/MsAnichini/status/1961142820766425270","▪️The city of Chicago owning the cost of MEABF without expecting any contribution from CPS (at least until the district fixes its structural budget deficit)","","36","36","","","","716","5.56%","2","0","0","","","","","","","1","0","","","","1","1","0","","","","","","","","","","","","","","","","","","","","","","","","","","","","","","","","","","","",""
"8/28/2025 2:04 pm","1961142816429486089","X","'@Reply","Text","'@MsAnichini"," ","https://twitter.com/MsAnichini/status/1961142816429486089","▪️ A new, dedicated tax levy authorized by the state","","4","4","","","","719","25%","1","0","0","","","","","","","1","0","","","","0","0","0","","","","","","","","","","","","","","","","","","","","","","","","","","","","","","","","","","","",""
"8/28/2025 2:04 pm","1961142818472161752","X","'@Reply","Text","'@MsAnichini"," ","https://twitter.com/MsAnichini/status/1961142818472161752","▪️State absorption of CPS’s normal pension costs for these employees, as it already does for teachers","","5","5","","","","719","20%","1","0","0","","","","","","","1","0","","","","0","0","0","","","","","","","","","","","","","","","","","","","","","","","","","","","","","","","","","","","",""
"8/28/2025 2:04 pm","1961142811190857801","X","'@Reply","Text","'@MsAnichini"," ","https://twitter.com/MsAnichini/status/1961142811190857801","Between 2020 and 2023, the district reimbursed the city using one-time federal COVID-19 relief funds, but those dollars are no longer available. Covering this cost now would mean either cuts to the CPS budget or additional borrowing.","","28","28","","","","719","3.57%","1","0","0","","","","","","","1","0","","","","0","0","0","","","","","","","","","","","","","","","","","","","","","","","","","","","","","","","","","","","",""
"8/28/2025 2:04 pm","1961142814110077362","X","'@Reply","Text","'@MsAnichini"," ","https://twitter.com/MsAnichini/status/1961142814110077362","Public opinion reflects skepticism as only 25% of voters support CPS taking on this responsibility.

💡How can CPS and the city of Chicago resolve the MEABF payment situation? Well, some potential solutions include:","","6","6","","","","719","16.67%","1","0","0","","","","","","","1","0","","","","0","0","0","","","","","","","","","","","","","","","","","","","","","","","","","","","","","","","","","","","",""
"8/28/2025 2:04 pm","1961142808548380789","X","'@Reply","Text","'@MsAnichini"," ","https://twitter.com/MsAnichini/status/1961142808548380789","This pension system covers CPS employees who are not certified educators. Importantly, CPS is not legally obligated to make this payment, and for nearly 100 years, it did not.","","5","5","","","","719","20%","1","0","0","","","","","","","1","0","","","","0","0","0","","","","","","","","","","","","","","","","","","","","","","","","","","","","","","","","","","","",""
"8/28/2025 2:04 pm","1961142806736510999","X","Post","Text","'@MsAnichini"," ","https://twitter.com/MsAnichini/status/1961142806736510999","'@ChiPubSchools' $734 million deficit includes a proposed $175 million reimbursement payment to the city of Chicago for the Municipal Employees Annuity and Benefit Fund (MEABF).","","32","32","","","","","15.63%","5","0","0","","","","","","","1","0","","","","4","4","0","","","","","","","","","","","","","","","","","","","","","","","","","","","","","","","","","","","",""
"8/26/2025 10:23 am","1960362592980885992","X","Quote","Link","'@MsAnichini"," ","https://twitter.com/MsAnichini/status/1960362592980885992","For more insight ⬇️: ","https://x.com/TheFundChicago/status/1960081320656171164","77","77","","","","3,785","1.3%","1","0","0","","","","","","","0","1","","0","","0","0","0","","","","","","","","","","","","","","","","","","","","","","","","","","","","","","","","","","","",""
"8/26/2025 10:19 am","1960361581830713569","X","'@Reply","Link","'@MsAnichini"," ","https://twitter.com/MsAnichini/status/1960361581830713569","Feel free to review our full memo and stay tuned for more analysis: https://t.co/W64B1PQUaw","https://thefundchicago.org/four-scenarios-to-consider-for-balancing-the-2026-cps-budget/","34","34","","","","718","11.76%","4","1","1","","","","","","","1","0","","1","","1","2","0","","","","","","","","","","","","","","","","","","","","","","","","","","","","","","","","","","","",""
"8/26/2025 10:19 am","1960361579750228424","X","'@Reply","Text","'@MsAnichini"," ","https://twitter.com/MsAnichini/status/1960361579750228424","Bottom line: A TIF surplus is likely for FY26 and is vital to helping CPS balance its $734M budget deficit. However, it won’t solve CPS’s long-term structural deficit. Later this week, I will discuss how additional funding from the state can help on that front.","","23","23","","","","718","4.35%","1","0","0","","","","","","","1","0","","","","0","0","0","","","","","","","","","","","","","","","","","","","","","","","","","","","","","","","","","","","",""
"8/26/2025 10:19 am","1960361572376645705","X","'@Reply","Text","'@MsAnichini"," ","https://twitter.com/MsAnichini/status/1960361572376645705","Whatever approach the city takes, CPS is entitled to the related property tax revenue. Long term, property tax revenue not placed in a TIF district account would go directly to CPS; this may be more predictable than the current approach.","","10","10","","","","718","10%","1","0","0","","","","","","","1","0","","","","0","0","0","","","","","","","","","","","","","","","","","","","","","","","","","","","","","","","","","","","",""
"8/26/2025 10:19 am","1960361574322888956","X","'@Reply","Text","'@MsAnichini"," ","https://twitter.com/MsAnichini/status/1960361574322888956","Existing revenue increases related to property taxes may not be enough. Many stakeholders are already advocating for collaborative conversations among state, city, and CPS leadership as soon as this budget cycle concludes.","","13","13","","","","718","7.69%","1","0","0","","","","","","","1","0","","","","0","0","0","","","","","","","","","","","","","","","","","","","","","","","","","","","","","","","","","","","",""
"8/26/2025 10:19 am","1960361567834255819","X","'@Reply","Photo","'@MsAnichini"," ","https://twitter.com/MsAnichini/status/1960361567834255819","▪️There are funds available as surplus. As the visual shows, the last city of Chicago annual report indicated TIF balances over $3B and a $485M surplus net of all revenue, expenditure, declared surplus, and planned project https://t.co/uCt2ird468","https://x.com/MsAnichini/status/1960361567834255819/photo/1","52","52","","","","3,785","13.46%","7","0","0","","","","","","","1","2","","","","4","4","0","","","","","","","","","","","","","","","","","","","","","","","","","","","","","","","","","","","",""
"8/26/2025 10:19 am","1960361570715754590","X","'@Reply","Text","'@MsAnichini"," ","https://twitter.com/MsAnichini/status/1960361570715754590","🔎Looking ahead
The city is exploring options to become less reliant on TIF surplus in the future, but major shifts are not likely before FY27.","","8","8","","","","718","12.5%","1","0","0","","","","","","","1","0","","","","0","0","0","","","","","","","","","","","","","","","","","","","","","","","","","","","","","","","","","","","",""
"8/26/2025 10:19 am","1960361564348792989","X","'@Reply","Text","'@MsAnichini"," ","https://twitter.com/MsAnichini/status/1960361564348792989","▪️That the city will declare a surplus of ~$700M. In that scenario, CPS would receive its share - ~$379M - and the city would receive ~$190M.","","12","12","","","","720","8.33%","1","0","0","","","","","","","1","0","","","","0","0","0","","","","","","","","","","","","","","","","","","","","","","","","","","","","","","","","","","","",""
"8/26/2025 10:19 am","1960361566164902196","X","'@Reply","Text","'@MsAnichini"," ","https://twitter.com/MsAnichini/status/1960361566164902196","▪️Most experts anticipate the city will need to declare at least some surplus to close its own projected budget gap - estimated at $1.2B.","","11","11","","","","718","9.09%","1","0","0","","","","","","","1","0","","","","0","0","0","","","","","","","","","","","","","","","","","","","","","","","","","","","","","","","","","","","",""
"8/26/2025 10:19 am","1960361559248588829","X","Post","Text","'@MsAnichini"," ","https://twitter.com/MsAnichini/status/1960361559248588829","As @ChiPubSchools prepares to pass and implement its FY26 budget, sources of additional revenue have been a major focal point over the past months. The most likely revenue source in this cycle? Surplus funds from the city’s Tax Increment Financing (TIF) districts.","","89","89","","","","3,788","17.98%","16","0","0","","","","","","","1","2","","","","13","13","0","","","","","","","","","","","","","","","","","","","","","","","","","","","","","","","","","","","",""
"8/26/2025 10:19 am","1960361562675286078","X","'@Reply","Text","'@MsAnichini"," ","https://twitter.com/MsAnichini/status/1960361562675286078","📈 What assumptions are we making here?","","12","12","","","","720","8.33%","1","0","0","","","","","","","1","0","","","","0","0","0","","","","","","","","","","","","","","","","","","","","","","","","","","","","","","","","","","","",""
"8/26/2025 10:19 am","1960361560884326537","X","'@Reply","Text","'@MsAnichini"," ","https://twitter.com/MsAnichini/status/1960361560884326537","💰What’s a TIF surplus?
 Each year, the city of Chicago must declare unspent dollars from certain TIF districts as “surplus.” By state law, CPS is guaranteed about 52% of any declared surplus.

CPS’s FY26 budget proposal includes $379M in TIF surplus from the city; flat from FY25","","42","42","","","","3,788","4.76%","2","0","0","","","","","","","1","1","","","","0","0","0","","","","","","","","","","","","","","","","","","","","","","","","","","","","","","","","","","","",""
"8/22/2025 12:11 pm","1958940114869989532","X","'@Reply","Text","'@MsAnichini"," ","https://twitter.com/MsAnichini/status/1958940114869989532","Here’s to a year of learning, growth, and joy.

No matter the challenges ahead, we will face them like Chicago always does— together.","","17","17","","","","719","5.88%","1","0","0","","","","","","","0","0","","","","1","1","0","","","","","","","","","","","","","","","","","","","","","","","","","","","","","","","","","","","",""
"8/22/2025 12:11 pm","1958940113561325835","X","'@Reply","Text","'@MsAnichini"," ","https://twitter.com/MsAnichini/status/1958940113561325835","Everything we do is designed to ensure principals and their teams can focus on what matters most: helping every student thrive.

To all school leaders—thank you for your ongoing commitment and service to over 325,000 young people who walk through your doors every day.","","18","18","","","","718","11.11%","2","1","1","","","","","","","1","0","","","","0","0","0","","","","","","","","","","","","","","","","","","","","","","","","","","","","","","","","","","","",""
"8/22/2025 12:11 pm","1958940111082541084","X","Post","Text","'@MsAnichini"," ","https://twitter.com/MsAnichini/status/1958940111082541084","This week, Chicago’s classrooms were buzzing again with energy, curiosity, and hope. Even with uncertainties around district finances, the commitment school leaders have to students, families, and their faculty and staff is unwavering (and was on full display).","","118","118","","","","3,785","5.93%","7","0","0","","","","","","","1","1","","","","5","5","0","","","","","","","","","","","","","","","","","","","","","","","","","","","","","","","","","","","",""
"8/22/2025 12:11 pm","1958940112210853986","X","'@Reply","Text","'@MsAnichini"," ","https://twitter.com/MsAnichini/status/1958940112210853986","Our team at @TheFundChicago is gearing up, too. We’re ready to continue providing resources, professional learning communities, leadership development, and thought partnership to leaders citywide.","","50","50","","","","3,781","12%","6","1","1","","","","","","","1","1","","","","3","3","0","","","","","","","","","","","","","","","","","","","","","","","","","","","","","","","","","","","",""
"8/20/2025 5:26 pm","1958294706749935888","X","'@Reply","Text","'@MsAnichini"," ","https://twitter.com/MsAnichini/status/1958294706749935888","The first step toward stability is passing a responsible budget next week. Only then can conversations about future investments in our students truly begin with the city, the state, and other partners.","","30","30","","","","718","0%","0","0","0","","","","","","","0","0","","","","0","0","0","","","","","","","","","","","","","","","","","","","","","","","","","","","","","","","","","","","",""
"8/20/2025 5:26 pm","1958294704879210964","X","'@Reply","Text","'@MsAnichini"," ","https://twitter.com/MsAnichini/status/1958294704879210964","One other thing everyone seemed to agree on?
🚫 Choosing between bad options to keep schools whole is not sustainable.","","30","30","","","","718","3.33%","1","0","0","","","","","","","1","0","","","","0","0","0","","","","","","","","","","","","","","","","","","","","","","","","","","","","","","","","","","","",""
"8/20/2025 5:26 pm","1958294701855166751","X","'@Reply","Text","'@MsAnichini"," ","https://twitter.com/MsAnichini/status/1958294701855166751","💸 Debt: CPS budget &amp; finance leaders strongly urged against including new borrowing for operations, warning it could jeopardize refinancing savings &amp; cost much more. Some Board members asked for more explicit flexibility in the budget to account for unexpected revenue challenges","","48","48","","","","3,785","8.33%","4","1","1","","","","","","","1","1","","","","1","1","0","","","","","","","","","","","","","","","","","","","","","","","","","","","","","","","","","","","",""
"8/20/2025 5:26 pm","1958294699846058379","X","'@Reply","Text","'@MsAnichini"," ","https://twitter.com/MsAnichini/status/1958294699846058379","🏛️ MEABF: Legally, this pension payment is a city obligation, though CPS reimbursed the city for a few cycles.  The CPS budget includes at least partial reimbursement to the city if revenues exceed assumptions.","","45","45","","","","3,785","4.44%","2","0","0","","","","","","","1","1","","","","0","0","0","","","","","","","","","","","","","","","","","","","","","","","","","","","","","","","","","","","",""
"8/20/2025 5:26 pm","1958294697904144430","X","'@Reply","Text","'@MsAnichini"," ","https://twitter.com/MsAnichini/status/1958294697904144430","In any case, CPS is entitled to 52% of any surplus declared by the city.","","11","11","","","","718","9.09%","1","0","0","","","","","","","1","0","","","","0","0","0","","","","","","","","","","","","","","","","","","","","","","","","","","","","","","","","","","","",""
"8/20/2025 5:26 pm","1958294695786000455","X","'@Reply","Text","'@MsAnichini"," ","https://twitter.com/MsAnichini/status/1958294695786000455","⚖️ TIF: The budget estimated TIF surplus revenue at $379M, level with last year. Some Board Members questioned whether the city would release those funds in the year ahead; some Aldermen testified that a TIF surplus is likely needed to close Chicago's budget gap. I","","32","32","","","","3,785","6.25%","2","0","0","","","","","","","1","1","","","","0","0","0","","","","","","","","","","","","","","","","","","","","","","","","","","","","","","","","","","","",""
"8/20/2025 5:26 pm","1958294693764374912","X","'@Reply","Text","'@MsAnichini"," ","https://twitter.com/MsAnichini/status/1958294693764374912","There were also lengthy discussions around three challenging issues...","","12","12","","","","719","8.33%","1","0","0","","","","","","","1","0","","","","0","0","0","","","","","","","","","","","","","","","","","","","","","","","","","","","","","","","","","","","",""
"8/20/2025 5:26 pm","1958294691650458079","X","'@Reply","Text","'@MsAnichini"," ","https://twitter.com/MsAnichini/status/1958294691650458079","✅Engaging the public matters. Families/educators/stdnts must have a voice, especially when choices are toughest
✅Protecting school budgets — already tight — is a shared value
✅All cuts have costs. Central office and citywide savings come w tradeoffs that families already feel","","14","14","","","","719","7.14%","1","0","0","","","","","","","1","0","","","","0","0","0","","","","","","","","","","","","","","","","","","","","","","","","","","","","","","","","","","","",""
"8/20/2025 5:26 pm","1958294687497994668","X","'@Reply","Text","'@MsAnichini"," ","https://twitter.com/MsAnichini/status/1958294687497994668","'@ChiPubSchools (CPS) team members reviewed the proposed plan, and we heard testimony from labor leaders, elected officials, parents, Local School Council members, educators, and nonprofit leaders (including our own Nelson Gerew).","","14","14","","","","","14.29%","2","0","0","","","","","","","1","0","","","","1","1","0","","","","","","","","","","","","","","","","","","","","","","","","","","","","","","","","","","","",""
"8/20/2025 5:26 pm","1958294689536409708","X","'@Reply","Text","'@MsAnichini"," ","https://twitter.com/MsAnichini/status/1958294689536409708","The good news? There was some real consensus...","","12","12","","","","719","8.33%","1","0","0","","","","","","","1","0","","","","0","0","0","","","","","","","","","","","","","","","","","","","","","","","","","","","","","","","","","","","",""
"8/20/2025 5:26 pm","1958294685329641965","X","Post","Text","'@MsAnichini"," ","https://twitter.com/MsAnichini/status/1958294685329641965","Yesterday, on the second day of school, the Chicago Board of Education held two public hearings on the FY26 budget.","","91","91","","","","3,786","8.79%","8","0","0","","","","","","","1","1","","","","6","6","0","","","","","","","","","","","","","","","","","","","","","","","","","","","","","","","","","","","",""
"8/18/2025 5:49 am","1957394474125996217","X","Post","Video","'@MsAnichini"," ","https://twitter.com/MsAnichini/status/1957394474125996217","FIRST DAY! Educators, I see you up early, attending to details your students will FEEL. Caregivers, I see you checking those supply lists and snapping those pics. Sending extra hugs to those experiencing first-firsts and last-firsts as educators or parents today. We got this! https://t.co/SZz09WTqvU","https://x.com/MsAnichini/status/1957394474125996217/photo/1","118","118","","","","3,786","5.93%","7","5","5","","","","","","","0","1","","","","1","1","0","","","","48","","","","","","","","","","","","","","","","","","","","","","","","","","","","","","","",""
"8/15/2025 5:47 pm","1956487893305680139","X","'@Reply","Link","'@MsAnichini"," ","https://twitter.com/MsAnichini/status/1956487893305680139","Review more information on CPS’ FY26 budget here: https://t.co/3lOd384axW","https://www.cps.edu/about/finance/budget/budget-2026","119","119","","","","5,332","11.76%","14","1","1","","","","","","","0","2","","6","","5","11","0","","","","","","","","","","","","","","","","","","","","","","","","","","","","","","","","","","","",""
"8/15/2025 5:43 pm","1956486974967070982","X","'@Reply","Text","'@MsAnichini"," ","https://twitter.com/MsAnichini/status/1956486974967070982","CPS and the Chicago Board of Education will hear public reactions to the budget on Tuesday, August 19, at 1 p.m. and 4:30 p.m. I’ll be in the afternoon session and will share my thoughts on what we hear next week.","","119","119","","","","2,265","7.56%","9","1","1","","","","","","","1","1","","","","6","6","0","","","","","","","","","","","","","","","","","","","","","","","","","","","","","","","","","","","",""
"8/15/2025 5:43 pm","1956486972022657299","X","'@Reply","Text","'@MsAnichini"," ","https://twitter.com/MsAnichini/status/1956486972022657299","Borrowing: No loan provision is included in the budget, as revenue and expenses are balanced with the assumptions outlined above. In public polling and community conversations earlier this year, taking a loan was an unpopular option.","","32","32","","","","719","3.13%","1","0","0","","","","","","","1","0","","","","0","0","0","","","","","","","","","","","","","","","","","","","","","","","","","","","","","","","","","","","",""
"8/15/2025 5:43 pm","1956486973545390444","X","'@Reply","Text","'@MsAnichini"," ","https://twitter.com/MsAnichini/status/1956486973545390444","For reference, the FY26 budget already includes $1B in debt service for long-term loans, and an additional $23M was for interest from short-term loans to manage cash flow.","","35","35","","","","719","2.86%","1","0","0","","","","","","","1","0","","","","0","0","0","","","","","","","","","","","","","","","","","","","","","","","","","","","","","","","","","","","",""
"8/15/2025 5:43 pm","1956486970047140212","X","'@Reply","Text","'@MsAnichini"," ","https://twitter.com/MsAnichini/status/1956486970047140212","Overall, central office staff will decrease from 1,662 in FY25 to 1,509 in FY26, a 10% decrease. Beyond layoffs, these cuts include a freeze on hiring and a delay in planned IT projects.","","43","43","","","","719","11.63%","5","0","0","","","","","","","2","0","","","","3","3","0","","","","","","","","","","","","","","","","","","","","","","","","","","","","","","","","","","","",""
"8/15/2025 5:43 pm","1956486967119483317","X","'@Reply","Text","'@MsAnichini"," ","https://twitter.com/MsAnichini/status/1956486967119483317","The budget also indicates CPS would reimburse the city for a portion of non-teacher pension costs if additional revenue, above the TIF and state funding assumed, is received.","","38","38","","","","719","2.63%","1","0","0","","","","","","","1","0","","","","0","0","0","","","","","","","","","","","","","","","","","","","","","","","","","","","","","","","","","","","",""
"8/15/2025 5:43 pm","1956486968625316097","X","'@Reply","Text","'@MsAnichini"," ","https://twitter.com/MsAnichini/status/1956486968625316097","Reductions and cuts: The budget includes $293M in cuts to central office departments and citywide services. $165M was identified in June, including changes in food service and delays to non-essential maintenance. Another $126M was announced on Wednesday.","","33","33","","","","719","6.06%","2","0","0","","","","","","","1","0","","","","1","1","0","","","","","","","","","","","","","","","","","","","","","","","","","","","","","","","","","","","",""
"8/15/2025 5:43 pm","1956486965567594969","X","'@Reply","Text","'@MsAnichini"," ","https://twitter.com/MsAnichini/status/1956486965567594969","The budget also includes a level increase in state funding of $76M as CPS’ need status in Illinois increased from Tier 2 to Tier 1. Tier 1 districts statewide receive priority for equity-based funds.","","43","43","","","","719","2.33%","1","0","0","","","","","","","1","0","","","","0","0","0","","","","","","","","","","","","","","","","","","","","","","","","","","","","","","","","","","","",""
"8/15/2025 5:43 pm","1956486961339752839","X","Post","Text","'@MsAnichini"," ","https://twitter.com/MsAnichini/status/1956486961339752839","On Wednesday, @ChiPubSchools (CPS) released its FY26 proposed budget. In a world of tough decisions, CPS leadership avoided additional cuts to schools, protecting the budgets principals and Local School Councils approved in June.","","391","391","","","","8,437","9.46%","37","4","4","","","","","","","1","4","","","","28","28","0","","","","","","","","","","","","","","","","","","","","","","","","","","","","","","","","","","","",""
"8/15/2025 5:43 pm","1956486963323683101","X","'@Reply","Text","'@MsAnichini"," ","https://twitter.com/MsAnichini/status/1956486963323683101","Revenue: The budget assumes $379M in tax increment financing (TIF) surplus, equal to FY25. The city likely needs TIF surplus to balance its own budget, and CPS is entitled to 52% of any surplus declared.","","46","46","","","","719","2.17%","1","0","0","","","","","","","1","0","","","","0","0","0","","","","","","","","","","","","","","","","","","","","","","","","","","","","","","","","","","","",""
"8/15/2025 4:09 pm","1956463178390577650","X","Post","Text","'@MsAnichini"," ","https://twitter.com/MsAnichini/status/1956463178390577650","On Wednesday, @ChiPubSchools released its FY26 proposed budget. In a world of tough decisions, CPS leadership avoided additional cuts to schools, protecting the budgets principals and LSCs approved in June.","","","","","","","714","","0","","","","","","","","","","","","","","","","","","","","","","","","","","","","","","","","","","","","","","","","","","","","","","","","","","","",""
"8/12/2025 4:08 pm","1955375883109482591","X","'@Reply","Link","'@MsAnichini"," ","https://twitter.com/MsAnichini/status/1955375883109482591","Review the EAC’s 2025 policy recommendations here: https://t.co/bUZakPH607","https://thefundchicago.org/principals-and-assistant-principals-provide-recommendations-to-cps-budget-office/","27","27","","","","719","7.41%","2","0","0","","","","","","","0","0","","1","","0","1","1","","","","","","","","","","","","","","","","","","","","","","","","","","","","","","","","","","","",""
"8/12/2025 4:08 pm","1955375879082872867","X","'@Reply","Text","'@MsAnichini"," ","https://twitter.com/MsAnichini/status/1955375879082872867","That way, they can adjust accordingly and build investment with educators, parents, and other key stakeholders within their school communities.","","4","4","","","","719","25%","1","0","0","","","","","","","1","0","","","","0","0","0","","","","","","","","","","","","","","","","","","","","","","","","","","","","","","","","","","","",""
"8/12/2025 4:08 pm","1955375881184219600","X","'@Reply","Text","'@MsAnichini"," ","https://twitter.com/MsAnichini/status/1955375881184219600","These conversations will continue throughout the fall and help shape our policy agenda for 2026. However, our goal remains the same: to improve conditions that allow principals to focus on what matters most—the needs of students and families.","","22","22","","","","719","4.55%","1","0","0","","","","","","","1","0","","","","0","0","0","","","","","","","","","","","","","","","","","","","","","","","","","","","","","","","","","","","",""
"8/12/2025 4:08 pm","1955375875270250891","X","'@Reply","Text","'@MsAnichini"," ","https://twitter.com/MsAnichini/status/1955375875270250891","Despite ongoing budget uncertainty and leadership changes at the district level, one thing was clear: principals remain committed to doing whatever it takes to ensure students have the resources and support they need.","","6","6","","","","719","16.67%","1","0","0","","","","","","","1","0","","","","0","0","0","","","","","","","","","","","","","","","","","","","","","","","","","","","","","","","","","","","",""
"8/12/2025 4:08 pm","1955375873512837150","X","'@Reply","Text","'@MsAnichini"," ","https://twitter.com/MsAnichini/status/1955375873512837150","As our policy and advocacy work continues to evolve, we aim to incorporate additional school leader voices. Last week, we brought together groups of principals from across the city for a series of policy conversations.","","8","8","","","","719","12.5%","1","0","0","","","","","","","1","0","","","","0","0","0","","","","","","","","","","","","","","","","","","","","","","","","","","","","","","","","","","","",""
"8/12/2025 4:08 pm","1955375877220454873","X","'@Reply","Text","'@MsAnichini"," ","https://twitter.com/MsAnichini/status/1955375877220454873","They also shared that transparency and communication matter. Even when there’s disagreement, understanding the why behind a decision—and how it impacts their school community—is essential.","","4","4","","","","719","25%","1","0","0","","","","","","","1","0","","","","0","0","0","","","","","","","","","","","","","","","","","","","","","","","","","","","","","","","","","","","",""
"8/12/2025 4:08 pm","1955375869712797778","X","Post","Text","'@MsAnichini"," ","https://twitter.com/MsAnichini/status/1955375869712797778","One way @TheFundChicago  attempts to show appreciation for school leaders is by listening to their perspectives and turning that feedback into action. Their insight shapes how we advocate for and support school leaders through our programming and policy agenda.","","158","158","","","","5,327","5.7%","9","1","1","","","","","","","1","2","","","","4","4","1","","","","","","","","","","","","","","","","","","","","","","","","","","","","","","","","","","","",""
"8/12/2025 4:08 pm","1955375871466020892","X","'@Reply","Text","'@MsAnichini"," ","https://twitter.com/MsAnichini/status/1955375871466020892","For the past 2 yrs, members of our EAC have crafted recommendations for specific policy changes that we then share broadly with key stakeholders. In March, the group of 30 principals used their shared experiences to generate recommendations to address staff shortages in CPS.","","5","5","","","","719","20%","1","0","0","","","","","","","1","0","","","","0","0","0","","","","","","","","","","","","","","","","","","","","","","","","","","","","","","","","","","","",""
"8/6/2025 5:11 pm","1953217343191949323","X","'@Reply","Text","'@MsAnichini"," ","https://twitter.com/MsAnichini/status/1953217343191949323","🏥 Student health services: There will be fewer school-based vaccines and physicals, but help is still available. Families can contact Healthy CPS at 773-553-KIDS for more details.","","56","56","","","","719","0%","0","0","0","","","","","","","0","0","","","","0","0","0","","","","","","","","","","","","","","","","","","","","","","","","","","","","","","","","","","","",""
"8/6/2025 5:11 pm","1953217340146909668","X","'@Reply","Text","'@MsAnichini"," ","https://twitter.com/MsAnichini/status/1953217340146909668","🕒 New start times: Some schools will have new bell schedules to help buses serve more routes. Families affected by these changes are already aware.","","26","26","","","","719","3.85%","1","0","0","","","","","","","1","0","","","","0","0","0","","","","","","","","","","","","","","","","","","","","","","","","","","","","","","","","","","","",""
"8/6/2025 5:11 pm","1953217338385498435","X","'@Reply","Text","'@MsAnichini"," ","https://twitter.com/MsAnichini/status/1953217338385498435","🍽️ Meal service: Free breakfast and lunch will stay throughout the district. However, menus may be simpler on some days, with more cold meals. After-school meals will switch to packaged snacks instead of hot meals.","","35","35","","","","719","2.86%","1","0","0","","","","","","","1","0","","","","0","0","0","","","","","","","","","","","","","","","","","","","","","","","","","","","","","","","","","","","",""
"8/6/2025 5:11 pm","1953217341929701808","X","'@Reply","Text","'@MsAnichini"," ","https://twitter.com/MsAnichini/status/1953217341929701808","🛑 Crossing guards &amp; Safe Passage: Both crossing guards and Safe Passage are still in place, but they will operate with fewer staff and adjusted hours. No school is losing support entirely, and further details are still forthcoming.","","54","54","","","","719","1.85%","1","0","0","","","","","","","1","0","","","","0","0","0","","","","","","","","","","","","","","","","","","","","","","","","","","","","","","","","","","","",""
"8/6/2025 5:11 pm","1953217337156325765","X","'@Reply","Text","'@MsAnichini"," ","https://twitter.com/MsAnichini/status/1953217337156325765","🏫 Building maintenance: School leaders were told to expect updated cleaning schedules and slower responses to non-urgent fixes. Staff will continue to prioritize essential repairs to keep schools clean and safe.","","29","29","","","","719","3.45%","1","0","0","","","","","","","1","0","","","","0","0","0","","","","","","","","","","","","","","","","","","","","","","","","","","","","","","","","","","","",""
"8/6/2025 5:11 pm","1953217334736515289","X","Post","Text","'@MsAnichini"," ","https://twitter.com/MsAnichini/status/1953217334736515289","As part of their 2025-26 budget process, and to address the $734 million deficit, @ChiPubSchools  recently announced cuts to central office departments and services.","","222","222","","","","3,786","11.26%","25","4","4","","","","","","","1","1","","","","18","18","1","","","","","","","","","","","","","","","","","","","","","","","","","","","","","","","","","","","",""
"8/6/2025 5:11 pm","1953217335973597240","X","'@Reply","Text","'@MsAnichini"," ","https://twitter.com/MsAnichini/status/1953217335973597240","While these cuts were made centrally to prevent cuts at schools, they do matter. CPS sent a series of communications last week highlighting how these changes might impact daily school operations.","","33","33","","","","719","3.03%","1","0","0","","","","","","","1","0","","","","0","0","0","","","","","","","","","","","","","","","","","","","","","","","","","","","","","","","","","","","",""
"8/4/2025 5:34 pm","1952498288906641913","X","'@Reply","Link","'@MsAnichini"," ","https://twitter.com/MsAnichini/status/1952498288906641913","You can read the full testimony here: https://t.co/9VyPX9hGTT","https://thefundchicago.org/a-brief-history-of-cps-finances-from-2008-to-2025-testimony-to-illinois-house-executive-committee/","31","31","","","","719","16.13%","5","0","0","","","","","","","0","0","","5","","0","5","0","","","","","","","","","","","","","","","","","","","","","","","","","","","","","","","","","","","",""
"8/4/2025 5:34 pm","1952498284171571696","X","Post","Video","'@MsAnichini"," ","https://twitter.com/MsAnichini/status/1952498284171571696","Last week, our chief public affairs officer, Nelson Gerew, was invited to testify at the Illinois House Executive Committee subject-matter hearing on the @ChiPubSchools budget. https://t.co/cbGdrCiVuN","https://x.com/MsAnichini/status/1952498284171571696/video/1","75","75","","","","719","14.67%","11","2","2","","","","","","","1","0","","","","8","8","0","","","","40","","","","","","","","","","","","","","","","","","","","","","","","","","","","","","","",""
"8/4/2025 5:34 pm","1952498286931157282","X","'@Reply","Text","'@MsAnichini"," ","https://twitter.com/MsAnichini/status/1952498286931157282","During his testimony, Nelson provided a historical overview of the district's finances from 2008-2025. Understanding this history is essential for establishing a solid financial foundation for the district's future.","","40","40","","","","719","2.5%","1","0","0","","","","","","","1","0","","","","0","0","0","","","","","","","","","","","","","","","","","","","","","","","","","","","","","","","","","","","",""
"7/25/2025 2:48 pm","1948832684178133302","X","'@Reply","Text","'@MsAnichini"," ","https://twitter.com/MsAnichini/status/1948832684178133302","💬 One thing is certain: school communities expect to be part of the process. And their voices are important in guiding the path forward.","","44","44","","","","719","0%","0","0","0","","","","","","","0","0","","","","0","0","0","","","","","","","","","","","","","","","","","","","","","","","","","","","","","","","","","","","",""
"7/25/2025 2:48 pm","1948832682068378065","X","'@Reply","Text","'@MsAnichini"," ","https://twitter.com/MsAnichini/status/1948832682068378065","Of course, we know the solutions aren’t simple. And, with the budget release date set for August 13, the timeline is tight. But this feedback offers important pause points as decisions are made.","","48","48","","","","719","4.17%","2","0","0","","","","","","","1","0","","","","1","1","0","","","","","","","","","","","","","","","","","","","","","","","","","","","","","","","","","","","",""
"7/25/2025 2:48 pm","1948832676896481474","X","'@Reply","Text","'@MsAnichini"," ","https://twitter.com/MsAnichini/status/1948832676896481474","🚫 Cutting school budgets or vital student supports: in two-thirds of all conversations, participants stated that they opposed any cuts at the school level.","","38","38","","","","719","2.63%","1","0","0","","","","","","","1","0","","","","0","0","0","","","","","","","","","","","","","","","","","","","","","","","","","","","","","","","","","","","",""
"7/25/2025 2:48 pm","1948832679102693478","X","'@Reply","Text","'@MsAnichini"," ","https://twitter.com/MsAnichini/status/1948832679102693478","🚫 Reimbursing the city for MEABF: whenever the topic was brought up, participants stated that CPS should not make this payment. 

🚫 Taking on new loans: in 77% of conversations around borrowing, participants opposed loans to meet operating expenses.","","39","39","","","","719","2.56%","1","0","0","","","","","","","1","0","","","","0","0","0","","","","","","","","","","","","","","","","","","","","","","","","","","","","","","","","","","","",""
"7/25/2025 2:48 pm","1948832671129293015","X","'@Reply","Text","'@MsAnichini"," ","https://twitter.com/MsAnichini/status/1948832671129293015","✅ distributing resources more equitably: inequity in CPS was a topic of conversation in 60% of small groups.
 ✅ centering community voices in decision-making: 60% of groups agreed that the district needs to continue engaging the community.","","31","31","","","","719","3.23%","1","0","0","","","","","","","1","0","","","","0","0","0","","","","","","","","","","","","","","","","","","","","","","","","","","","","","","","","","","","",""
"7/25/2025 2:48 pm","1948832674186928579","X","'@Reply","Text","'@MsAnichini"," ","https://twitter.com/MsAnichini/status/1948832674186928579","During the meeting, Chief Budget Officer Mike Sitkowski also gave a detailed report outlining additional feedback learned during the conversations. He emphasized that the community opposes:","","75","75","","","","719","1.33%","1","0","0","","","","","","","1","0","","","","0","0","0","","","","","","","","","","","","","","","","","","","","","","","","","","","","","","","","","","","",""
"7/25/2025 2:48 pm","1948832669053112610","X","'@Reply","Text","'@MsAnichini"," ","https://twitter.com/MsAnichini/status/1948832669053112610","✅ identifying new revenue sources in partnership with the city of Chicago and the state of Illinois: 77% of small group conversations talked about the need for more revenue, and 71% cited a need to engage with policymakers.","","28","28","","","","719","3.57%","1","0","0","","","","","","","1","0","","","","0","0","0","","","","","","","","","","","","","","","","","","","","","","","","","","","","","","","","","","","",""
"7/25/2025 2:48 pm","1948832666666557786","X","Post","Text","'@MsAnichini"," ","https://twitter.com/MsAnichini/status/1948832666666557786","📣 At yesterday’s Chicago Board of Education meeting, Interim CEO Dr. King reinforced what CPS heard loud and clear from families, educators, and community members during 5 recent budget conversations. She highlighted the public’s support for:","","98","98","","","","719","4.08%","4","0","0","","","","","","","1","0","","","","3","3","0","","","","","","","","","","","","","","","","","","","","","","","","","","","","","","","","","","","",""
"7/21/2025 3:22 pm","1947391639091363854","X","'@Reply","Text","'@MsAnichini"," ","https://twitter.com/MsAnichini/status/1947391639091363854","Principals and schools are already being asked to do more with less. Additional reductions would have serious consequences.","","30","30","","","","719","3.33%","1","0","0","","","","","","","0","0","","","","1","1","0","","","","","","","","","","","","","","","","","","","","","","","","","","","","","","","","","","","",""
"7/21/2025 3:22 pm","1947391636444746000","X","'@Reply","Text","'@MsAnichini"," ","https://twitter.com/MsAnichini/status/1947391636444746000","⚠️ The bottom line: schools are already feeling the strain. And with CPS currently projecting a $734M deficit, more than three times the original $229M estimate, the risk of deeper cuts remains real.","","30","30","","","","719","3.33%","1","0","0","","","","","","","1","0","","","","0","0","0","","","","","","","","","","","","","","","","","","","","","","","","","","","","","","","","","","","",""
"7/21/2025 3:22 pm","1947391634510934107","X","'@Reply","Text","'@MsAnichini"," ","https://twitter.com/MsAnichini/status/1947391634510934107","▪️ Even schools that gained discretionary dollars saw modest increases, just $32K on average.

Notably, schools purchased 11 fewer Assistant Principal positions with discretionary funds; that’s a 10% decline.","","18","18","","","","719","5.56%","1","0","0","","","","","","","1","0","","","","0","0","0","","","","","","","","","","","","","","","","","","","","","","","","","","","","","","","","","","","",""
"7/21/2025 3:22 pm","1947391632871158070","X","'@Reply","Text","'@MsAnichini"," ","https://twitter.com/MsAnichini/status/1947391632871158070","Compared to 2024–25, we saw that:

▪️ 303 schools maintained/gained teachers
▪️ 194 schools lost teachers
▪️ 166 schools maintained/gained discretionary funds
▪️ 331 schools lost discretionary funds, by an average of $65K each","","34","34","","","","719","8.82%","3","0","0","","","","","","","1","0","","","","2","2","0","","","","","","","","","","","","","","","","","","","","","","","","","","","","","","","","","","","",""
"7/21/2025 3:22 pm","1947391631163904338","X","'@Reply","Text","'@MsAnichini"," ","https://twitter.com/MsAnichini/status/1947391631163904338","📈 Historically, about 80% of impacted staff are rehired elsewhere in CPS, as budgets shift and schools adjust staffing to evolving student needs. Still, the scale of these layoffs is significant.

💡 Now that school-level budgets are posted, we know a bit more.","","37","37","","","","719","5.41%","2","0","0","","","","","","","1","0","","","","1","1","0","","","","","","","","","","","","","","","","","","","","","","","","","","","","","","","","","","","",""
"7/21/2025 3:21 pm","1947391629343789417","X","'@Reply","Text","'@MsAnichini"," ","https://twitter.com/MsAnichini/status/1947391629343789417","🛑 Included in these budgets are more than 1,450 school-based layoffs:

▪️ 432 teachers
▪️ 677 Special Education Classroom Assistants (SECAs)
▪️ 349 other staff

That’s roughly 4% of the 32,000+ school-based positions budgeted in 2024–25.","","34","34","","","","719","2.94%","1","0","0","","","","","","","1","0","","","","0","0","0","","","","","","","","","","","","","","","","","","","","","","","","","","","","","","","","","","","",""
"7/21/2025 3:21 pm","1947391627611521121","X","Post","Text","'@MsAnichini"," ","https://twitter.com/MsAnichini/status/1947391627611521121","📊 On July 11, Chicago Public Schools (CPS) released final school budgets for the 2025–26 school year. These budgets reflect planning done by principals back in early June, based on a projected $229M deficit.","","79","79","","","","719","1.27%","1","0","0","","","","","","","1","0","","","","0","0","0","","","","","","","","","","","","","","","","","","","","","","","","","","","","","","","","","","","",""
"7/16/2025 4:26 pm","1945595853026070881","X","'@Reply","Text","'@MsAnichini"," ","https://twitter.com/MsAnichini/status/1945595853026070881","We are more ready than ever to support you as we launch the 2025-26 school year.","","19","19","","","","719","0%","0","0","0","","","","","","","0","0","","","","0","0","0","","","","","","","","","","","","","","","","","","","","","","","","","","","","","","","","","","","",""
"7/16/2025 4:26 pm","1945595850828165318","X","'@Reply","Text","'@MsAnichini"," ","https://twitter.com/MsAnichini/status/1945595850828165318","There’s still a lot ahead of us. But after last night, I am feeling the extra motivation I needed to finish the project that’s been on my to-do list for the last few weeks and maybe send this follow-up email (after a long day of back-to-back meetings).","","24","24","","","","719","4.17%","1","0","0","","","","","","","1","0","","","","0","0","0","","","","","","","","","","","","","","","","","","","","","","","","","","","","","","","","","","","",""
"7/16/2025 4:26 pm","1945595848563273830","X","'@Reply","Text","'@MsAnichini"," ","https://twitter.com/MsAnichini/status/1945595848563273830","Your plans for the year ahead are bold and student-centered. Your clarity about the challenges—especially in the face of continued budget uncertainty—is sobering, but your leadership is a powerful reminder of why this work matters.","","10","10","","","","719","10%","1","0","0","","","","","","","1","0","","","","0","0","0","","","","","","","","","","","","","","","","","","","","","","","","","","","","","","","","","","","",""
"7/16/2025 4:26 pm","1945595846143230080","X","'@Reply","Text","'@MsAnichini"," ","https://twitter.com/MsAnichini/status/1945595846143230080","As leaders from across the city gathered to celebrate summer, a few themes stood out: your continued commitment to young people, your belief in our shared future, and your gratitude for one another.","","13","13","","","","719","7.69%","1","0","0","","","","","","","1","0","","","","0","0","0","","","","","","","","","","","","","","","","","","","","","","","","","","","","","","","","","","","",""
"7/16/2025 4:26 pm","1945595843572125952","X","'@Reply","Text","'@MsAnichini"," ","https://twitter.com/MsAnichini/status/1945595843572125952","While our team regularly has the privilege of working alongside Chicago’s school leaders, I’m always especially inspired when we get to pause and connect like this.","","16","16","","","","719","6.25%","1","0","0","","","","","","","1","0","","","","0","0","0","","","","","","","","","","","","","","","","","","","","","","","","","","","","","","","","","","","",""
"7/16/2025 4:26 pm","1945595838522118595","X","Post","Photo","'@MsAnichini"," ","https://twitter.com/MsAnichini/status/1945595838522118595","Grateful doesn’t begin to capture how I felt leaving last night’s Summer Leadership Institute HH. The energy in the room, the laughter, the ideas, the honest reflection—it’s the kind of spark that sustains me during those long, meeting-packed days when motivation can run low https://t.co/cMOa3lHQhJ","https://x.com/MsAnichini/status/1945595838522118595/photo/1","136","136","","","","3,848","27.94%","38","6","6","","","","","","","1","2","","","","29","29","0","","","","","","","","","","","","","","","","","","","","","","","","","","","","","","","","","","","",""
"7/11/2025 1:56 pm","1943746265730228681","X","'@Reply","Text","'@MsAnichini"," ","https://twitter.com/MsAnichini/status/1943746265730228681","We’re committed to supporting school leaders through every challenge and helping you plan for what’s next.","","25","25","","","","719","0%","0","0","0","","","","","","","0","0","","","","0","0","0","","","","","","","","","","","","","","","","","","","","","","","","","","","","","","","","","","","",""
"7/11/2025 1:56 pm","1943746262395687116","X","'@Reply","Link","'@MsAnichini"," ","https://twitter.com/MsAnichini/status/1943746262395687116","✅RSVP for summer opportunities here: https://t.co/ldHfdyBT3g

Check out the upcoming Masterclass on middle school advisory planning!","https://bit.ly/4ls1nVR","31","31","","","","719","3.23%","1","0","0","","","","","","","1","0","","0","","0","0","0","","","","","","","","","","","","","","","","","","","","","","","","","","","","","","","","","","","",""
"7/11/2025 1:56 pm","1943746258167882060","X","'@Reply","Photo","'@MsAnichini"," ","https://twitter.com/MsAnichini/status/1943746258167882060","✅Join us for a happy hour to connect with fellow leaders later that evening at TNT Rooftop.

RSVP here: https://t.co/EIhuo2VjVq https://t.co/KFW50ECq6L","https://bit.ly/SLIHH25, https://x.com/MsAnichini/status/1943746258167882060/photo/1","57","57","","","","3,786","7.02%","4","0","0","","","","","","","1","1","","0","","2","2","0","","","","","","","","","","","","","","","","","","","","","","","","","","","","","","","","","","","",""
"7/11/2025 1:56 pm","1943746255517069490","X","'@Reply","Text","'@MsAnichini"," ","https://twitter.com/MsAnichini/status/1943746255517069490","✅Stop by our SLI table at the vendor fair on Tuesday, July 15, from 10:30 am - 3:00 pm to learn about programs in 2025-26. Our professional development experts, Jen Cervantes and E.J. Dubinsky, will be there with information about how we’ll support leaders this school year.","","10","10","","","","719","10%","1","0","0","","","","","","","1","0","","","","0","0","0","","","","","","","","","","","","","","","","","","","","","","","","","","","","","","","","","","","",""
"7/11/2025 1:56 pm","1943746253633790428","X","Post","Text","'@MsAnichini"," ","https://twitter.com/MsAnichini/status/1943746253633790428","Chicago school leaders — let’s connect.

The Fund team will be at the Summer Leadership Institute next week to talk about how we can support you and your teams in the year ahead, especially as you plan for SY25-26:","","102","102","","","","3,786","2.94%","3","0","0","","","","","","","1","1","","","","0","0","1","","","","","","","","","","","","","","","","","","","","","","","","","","","","","","","","","","","",""
"7/8/2025 1:34 pm","1942653420441424121","X","'@Reply","Link","'@MsAnichini"," ","https://twitter.com/MsAnichini/status/1942653420441424121","I’m encouraged by CEO King’s commitment to transparency and collaboration. There are no easy fixes, but an open, inclusive process gives Chicago the best shot at real solutions.

Learn more about the upcoming community feedback sessions:  https://t.co/hdIkMWCQOp","http://CPS.edu/budget","42","42","","","","719","7.14%","3","0","0","","","","","","","0","0","","3","","0","3","0","","","","","","","","","","","","","","","","","","","","","","","","","","","","","","","","","","","",""
"7/8/2025 1:34 pm","1942653417677013456","X","'@Reply","Text","'@MsAnichini"," ","https://twitter.com/MsAnichini/status/1942653417677013456","💳 Borrowing isn’t an easy option.

Only 8% of voters favor it. CPS is already paying $800M+ annually in interest. Without a long-term plan, borrowing now only deepens next year’s crisis.","","19","19","","","","719","5.26%","1","0","0","","","","","","","1","0","","","","0","0","0","","","","","","","","","","","","","","","","","","","","","","","","","","","","","","","","","","","",""
"7/8/2025 1:34 pm","1942653418947887179","X","'@Reply","Text","'@MsAnichini"," ","https://twitter.com/MsAnichini/status/1942653418947887179","What’s Next?

Starting next week, CPS is hosting:
✅ 5 community feedback sessions (share your voice)
✅ 2 expert learning sessions (explore solutions)","","35","35","","","","719","2.86%","1","0","0","","","","","","","1","0","","","","0","0","0","","","","","","","","","","","","","","","","","","","","","","","","","","","","","","","","","","","",""
"7/8/2025 1:34 pm","1942653416146419864","X","'@Reply","Text","'@MsAnichini"," ","https://twitter.com/MsAnichini/status/1942653416146419864","☑️ Chicagoans don’t want more cuts.

An April 2025 poll of 1,100 voters found just 26% support reducing school budgets and only 19% support furlough days.","","17","17","","","","719","5.88%","1","0","0","","","","","","","1","0","","","","0","0","0","","","","","","","","","","","","","","","","","","","","","","","","","","","","","","","","","","","",""
"7/8/2025 1:34 pm","1942653414552527344","X","'@Reply","Text","'@MsAnichini"," ","https://twitter.com/MsAnichini/status/1942653414552527344","⛔ Principals don’t have slack.

In The Chicago Public Education Fund 2025 Principal Engagement Survey, principals named budget cuts, limited resources, and facility challenges among their top concerns.","","22","22","","","","719","4.55%","1","0","0","","","","","","","1","0","","","","0","0","0","","","","","","","","","","","","","","","","","","","","","","","","","","","","","","","","","","","",""
"7/8/2025 1:34 pm","1942653412883280165","X","'@Reply","Text","'@MsAnichini"," ","https://twitter.com/MsAnichini/status/1942653412883280165","That leaves $505M between the first scenario and the current reality.

Dr. King and her team have less than two months to close the gap. CPS must meet an August 29 deadline for passing an FY26 budget. The challenges are clear:","","21","21","","","","719","4.76%","1","0","0","","","","","","","1","0","","","","0","0","0","","","","","","","","","","","","","","","","","","","","","","","","","","","","","","","","","","","",""
"7/8/2025 1:34 pm","1942653411201278335","X","Post","Text","'@MsAnichini"," ","https://twitter.com/MsAnichini/status/1942653411201278335","The numbers are tough — and the timeline is tight.

In June, @ChiPubSchools principals and Local School Councils finalized budgets based on a projected $229M budget deficit scenario.

Interim CEO King, has emphasized that the actual gap between revenue and expenditures is $734M.","","71","71","","","","719","25.35%","18","0","0","","","","","","","1","0","","","","17","17","0","","","","","","","","","","","","","","","","","","","","","","","","","","","","","","","","","","","",""
"7/3/2025 2:51 pm","1940861080399745054","X","Quote","Link","'@MsAnichini"," ","https://twitter.com/MsAnichini/status/1940861080399745054","Without real investment and long-term planning, CPS cannot meet the needs of its most vulnerable students.⬇️ ","https://twitter.com/TheFundChicago/status/1940860397822923258","84","84","","","","719","3.57%","3","0","0","","","","","","","0","0","","0","","3","3","0","","","","","","","","","","","","","","","","","","","","","","","","","","","","","","","","","","","",""
"7/1/2025 5:53 pm","1940181873054941667","X","'@Reply","Text","'@MsAnichini"," ","https://twitter.com/MsAnichini/status/1940181873054941667","Later this week, I’ll talk a little about CPS’s previous experience with borrowing to pay for operating expenses and about what that might look like this year.","","48","48","","","","719","0%","0","0","0","","","","","","","0","0","","","","0","0","0","","","","","","","","","","","","","","","","","","","","","","","","","","","","","","","","","","","",""
"7/1/2025 5:52 pm","1940181871679226334","X","'@Reply","Text","'@MsAnichini"," ","https://twitter.com/MsAnichini/status/1940181871679226334","And our debt load is already relatively high. CPS’s debt service cost is about 9% of total revenue. In recent years, it’s been as high as 10 to 15%. New York? 5% Los Angeles? 7%","","55","55","","","","719","1.82%","1","0","0","","","","","","","1","0","","","","0","0","0","","","","","","","","","","","","","","","","","","","","","","","","","","","","","","","","","","","",""
"7/1/2025 5:52 pm","1940181870161142218","X","'@Reply","Text","'@MsAnichini"," ","https://twitter.com/MsAnichini/status/1940181870161142218","Long-term debt makes long-term capital improvements possible. But this isn’t about paying for buildings that will be here in 80 years - it’s paying for day-to-day operations.","","37","37","","","","719","2.7%","1","0","0","","","","","","","1","0","","","","0","0","0","","","","","","","","","","","","","","","","","","","","","","","","","","","","","","","","","","","",""
"7/1/2025 5:52 pm","1940181865165431281","X","'@Reply","Text","'@MsAnichini"," ","https://twitter.com/MsAnichini/status/1940181865165431281","Of course, debt has to be repaid. Borrowing today means revenue has to be diverted from teachers, programs, and services for many years in the future.","","44","44","","","","719","4.55%","2","0","0","","","","","","","1","0","","","","1","1","0","","","","","","","","","","","","","","","","","","","","","","","","","","","","","","","","","","","",""
"7/1/2025 5:52 pm","1940181866751172900","X","'@Reply","Text","'@MsAnichini"," ","https://twitter.com/MsAnichini/status/1940181866751172900","That might be worth it to build or repair a building we will use for decades. It’s harder to make the case when borrowing pays for day-to-day costs like transportation or student supplies.","","41","41","","","","719","2.44%","1","0","0","","","","","","","1","0","","","","0","0","0","","","","","","","","","","","","","","","","","","","","","","","","","","","","","","","","","","","",""
"7/1/2025 5:52 pm","1940181868365889575","X","'@Reply","Text","'@MsAnichini"," ","https://twitter.com/MsAnichini/status/1940181868365889575","🛑Consider this: In FY25, CPS had total revenue of $9.34M. Of that, $800M was unavailable to meet today’s student needs. 
 
Why? It was paying interest on $9B in long-term debt that CPS holds. 

Some borrowing is inevitable in a district as large as Chicago.","","46","46","","","","719","4.35%","2","0","0","","","","","","","2","0","","","","0","0","0","","","","","","","","","","","","","","","","","","","","","","","","","","","","","","","","","","","",""
"7/1/2025 5:52 pm","1940181862061683161","X","'@Reply","Text","'@MsAnichini"," ","https://twitter.com/MsAnichini/status/1940181862061683161","'-The $229M previously identified as the gap. 
-$300M to account for the gap widening if expected revenue doesn’t materialize.
 -$175M to reimburse the city for costs related to pension expenses for non-teaching staff. -$30M for costs related to the transition of ACERO schools.","","53","53","","","","719","3.77%","2","0","0","","","","","","","1","0","","","","1","1","0","","","","","","","","","","","","","","","","","","","","","","","","","","","","","","","","","","","",""
"7/1/2025 5:52 pm","1940181863676493992","X","'@Reply","Text","'@MsAnichini"," ","https://twitter.com/MsAnichini/status/1940181863676493992","One option to narrow the gap without further negative impact on the stdnt experience? 

Borrowing. 

CPS issues debt and uses other financial instruments to support capital needs, like constructing and maintaining schools. Borrowing also helps manage cash flow and liquidity needs","","85","85","","","","719","1.18%","1","0","0","","","","","","","1","0","","","","0","0","0","","","","","","","","","","","","","","","","","","","","","","","","","","","","","","","","","","","",""
"7/1/2025 5:52 pm","1940181860304441395","X","Post","Text","'@MsAnichini"," ","https://twitter.com/MsAnichini/status/1940181860304441395","🔃 Last week, Chicago Public Schools (CPS) Interim CEO Dr. Macquline S King outlined a projected $734M gap between the district’s anticipated obligations and committed revenue.

What’s included in this number?","","200","200","","","","3,786","20%","40","0","0","","","","","","","1","1","","","","37","37","1","","","","","","","","","","","","","","","","","","","","","","","","","","","","","","","","","","","",""
"6/20/2025 12:01 pm","1936107146082439418","X","'@Reply","Text","'@MsAnichini"," ","https://twitter.com/MsAnichini/status/1936107146082439418","The survey is only the first step. We are already launching new programs, publishing case studies, and creating more opportunities for leaders to shape solutions.","","22","22","","","","719","4.55%","1","0","0","","","","","","","1","0","","","","0","0","0","","","","","","","","","","","","","","","","","","","","","","","","","","","","","","","","","","","",""
"6/20/2025 12:01 pm","1936107144694108285","X","'@Reply","Text","'@MsAnichini"," ","https://twitter.com/MsAnichini/status/1936107144694108285","🏫 Chronic Absenteeism Remains a Crisis: With 40% of students chronically absent, leaders are searching for practical strategies, and peers to work alongside, to improve student engagement and attendance.","","9","9","","","","719","11.11%","1","0","0","","","","","","","1","0","","","","0","0","0","","","","","","","","","","","","","","","","","","","","","","","","","","","","","","","","","","","",""
"6/20/2025 12:01 pm","1936107147580039628","X","'@Reply","Text","'@MsAnichini"," ","https://twitter.com/MsAnichini/status/1936107147580039628","In the months ahead, we’ll partner with @ChiPubSchools, @ChiPrincipals, and @CpsLeaders  to analyze the data, host focus groups, and refine our support strategy for 2025–26.","","29","29","","","","714","10.34%","3","0","0","","","","","","","0","0","","","","3","3","0","","","","","","","","","","","","","","","","","","","","","","","","","","","","","","","","","","","",""
"6/20/2025 12:01 pm","1936107141393432854","X","'@Reply","Text","'@MsAnichini"," ","https://twitter.com/MsAnichini/status/1936107141393432854","A few highlights:
➕ Satisfaction is Up: 70% of principals and 80% of assistant principals report feeling satisfied in their roles, a positive sign of strong connection to their schools and communities.","","11","11","","","","719","18.18%","2","0","0","","","","","","","1","0","","","","1","1","0","","","","","","","","","","","","","","","","","","","","","","","","","","","","","","","","","","","",""
"6/20/2025 12:01 pm","1936107143175762242","X","'@Reply","Text","'@MsAnichini"," ","https://twitter.com/MsAnichini/status/1936107143175762242","✔️The Need for Support is Up, too: Only 52% of leaders feel they have the tools they need to do their jobs well. That’s an 11-point drop from last year. Leaders consistently point to the need for more help with instructional leadership, school climate, and staff management.","","20","20","","","","719","5%","1","0","0","","","","","","","1","0","","","","0","0","0","","","","","","","","","","","","","","","","","","","","","","","","","","","","","","","","","","","",""
"6/20/2025 12:01 pm","1936107139552219605","X","Post","Link","'@MsAnichini"," ","https://twitter.com/MsAnichini/status/1936107139552219605","At @TheFundChicago listening to school leaders is core to our mission.

Every year, we ask Chicago’s principals and assistant principals what they need to succeed.

📊 If you’re deep into the data, I encourage you to check out the full report here: https://t.co/Qb7wdlskvw.","https://bit.ly/45rYmjg","95","95","","","","3,781","8.42%","8","0","0","","","","","","","1","1","","1","","5","6","0","","","","","","","","","","","","","","","","","","","","","","","","","","","","","","","","","","","",""
"6/12/2025 3:21 pm","1933258298054090954","X","'@Reply","Text","'@MsAnichini"," ","https://twitter.com/MsAnichini/status/1933258298054090954","➡️Dr. King also participated in The Fund’s PLCs on multiple occasions, including in 2021-22 &amp; 2022-23. We hope those experiences, both in her role as a school leader and in her expanded capacity &amp; citywide focus, have helped guide her leadership and stdnt-focused decision-making.","","64","64","","","","3,786","7.81%","5","1","1","","","","","","","1","1","","","","2","2","0","","","","","","","","","","","","","","","","","","","","","","","","","","","","","","","","","","","",""
"6/12/2025 3:21 pm","1933258301283709023","X","'@Reply","Text","'@MsAnichini"," ","https://twitter.com/MsAnichini/status/1933258301283709023","We’ve been glad to support Dr. King in her career as a CPS principal, and look forward to partnering with her as she steps into this new role.","","60","60","","","","3,786","6.67%","4","1","1","","","","","","","0","1","","","","2","2","0","","","","","","","","","","","","","","","","","","","","","","","","","","","","","","","","","","","",""
"6/12/2025 3:21 pm","1933258295852106206","X","'@Reply","Text","'@MsAnichini"," ","https://twitter.com/MsAnichini/status/1933258295852106206","➡️In 2017-18, Dr. King participated in the Cahn Fellows Program, a leadership development program for strong principals, operated in partnership with Teacher’s College at Columbia. The Fund supported Cahn Fellows for 6 years, from 2016-17 to 2021-22.","","57","57","","","","3,786","5.26%","3","1","1","","","","","","","1","1","","","","0","0","0","","","","","","","","","","","","","","","","","","","","","","","","","","","","","","","","","","","",""
"6/12/2025 3:21 pm","1933258293624950798","X","'@Reply","Text","'@MsAnichini"," ","https://twitter.com/MsAnichini/status/1933258293624950798","For 15 years, from 2007 through 2022, Dr. King served as a CPS principal, first at Dumas Technology Academy, located in Woodlawn, and then at Courtenay Language Arts Center, located in Uptown.","","52","52","","","","3,786","5.77%","3","1","1","","","","","","","1","1","","","","0","0","0","","","","","","","","","","","","","","","","","","","","","","","","","","","","","","","","","","","",""
"6/12/2025 3:21 pm","1933258290881839611","X","'@Reply","Text","'@MsAnichini"," ","https://twitter.com/MsAnichini/status/1933258290881839611","Dr. King has spent the majority of her career in CPS, serving as a teacher for 12 years, and earning National Board Certification before pursuing school leadership through New Leaders in 2006-07.","","45","45","","","","3,786","15.56%","7","1","1","","","","","","","1","1","","","","4","4","0","","","","","","","","","","","","","","","","","","","","","","","","","","","","","","","","","","","",""
"6/12/2025 3:21 pm","1933258288495550827","X","Post","Text","'@MsAnichini"," ","https://twitter.com/MsAnichini/status/1933258288495550827","Last evening, the Chicago Board of Education selected Dr. Macquline King, current Senior Director of Education Policy for the City of Chicago as interim Superintendent (CEO). She will lead the district while the search for a permanent CEO/Superintendent continues.","","180","180","","","","3,786","8.33%","15","1","1","","","","","","","1","1","","","","12","12","0","","","","","","","","","","","","","","","","","","","","","","","","","","","","","","","","","","","",""
"6/9/2025 10:00 am","1932090340233609493","X","'@Reply","Text","'@MsAnichini"," ","https://twitter.com/MsAnichini/status/1932090340233609493","Over the coming months, the interim CEO will need to:
 💰 Finalize and pass the district budget
 🤝 Partner with principals and central teams to ensure a smooth school opening
 📅 Launch the 2025–26 SY with clear expectations and balanced supports for students and families","","65","65","","","","719","4.62%","3","2","2","","","","","","","1","0","","","","0","0","0","","","","","","","","","","","","","","","","","","","","","","","","","","","","","","","","","","","",""
"6/9/2025 10:00 am","1932090341844267316","X","'@Reply","Link","'@MsAnichini"," ","https://twitter.com/MsAnichini/status/1932090341844267316","Whoever is selected, The Fund is ready to partner in support of Chicago’s students, educators, and school communities. To start, we rolled out program options for 2025–26 to principals and aspiring principals last week.

https://t.co/QJClIGYprv","https://chicagopublicfund.qualtrics.com/jfe/form/SV_5sSWEU1U7RqU6yy","92","92","","","","3,786","7.61%","7","2","2","","","","","","","0","1","","3","","1","4","0","","","","","","","","","","","","","","","","","","","","","","","","","","","","","","","","","","","",""
"6/9/2025 10:00 am","1932090337159258362","X","'@Reply","Text","'@MsAnichini"," ","https://twitter.com/MsAnichini/status/1932090337159258362","According to a recent Fund poll, Chicagoans want a leader who knows our students, understands the system, and can deliver results. We’re encouraged to see a focus on those qualities reflected in the finalists.","","49","49","","","","719","4.08%","2","1","1","","","","","","","1","0","","","","0","0","0","","","","","","","","","","","","","","","","","","","","","","","","","","","","","","","","","","","",""
"6/9/2025 10:00 am","1932090338560127264","X","'@Reply","Text","'@MsAnichini"," ","https://twitter.com/MsAnichini/status/1932090338560127264","Each brings CPS principal experience, a commitment to student outcomes, and experience leading through complex staffing and budget challenges in various contexts and at some scale.

Of course, the job ahead is big.","","55","55","","","","719","7.27%","4","1","1","","","","","","","2","0","","","","1","1","0","","","","","","","","","","","","","","","","","","","","","","","","","","","","","","","","","","","",""
"6/9/2025 10:00 am","1932090335670259764","X","Post","Text","'@MsAnichini"," ","https://twitter.com/MsAnichini/status/1932090335670259764","Last week, it was reported that the Chicago Board of Education had identified three finalists for the interim CEO role:
 🔹 Dr. Alfonso Carmona
 🔹 Dr. Macquline King
 🔹 Chief Nicole Milberg","","322","322","","","","3,786","11.18%","36","2","2","","","","","","","1","2","","","","31","31","0","","","","","","","","","","","","","","","","","","","","","","","","","","","","","","","","","","","",""
"6/6/2025 11:25 am","1931024572209373542","X","'@Reply","Link","'@MsAnichini"," ","https://twitter.com/MsAnichini/status/1931024572209373542","Because the work in schools never stops, today, we are looking ahead to support school leaders and their teams in the 2025-26 school year.  Registration for programs is now open! 

➡️https://t.co/QJClIGYprv","https://chicagopublicfund.qualtrics.com/jfe/form/SV_5sSWEU1U7RqU6yy","73","73","","","","3,786","9.59%","7","2","2","","","","","","","0","1","","3","","1","4","0","","","","","","","","","","","","","","","","","","","","","","","","","","","","","","","","","","","",""
"6/6/2025 11:22 am","1931023920825573616","X","'@Reply","Text","'@MsAnichini"," ","https://twitter.com/MsAnichini/status/1931023920825573616","✅ Expanded our Educator Advisory Group to learn from school leaders as we shape our program approach and policy agenda

And so much more!","","47","47","","","","719","6.38%","3","2","2","","","","","","","1","0","","","","0","0","0","","","","","","","","","","","","","","","","","","","","","","","","","","","","","","","","","","","",""
"6/6/2025 11:22 am","1931023916954231296","X","'@Reply","Text","'@MsAnichini"," ","https://twitter.com/MsAnichini/status/1931023916954231296","This year, The Fund supported over 250 educators—principals, assistant principals, and other school leaders, whose work reached more than 140,000 students across Chicago Public Schools.","","31","31","","","","719","16.13%","5","2","2","","","","","","","1","0","","","","2","2","0","","","","","","","","","","","","","","","","","","","","","","","","","","","","","","","","","","","",""
"6/6/2025 11:22 am","1931023919223349723","X","'@Reply","Text","'@MsAnichini"," ","https://twitter.com/MsAnichini/status/1931023919223349723","Together, we:
✅ Concluded the first cohort of the Malott Educator Fellowship, with the goal of retaining strong leaders in the schools that need them the most

✅ Built out the Local School Council Working Group to strengthen community decision-making","","26","26","","","","719","11.54%","3","2","2","","","","","","","1","0","","","","0","0","0","","","","","","","","","","","","","","","","","","","","","","","","","","","","","","","","","","","",""
"6/6/2025 11:22 am","1931023911505830082","X","Post","Photo","'@MsAnichini"," ","https://twitter.com/MsAnichini/status/1931023911505830082","Last night, we closed out the 2024–25 school year with more than 100 educators, partners, and civic leaders—a powerful reminder that when we come together on behalf of Chicago’s students, we get results. https://t.co/sxz8sIn4R3","https://x.com/MsAnichini/status/1931023911505830082/photo/1","173","173","","","","3,786","48.55%","84","8","8","","","","","","","1","1","","","","74","74","0","","","","","","","","","","","","","","","","","","","","","","","","","","","","","","","","","","","",""
"6/4/2025 5:57 am","1930217253468770504","X","'@Reply","Text","'@MsAnichini"," ","https://twitter.com/MsAnichini/status/1930217253468770504","4/ At @thefundchicago, we believe the answers are in the room—with educators, students, &amp; families. We’re committed to ensuring their voices shape what comes next.","","54","54","","","","714","1.85%","1","0","0","","","","","","","0","0","","","","1","1","0","","","","","","","","","","","","","","","","","","","","","","","","","","","","","","","","","","","",""
"6/4/2025 5:57 am","1930217251816272294","X","'@Reply","Text","'@MsAnichini"," ","https://twitter.com/MsAnichini/status/1930217251816272294","3/ And of course, all eyes are on the next CPS CEO.
The ask? A leader who listens, leads with heart, and puts students first.","","52","52","","","","698","3.85%","2","0","0","","","","","","","1","0","","","","1","1","0","","","","","","","","","","","","","","","","","","","","","","","","","","","","","","","","","","","",""
"6/4/2025 5:57 am","1930217250444751032","X","'@Reply","Text","'@MsAnichini"," ","https://twitter.com/MsAnichini/status/1930217250444751032","2/ What do schools need most? We heard a few big themes:
📚 More books, less screen time
🎨 Expanded arts &amp; trades
🛡️ Safe, reliable transportation
🍎 Continued investment in educators","","23","23","","","","698","8.7%","2","0","0","","","","","","","2","0","","","","0","0","0","","","","","","","","","","","","","","","","","","","","","","","","","","","","","","","","","","","",""
"6/4/2025 5:57 am","1930217247257006483","X","Post","Text","'@MsAnichini"," ","https://twitter.com/MsAnichini/status/1930217247257006483","On May 31, students, educators &amp; community members came together to reflect on what’s working—and what needs to change in our schools. A few takeaways 🧵:","","204","204","","","","6,733","4.41%","9","1","1","","","","","","","1","1","","","","5","5","1","","","","","","","","","","","","","","","","","","","","","","","","","","","","","","","","","","","",""
"6/4/2025 5:57 am","1930217249136095262","X","'@Reply","Text","'@MsAnichini"," ","https://twitter.com/MsAnichini/status/1930217249136095262","1/ Led by CBOE members @VOTE4CHE and @BoyleFor9 and supported @MonicaSRosen and The Alma Group as well as the Academy for Local Leadership, the conversation was rich with real stories—about teachers who inspire, principals who lead with care, and students committed to learning.","","30","30","","","","698","13.33%","4","0","0","","","","","","","1","0","","","","0","0","3","","","","","","","","","","","","","","","","","","","","","","","","","","","","","","","","","","","",""
"5/23/2025 10:43 am","1925940667600998642","X","'@Reply","Text","'@MsAnichini"," ","https://twitter.com/MsAnichini/status/1925940667600998642","📊 This would play out in every school, adding up to:
$529M deficit = 1,500+ potential teacher layoffs
$700M deficit = 2,500+ potential teacher layoffs","","54","54","","","","696","7.41%","4","0","0","","","","","","","1","2","","","","1","1","0","","","","","","","","","","","","","","","","","","","","","","","","","","","","","","","","","","","",""
"5/23/2025 10:43 am","1925940669371085289","X","'@Reply","Text","'@MsAnichini"," ","https://twitter.com/MsAnichini/status/1925940669371085289","The CPS budget is complex, from MEABF to TIFs to funding formulas, but the impact on kids is clear. We need to make sure principals and LSCs aren’t forced to eliminate essential supports for their students. Let’s be honest about the impact of additional budget cuts.","","59","59","","","","696","0%","0","0","0","","","","","","","0","0","","","","0","0","0","","","","","","","","","","","","","","","","","","","","","","","","","","","","","","","","","","","",""
"5/23/2025 10:43 am","1925940664367194372","X","'@Reply","Text","'@MsAnichini"," ","https://twitter.com/MsAnichini/status/1925940664367194372","Flexible Funding: A typical small preK-8 school has about 300 students and receives around $200K in flexible funds. That’s enough to cover an additional teacher position and additional after-school programming, and allow for teachers to meet and plan outside of regular hours.","","25","25","","","","696","4%","1","0","0","","","","","","","1","0","","","","0","0","0","","","","","","","","","","","","","","","","","","","","","","","","","","","","","","","","","","","",""
"5/23/2025 10:43 am","1925940665977868482","X","'@Reply","Text","'@MsAnichini"," ","https://twitter.com/MsAnichini/status/1925940665977868482","A reduction by one-third — to $134K — is barely enough to cover that teacher position, and it would mean no planning time or after-school supports. A two-thirds reduction? It’s not enough to cover almost any staff position.","","25","25","","","","696","4%","1","0","0","","","","","","","1","0","","","","0","0","0","","","","","","","","","","","","","","","","","","","","","","","","","","","","","","","","","","","",""
"5/23/2025 10:43 am","1925940661145985341","X","'@Reply","Text","'@MsAnichini"," ","https://twitter.com/MsAnichini/status/1925940661145985341","📉 What could that look like?
Foundational Staffing: A typical large preK-8 school in Chicago has 1,000 students and 47 teacher positions. That’s one core teacher for every 26 students (39 teachers) and one holistic teacher for every five core teachers (8 teachers).","","28","28","","","","696","3.57%","1","0","0","","","","","","","1","0","","","","0","0","0","","","","","","","","","","","","","","","","","","","","","","","","","","","","","","","","","","","",""
"5/23/2025 10:43 am","1925940662848848204","X","'@Reply","Text","'@MsAnichini"," ","https://twitter.com/MsAnichini/status/1925940662848848204","A seemingly modest reduction in the core student-teacher ratio — say, from 26:1 to 27:1 — would mean cutting two core teachers and one holistic teacher. This could have a material and negative impact on student experience and could limit learning opportunities.","","25","25","","","","696","4%","1","0","0","","","","","","","1","0","","","","0","0","0","","","","","","","","","","","","","","","","","","","","","","","","","","","","","","","","","","","",""
"5/23/2025 10:43 am","1925940658205786517","X","'@Reply","Text","'@MsAnichini"," ","https://twitter.com/MsAnichini/status/1925940658205786517","🔍 First, a reminder:
Current school budgets are flat compared to last year — but they assume CPS will secure $300M in new revenue. If that revenue doesn’t come through, the deficit could swell to $529M or more. That would mean almost all school communities would face real cuts.","","30","30","","","","696","3.33%","1","0","0","","","","","","","1","0","","","","0","0","0","","","","","","","","","","","","","","","","","","","","","","","","","","","","","","","","","","","",""
"5/23/2025 10:43 am","1925940655185940844","X","Post","Text","'@MsAnichini"," ","https://twitter.com/MsAnichini/status/1925940655185940844","What happens to schools if CPS has to cut budgets beyond current levels? Yesterday, I shared how a deficit greater than $229M could lead to reductions in school budgets. Today, I want to show what that could mean for individual schools. 🧵","","77","77","","","","696","36.36%","28","0","0","","","","","","","1","1","","","","26","26","0","","","","","","","","","","","","","","","","","","","","","","","","","","","","","","","","","","","",""
"5/23/2025 10:43 am","1925940656792359363","X","'@Reply","Text","'@MsAnichini"," ","https://twitter.com/MsAnichini/status/1925940656792359363","In general, cuts would impact foundational staffing and discretionary spending levels, which will mean less academic, social, and emotional support for students citywide.","","29","29","","","","696","3.45%","1","0","0","","","","","","","1","0","","","","0","0","0","","","","","","","","","","","","","","","","","","","","","","","","","","","","","","","","","","","",""
"5/22/2025 2:25 pm","1925634092143436137","X","'@Reply","Text","'@MsAnichini"," ","https://twitter.com/MsAnichini/status/1925634092143436137","School leaders are already working hard to meet student needs under the current conditions. If revenue assumptions don’t hold, they may be asked to do much more with even less. I’ll share more on what those difficult choices could look like tomorrow.","","43","43","","","","695","0%","0","0","0","","","","","","","0","0","","","","0","0","0","","","","","","","","","","","","","","","","","","","","","","","","","","","","","","","","","","","",""
"5/22/2025 2:25 pm","1925634089643639034","X","'@Reply","Text","'@MsAnichini"," ","https://twitter.com/MsAnichini/status/1925634089643639034","2. Cut flexible funding: School communities use these resources for additional positions, supplies, programming, and meeting other student needs. Reducing this by a third — an average of $132K/school — would save only around $80M and would mean fewer services for students.","","21","21","","","","697","4.76%","1","0","0","","","","","","","1","0","","","","0","0","0","","","","","","","","","","","","","","","","","","","","","","","","","","","","","","","","","","","",""
"5/22/2025 2:25 pm","1925634090906079364","X","'@Reply","Text","'@MsAnichini"," ","https://twitter.com/MsAnichini/status/1925634090906079364","💡 Taking these tough steps would only yield ~$140M in savings on top of the central cuts of $239M. The cuts required to close a $529M deficit would likely be double what is described above in most schools. And, the larger the deficit, the more drastic the cuts will need to be.","","49","49","","","","695","4.08%","2","0","0","","","","","","","1","0","","","","1","1","0","","","","","","","","","","","","","","","","","","","","","","","","","","","","","","","","","","","",""
"5/22/2025 2:25 pm","1925634087286346054","X","'@Reply","Text","'@MsAnichini"," ","https://twitter.com/MsAnichini/status/1925634087286346054","❓But what if the deficit is larger? $529M? $734M? More? District-wide school-level budget cuts are likely, and CPS could:","","28","28","","","","697","3.57%","1","0","0","","","","","","","1","0","","","","0","0","0","","","","","","","","","","","","","","","","","","","","","","","","","","","","","","","","","","","",""
"5/22/2025 2:25 pm","1925634088418882013","X","'@Reply","Text","'@MsAnichini"," ","https://twitter.com/MsAnichini/status/1925634088418882013","1. Alter the foundational position formulas: In FY25, over 13,000 teacher positions were allocated via these formulas. Reducing this total by 500 teacher positions — one per school on average — would save just ~$60M, while reducing student supports everywhere.","","29","29","","","","697","3.45%","1","0","0","","","","","","","1","0","","","","0","0","0","","","","","","","","","","","","","","","","","","","","","","","","","","","","","","","","","","","",""
"5/22/2025 2:25 pm","1925634084769874340","X","'@Reply","Text","'@MsAnichini"," ","https://twitter.com/MsAnichini/status/1925634084769874340","🧮 Here’s what we know: Last week, principals and LSCs received school budgets based on a $229M deficit, the best-case scenario. CPS can close a $229M deficit with cuts to centrally-provided services and keep overall school budgets flat — at about $5B across all schools.","","31","31","","","","697","6.45%","2","0","0","","","","","","","2","0","","","","0","0","0","","","","","","","","","","","","","","","","","","","","","","","","","","","","","","","","","","","",""
"5/22/2025 2:25 pm","1925634085998698908","X","'@Reply","Text","'@MsAnichini"," ","https://twitter.com/MsAnichini/status/1925634085998698908","❗But overall flat funding doesn’t mean unchanged budgets. CPS school funding formulas reflect both enrollment and student need, and these change from year to year. Most schools will still face trade-offs. That’s why we’re working with partners to support principals and LSCs now.","","31","31","","","","697","6.45%","2","0","0","","","","","","","1","0","","","","1","1","0","","","","","","","","","","","","","","","","","","","","","","","","","","","","","","","","","","","",""
"5/22/2025 2:25 pm","1925634083427581959","X","Post","Text","'@MsAnichini"," ","https://twitter.com/MsAnichini/status/1925634083427581959","What could Chicago schools face if the CPS deficit grows? There are multiple scenarios for CPS’ FY26 budget deficit, ranging from $229M to $1B+. That's driven by uncertain revenues and big-picture cost drivers. Where Chicago lands has real implications for schools. 🧵","","176","176","","","","3,764","13.07%","23","1","1","","","","","","","2","1","","","","18","18","1","","","","","","","","","","","","","","","","","","","","","","","","","","","","","","","","","","","",""
"5/19/2025 5:00 pm","1924585873611329880","X","Post","Photo","'@MsAnichini"," ","https://twitter.com/MsAnichini/status/1924585873611329880","CPS schools face the most complex budget season since 2017. 60% of principals haven't dealt with flat or deficit budget scenarios. They need clarity on trade-offs, time to plan, and communication support. @TheFundChicago is providing tools to help them before the June 5 deadline. https://t.co/r9VE5vcamY","https://x.com/MsAnichini/status/1924585873611329880/photo/1","600","600","","","","3,717","8.17%","49","3","3","","","","","","","1","1","","","","44","44","0","","","","","","","","","","","","","","","","","","","","","","","","","","","","","","","","","","","",""
"5/16/2025 10:01 am","1923393455356612939","X","Post","Photo","'@MsAnichini"," ","https://twitter.com/MsAnichini/status/1923393455356612939","Still feeling energized from Wednesday night’s Tapestry: Weaving Equity for Arts Education event with Nicole Upton and the @IngenuityChgo.
👏 Congratulations to our fellow honorees. We're all united by a shared belief: School leadership and the arts are essentials, not extras. https://t.co/2z1295EFeA","https://x.com/MsAnichini/status/1923393455356612939/photo/1","65","65","","","","697","15.38%","10","1","1","","","","","","","0","0","","","","9","9","0","","","","","","","","","","","","","","","","","","","","","","","","","","","","","","","","","","","",""
"5/14/2025 1:48 pm","1922725712550564222","X","Quote","Link","'@MsAnichini"," ","https://twitter.com/MsAnichini/status/1922725712550564222","Mariel spoke today to emphasize the need for a transparent and flexible budget process and to highlight the support we will provide to principals, Local School Councils, and their teams. ","https://twitter.com/TheFundChicago/status/1922725104942805462","148","148","","","","697","12.84%","19","5","5","","","","","","","0","0","","0","","14","14","0","","","","","","","","","","","","","","","","","","","","","","","","","","","","","","","","","","","",""
"5/9/2025 12:00 pm","1920886507633619053","X","'@Reply","Text","'@MsAnichini"," ","https://twitter.com/MsAnichini/status/1920886507633619053","The Fund is committed to working closely with other key stakeholders to ensure school leaders and LSCs have the support they need, now and in the months ahead.

Let’s keep listening. Let’s stay flexible. Our leaders—and the students they serve—are counting on it.","","51","51","","","","696","3.92%","2","0","0","","","","","","","0","0","","","","2","2","0","","","","","","","","","","","","","","","","","","","","","","","","","","","","","","","","","","","",""
"5/9/2025 12:00 pm","1920886503560908903","X","'@Reply","Text","'@MsAnichini"," ","https://twitter.com/MsAnichini/status/1920886503560908903","🔹 Information and time make better decisions possible.

Principals want timely, transparent data on the district’s budget process, and enough time to engage their teams and communities in thoughtful planning.","","35","35","","","","694","2.86%","1","0","0","","","","","","","1","0","","","","0","0","0","","","","","","","","","","","","","","","","","","","","","","","","","","","","","","","","","","","",""
"5/9/2025 12:00 pm","1920886505414746560","X","'@Reply","Text","'@MsAnichini"," ","https://twitter.com/MsAnichini/status/1920886505414746560","🔹 Flexibility at the school level is essential.

As deficits grow, so must local decision-making authority. Leaders and Local School Councils (LSCs) need the room to make the right trade-offs for their students.","","57","57","","","","696","1.75%","1","0","0","","","","","","","1","0","","","","0","0","0","","","","","","","","","","","","","","","","","","","","","","","","","","","","","","","","","","","",""
"5/9/2025 12:00 pm","1920886501526667370","X","'@Reply","Text","'@MsAnichini"," ","https://twitter.com/MsAnichini/status/1920886501526667370","🔹 The deficit is real, and leaders are already planning.

They’re thinking hard about protecting the student experience in the face of financial constraints and political uncertainty.","","91","91","","","","3,761","3.3%","3","0","0","","","","","","","1","1","","","","1","1","0","","","","","","","","","","","","","","","","","","","","","","","","","","","","","","","","","","","",""
"5/9/2025 12:00 pm","1920886499584700758","X","'@Reply","Text","'@MsAnichini"," ","https://twitter.com/MsAnichini/status/1920886499584700758","For over 60% of CPS principals, this will be their first time managing through such a deficit, and they’re doing so amid major leadership transitions at the district level. This week, I spent time with more than two dozen principals and program partners. Here’s what I heard:","","56","56","","","","694","12.5%","7","0","0","","","","","","","1","0","","","","6","6","0","","","","","","","","","","","","","","","","","","","","","","","","","","","","","","","","","","","",""
"5/9/2025 12:00 pm","1920886495746854977","X","Post","Text","'@MsAnichini"," ","https://twitter.com/MsAnichini/status/1920886495746854977","Chicago’s school leaders are facing real challenges — and showing real resolve. As I’ve shared, Chicago Public Schools (CPS) is confronting its first significant budget deficit since 2017.","","184","184","","","","3,761","11.41%","21","1","1","","","","","","","2","1","","","","17","17","0","","","","","","","","","","","","","","","","","","","","","","","","","","","","","","","","","","","",""
"4/23/2025 12:19 pm","1915093251054350624","X","'@Reply","Text","'@MsAnichini"," ","https://twitter.com/MsAnichini/status/1915093251054350624","🛠️ So what could help?

✅ Declare more surpluses
✅ Shrink some TIFs
✅ End others entirely

Each step would mean more funding (and would require real discussion!).","","32","32","","","","689","3.13%","1","0","0","","","","","","","1","0","","","","0","0","0","","","","","","","","","","","","","","","","","","","","","","","","","","","","","","","","","","","",""
"4/23/2025 12:19 pm","1915093249791832192","X","'@Reply","Text","'@MsAnichini"," ","https://twitter.com/MsAnichini/status/1915093249791832192","💸 What’s a TIF surplus?

If a TIF has money left over, the city must return it to public agencies, including CPS.

Since CPS receives approximately 50% of property taxes, it also receives approximately 50% of the surplus.

In FY25, CPS received $298M, up from $159M in FY24.","","15","15","","","","689","6.67%","1","0","0","","","","","","","1","0","","","","0","0","0","","","","","","","","","","","","","","","","","","","","","","","","","","","","","","","","","","","",""
"4/23/2025 12:19 pm","1915093252341932225","X","'@Reply","Text","'@MsAnichini"," ","https://twitter.com/MsAnichini/status/1915093252341932225","TIFs are complicated and a powerful tool.

If we’re serious about fully funding our public schools, we must talk more about them.","","29","29","","","","689","3.45%","1","1","1","","","","","","","0","0","","","","0","0","0","","","","","","","","","","","","","","","","","","","","","","","","","","","","","","","","","","","",""
"4/23/2025 12:19 pm","1915093248491561136","X","'@Reply","Text","'@MsAnichini"," ","https://twitter.com/MsAnichini/status/1915093248491561136","🏫 But here’s the catch:

While a TIF is active, CPS and other agencies do not receive the new tax revenue.

In 2025 alone, $1.2B went into TIF funds. 

CPS says it’s missing out on ~$600M/year that could support students and staff.","","36","36","","","","690","11.11%","4","1","1","","","","","","","1","0","","","","2","2","0","","","","","","","","","","","","","","","","","","","","","","","","","","","","","","","","","","","",""
"4/23/2025 12:19 pm","1915093245740126330","X","'@Reply","Text","'@MsAnichini"," ","https://twitter.com/MsAnichini/status/1915093245740126330","🙋‍♀️ What’s a TIF?

It’s a tool cities use to boost development in specific neighborhoods.

The city “freezes” how much tax money schools &amp; others get, and uses the anticipated and new tax revenue to fund projects like roads &amp; parks in that same area.","","35","35","","","","690","2.86%","1","0","0","","","","","","","1","0","","","","0","0","0","","","","","","","","","","","","","","","","","","","","","","","","","","","","","","","","","","","",""
"4/23/2025 12:19 pm","1915093247233319319","X","'@Reply","Text","'@MsAnichini"," ","https://twitter.com/MsAnichini/status/1915093247233319319","💰 Chicago has been using TIFs since 1983.

There are ~136 TIF districts.

They last 23 years, but the city can request that the state extend them for an additional 12 years.

In Dec 2024, 8 TIFs got extended. Another 10 could follow by 2027.","","36","36","","","","690","2.78%","1","0","0","","","","","","","1","0","","","","0","0","0","","","","","","","","","","","","","","","","","","","","","","","","","","","","","","","","","","","",""
"4/23/2025 12:19 pm","1915093244460904818","X","Post","Text","'@MsAnichini"," ","https://twitter.com/MsAnichini/status/1915093244460904818","Chicago Public Schools is facing a projected $539M budget gap in 2026.

There’s no single fix—but we do need to talk about Tax Increment Financing (TIF). 🧵","","106","106","","","","941","17.92%","19","1","1","","","","","","","1","1","","","","16","16","0","","","","","","","","","","","","","","","","","","","","","","","","","","","","","","","","","","","",""
"4/21/2025 8:14 am","1914306789094420836","X","'@Reply","Text","'@MsAnichini"," ","https://twitter.com/MsAnichini/status/1914306789094420836","Closing the gap = raising revenue, cutting costs, or both.

Options are limited.

The City of Chicago could increase TIF funding again (as they did in FY25).","","64","64","","","","3,757","3.13%","2","0","0","","","","","","","1","1","","","","0","0","0","","","","","","","","","","","","","","","","","","","","","","","","","","","","","","","","","","","",""
"4/21/2025 8:14 am","1914306790696616408","X","'@Reply","Text","'@MsAnichini"," ","https://twitter.com/MsAnichini/status/1914306790696616408","Stay tuned for more potential solutions later this week.","","63","63","","","","3,757","3.17%","2","0","0","","","","","","","0","1","","","","1","1","0","","","","","","","","","","","","","","","","","","","","","","","","","","","","","","","","","","","",""
"4/21/2025 8:14 am","1914306787404030183","X","'@Reply","Text","'@MsAnichini"," ","https://twitter.com/MsAnichini/status/1914306787404030183","Even if CPS cut EVERYTHING but schools + pensions, they'd only save ~$300M. Cuts will still hit schools.

And the gap could grow:

+$175M city pension bill

Cuts to Title I, Medicaid, school meals? TBD.","","50","50","","","","3,757","12%","6","0","0","","","","","","","1","1","","","","4","4","0","","","","","","","","","","","","","","","","","","","","","","","","","","","","","","","","","","","",""
"4/21/2025 8:14 am","1914306785407619502","X","Post","Photo","'@MsAnichini"," ","https://twitter.com/MsAnichini/status/1914306785407619502","🚨 Chicago Public Schools is projecting a $529M deficit for FY26. 

Biggest driver:
$355M in one-time COVID $ disappears

$484M in expense growth

Only ~$310M in new revenue expected

Math = major shortfall. https://t.co/lpLHRDQhI4","https://x.com/MsAnichini/status/1914306785407619502/photo/1","204","204","","","","3,757","9.31%","19","0","0","","","","","","","1","2","","","","16","16","0","","","","","","","","","","","","","","","","","","","","","","","","","","","","","","","","","","","",""
"4/11/2025 11:00 am","1910724521297879145","X","Post","Photo","'@MsAnichini"," ","https://twitter.com/MsAnichini/status/1910724521297879145","I started #APWeek25 outside my comfort zone with a video thanking assistant principals. I ended it in my favorite place - schools! In between, our team hosted a happy hour where we celebrated with our partners at the @CpsLeaders and @ChiPrincipals. https://t.co/etINMQ4xPQ","https://x.com/MsAnichini/status/1910724521297879145/photo/1","86","86","","","","716","9.3%","8","2","2","","","","","","","0","0","","","","6","6","0","","","","","","","","","","","","","","","","","","","","","","","","","","","","","","","","","","","",""
"4/8/2025 12:18 pm","1909657224462426432","X","Post","Video","'@MsAnichini"," ","https://twitter.com/MsAnichini/status/1909657224462426432","It's #APWeek25, which means I got over a deep dislike of myself on video to share an even deeper appreciation for the work of Chicago's assistant principals. 

👏 Be sure to thank an AP in your world this week. The work is hard, and a little bit of gratitude goes a long way. 👏 https://t.co/DndOYNSOSH","https://twitter.com/MsAnichini/status/1909657224462426432/video/1","136","136","","","","676","1.47%","2","0","0","","","","","","","0","0","","","","2","2","0","","","","39","","","","","","","","","","","","","","","","","","","","","","","","","","","","","","","",""
"4/8/2025 12:18 pm","1909657118040289587","X","Post","Video","'@MsAnichini"," ","https://twitter.com/MsAnichini/status/1909657118040289587","It's hashtag#APWeek25, which means I got over a deep dislike of myself on video to share an even deeper appreciation for the work of Chicago's assistant principals. 

Be sure to thank an AP in your world this week. The work is hard, and a little bit of gratitude goes a long way. https://t.co/AY8z8IBv97","https://twitter.com/MsAnichini/status/1909657118040289587/video/1","","","","","","676","","0","","","","","","","","","","","","","","","","","","","","","","","","","","","","","","","","","","","","","","","","","","","","","","","","","","","",""
"3/21/2025 7:30 am","1903061714721013989","X","Post","Video","'@MsAnichini"," ","https://twitter.com/MsAnichini/status/1903061714721013989","Educator friends: YOU GOT THIS. Spring Break is almost here! https://t.co/R5gGgOW5X2","https://x.com/MsAnichini/status/1903061714721013989/photo/1","49","49","","","","676","2.04%","1","1","1","","","","","","","0","0","","","","0","0","0","","","","9","","","","","","","","","","","","","","","","","","","","","","","","","","","","","","","",""
"3/4/2025 10:05 am","1896955187765641619","X","'@Reply","Text","'@MsAnichini"," ","https://twitter.com/MsAnichini/status/1896955187765641619","Without this funding, experiences that fuel innovation and upward mobility—like advanced coursework and hands-on technology—would be out of reach.

That’s not just unfair; it’s shortsighted.","","26","26","","","","678","0%","0","0","0","","","","","","","0","0","","","","0","0","0","","","","","","","","","","","","","","","","","","","","","","","","","","","","","","","","","","","",""
"3/4/2025 10:05 am","1896955186020852109","X","'@Reply","Text","'@MsAnichini"," ","https://twitter.com/MsAnichini/status/1896955186020852109","📌 STEM &amp; career partnerships—connecting students to fields like healthcare, architecture, and engineering, preparing them for high-value careers.","","26","26","","","","678","3.85%","1","0","0","","","","","","","1","0","","","","0","0","0","","","","","","","","","","","","","","","","","","","","","","","","","","","","","","","","","","","",""
"3/4/2025 10:05 am","1896955182346617174","X","'@Reply","Text","'@MsAnichini"," ","https://twitter.com/MsAnichini/status/1896955182346617174","With that investment, the school can provide:
📌 Technology &amp; instructional resources—ensuring students work with the digital tools required to compete in today’s economy.

📌 Daily access to iPads, Chromebooks, and charging carts— a necessity for interactive learning.","","31","31","","","","678","3.23%","1","0","0","","","","","","","1","0","","","","0","0","0","","","","","","","","","","","","","","","","","","","","","","","","","","","","","","","","","","","",""
"3/4/2025 10:05 am","1896955180450730371","X","'@Reply","Text","'@MsAnichini"," ","https://twitter.com/MsAnichini/status/1896955180450730371","That stat alone is impressive. But here’s what might surprise you: 73% of Westinghouse students come from low-income backgrounds, according to the state’s report card. That percentage qualifies the school for about $3,000 per student in federal funds.","","28","28","","","","678","3.57%","1","0","0","","","","","","","1","0","","","","0","0","0","","","","","","","","","","","","","","","","","","","","","","","","","","","","","","","","","","","",""
"3/4/2025 10:05 am","1896955177648951670","X","'@Reply","Text","'@MsAnichini"," ","https://twitter.com/MsAnichini/status/1896955177648951670","Look at George Westinghouse College Prep in Chicago’s East Garfield Park. It’s a high-performing, selective-enrollment high school with 80% of students taking advanced coursework—compared to about 25% statewide.","","78","78","","","","678","3.85%","3","0","0","","","","","","","1","0","","","","1","1","1","","","","","","","","","","","","","","","","","","","","","","","","","","","","","","","","","","","",""
"3/4/2025 10:05 am","1896955175421747429","X","'@Reply","Text","'@MsAnichini"," ","https://twitter.com/MsAnichini/status/1896955175421747429","If we truly believe in competition, innovation, and American excellence, we can’t afford to overlook that.","","24","24","","","","678","4.17%","1","0","0","","","","","","","1","0","","","","0","0","0","","","","","","","","","","","","","","","","","","","","","","","","","","","","","","","","","","","",""
"3/4/2025 10:05 am","1896955171370160324","X","Post","Text","'@MsAnichini"," ","https://twitter.com/MsAnichini/status/1896955171370160324","A few weeks ago, I wrote about Title I, one of the federal education programs reduced to sound bites in the media right now. Let’s take a step back. In 1965, our country made a national commitment: A child’s zip code should not determine their destiny.","","142","142","","","","3,646","11.97%","17","2","2","","","","","","","1","1","","","","13","13","0","","","","","","","","","","","","","","","","","","","","","","","","","","","","","","","","","","","",""
"3/4/2025 10:05 am","1896955173228167302","X","'@Reply","Text","'@MsAnichini"," ","https://twitter.com/MsAnichini/status/1896955173228167302","Title I was created to ensure that talent and potential—no matter where they exist—are met with opportunity. Here’s the reality: Even in strong schools, students from communities with less inherited wealth face additional hurdles.","","24","24","","","","678","4.17%","1","0","0","","","","","","","1","0","","","","0","0","0","","","","","","","","","","","","","","","","","","","","","","","","","","","","","","","","","","","",""
"2/27/2025 2:37 pm","1895211679442669899","X","'@Reply","Text","'@MsAnichini"," ","https://twitter.com/MsAnichini/status/1895211679442669899","At a time when so much is happening in and around education, learning from and honoring this history feels more important than ever. I hope you’ll take a moment to read, reflect, and celebrate the legacy of leaders like Mayor Washington—this month and always.","","17","17","","","","675","0%","0","0","0","","","","","","","0","0","","","","0","0","0","","","","","","","","","","","","","","","","","","","","","","","","","","","","","","","","","","","",""
"2/27/2025 2:37 pm","1895211675697193341","X","'@Reply","Text","'@MsAnichini"," ","https://twitter.com/MsAnichini/status/1895211675697193341","His commitment to community-led schools laid the foundation for stronger public education in Chicago, which ultimately helped increase high school graduation rates from under 50% in the 1990s to 86.4% in 2024.","","10","10","","","","675","10%","1","0","0","","","","","","","1","0","","","","0","0","0","","","","","","","","","","","","","","","","","","","","","","","","","","","","","","","","","","","",""
"2/27/2025 2:37 pm","1895211677425242359","X","'@Reply","Link","'@MsAnichini"," ","https://twitter.com/MsAnichini/status/1895211677425242359","I’ve linked a powerful piece by Dr. Albert Bennett that explores how the education summit at the start of Mayor Washington’s second term led to the creation of Local School Councils—structures that remain vital to our schools today.

https://t.co/lhButGcQIQ","https://blogs.roosevelt.edu/review/2022/05/09/inside-out-harold-washingtons-stamp-on-chicago-education/","18","18","","","","675","5.56%","1","0","0","","","","","","","1","0","","0","","0","0","0","","","","","","","","","","","","","","","","","","","","","","","","","","","","","","","","","","","",""
"2/27/2025 2:37 pm","1895211673042198912","X","Post","Photo","'@MsAnichini"," ","https://twitter.com/MsAnichini/status/1895211673042198912","Black History is Chicago history—every day of the year. BHM gives us the opportunity to amplify the stories and leadership that continue to shape our city. This year, my team has been engaged in supporting LSCs, which has led us to reflect on the vision of Mayor Harold Washington https://t.co/6Okt919GH5","https://x.com/MsAnichini/status/1895211673042198912/photo/1","37","37","","","","675","5.41%","2","0","0","","","","","","","1","0","","","","1","1","0","","","","","","","","","","","","","","","","","","","","","","","","","","","","","","","","","","","",""
"2/18/2025 3:24 pm","1891962128690532513","X","'@Reply","Text","'@MsAnichini"," ","https://twitter.com/MsAnichini/status/1891962128690532513","This is a powerful reminder of the opportunity ahead for the Board of Education and an important caution about what’s at stake for Chicago’s learners.","","25","25","","","","676","8%","2","0","0","","","","","","","1","0","","","","0","0","1","","","","","","","","","","","","","","","","","","","","","","","","","","","","","","","","","","","",""
"2/18/2025 3:24 pm","1891962130175324583","X","'@Reply","Text","'@MsAnichini"," ","https://twitter.com/MsAnichini/status/1891962130175324583","I appreciate the perspective shared in this piece and remain committed to working alongside CPS leaders, our principals, and the Board of Education to ensure we rise to the challenge—because Chicago’s young people deserve nothing less.","","24","24","","","","676","8.33%","2","0","0","","","","","","","0","0","","","","1","1","1","","","","","","","","","","","","","","","","","","","","","","","","","","","","","","","","","","","",""
"2/18/2025 3:24 pm","1891962127386075628","X","'@Reply","Text","'@MsAnichini"," ","https://twitter.com/MsAnichini/status/1891962127386075628","""If the new board rises to the occasion, CPS could become the national model for large urban districts — improving stdnt outcomes despite financial turmoil and leadership change. If it fails, the hardest hit will be those stdnts who can least afford to see their schools unravel.""","","23","23","","","","678","4.35%","1","0","0","","","","","","","1","0","","","","0","0","0","","","","","","","","","","","","","","","","","","","","","","","","","","","","","","","","","","","",""
"2/18/2025 3:24 pm","1891962125754486955","X","Post","Link","'@MsAnichini"," ","https://twitter.com/MsAnichini/status/1891962125754486955","https://t.co/mfNyUAKH75","https://www.chicagotribune.com/2025/02/17/opinion-chicago-public-schools-board-of-education-finances-students/","28","28","","","","678","10.71%","3","0","0","","","","","","","1","0","","1","","1","2","0","","","","","","","","","","","","","","","","","","","","","","","","","","","","","","","","","","","",""
"2/13/2025 10:52 am","1890081507752177847","X","'@Reply","Text","'@MsAnichini"," ","https://twitter.com/MsAnichini/status/1890081507752177847","3️⃣Chicago’s principals have more flexibility than most in using these funds to meet student needs.","","14","14","","","","678","21.43%","3","0","0","","","","","","","1","0","","","","2","2","0","","","","","","","","","","","","","","","","","","","","","","","","","","","","","","","","","","","",""
"2/13/2025 10:52 am","1890081509102833866","X","'@Reply","Text","'@MsAnichini"," ","https://twitter.com/MsAnichini/status/1890081509102833866","Over the next few weeks, I will highlight how different principals use federal funds to drive real student outcomes. I hope these examples will ground the debate in facts—because the future of our schools and the students they serve deserve nothing less.","","12","12","","","","678","8.33%","1","0","0","","","","","","","0","0","","","","1","1","0","","","","","","","","","","","","","","","","","","","","","","","","","","","","","","","","","","","",""
"2/13/2025 10:52 am","1890081503129837646","X","Post","Text","'@MsAnichini"," ","https://twitter.com/MsAnichini/status/1890081503129837646","There’s a lot of talk about fed. funding in public schools—how it’s used, its effectiveness, and if it's necessary. But beyond the headlines, I don’t see nearly enough discussion rooted in facts. Three things you should know before weighing in on the future of fed. edu funding:","","39","39","","","","678","10.26%","4","1","1","","","","","","","1","0","","","","2","2","0","","","","","","","","","","","","","","","","","","","","","","","","","","","","","","","","","","","",""
"2/13/2025 10:52 am","1890081504572924035","X","'@Reply","Text","'@MsAnichini"," ","https://twitter.com/MsAnichini/status/1890081504572924035","1️⃣Federal funds were introduced to supplement state and local investments. Title I, for example, was launched in 1965 when Pres. Johnson declared “a national goal of Full Educational Opportunity,” charging the federal government with more actively supporting strong schools","","10","10","","","","678","10%","1","0","0","","","","","","","1","0","","","","0","0","0","","","","","","","","","","","","","","","","","","","","","","","","","","","","","","","","","","","",""
"2/13/2025 10:52 am","1890081506279965080","X","'@Reply","Text","'@MsAnichini"," ","https://twitter.com/MsAnichini/status/1890081506279965080","2️⃣Even with fed. support, the bulk of school funding comes from state and local sources. In a district like CPS, where 72% of students are economically disadvantaged, federal funds make up approximately 16% (or $1.3B) of the district’s $8.4B operating budget.","","8","8","","","","678","12.5%","1","0","0","","","","","","","1","0","","","","0","0","0","","","","","","","","","","","","","","","","","","","","","","","","","","","","","","","","","","","",""
"2/7/2025 4:04 pm","1887985768922075408","X","'@Reply","Text","'@MsAnichini"," ","https://twitter.com/MsAnichini/status/1887985768922075408","Our team remains committed to encouraging appropriate data use and the advantage of local autonomy — key drivers of Chicago’s progress in the past and in the future.","","22","22","","","","678","13.64%","3","1","1","","","","","","","0","0","","","","2","2","0","","","","","","","","","","","","","","","","","","","","","","","","","","","","","","","","","","","",""
"2/7/2025 4:04 pm","1887985766627741803","X","'@Reply","Text","'@MsAnichini"," ","https://twitter.com/MsAnichini/status/1887985766627741803","Support from @UChiConsortium and other orgs, CPS maintains a clear focus on evidence of stdnt learning, w/ data disaggregated by school and stdnt pop., empowers principals and their teams to respond to the real needs of the stdnts they actually serve — not to the myth of an avg.","","13","13","","","","678","15.38%","2","1","1","","","","","","","1","0","","","","0","0","0","","","","","","","","","","","","","","","","","","","","","","","","","","","","","","","","","","","",""
"2/7/2025 4:04 pm","1887985765314871570","X","'@Reply","Text","'@MsAnichini"," ","https://twitter.com/MsAnichini/status/1887985765314871570","Chicago’s students continued to improve where others stalled or declined. Notably, eighth-grade reading edged closer to its 2017 peak, driven by gains among Black and Latino/a/x students. This progress is no accident.","","9","9","","","","678","22.22%","2","0","0","","","","","","","1","0","","","","1","1","0","","","","","","","","","","","","","","","","","","","","","","","","","","","","","","","","","","","",""
"2/7/2025 4:04 pm","1887985767764430961","X","'@Reply","Text","'@MsAnichini"," ","https://twitter.com/MsAnichini/status/1887985767764430961","When school ldrs have clarity on what their students need, they take action. For years, we’ve featured the positive impact of local decision-making on learning. Principals in schools like Avalon Park and Jose de Diego regularly use data to grow student reading and math skills","","25","25","","","","678","4%","1","0","0","","","","","","","1","0","","","","0","0","0","","","","","","","","","","","","","","","","","","","","","","","","","","","","","","","","","","","",""
"2/7/2025 4:04 pm","1887985763234840828","X","Post","Photo","'@MsAnichini"," ","https://twitter.com/MsAnichini/status/1887985763234840828","I know the lingering effects of the pandemic and the current political situation make it easy for some to be pessimistic about public education in Chicago. And the work of principals is harder than ever. The NAEP scores from last week offered some bright spots, especially in Chi. https://t.co/qiN8VC2zzA","https://x.com/MsAnichini/status/1887985763234840828/photo/1","44","44","","","","678","6.82%","3","1","1","","","","","","","1","0","","","","1","1","0","","","","","","","","","","","","","","","","","","","","","","","","","","","","","","","","","","","",""
"2/4/2025 5:21 pm","1886918014852894992","X","Quote","Link","'@MsAnichini"," ","https://twitter.com/MsAnichini/status/1886918014852894992","Thrilled to see one of Chicago's most committed school and community leaders honored in this way. Congratulations @canderson311! It is always a great day to be an Eagle! @MClarkEagles ","https://twitter.com/WGCI/status/1886785747165884858","135","135","","","","678","11.11%","15","4","4","","","","","","","0","0","","0","","10","10","1","","","","","","","","","","","","","","","","","","","","","","","","","","","","","","","","","","","",""
"1/26/2025 10:56 am","1883559627482349844","X","Post","Link","'@MsAnichini"," ","https://twitter.com/MsAnichini/status/1883559627482349844","As families and leaders seek information about the city's response to recent executive orders, this is a helpful site: https://t.co/lWv4xhfjPI. Please share with your networks.","https://www.cps.edu/services-and-supports/new-presidential-administration-guidance","70","70","","","","890","14.29%","10","3","3","","","","","","","0","1","","3","","3","6","0","","","","","","","","","","","","","","","","","","","","","","","","","","","","","","","","","","","",""
"1/26/2025 10:54 am","1883559260220805253","X","Post","Link","'@MsAnichini"," ","https://twitter.com/MsAnichini/status/1883559260220805253","As school leaders and families seek information about the city's response to recent federal executive orders, CPS has created a vital resource here: https://t.co/FlF8szFErA. Please share with your networks.","https://lnkd.in/gcfsJK3E","","","","","","681","","0","","","","","","","","","","","","","","","","","","","","","","","","","","","","","","","","","","","","","","","","","","","","","","","","","","","",""
"1/14/2025 10:55 am","1879210656588812731","X","Post","Photo","'@MsAnichini"," ","https://twitter.com/MsAnichini/status/1879210656588812731","It was a joy to be with our Malott Fellows, our @thisisUIC partners, and the Wise Leadership team this morning. https://t.co/PP63Y2AnFR","https://x.com/MsAnichini/status/1879210656588812731/photo/1","52","52","","","","683","9.62%","5","1","1","","","","","","","0","0","","","","4","4","0","","","","","","","","","","","","","","","","","","","","","","","","","","","","","","","","","","","",""
"1/7/2025 1:51 pm","1876718276836745685","X","'@Reply","Text","'@MsAnichini"," ","https://twitter.com/MsAnichini/status/1876718276836745685","Over the next 6 months, the board will navigate crucial decisions—selecting CPS leadership, negotiating a new teachers' contract, and finalizing the budget. All this will unfold amid broader political, policy, and funding shifts, creating new challenges for educators/students.","","60","60","","","","678","3.33%","2","1","1","","","","","","","1","0","","","","0","0","0","","","","","","","","","","","","","","","","","","","","","","","","","","","","","","","","","","","",""
"1/7/2025 1:51 pm","1876718275209424948","X","'@Reply","Text","'@MsAnichini"," ","https://twitter.com/MsAnichini/status/1876718275209424948","With change comes opportunity. I was inspired by the dedication of the candidates. Many joined forums we co-hosted with @MikvaChallenge/ @ChiPrincipals + engaged directly with leaders in their districts. Their commitment to service set a strong foundation for the work ahead.","","47","47","","","","675","4.26%","2","1","1","","","","","","","1","0","","","","0","0","0","","","","","","","","","","","","","","","","","","","","","","","","","","","","","","","","","","","",""
"1/7/2025 1:51 pm","1876718278158037317","X","'@Reply","Text","'@MsAnichini"," ","https://twitter.com/MsAnichini/status/1876718278158037317","As they make these choices, I hope board members stay focused on why they chose to serve the 325,000 young people in CPS classrooms. While the headlines often miss the daily triumphs in our schools, those stories of hope and hard work are very real.","","57","57","","","","678","1.75%","1","0","0","","","","","","","0","0","","","","1","1","0","","","","","","","","","","","","","","","","","","","","","","","","","","","","","","","","","","","",""
"1/7/2025 1:51 pm","1876718273842036982","X","Post","Text","'@MsAnichini"," ","https://twitter.com/MsAnichini/status/1876718273842036982","One resolution I know I’m keeping in 2025? Staying informed about the work of the Chi Board of Edu.

After all, next week marks a historic moment for @ChiPubSchools — the largest governance shift since 1995. 21 members, including ten elected last Nov, will be sworn in.","","721","721","","","","7,919","9.02%","65","14","14","","","","","","","2","4","","","","45","45","0","","","","","","","","","","","","","","","","","","","","","","","","","","","","","","","","","","","",""
"12/18/2024 10:42 am","1869423008173146614","X","Post","Link","'@MsAnichini"," ","https://twitter.com/MsAnichini/status/1869423008173146614","https://t.co/VkfdHsn46p","https://www.chicagotribune.com/2024/12/17/transparency-for-chicago-teachers-union-contract-talks/","34","34","","","","678","11.76%","4","0","0","","","","","","","0","0","","4","","0","4","0","","","","","","","","","","","","","","","","","","","","","","","","","","","","","","","","","","","",""
"12/13/2024 4:12 pm","1867694022673969347","X","Post","Photo","'@MsAnichini"," ","https://twitter.com/MsAnichini/status/1867694022673969347","Grateful to be leading and learning with this crew every day. #LoveMyTeam https://t.co/lZXfUG7Tos","https://x.com/MsAnichini/status/1867694022673969347/photo/1","344","344","","","","3,745","7.85%","27","9","9","","","","","","","0","1","","","","17","17","0","","","","","","","","","","","","","","","","","","","","","","","","","","","","","","","","","","","",""
"12/10/2024 1:04 pm","1866559576461476180","X","Post","Video","'@MsAnichini"," ","https://twitter.com/MsAnichini/status/1866559576461476180","Schools are so much more than classrooms. Good principals lead by listening to the diverse needs of teachers, the community, and students. They bring those needs together to ensure the sum is GREATER than its parts. They MUST retain that right to lead. https://t.co/ghKwRWPoKr","https://x.com/MsAnichini/status/1866559576461476180/video/1","417","417","","","","3,745","18.47%","77","6","6","","","","","","","0","2","","","","69","69","0","","","","128","","","","","","","","","","","","","","","","","","","","","","","","","","","","","","","",""
"12/6/2024 5:27 pm","1865176158246961661","X","'@Reply","Text","'@MsAnichini"," ","https://twitter.com/MsAnichini/status/1865176158246961661","Like many principals, her work extends well beyond the confines of her office. Each morning, she arrives at the school and personally collects attendance sheets from every classroom, making sure she stays connected to her school community. (2/2)","","44","44","","","","678","4.55%","2","1","1","","","","","","","0","0","","","","1","1","0","","","","","","","","","","","","","","","","","","","","","","","","","","","","","","","","","","","",""
"12/6/2024 5:27 pm","1865176156665704900","X","Post","Photo","'@MsAnichini"," ","https://twitter.com/MsAnichini/status/1865176156665704900","Yesterday, I had the privilege of walking through the halls of McNair Elementary in the Austin neighborhood. Principal Benetrice Whitfield has been leading McNair since July 2017, previously serving as the Assistant Principal. (1/2) https://t.co/lj52Me0wF1","https://x.com/MsAnichini/status/1865176156665704900/photo/1","216","216","","","","3,745","4.63%","10","5","5","","","","","","","1","1","","","","3","3","0","","","","","","","","","","","","","","","","","","","","","","","","","","","","","","","","","","","",""
"11/7/2024 7:15 am","1854513064936145063","X","Post","Text","'@MsAnichini"," ","https://twitter.com/MsAnichini/status/1854513064936145063","To my educator friends who worked through election feelings with your communities yesterday (and who will do it again today): I see you. Thank you for your empathy and leadership ALWAYS, but especially in moments like these.","","70","70","","","","678","5.71%","4","2","2","","","","","","","0","0","","","","2","2","0","","","","","","","","","","","","","","","","","","","","","","","","","","","","","","","","","","","",""
"11/4/2024 10:45 am","1853478661774832123","X","'@Reply","Link","'@MsAnichini"," ","https://twitter.com/MsAnichini/status/1853478661774832123","Sydney's leadership of this work on our team is helping us live into our mission and providing needed support to leaders and schools. Extra shout-out for hitting that two-minute time limit precisely!

https://t.co/hBSkzH7bE0","https://www.youtube.com/live/R6F83RRbBdk?t=6562s","30","30","","","","678","0%","0","0","0","","","","","","","0","0","","0","","0","0","0","","","","","","","","","","","","","","","","","","","","","","","","","","","","","","","","","","","",""
"11/4/2024 10:45 am","1853478660335886489","X","'@Reply","Text","'@MsAnichini"," ","https://twitter.com/MsAnichini/status/1853478660335886489","Their tireless work to center their students and their community's needs, especially in times of turmoil or change, is critical to our schools. Their partnership with principals makes schools places of belonging and learning for young people.","","32","32","","","","678","3.13%","1","0","0","","","","","","","1","0","","","","0","0","0","","","","","","","","","","","","","","","","","","","","","","","","","","","","","","","","","","","",""
"11/4/2024 10:45 am","1853478658993995957","X","Post","Text","'@MsAnichini"," ","https://twitter.com/MsAnichini/status/1853478658993995957","As we all prepare for a week of election talk and the potential implications on our communities, country, and world, I want to pause and thank Sydney Finley for giving voice to the importance of the many already-elected LSC members serving in Chicago's public schools.","","65","65","","","","678","3.08%","2","0","0","","","","","","","1","0","","","","1","1","0","","","","","","","","","","","","","","","","","","","","","","","","","","","","","","","","","","","",""
"10/28/2024 5:47 pm","1851033184018067585","X","'@Reply","Text","'@MsAnichini"," ","https://twitter.com/MsAnichini/status/1851033184018067585","The best part about this answer to the 'what's good' question in Chicago is that @KershawMagnetIB isn't an individual outlier. At dozens of Chicago schools, adults consistently prioritize the needs of kids and families, making tough work look effortless.","","82","82","","","","789","4.88%","4","2","2","","","","","","","0","1","","","","1","1","0","","","","","","","","","","","","","","","","","","","","","","","","","","","","","","","","","","","",""
"10/28/2024 5:47 pm","1851033182474219535","X","'@Reply","Text","'@MsAnichini"," ","https://twitter.com/MsAnichini/status/1851033182474219535","Kershaw recognizes every young person as the gift they are. Students recite their morning pledge: “I am the greatest child in the world simply because I am.” The adults in the building embody this belief through supportive interactions, making a real difference.","","114","114","","","","678","2.63%","3","2","2","","","","","","","1","0","","","","0","0","0","","","","","","","","","","","","","","","","","","","","","","","","","","","","","","","","","","","",""
"10/28/2024 5:47 pm","1851033181182390330","X","'@Reply","Text","'@MsAnichini"," ","https://twitter.com/MsAnichini/status/1851033181182390330","Kershaw is home to three cluster classrooms with students with specialized needs, and the school has seen an influx of newcomers. In some places, people perceive these factors as a ""burden"" or ""something to manage.""","","40","40","","","","678","5%","2","1","1","","","","","","","1","0","","","","0","0","0","","","","","","","","","","","","","","","","","","","","","","","","","","","","","","","","","","","",""
"10/28/2024 5:47 pm","1851033177948897470","X","'@Reply","Photo","'@MsAnichini"," ","https://twitter.com/MsAnichini/status/1851033177948897470","This week, my answer features the incredible work of Principal Clayton and her team at @KershawMagnetIB  in Englewood. They serve 225 PreK-8 students in an IB school, where kids learn Mandarin and Spanish, solve problems in their local communities, and connect globally. https://t.co/CKhmpUdgV4","https://x.com/MsAnichini/status/1851033177948897470/photo/1","80","80","","","","789","10%","8","2","2","","","","","","","2","1","","","","3","3","0","","","","","","","","","","","","","","","","","","","","","","","","","","","","","","","","","","","",""
"10/28/2024 5:47 pm","1851033176044683553","X","Post","Text","'@MsAnichini"," ","https://twitter.com/MsAnichini/status/1851033176044683553","“Tell me something GOOD about Chicago Public Schools.” I love this question! I often hear it on soccer sidelines, at networking events, and at funder meetings. While some people often pose it as a challenge, it is a joyful question for me, and I always have an answer.","","238","238","","","","678","10.92%","26","5","5","","","","","","","1","0","","","","20","20","0","","","","","","","","","","","","","","","","","","","","","","","","","","","","","","","","","","","",""
"10/23/2024 7:24 pm","1849245634739556751","X","Quote","Link","'@MsAnichini"," ","https://twitter.com/MsAnichini/status/1849245634739556751","You know #PrincipalPrideChi is a thing when the @ChicagoBears are getting in on it! It's hard to fill a principal's shoes, but @canderson311 always makes room to celebrate and engage when it serves his @MClarkEagles. ","https://twitter.com/MClarkEagles/status/1848892631213887693","325","325","","","","4,611","3.38%","11","2","2","","","","","","","0","2","","0","","7","7","0","","","","","","","","","","","","","","","","","","","","","","","","","","","","","","","","","","","",""
"10/18/2024 4:10 pm","1847384702182969674","X","'@Reply","Text","'@MsAnichini"," ","https://twitter.com/MsAnichini/status/1847384702182969674","A huge thanks to @chevyluvscience and the team at @msichicago, to our partners at @WilliamBlair, @chicagobulls, @IngenuityChgo, @BMO, @ChiPubSchools, @chicago, and to Patricia Mota and our @TheFundChicago.","","117","117","","","","3,744","8.55%","10","3","3","","","","","","","0","1","","","","6","6","0","","","","","","","","","","","","","","","","","","","","","","","","","","","","","","","","","","","",""
"10/18/2024 4:10 pm","1847384700698186198","X","'@Reply","Text","'@MsAnichini"," ","https://twitter.com/MsAnichini/status/1847384700698186198","Last night, The Fund team honored Principal Maureen Delgado of @cpsclinton and Assistant Principal Brittany Tidwell-Bailey of Wendell Smith Elementary School and heard stories from Shannae Jackson, Iliana Rzodkiewicz, Marian Strok, and Bill Yeh.","","62","62","","","","678","4.84%","3","2","2","","","","","","","1","0","","","","0","0","0","","","","","","","","","","","","","","","","","","","","","","","","","","","","","","","","","","","",""
"10/18/2024 4:10 pm","1847384697372103003","X","Post","Photo","'@MsAnichini"," ","https://twitter.com/MsAnichini/status/1847384697372103003","#PrincipalPrideChi is truly my favorite time of year. In Chicago, the average district principal leads a 73-person team, manages a $8.9m budget, and is responsible for 519 students learning and thriving every day. They provide strong leadership, even amid political distractions. https://t.co/rvjiMfJCKj","https://x.com/MsAnichini/status/1847384697372103003/photo/1","361","361","","","","5,332","13.85%","50","11","11","","","","","","","1","4","","","","34","34","0","","","","","","","","","","","","","","","","","","","","","","","","","","","","","","","","","","","",""
"10/7/2024 11:50 am","1843333107933687854","X","Post","Photo","'@MsAnichini"," ","https://twitter.com/MsAnichini/status/1843333107933687854","Let me break through the political noise around Chicago's public schools to remind you that 634 principals are diligently working to welcome students and staff, demonstrating their leadership and commitment, which is ALWAYS worth celebrating, especially now. #PrincipalPrideChi https://t.co/Zo9Wr5HqC1","https://x.com/MsAnichini/status/1843333107933687854/photo/1","1,210","1,210","","","","28,628","9.42%","114","22","22","","","","","","","0","5","","0","","87","87","0","","","","","","","","","","","","","","","","","","","","","","","","","","","","","","","","","","","",""
"10/4/2024 4:00 pm","1842308884918141281","X","Post","Video","'@MsAnichini","Cheyane Bligen","https://twitter.com/MsAnichini/status/1842308884918141281","#PrincipalPrideChi is my favorite time of year! Chicago’s principals are truly unmatched. This month, we celebrate your unwavering dedication, compassion, and profound impact on our schools and communities. Happy Principal Appreciation Month! Be sure to #ThankAPrincipal https://t.co/dfY6gnRU6c","https://x.com/MsAnichini/status/1842308884918141281/video/1","313","313","","","","3,745","7.99%","25","8","8","","","","","","","0","1","","0","","16","16","0","","","","130","","","","","","","","","","","","","","","","","","","","","","","","","","","","","","","",""
"10/1/2024 12:45 pm","1841172536236679235","X","Post","Photo","'@MsAnichini"," ","https://twitter.com/MsAnichini/status/1841172536236679235","October 1 marks the launch of Principal Appreciation Month at @TheFundChicago. I'm sporting my favorite purple dress and new specs in support of leaders who manage budgets, juggle schedules, and center kids and families every day. #PrincipalPrideChi #MyJobisTheBestJob https://t.co/EtRATs8u6V","https://x.com/MsAnichini/status/1841172536236679235/photo/1","250","250","","","","3,745","10.8%","27","12","12","","","","","","","1","1","","0","","13","13","0","","","","","","","","","","","","","","","","","","","","","","","","","","","","","","","","","","","",""
"9/25/2024 1:08 pm","1839004055177515244","X","Post","Link","'@MsAnichini"," ","https://twitter.com/MsAnichini/status/1839004055177515244","🚨 Big news! I'm hiring a permanent Chief Operating Officer! 🎉

🔍 What we’re looking for:
- Passion for finance, HR, and development
- Team player who sees vendors as partners
- Strong collaborator
- Enjoys a lively lunch atmosphere
- MIssion-focused 
https://t.co/eNLd9haX8j","https://bit.ly/3XVSLxb","465","465","","","","21,129","10.32%","48","7","7","","","","","","","0","3","","18","","20","38","0","","","","","","","","","","","","","","","","","","","","","","","","","","","","","","","","","","","",""
"9/23/2024 4:55 pm","1838336400149610684","X","'@Reply","Link","'@MsAnichini"," ","https://twitter.com/MsAnichini/status/1838336400149610684","There are many historical fiction books set in the World War II era. I appreciated Mitch Albom's take on the impact of the war on Greece.
https://t.co/kkMIc5oMru","https://www.goodreads.com/book/show/112975105-the-little-liar","26","26","","","","678","0%","0","0","0","","","","","","","0","0","","0","","0","0","0","","","","","","","","","","","","","","","","","","","","","","","","","","","","","","","","","","","",""
"9/23/2024 4:55 pm","1838336397675237881","X","'@Reply","Link","'@MsAnichini"," ","https://twitter.com/MsAnichini/status/1838336397675237881","This book offers a new look at one of our country’s most significant leaders.
https://t.co/KkscAKJV8o","https://bookshop.org/p/books/king-a-life-a-life-jonathan-eig/18775295?ean=9780374279295","26","26","","","","678","3.85%","1","0","0","","","","","","","1","0","","0","","0","0","0","","","","","","","","","","","","","","","","","","","","","","","","","","","","","","","","","","","",""
"9/23/2024 4:55 pm","1838336395166748963","X","'@Reply","Link","'@MsAnichini"," ","https://twitter.com/MsAnichini/status/1838336395166748963","I adore Isabelle Allende’s books, and this book by Ingrid Rojas Contreras offers similar insight into the recent past.
https://t.co/k1vg9ASUfn","https://bookshop.org/p/books/fruit-of-the-drunken-tree-ingrid-rojas-contreras/7365206?ean=9780525434313","3","3","","","","678","33.33%","1","0","0","","","","","","","1","0","","0","","0","0","0","","","","","","","","","","","","","","","","","","","","","","","","","","","","","","","","","","","",""
"9/23/2024 4:55 pm","1838336392667013288","X","'@Reply","Link","'@MsAnichini"," ","https://twitter.com/MsAnichini/status/1838336392667013288","Dolen Perkins-Valdez’s book is historical fiction, but it made me want to know more about the true stories of ""Medical Apartheid,"" especially in a world where quality, representative, and inclusive health care remains a profound social justice issue.

https://t.co/jmhC9oa5VJ","https://bookshop.org/p/books/take-my-hand-dolen-perkins-valdez/17556269?ean=9780593337714","3","3","","","","678","33.33%","1","0","0","","","","","","","1","0","","0","","0","0","0","","","","","","","","","","","","","","","","","","","","","","","","","","","","","","","","","","","",""
"9/23/2024 4:55 pm","1838336390406287380","X","'@Reply","Text","'@MsAnichini"," ","https://twitter.com/MsAnichini/status/1838336390406287380","Our conversation also brought me back to my sabbatical promise to read voraciously and share some of my favorites. Inspired by Dr. Kotis’ love of history (and all things Greek), here are four books I loved this summer from VERY different genres and authors:","","11","11","","","","678","9.09%","1","0","0","","","","","","","1","0","","","","0","0","0","","","","","","","","","","","","","","","","","","","","","","","","","","","","","","","","","","","",""
"9/23/2024 4:55 pm","1838336387646431641","X","Post","Photo","'@MsAnichini"," ","https://twitter.com/MsAnichini/status/1838336387646431641","Recently, I visited Dr. Nicholas Kotis at @StallionNews  Elementary with The Fund team. We were inspired by his leadership and discussed the inspirations for his work, including how an Epcot image motivates his communication with his team and families. https://t.co/ow2ID4tJii","https://x.com/MsAnichini/status/1838336387646431641/photo/1","76","76","","","","678","5.26%","4","0","0","","","","","","","1","0","","","","3","3","0","","","","","","","","","","","","","","","","","","","","","","","","","","","","","","","","","","","",""
"8/30/2024 11:38 am","1829559436488167696","X","Post","Photo","'@MsAnichini"," ","https://twitter.com/MsAnichini/status/1829559436488167696","This week, I benefited from a gentle re-entry with meaningful meetings and small comforts like a welcome note and donuts. Huge thanks to everyone for the warm welcome back! #ReturnToWork #MyTeamIsTheBestTeam #PrincipalPrideChi https://t.co/nJjXokcJLS","https://x.com/MsAnichini/status/1829559436488167696/photo/1","326","326","","","","3,745","15.34%","50","9","9","","","","","","","1","1","","","","38","38","1","","","","","","","","","","","","","","","","","","","","","","","","","","","","","","","","","","","",""
"8/28/2024 4:27 pm","1828907321034191240","X","Post","Photo","'@MsAnichini"," ","https://twitter.com/MsAnichini/status/1828907321034191240","I am returning from my sabbatical just in time for the first week of school! Today, I had the pleasure of visiting Northwest Middle and Gray Elementary, engaging with their principals, and learning about their aspirations for the upcoming year. #BacktoSchool @TheFundChicago https://t.co/LXHYPyqlHw","https://x.com/MsAnichini/status/1828907321034191240/photo/1","211","211","","","","3,745","6.16%","13","1","1","","","","","","","0","1","","","","11","11","0","","","","","","","","","","","","","","","","","","","","","","","","","","","","","","","","","","","",""
"8/26/2024 7:05 am","1828040996761809146","X","Post","Video","'@MsAnichini"," ","https://twitter.com/MsAnichini/status/1828040996761809146","Wishing all my principal, teacher, staff, student, and caregiver friends a happy first day of school! May it be a safe day, full of learning and laughter, and the start to your best school year yet. You got this! https://t.co/A4yUzZLZLX","https://x.com/MsAnichini/status/1828040996761809146/photo/1","36","36","","","","678","2.78%","1","0","0","","","","","","","0","0","","","","1","1","0","","","","11","","","","","","","","","","","","","","","","","","","","","","","","","","","","","","","",""
"5/31/2024 5:33 pm","1796671376868126782","X","Post","Text","'@MsAnichini"," ","https://twitter.com/MsAnichini/status/1796671376868126782","As we close out #MentalHealthAwareness Month, I’m excited to embrace a much-needed sabbatical. If you want to share information with my team or the broader community, contact @CheyaneBligen. She'll make sure we elevate your news. #PrincipalPrideChi does NOT take the summers off!","","161","161","","","","3,758","8.07%","13","3","3","","","","","","","0","2","","","","8","8","0","","","","","","","","","","","","","","","","","","","","","","","","","","","","","","","","","","","",""
"5/24/2024 3:49 pm","1794108555118686660","X","Post","Photo","'@MsAnichini"," ","https://twitter.com/MsAnichini/status/1794108555118686660","Congratulations to Deputy Chief of Schools — @Network13T José Torres and the second cohort of the @MCELLeaders National Leadership Institute fellowship. I am excited to watch your leadership development! https://t.co/gAfdZ75SZN","https://x.com/MsAnichini/status/1794108555118686660/photo/1","393","393","","","","2,245","25.45%","100","11","11","","","","","","","1","2","","","","85","85","1","","","","","","","","","","","","","","","","","","","","","","","","","","","","","","","","","","","",""
"5/21/2024 3:53 pm","1793022443986002057","X","Post","Photo","'@MsAnichini"," ","https://twitter.com/MsAnichini/status/1793022443986002057","Always inspired at Phoenix, and today was no exception! I heard from dozens of principals and their teams leading with student-centered innovation citywide. Chicago’s educators are on the cutting edge in support of our communities and schools. #chicagopridechi https://t.co/8vJRBKQ2P6","https://x.com/MsAnichini/status/1793022443986002057/photo/1","434","434","","","","5,416","14.52%","63","16","16","","","","","","","0","5","","","","42","42","0","","","","","","","","","","","","","","","","","","","","","","","","","","","","","","","","","","","",""
"5/21/2024 1:49 pm","1792991048639164698","X","Quote","Link","'@MsAnichini"," ","https://twitter.com/MsAnichini/status/1792991048639164698","Amazing!🙌 ","https://twitter.com/MClarkEagles/status/1792983779260170281","116","116","","","","678","7.76%","9","2","2","","","","","","","0","0","","0","","7","7","0","","","","","","","","","","","","","","","","","","","","","","","","","","","","","","","","","","","",""
"5/3/2024 1:51 pm","1786468681263812851","X","'@Reply","Text","'@MsAnichini"," ","https://twitter.com/MsAnichini/status/1786468681263812851","'@pjkarafiol @LakeViewHS Beautiful!","","18","18","","","","","5.56%","1","0","0","","","","","","","0","0","","","","1","1","0","","","","","","","","","","","","","","","","","","","","","","","","","","","","","","","","","","","",""
"5/3/2024 1:47 pm","1786467582704308296","X","'@Reply","Text","'@MsAnichini"," ","https://twitter.com/MsAnichini/status/1786467582704308296","'@MClarkEagles @DevinMSwartley @ASCD @WGNTV @trpresdrj @ChicagosMayor Of COURSE! Everyone (kittens, too!) wants to be a part of the @MClarkEagles family!","","33","33","","","","","3.03%","1","1","1","","","","","","","0","0","","","","0","0","0","","","","","","","","","","","","","","","","","","","","","","","","","","","","","","","","","","","",""
"5/1/2024 7:46 pm","1785833111600673178","X","'@Reply","Text","'@MsAnichini"," ","https://twitter.com/MsAnichini/status/1785833111600673178","'@TheFundChicago @APMABulldogs This was the best part of my day. We saw strong instruction in English and Spanish, authentic connections among students, and a deep appreciation for the power of empathy and co-creation. #ChicagoPrideChi every day.","","158","158","","","","3,067","10.13%","16","5","5","","","","","","","1","1","","","","9","9","0","","","","","","","","","","","","","","","","","","","","","","","","","","","","","","","","","","","",""
"5/1/2024 8:44 am","1785666695492682228","X","Post","Video","'@MsAnichini"," ","https://twitter.com/MsAnichini/status/1785666695492682228","It's May 1, which is NATIONAL Principal Appreciation Day! Chicago's principals lead the nation in retention and innovation and @TheFundChicago team and I are grateful every day to learn from and alongside them! They really DO ""rock"" and ""rule!"" https://t.co/nipuyIogbl","https://x.com/MsAnichini/status/1785666695492682228/photo/1","154","154","","","","3,745","4.55%","7","3","3","","","","","","","0","1","","","","3","3","0","","","","47","","","","","","","","","","","","","","","","","","","","","","","","","","","","","","","",""
"4/23/2024 8:01 pm","1782937996397785267","X","Quote","Link","'@MsAnichini"," ","https://twitter.com/MsAnichini/status/1782937996397785267","One of the many ways my team is great: They have excellent taste in books. Check out a few of their favs, and be sure to share your own. ","https://twitter.com/TheFundChicago/status/1782892027866149187","229","229","","","","678","6.55%","15","5","5","","","","","","","0","0","","0","","10","10","0","","","","","","","","","","","","","","","","","","","","","","","","","","","","","","","","","","","",""
"4/22/2024 10:45 am","1782435656901239094","X","Quote","Link","'@MsAnichini"," ","https://twitter.com/MsAnichini/status/1782435656901239094","I know this is an area of focus for many leaders and schools. Check out this session from our partners at @ilprincipals later this month! ","https://twitter.com/ilprincipals/status/1782429206531498256","619","619","","","","12,633","2.42%","15","2","2","","","","","","","0","1","","0","","12","12","0","","","","","","","","","","","","","","","","","","","","","","","","","","","","","","","","","","","",""
"4/16/2024 4:48 pm","1780352502979797353","X","Post","Photo","'@MsAnichini"," ","https://twitter.com/MsAnichini/status/1780352502979797353","At the 2024 @asugsvsummit, learning from innovative and courageous women at every turn. What a gift to be still, listen, and grow. As I celebrate 12 years into this role, I am grateful for those gifts and the educators I learn alongside daily. #ASUGSVSummit #ContinuousLearning https://t.co/h3D7so0mTR","https://x.com/MsAnichini/status/1780352502979797353/photo/1","132","132","","","","678","22.73%","30","6","6","","","","","","","0","0","","","","24","24","0","","","","","","","","","","","","","","","","","","","","","","","","","","","","","","","","","","","",""
"4/10/2024 5:34 pm","1778189967073878070","X","Post","Link","'@MsAnichini"," ","https://twitter.com/MsAnichini/status/1778189967073878070","LSC voting continues at elementary schools through 7 p.m. tonight, and high school voting will occur tomorrow. My colleague Patricia Mota tells you more about these critical partners in the work of our schools here: https://t.co/rJvRPWhz9D.","https://bit.ly/3xqhLSC","109","109","","","","678","4.59%","5","0","0","","","","","","","0","0","","0","","5","5","0","","","","","","","","","","","","","","","","","","","","","","","","","","","","","","","","","","","",""
"4/5/2024 9:17 am","1776252879663243632","X","'@Reply","Text","'@MsAnichini"," ","https://twitter.com/MsAnichini/status/1776252879663243632","'@RoddyTheobald @sbanchero This is very interesting and helpful.","","27","27","","","","","11.11%","3","0","0","","","","","","","0","0","","","","3","3","0","","","","","","","","","","","","","","","","","","","","","","","","","","","","","","","","","","","",""
"4/1/2024 2:04 pm","1774875394111316472","X","Post","Video","'@MsAnichini"," ","https://twitter.com/MsAnichini/status/1774875394111316472","Happy Assistant Appreciation (AP) Week! Join us at @TheFundChicago as we celebrate the work of our phenomenal APs. #CPSrunsonAPs #APpreciationWeek https://t.co/bO74jlNraB","https://x.com/MsAnichini/status/1774875394111316472/video/1","210","210","","","","3,758","8.57%","18","5","5","","","","","","","0","2","","","","11","11","0","","","","51","","","","","","","","","","","","","","","","","","","","","","","","","","","","","","","",""
"4/1/2024 10:20 am","1774819187518529988","X","'@Reply","Link","'@MsAnichini"," ","https://twitter.com/MsAnichini/status/1774819187518529988","Check it out: You can submit a shout-out or a video here... https://t.co/IDu7Ipqg9q!","https://forms.gle/aLP3sV3TwoGnDT448","47","47","","","","678","0%","0","0","0","","","","","","","0","0","","0","","0","0","0","","","","","","","","","","","","","","","","","","","","","","","","","","","","","","","","","","","",""
"4/1/2024 10:17 am","1774818471647326474","X","Post","Text","'@MsAnichini"," ","https://twitter.com/MsAnichini/status/1774818471647326474","It is Assistant Principal Appreciation Week! Be sure to shout out the APs that are making a difference in your life.  #CPSrunsonAPs","","261","261","","","","3,996","6.13%","16","2","2","","","","","","","1","2","","","","11","11","0","","","","","","","","","","","","","","","","","","","","","","","","","","","","","","","","","","","",""
"3/14/2024 1:42 pm","1768346947549577483","X","Post","Video","'@MsAnichini"," ","https://twitter.com/MsAnichini/status/1768346947549577483","Happy Pi Day, friends! https://t.co/0OhCufW6VB","https://x.com/MsAnichini/status/1768346947549577483/video/1","74","74","","","","678","5.41%","4","3","3","","","","","","","0","0","","","","1","1","0","","","","23","","","","","","","","","","","","","","","","","","","","","","","","","","","","","","","",""
"3/4/2024 5:44 pm","1764798997351272886","X","'@Reply","Text","'@MsAnichini"," ","https://twitter.com/MsAnichini/status/1764798997351272886","'@DAndreWeaver @TheFundChicago YES! Love this (and my kiddos are SO jealous that you got to meet Elmo... even the big kids!)...","","39","39","","","","","7.69%","3","1","1","","","","","","","0","0","","","","2","2","0","","","","","","","","","","","","","","","","","","","","","","","","","","","","","","","","","","","",""
"2/20/2024 7:24 pm","1760113273016340593","X","Post","Link","'@MsAnichini"," ","https://twitter.com/MsAnichini/status/1760113273016340593","Excited to explore this year's Design Challenge? 
Tune into our upcoming webinar! 
Wednesday, February 21 at 4:00 p.m. https://t.co/m1CsQ6XoGi 
Register now.","https://us02web.zoom.us/meeting/register/tZYpcOygqz0jHNUjk9Wbkk5vvoo0Rc7pHpRJ#/registration","191","191","","","","3,745","5.24%","10","2","2","","","","","","","0","1","","0","","7","7","0","","","","","","","","","","","","","","","","","","","","","","","","","","","","","","","","","","","",""
"2/7/2024 8:12 pm","1755414231078318557","X","Post","Link","'@MsAnichini"," ","https://twitter.com/MsAnichini/status/1755414231078318557","The Design Challenge is here! This year's challenge is focused on applying design thinking to a school-specific challenge impacting a priority focus group of students, staff, or caregivers. We want to hear from YOU! https://t.co/aD7tIeg0c9","https://thefundchicago.brightidea.com/designchallenge2024","110","110","","","","678","0.91%","1","0","0","","","","","","","0","0","","0","","1","1","0","","","","","","","","","","","","","","","","","","","","","","","","","","","","","","","","","","","",""
"1/30/2024 8:14 pm","1752515692664852548","X","'@Reply","Text","'@MsAnichini"," ","https://twitter.com/MsAnichini/status/1752515692664852548","'@_cwconsulting @TheFundChicago @ilprincipals @canderson311 @CpsLeaders @MrsChauvinSW @KatieKinder1 @dbc_inc @NCMiddle @ChiPubSchools @MClarkEagles @SchoolProK12 @AshlynSparrow @MikeREarnshaw @PrincipalKafele So grateful for BOTH of you and all you do!","","88","88","","","","","15.91%","14","5","5","","","","","","","0","0","","","","9","9","0","","","","","","","","","","","","","","","","","","","","","","","","","","","","","","","","","","","",""
"1/9/2024 8:54 am","1744734419129418007","X","Quote","Link","'@MsAnichini"," ","https://twitter.com/MsAnichini/status/1744734419129418007","2023 was quite a year for the @MClarkEagles and so many other school communities. Looking forward to an even better 2024! ","https://x.com/MClarkEagles/status/1741520815609241646","165","165","","","","678","8.48%","14","4","4","","","","","","","0","0","","0","","10","10","0","","","","","","","","","","","","","","","","","","","","","","","","","","","","","","","","","","","",""
"12/21/2023 6:31 pm","1737994326414663870","X","Post","Video","'@MsAnichini"," ","https://twitter.com/MsAnichini/status/1737994326414663870","Educator and parent/guardian friends, we are THIS CLOSE to break. We got this! https://t.co/1cwwxsPrtJ","https://x.com/MsAnichini/status/1737994326414663870/photo/1","109","109","","","","678","14.68%","16","7","7","","","","","","","0","0","","","","9","9","0","","","","42","","","","","","","","","","","","","","","","","","","","","","","","","","","","","","","",""
"12/6/2023 4:05 pm","1732521793414406548","X","Post","Photo","'@MsAnichini"," ","https://twitter.com/MsAnichini/status/1732521793414406548","Grateful for this team and all the incredible work we get to do together. https://t.co/W8oOgvOD9f","https://x.com/MsAnichini/status/1732521793414406548/photo/1","181","181","","","","678","24.86%","45","7","7","","","","","","","0","0","","","","38","38","0","","","","","","","","","","","","","","","","","","","","","","","","","","","","","","","","","","","",""
"11/28/2023 6:31 am","1729478230971748358","X","Quote","Link","'@MsAnichini"," ","https://twitter.com/MsAnichini/status/1729478230971748358","Worth a listen. As an educator and a parent, I appreciated the insights shared. ","https://x.com/ISTEofficial/status/1728816384342114774","193","193","","","","678","4.15%","8","2","2","","","","","","","1","0","","0","","5","5","0","","","","","","","","","","","","","","","","","","","","","","","","","","","","","","","","","","","",""
"11/3/2023 11:44 am","1720482154658893960","X","Post","Link","'@MsAnichini"," ","https://twitter.com/MsAnichini/status/1720482154658893960","#PrincipalPrideChi was incredible. I'm ending the week reliving our Storytelling event, which was absolutely #TransformationalLeadership in action!
https://t.co/tVD8JZkt0z","https://vimeo.com/878733602/1f355f719d","93","93","","","","678","5.38%","5","3","3","","","","","","","0","0","","0","","2","2","0","","","","","","","","","","","","","","","","","","","","","","","","","","","","","","","","","","","",""
"10/24/2023 6:19 pm","1716957622199361869","X","Quote","Link","'@MsAnichini"," ","https://twitter.com/MsAnichini/status/1716957622199361869","Clyde King of @AsheEagles is a long-time partner of @TheFundChicago. Our team has learned so much about #TransformationalLeadership from him over the years. #PrincipalPrideChi is ALL about leaders like Clyde! ","https://x.com/TheFundChicago/status/1716864378799337975","447","447","","","","3,745","3.13%","14","5","5","","","","","","","0","1","","0","","8","8","0","","","","","","","","","","","","","","","","","","","","","","","","","","","","","","","","","","","",""
"10/20/2023 12:01 pm","1715412895222153409","X","Post","Photo","'@MsAnichini"," ","https://twitter.com/MsAnichini/status/1715412895222153409","Listening to stories of #TransformationalLeadership was a highlight of my year! The team @FieldMuseum, our partners @Chi_PubSchools and our team @TheFundChicago showed up in all the ways for #PrincipalPrideChi. https://t.co/jlXhUf98DV","https://x.com/MsAnichini/status/1715412895222153409/photo/1","241","241","","","","1,817","8.71%","21","7","7","","","","","","","0","1","","","","13","13","0","","","","","","","","","","","","","","","","","","","","","","","","","","","","","","","","","","","",""
"10/10/2023 5:39 pm","1711874084722631054","X","Post","Link","'@MsAnichini"," ","https://twitter.com/MsAnichini/status/1711874084722631054","Whenever the world presents some overwhelming horror, I am reminded that educators do the hard work of unpacking that complexity with our young people. I am grateful for the resources and sentiment here: https://t.co/EOG1DF8Bh1.","https://www.sdcoe.net/about-sdcoe/news/post/~board/news","121","121","","","","678","6.61%","8","1","1","","","","","","","1","0","","5","","1","6","0","","","","","","","","","","","","","","","","","","","","","","","","","","","","","","","","","","","",""
"10/2/2023 7:28 am","1708821330538225791","X","Post","Video","'@MsAnichini"," ","https://twitter.com/MsAnichini/status/1708821330538225791","I have been trying to film this video since 5:45 AM! Here's the rough cut. It isn't perfect, but it hits the high notes: #PrincipalPrideChi is back, and we are so grateful for the #TransformationalLeadership principals show citywide. https://t.co/zPyWDlQMxn","https://x.com/MsAnichini/status/1708821330538225791/video/1","3,158","3,158","","","","4,884","3.32%","105","23","23","","","","","","","0","2","","","","80","80","0","","","","576","","","","","","","","","","","","","","","","","","","","","","","","","","","","","","","",""
"10/1/2023 7:01 am","1708452053675081757","X","Post","Link","'@MsAnichini"," ","https://twitter.com/MsAnichini/status/1708452053675081757","It's BACK! #PrincipalPrideChi starts TODAY. @TheFundChicago makes recognizing our school leaders easy. Use the toolkit to shout out #TransformationalLeadership this October (and all year round). https://t.co/bqg1VgUrzT","https://thefundchicago.org/wp-content/uploads/2023/09/Principal-Appreciation-Campaign-Digital-Toolkit-2023.pdf","166","166","","","","5,982","9.04%","15","3","3","","","","","","","0","1","","2","","9","11","0","","","","","","","","","","","","","","","","","","","","","","","","","","","","","","","","","","","",""
"10/1/2023 6:11 am","1708439600610394365","X","Quote","Link","'@MsAnichini"," ","https://twitter.com/MsAnichini/status/1708439600610394365","Very excited to see the work of @NLCCPS featured this week! ","https://x.com/CPSCEdoBogdana/status/1707515685297881116","257","257","","","","678","6.23%","16","3","3","","","","","","","0","0","","0","","13","13","0","","","","","","","","","","","","","","","","","","","","","","","","","","","","","","","","","","","",""
"9/26/2023 6:09 pm","1706808353828086258","X","Quote","Link","'@MsAnichini"," ","https://twitter.com/MsAnichini/status/1706808353828086258","Excited to see the work of Josh Long and his team at Southside Occupational featured! Their commitment to delivering the support our students deserve is inspiring. https://t.co/G8LHPeKrH5 @soaprincipal ","https://www.facebook.com/watch/?v=322932892354627, https://x.com/ChicagosMayor/status/1706458565127311774","84","84","","","","678","1.19%","1","0","0","","","","","","","0","0","","1","","0","1","0","","","","","","","","","","","","","","","","","","","","","","","","","","","","","","","","","","","",""
"9/20/2023 7:54 am","1704479026407002274","X","Post","Link","'@MsAnichini"," ","https://twitter.com/MsAnichini/status/1704479026407002274","Starting the day reading about @ReginaLatimer and her team. As someone who struggled to learn (and teach) math, I appreciate the focus on both the fundamentals and the FUN. Excited to learn from the work @EarleStem in the year ahead. https://t.co/au3pCXwzlD","https://chicago.suntimes.com/education/2023/9/19/23880784/how-chicago-public-schools-plans-improve-math-scores","472","472","","","","3,745","9.32%","44","9","9","","","","","","","0","1","","8","","25","33","1","","","","","","","","","","","","","","","","","","","","","","","","","","","","","","","","","","","",""
"9/7/2023 4:49 pm","1699902625754554608","X","Quote","Link","'@MsAnichini"," ","https://twitter.com/MsAnichini/status/1699902625754554608","Local School Councils are a critical part of our school communities. Join the team to learn more on September 21! ","https://x.com/ChiPubSchools/status/1699059916105998480","304","304","","","","1,546","2.63%","8","2","2","","","","","","","0","1","","0","","5","5","0","","","","","","","","","","","","","","","","","","","","","","","","","","","","","","","","","","","",""
"8/31/2023 12:17 pm","1697297551735590956","X","Post","Photo","'@MsAnichini"," ","https://twitter.com/MsAnichini/status/1697297551735590956","What a gift! Our team @TheFundChicago spent the morning learning from @canderson311 and his team at @MClarkEagles. It is ALWAYS a great day to be an Eagle! https://t.co/bLBu37QQKC","https://x.com/MsAnichini/status/1697297551735590956/photo/1","549","549","","","","678","10.75%","59","15","15","","","","","","","1","0","","","","43","43","0","","","","","","","","","","","","","","","","","","","","","","","","","","","","","","","","","","","",""
"8/21/2023 6:10 pm","1693762431124640153","X","Quote","Link","'@MsAnichini"," ","https://twitter.com/MsAnichini/status/1693762431124640153","So many great first-day posts. Congratulations to all the educators, scholars, and families who made today happen. ","https://x.com/WBEZeducation/status/1693631459137896455","173","173","","","","678","1.73%","3","0","0","","","","","","","0","0","","0","","3","3","0","","","","","","","","","","","","","","","","","","","","","","","","","","","","","","","","","","","",""
"8/21/2023 6:06 pm","1693761504699421073","X","'@Reply","Text","'@MsAnichini"," ","https://twitter.com/MsAnichini/status/1693761504699421073","'@MClarkEagles @ChiPubSchools @_cwconsulting @canderson311 @VernonRDriskell @trpresdrj @ChicagosMayor @ChicagoCAPS15 @BpopeTV @PedroCPSCEO @spetersonklosa @CPSCEdoBogdana @CpsLeaders @ramonski_luv @WmStubbs @BurtonABC7 @TBrownABC7 @StandTallSteve It is ALWAYS a great day to be an Eagle! :)","","79","79","","","","","6.33%","5","3","3","","","","","","","0","0","","","","2","2","0","","","","","","","","","","","","","","","","","","","","","","","","","","","","","","","","","","","",""
"8/20/2023 5:52 pm","1693395609829384326","X","Post","Text","'@MsAnichini"," ","https://twitter.com/MsAnichini/status/1693395609829384326","FIRST DAY IS ALMOST HERE. I can feel the ALL CAPS excitement (and the first-day jitters) in the emails, texts, and posts this weekend. Kid #4 has two different first-day outfit options - both with light-up shoes. We got this!","","129","129","","","","678","3.88%","5","3","3","","","","","","","0","0","","","","2","2","0","","","","","","","","","","","","","","","","","","","","","","","","","","","","","","","","","","","",""
"7/5/2023 5:56 pm","1676726850360418304","X","Post","Link","'@MsAnichini"," ","https://twitter.com/MsAnichini/status/1676726850360418304","Excited to see applications and interest forms coming in for PLC and Masterclass participants. The 2023-24 Program Year is going to be incredible for YOU! (Looking at you, principal, AP, and teacher-leader friends...) Join us! https://t.co/t44ch0MqnG","http://bit.ly/thefundprograms2023","300","300","","","","2,120","9.33%","28","4","4","","","","","","","0","1","","12","","11","23","0","","","","","","","","","","","","","","","","","","","","","","","","","","","","","","","","","","","",""
"6/8/2023 3:34 pm","1666906567982080026","X","'@Reply","Text","'@MsAnichini"," ","https://twitter.com/MsAnichini/status/1666906567982080026","'@EAlvarezD91 | @Fatima_Cooke | @CPSCEdoBogdana | @BridgetLeeChi | @BeNobleSchools | @ChiPubSchools | @TFA_ChicagoNWI","","24","24","","","","","0%","0","0","0","","","","","","","0","0","","","","0","0","0","","","","","","","","","","","","","","","","","","","","","","","","","","","","","","","","","","","",""
"6/8/2023 3:34 pm","1666906566283386899","X","Post","Photo","'@MsAnichini"," ","https://twitter.com/MsAnichini/status/1666906566283386899","“Comfort and growth never coexist.” Listening to Ginni Rometty at the @TCNChicago event today. The women at our table have been a huge part of my growth; grateful to honor their leadership today. [1/2] https://t.co/9I7pNvpkHt","https://x.com/MsAnichini/status/1666906566283386899/photo/1","382","382","","","","678","10.73%","41","10","10","","","","","","","2","0","","","","29","29","0","","","","","","","","","","","","","","","","","","","","","","","","","","","","","","","","","","","",""
"5/31/2023 1:26 pm","1663975228504981510","X","'@Reply","Text","'@MsAnichini"," ","https://twitter.com/MsAnichini/status/1663975228504981510","It is a testament to one of Chicago’s strengths — uniting diverse stakeholders in pursuit of supporting strong educators and school communities.
@JesseRuizEsq @canderson311 
#chicago #brandonjohnson #chicagomayor","","87","87","","","","678","3.45%","3","2","2","","","","","","","0","0","","","","1","1","0","","","","","","","","","","","","","","","","","","","","","","","","","","","","","","","","","","","",""
"5/31/2023 1:26 pm","1663975227355742213","X","'@Reply","Text","'@MsAnichini"," ","https://twitter.com/MsAnichini/status/1663975227355742213","Education Subcommittee Co-Chair and Fund Director Jesse Ruiz led a productive discussion around how members and their organizations can best support Mayor Johnson’s education priorities. [2/3]","","136","136","","","","678","0%","0","0","0","","","","","","","0","0","","","","0","0","0","","","","","","","","","","","","","","","","","","","","","","","","","","","","","","","","","","","",""
"5/31/2023 1:26 pm","1663975225573163029","X","Post","Photo","'@MsAnichini"," ","https://twitter.com/MsAnichini/status/1663975225573163029","I was pleased to join the second Education Subcommittee meeting, which is supporting Mayor Johnson’s administration, last week. [1/3] https://t.co/jRqLAMKATA","https://x.com/MsAnichini/status/1663975225573163029/photo/1","285","285","","","","678","7.37%","21","6","6","","","","","","","1","0","","","","14","14","0","","","","","","","","","","","","","","","","","","","","","","","","","","","","","","","","","","","",""
"5/27/2023 7:40 pm","1662619903986221063","X","Quote","Link","'@MsAnichini"," ","https://twitter.com/MsAnichini/status/1662619903986221063","It is ALWAYS a great day to be an Eagle! The Anichini-Youngs had so much fun at the @MClarkEagles 5K today. Congratulations to @canderson311 and team for hosting such a great start to this long weekend. ","https://x.com/MClarkEagles/status/1662521628037730305","410","410","","","","678","7.07%","29","6","6","","","","","","","0","0","","0","","23","23","0","","","","","","","","","","","","","","","","","","","","","","","","","","","","","","","","","","","",""
"5/22/2023 2:31 pm","1660730192615157760","X","'@Reply","Text","'@MsAnichini"," ","https://twitter.com/MsAnichini/status/1660730192615157760","Hope Chicago isn’t just talking about it; they are doing it (to the tune of $143 million in social impact for us all!).","","69","69","","","","678","1.45%","1","1","1","","","","","","","0","0","","","","0","0","0","","","","","","","","","","","","","","","","","","","","","","","","","","","","","","","","","","","",""
"5/22/2023 2:31 pm","1660730190958305280","X","Post","Photo","'@MsAnichini"," ","https://twitter.com/MsAnichini/status/1660730190958305280","The Fund team was excited to support Dr. @janicejackson at @CityClubChicago today. Her vision for @HopeChicagoEdu is inspiring. We have a responsibility to ensure our young people have the resources they need to graduate college on a path to economic prosperity. [1/2] https://t.co/lv0OL6LWef","https://x.com/MsAnichini/status/1660730190958305280/photo/1","642","642","","","","2,521","4.98%","32","13","13","","","","","","","1","1","","","","17","17","0","","","","","","","","","","","","","","","","","","","","","","","","","","","","","","","","","","","",""
"5/15/2023 5:10 pm","1658233400904372226","X","'@Reply","Text","'@MsAnichini"," ","https://twitter.com/MsAnichini/status/1658233400904372226","Mayor Johnson, City Clerk Valencia, Treasurer Conyears-Ervin, and the entire City Council pledged to ensure the government serves the people. The Fund team and I look forward to supporting them in that service in the years ahead. #chicago #brandonjohnson #chicagomayor [2/2]","","98","98","","","","678","0%","0","0","0","","","","","","","0","0","","","","0","0","0","","","","","","","","","","","","","","","","","","","","","","","","","","","","","","","","","","","",""
"5/15/2023 5:10 pm","1658233396877828096","X","Post","Photo","'@MsAnichini"," ","https://twitter.com/MsAnichini/status/1658233396877828096","It was an honor to be at the City of Chicago Inauguration today with Michele Clark High School Principal Charles Anderson and BUILD CEO Adam Alonso. The energy in the room for the next chapter of Chicago’s story was electric. [1/2] https://t.co/6yDftg5i6O","https://x.com/MsAnichini/status/1658233396877828096/photo/1","296","296","","","","678","7.09%","21","6","6","","","","","","","1","0","","","","14","14","0","","","","","","","","","","","","","","","","","","","","","","","","","","","","","","","","","","","",""
"5/13/2023 6:22 pm","1657526695060963330","X","Quote","Link","'@MsAnichini"," ","https://twitter.com/MsAnichini/status/1657526695060963330","YES!!! Love seeing this! Congrats to @BroncoSociety  and Karen Calloway for the @Teach_Golden acknowledgment of your dedication. ","https://x.com/BroncoSociety/status/1657149202709860356","301","301","","","","1,249","2.99%","9","5","5","","","","","","","0","1","","0","","3","3","0","","","","","","","","","","","","","","","","","","","","","","","","","","","","","","","","","","","",""
"5/5/2023 9:08 am","1654488201845719040","X","Post","Photo","'@MsAnichini"," ","https://twitter.com/MsAnichini/status/1654488201845719040","Congratulations to the incredible Bridget Lee for receiving a Surge Changemaker of the Year Award. No matter the task, Bridget centers young people as her why and lives her values out loud. I feel fortunate to work with and learn from her every day! https://t.co/jCmnUh6AI2","https://x.com/MsAnichini/status/1654488201845719040/photo/1","140","140","","","","678","2.14%","3","3","3","","","","","","","0","0","","","","0","0","0","","","","","","","","","","","","","","","","","","","","","","","","","","","","","","","","","","","",""
"4/24/2023 10:10 am","1650517479053983745","X","Quote","Link","'@MsAnichini"," ","https://twitter.com/MsAnichini/status/1650517479053983745","Thanks to @AdvanceIllinois, @JoyceFdn, and the Vivo Foundation for bringing us together. ","https://x.com/MsAnichini/status/1650517377514086407","127","127","","","","678","11.81%","15","4","4","","","","","","","0","0","","0","","11","11","0","","","","","","","","","","","","","","","","","","","","","","","","","","","","","","","","","","","",""
"4/24/2023 10:09 am","1650517377514086407","X","Post","Photo","'@MsAnichini"," ","https://twitter.com/MsAnichini/status/1650517377514086407","Excited to start my day hearing from new @@ISBEnews leader Dr. @TonySandersSupt and Chair Dr. @StevenIsoye, who reminded us that Illinois schools serve nearly 2 million young people. “We have the moral imperative to change the system until it works for all children.” https://t.co/e77fiYLGqK","https://x.com/MsAnichini/status/1650517377514086407/photo/1","245","245","","","","678","5.71%","14","1","1","","","","","","","0","0","","","","13","13","0","","","","","","","","","","","","","","","","","","","","","","","","","","","","","","","","","","","",""
"4/20/2023 6:52 pm","1649199298385522689","X","Post","Text","'@MsAnichini"," ","https://twitter.com/MsAnichini/status/1649199298385522689","Started my day with one of my favorite Principals and all of my favorite Network Chiefs. Ended my day writing notes of appreciation and birthday cards. I will be in bed by 10, right after I check homework and pack lunches. Today was a win!","","311","311","","","","678","9.97%","31","10","10","","","","","","","1","0","","","","20","20","0","","","","","","","","","","","","","","","","","","","","","","","","","","","","","","","","","","","",""
"4/12/2023 7:32 am","1646129220534296576","X","Post","Text","'@MsAnichini"," ","https://twitter.com/MsAnichini/status/1646129220534296576","It's survey time! If you haven't completed your Principal or Assistant Principal Engagement Survey, please take a few minutes to do so today. We (always) want to hear from you!","","254","254","","","","3,745","3.15%","8","3","3","","","","","","","0","1","","","","4","4","0","","","","","","","","","","","","","","","","","","","","","","","","","","","","","","","","","","","",""
"3/21/2023 5:20 am","1638123437708247040","X","Quote","Link","'@MsAnichini"," ","https://twitter.com/MsAnichini/status/1638123437708247040","'@canderson311 and his team are at it again! Another inspiring story out of @MClarkEagles! ","https://x.com/MClarkEagles/status/1637982534842609671","17","17","","","","","11.76%","2","0","0","","","","","","","0","0","","0","","2","2","0","","","","","","","","","","","","","","","","","","","","","","","","","","","","","","","","","","","",""
"3/14/2023 9:22 am","1635647502807445504","X","Post","Photo","'@MsAnichini"," ","https://twitter.com/MsAnichini/status/1635647502807445504","Have you set your professional development goals for the 2023-24 school year? Find opportunities to help you meet them via our Common Program Application: 
https://t.co/jIiuJoZBCq https://t.co/ycv1oqQ8IW","https://lead.cps.edu/program/common-application/, https://x.com/MsAnichini/status/1635647502807445504/photo/1","124","124","","","","1,308","9.68%","12","3","3","","","","","","","0","1","","2","","6","8","0","","","","","","","","","","","","","","","","","","","","","","","","","","","","","","","","","","","",""
"2/15/2023 5:51 am","1625825141681799168","X","Post","Link","'@MsAnichini"," ","https://twitter.com/MsAnichini/status/1625825141681799168","'@TheFundChicago's blog is always inspiring, but this might be one of our best yet: https://t.co/apcexrVCZI.","https://thefundchicago.org/principal-spotlight-raven-patterson-talley/","13","13","","","","","15.38%","2","0","0","","","","","","","0","0","","1","","1","2","0","","","","","","","","","","","","","","","","","","","","","","","","","","","","","","","","","","","",""
"1/3/2023 1:53 pm","1610363778805137408","X","Quote","Link","'@MsAnichini"," ","https://twitter.com/MsAnichini/status/1610363778805137408","The power of progress lies within the people, as it is through determination, hard work, and collaboration that meaningful change can be achieved. We are excited to continue this work with the talented and dedicated leaders of Chicago schools. #NewYear #PrincipalPrideChi ","https://x.com/TheFundChicago/status/1610328105322795017","18","18","","","","3,806","5.56%","1","0","0","","","","","","","0","0","","0","","1","1","0","","","","","","","","","","","","","","","","","","","","","","","","","","","","","","","","","","","",""
"1/1/2023 12:34 pm","1609618966514728961","X","Quote","Link","'@MsAnichini"," ","https://twitter.com/MsAnichini/status/1609618966514728961","Wishing everyone a warm and safe New Year! #NewYear2023 ","https://x.com/TheFundChicago/status/1609618654458699778","16","16","","","","3,745","12.5%","2","1","1","","","","","","","0","1","","0","","0","0","0","","","","","","","","","","","","","","","","","","","","","","","","","","","","","","","","","","","",""
"12/21/2022 2:28 pm","1605661577398480901","X","Quote","Link","'@MsAnichini"," ","https://twitter.com/MsAnichini/status/1605661577398480901","This looks so much fun! It’s great to see our incredible leaders connecting with their students. Love the pjs 🎉 ","https://x.com/MClarkEagles/status/1605639032599461888","1","1","","","","678","0%","0","0","0","","","","","","","0","0","","0","","0","0","0","","","","","","","","","","","","","","","","","","","","","","","","","","","","","","","","","","","",""
"11/24/2022 1:58 pm","1595869503258517505","X","Post","Text","'@MsAnichini"," ","https://twitter.com/MsAnichini/status/1595869503258517505","This year, we are thankful for you! We are grateful your time, dedication, and leadership.","","","","","","","4,277","","0","","","","","","","","","","","","","","","","","","","","","","","","","","","","","","","","","","","","","","","","","","","","","","","","","","","",""
"11/18/2022 2:06 pm","1593697155327279105","X","Post","Link","'@MsAnichini"," ","https://twitter.com/MsAnichini/status/1593697155327279105","Thank you for everything you’re doing! We are grateful for your continued dedication. 💜 #principalpridechi https://t.co/61EieopN3B","https://x.com/DrKMathews/status/1593620394954694661","","","","","","3,745","","0","","","","","","","","","","","","","","","","","","","","","","","","","","","","","","","","","","","","","","","","","","","","","","","","","","","",""
"11/18/2022 2:06 pm","1593697155327279105","X","Quote","Link","'@MsAnichini"," ","https://twitter.com/MsAnichini/status/1593697155327279105","Thank you for everything you’re doing! We are grateful for your continued dedication. 💜 #principalpridechi ","https://twitter.com/DrKMathews/status/1593620394954694661","","","","","","4,220","","0","","","","","","","","","","","","","","","","","","","","","","","","","","","","","","","","","","","","","","","","","","","","","","","","","","","",""
"11/16/2022 2:11 pm","1592973713217318913","X","Quote","Link","'@MsAnichini"," ","https://twitter.com/MsAnichini/status/1592973713217318913","Look at all our dedicated leaders! These are the conversations that drive change. #PLC #leadwithpurpose #LeadershipDevelopment ","https://x.com/TheFundChicago/status/1592970451789438976","","","","","","3,745","","0","","","","","","","","","","","","","","","","","","","","","","","","","","","","","","","","","","","","","","","","","","","","","","","","","","","",""
"11/13/2022 10:53 am","1591836762397368323","X","'@Reply","Text","'@MsAnichini"," ","https://twitter.com/MsAnichini/status/1591836762397368323","'@leadanddesign Yes!","","","","","","","","","0","","","","","","","","","","","","","","","","","","","","","","","","","","","","","","","","","","","","","","","","","","","","","","","","","","","",""
"11/8/2022 3:57 pm","1590101341346893824","X","Quote","Link","'@MsAnichini"," ","https://twitter.com/MsAnichini/status/1590101341346893824","The young people serving as election judges and translators today have been such an inspiration! ","https://x.com/ddteachpaz/status/1590034144603824128","","","","","","2,391","","0","","","","","","","","","","","","","","","","","","","","","","","","","","","","","","","","","","","","","","","","","","","","","","","","","","","",""
"11/4/2022 2:34 pm","1588615743087988736","X","Post","Photo","'@MsAnichini"," ","https://twitter.com/MsAnichini/status/1588615743087988736","'@latinopolicy Proud to be supporting the Forum's work and Chicago's Latinos on the Move at today's lunch. #DrivingGrowth https://t.co/2OGMjcnLLV","https://x.com/MsAnichini/status/1588615743087988736/photo/1","","","","","","9,349","","0","","","","","","","","","","","","","","","","","","","","","","","","","","","","","","","","","","","","","","","","","","","","","","","","","","","",""
"11/4/2022 2:31 pm","1588614950653923329","X","Post","Photo","'@MsAnichini"," ","https://twitter.com/MsAnichini/status/1588614950653923329","Starting the day with educators at Goode and from across the city, along with our partners at @leadanddesign. So much greatness comes when teams have the time and space to reflect and plan with their students at the center. #TransformationLeadership takes teams. https://t.co/VzY2dlaNr7","https://x.com/MsAnichini/status/1588614950653923329/photo/1","","","","","","7,811","","0","","","","","","","","","","","","","","","","","","","","","","","","","","","","","","","","","","","","","","","","","","","","","","","","","","","",""
"11/2/2022 5:49 pm","1587940105460846594","X","Post","Photo","'@MsAnichini"," ","https://twitter.com/MsAnichini/status/1587940105460846594","Honored to learn alongside the ONS team, our Network Chiefs, and Deputy Chiefs today. #TransformationalLeadership takes work. https://t.co/pAz5S6nFzE","https://x.com/MsAnichini/status/1587940105460846594/photo/1","","","","","","678","","0","","","","","","","","","","","","","","","","","","","","","","","","","","","","","","","","","","","","","","","","","","","","","","","","","","","",""
"10/27/2022 7:22 pm","1585789090967920640","X","Quote","Photo","'@MsAnichini"," ","https://twitter.com/MsAnichini/status/1585789090967920640","YOU are OUR why! 
#ConnectingChampions https://t.co/LX4PAOmcl0 ","https://x.com/TheFundChicago/status/1585787650140962816, https://x.com/MsAnichini/status/1585789090967920640/photo/1","","","","","","678","","0","","","","","","","","","","","","","","","","","","","","","","","","","","","","","","","","","","","","","","","","","","","","","","","","","","","",""
"10/26/2022 3:23 pm","1585366418551283712","X","Quote","Link","'@MsAnichini"," ","https://twitter.com/MsAnichini/status/1585366418551283712","Thank you @chevyluvscience! We were thrilled to work with you for #PrincipalAppreciationMonth. It was an honor. #ConnectingChampions #PrincipalPrideChi ","https://x.com/TheFundChicago/status/1585365087522787328","","","","","","678","","0","","","","","","","","","","","","","","","","","","","","","","","","","","","","","","","","","","","","","","","","","","","","","","","","","","","",""
"10/26/2022 3:09 pm","1585363126215925760","X","Quote","Link","'@MsAnichini"," ","https://twitter.com/MsAnichini/status/1585363126215925760","I love seeing all the Principal Appreciation posts this week (and always!). If you haven't already, be sure to #ThankAPrincipal today. #PrincipalPrideChi ","https://x.com/BronzeClassES/status/1585356747039907840","","","","","","678","","0","","","","","","","","","","","","","","","","","","","","","","","","","","","","","","","","","","","","","","","","","","","","","","","","","","","",""
"10/25/2022 7:28 pm","1585065686979981315","X","Post","Photo","'@MsAnichini"," ","https://twitter.com/MsAnichini/status/1585065686979981315","Thank you @chicagosmayor and @PedroCPSCEO for supporting our fierce school leaders. It was an honor to hear from you. #ConnectingChampions #PrincipalAppreciationMonth https://t.co/4ro5fKC3tH","https://x.com/MsAnichini/status/1585065686979981315/photo/1","","","","","","4,436","","0","","","","","","","","","","","","","","","","","","","","","","","","","","","","","","","","","","","","","","","","","","","","","","","","","","","",""
"10/19/2022 2:17 pm","1582813226668265472","X","Quote","Link","'@MsAnichini"," ","https://twitter.com/MsAnichini/status/1582813226668265472","The work being done at Sayre is truly inspiring! @TheFundChicago and I enjoyed learning from staff, Principal Adekunle, and AP Donatelli. Thank you for having us. #PrincipalAppreciationMonth #ConnectingChampions ","https://x.com/TheFundChicago/status/1582810361891196928","","","","","","3,904","","0","","","","","","","","","","","","","","","","","","","","","","","","","","","","","","","","","","","","","","","","","","","","","","","","","","","",""
"10/19/2022 9:57 am","1582747859686154243","X","Quote","Link","'@MsAnichini"," ","https://twitter.com/MsAnichini/status/1582747859686154243","'@CurieHS was named the winner of the new World's Best School Prize for Supporting Healthy Lives! Congrats on all the success. #TheBestLeadWithCPS #ConnectingChampions ","https://x.com/TheFundChicago/status/1582712205581000705","","","","","","3,067","","0","","","","","","","","","","","","","","","","","","","","","","","","","","","","","","","","","","","","","","","","","","","","","","","","","","","",""
"10/17/2022 5:01 pm","1582129797739577344","X","Quote","Link","'@MsAnichini"," ","https://twitter.com/MsAnichini/status/1582129797739577344","We appreciated being amongst such passionate leaders in Illinois and look forward to strengthening our partnership with @ilprincipals #ConnectingChampions ","https://x.com/TheFundChicago/status/1582129331995746305","","","","","","3,745","","0","","","","","","","","","","","","","","","","","","","","","","","","","","","","","","","","","","","","","","","","","","","","","","","","","","","",""
"10/14/2022 4:17 pm","1581031570927800320","X","Quote","Link","'@MsAnichini"," ","https://twitter.com/MsAnichini/status/1581031570927800320","Thank you @wildblossommead for giving us the space to host these amazing principals! #ConnectingChampions #PrincipalPrideChi ","https://x.com/TheFundChicago/status/1581030138468511746","","","","","","3,745","","0","","","","","","","","","","","","","","","","","","","","","","","","","","","","","","","","","","","","","","","","","","","","","","","","","","","",""
"10/5/2022 12:20 pm","1577710217541959683","X","Post","Photo","'@MsAnichini"," ","https://twitter.com/MsAnichini/status/1577710217541959683","What a great way to start off #PrincipalAppreciationMonth! Last night @TheFundChicago teamed up with Chicago school principals, their families, and @chicagobulls to kick start the month of events. Thank you for all that you do!#PrincipalPrideChi #ConnectingChampions #BullsNation https://t.co/p0l9pOCUHf","https://x.com/MsAnichini/status/1577710217541959683/photo/1","","","","","","3,819","","0","","","","","","","","","","","","","","","","","","","","","","","","","","","","","","","","","","","","","","","","","","","","","","","","","","","",""
"10/4/2022 1:03 pm","1577358642378145792","X","'@Reply","Photo","'@MsAnichini"," ","https://twitter.com/MsAnichini/status/1577358642378145792","Today, the department chairs discussed how to create an environment where student identity is affirmed and intellectual curiosity is fostered. The Culinary Arts CTE program is one of the many groups that focus on relevant tools for academic and emotional prosperity for students. https://t.co/bTpx1erPu0","https://x.com/MsAnichini/status/1577358642378145792/photo/1","","","","","","2,139","","0","","","","","","","","","","","","","","","","","","","","","","","","","","","","","","","","","","","","","","","","","","","","","","","","","","","",""
"10/4/2022 12:35 pm","1577351795608850433","X","Post","Photo","'@MsAnichini"," ","https://twitter.com/MsAnichini/status/1577351795608850433","'@TheFundChicago team and I met with @emilyannafeltes and @APNLuke @NorthGrandHS. They said, ""Our partnership with @NCSChicago made a difference for us."" It was an inspirational day that reminded me of what's possible when we power to progress through people. #ConnectingChampions https://t.co/g6AB7eiRJK","https://x.com/MsAnichini/status/1577351795608850433/photo/1","","","","","","5,581","","0","","","","","","","","","","","","","","","","","","","","","","","","","","","","","","","","","","","","","","","","","","","","","","","","","","","",""
"9/9/2022 4:09 pm","1568345885322379265","X","Post","Video","'@MsAnichini"," ","https://twitter.com/MsAnichini/status/1568345885322379265","Friday! Enjoy your well-earned weekend, friends. https://t.co/HWsGQ8Zwr7","https://x.com/MsAnichini/status/1568345885322379265/photo/1","","","","","","678","","0","","","","","","","","","","","","","","","","","","","","","","","","","","","","","","","","","","","","","","","","","","","","","","","","","","","",""
"8/25/2022 7:42 am","1562782433053114369","X","Post","Text","'@MsAnichini"," ","https://twitter.com/MsAnichini/status/1562782433053114369","Experiencing Chicago's principals' support for one another - whether they are celebrating or mourning - is one of the greatest gifts of this work. Sending them gratitude and strength today.","","","","","","","678","","0","","","","","","","","","","","","","","","","","","","","","","","","","","","","","","","","","","","","","","","","","","","","","","","","","","","",""
"8/23/2022 7:18 pm","1562232753403355136","X","Post","Text","'@MsAnichini"," ","https://twitter.com/MsAnichini/status/1562232753403355136","Today is done. Hoping my educator friends are heading home (or already there) and our families are finding a few minutes together. Fall gets busy. Pace yourselves.","","","","","","","678","","0","","","","","","","","","","","","","","","","","","","","","","","","","","","","","","","","","","","","","","","","","","","","","","","","","","","",""
"8/22/2022 6:18 pm","1561855300126244868","X","Post","Photo","'@MsAnichini"," ","https://twitter.com/MsAnichini/status/1561855300126244868","20+ years in, and the first day still feels like anything is possible! The principal champion in me ended the day with the awesome team at @MClarkEagles. Thanks for the warm welcome (and good lighting), @canderson311! https://t.co/vWKpJRPaed","https://x.com/MsAnichini/status/1561855300126244868/photo/1","","","","","","678","","0","","","","","","","","","","","","","","","","","","","","","","","","","","","","","","","","","","","","","","","","","","","","","","","","","","","",""
"8/22/2022 6:14 pm","1561854417254715396","X","Post","Photo","'@MsAnichini"," ","https://twitter.com/MsAnichini/status/1561854417254715396","The middle school teacher in me started my day with notes for every member of my team. We're building a ROCKSTAR team over here! https://t.co/DPhoFQtS5V","https://x.com/MsAnichini/status/1561854417254715396/photo/1","","","","","","678","","0","","","","","","","","","","","","","","","","","","","","","","","","","","","","","","","","","","","","","","","","","","","","","","","","","","","",""
"8/22/2022 4:37 am","1561648648089370624","X","Post","Text","'@MsAnichini"," ","https://twitter.com/MsAnichini/status/1561648648089370624","20+ years and the first day of school still feels like an invitation to learn and lead in new ways. Sending good vibes to all my educator friends and to all the families with young people starting today!","","","","","","","678","","0","","","","","","","","","","","","","","","","","","","","","","","","","","","","","","","","","","","","","","","","","","","","","","","","","","","",""
"7/29/2022 6:11 am","1552974982485102593","X","Post","Photo","'@MsAnichini"," ","https://twitter.com/MsAnichini/status/1552974982485102593","Our team spent yesterday learning about each other and the city we serve. If YOU are looking for a place where you can work hard, have fun, and learn always, check us out. We're hiring! https://t.co/eB565hR1ZJ https://t.co/dQAYUT2uI3","https://x.com/MsAnichini/status/1552974982485102593/photo/1, https://thefundchicago.org/who-we-are/careers/","","","","","","678","","0","","","","","","","","","","","","","","","","","","","","","","","","","","","","","","","","","","","","","","","","","","","","","","","","","","","",""
"6/29/2022 3:48 pm","1542248758087393288","X","Post","Text","'@MsAnichini"," ","https://twitter.com/MsAnichini/status/1542248758087393288","I keep losing track of social media this summer. I think I am okay with that. I hope my educator friends are finding ways to ""step away,"" too.","","","","","","","678","","0","","","","","","","","","","","","","","","","","","","","","","","","","","","","","","","","","","","","","","","","","","","","","","","","","","","",""
"6/21/2022 7:31 pm","1539405727101554688","X","Post","Link","'@MsAnichini"," ","https://twitter.com/MsAnichini/status/1539405727101554688","Friends, primaries are a week away. The social studies teacher in me has one word for you: Vote. If you have time for a few more: Serve as an election judge. More on all that here: https://t.co/5NdfqqUHXh","https://chicagoelections.gov/en/home.html","","","","","","678","","0","","","","","","","","","","","","","","","","","","","","","","","","","","","","","","","","","","","","","","","","","","","","","","","","","","","",""
"6/14/2022 5:22 pm","1536836481653821440","X","Post","Text","'@MsAnichini"," ","https://twitter.com/MsAnichini/status/1536836481653821440","It's Tuesday, but I am ready for a weekend. Summer is messing with my routine already...","","","","","","","678","","0","","","","","","","","","","","","","","","","","","","","","","","","","","","","","","","","","","","","","","","","","","","","","","","","","","","",""
"6/8/2022 12:19 pm","1534585813161459717","X","Quote","Link","'@MsAnichini"," ","https://twitter.com/MsAnichini/status/1534585813161459717","One of the best non-principal parts of my job is when our team alums go on to keep changing the world (they all do!). This piece by @MrWayneZhang is a beautiful example. A personal AND pedagogical call to action. ","https://x.com/hechingerreport/status/1534167436504748034","","","","","","740","","0","","","","","","","","","","","","","","","","","","","","","","","","","","","","","","","","","","","","","","","","","","","","","","","","","","","",""
"6/3/2022 3:47 pm","1532826305565163520","X","Quote","Link","'@MsAnichini"," ","https://twitter.com/MsAnichini/status/1532826305565163520","Our partners, our team, and our Board are all so excited to welcome Cheryl in the work here at @TheFundChicago. Personally, I am thrilled at the opportunity to learn from and with her, and to support Chicago’s efforts to be the best city in the country to lead a public school. ","https://x.com/TheFundChicago/status/1532823913364856840","","","","","","678","","0","","","","","","","","","","","","","","","","","","","","","","","","","","","","","","","","","","","","","","","","","","","","","","","","","","","",""
"6/3/2022 3:47 pm","1532826307477835778","X","'@Reply","Link","'@MsAnichini"," ","https://twitter.com/MsAnichini/status/1532826307477835778","Read our full statement here: 

https://t.co/AESiHG1YKP","https://thefundchicago.org/media/chicago-public-education-fund-names-dr-cheryl-camacho-as-vice-president-principal-innovation-systems-change/","","","","","","678","","0","","","","","","","","","","","","","","","","","","","","","","","","","","","","","","","","","","","","","","","","","","","","","","","","","","","",""
"5/25/2022 10:04 am","1529478604094156800","X","Post","Link","'@MsAnichini"," ","https://twitter.com/MsAnichini/status/1529478604094156800","Educator friends, I am holding you all in my heart today. Parent/caregiver friends, I am joining you in squeezing my littles just a little tighter. A resource I've used before, in case it helps: https://t.co/PBSbxim52Y","https://www.commonsensemedia.org/articles/how-to-talk-to-kids-about-school-shootings","","","","","","3,723","","0","","","","","","","","","","","","","","","","","","","","","","","","","","","","","","","","","","","","","","","","","","","","","","","","","","","",""
"5/24/2022 9:27 am","1529106736438824960","X","'@Reply","Link","'@MsAnichini"," ","https://twitter.com/MsAnichini/status/1529106736438824960","Fact sheet and video for parents based on the research: https://t.co/NjLoYL2Fi1","https://elhandbook.org/parent-resources/","","","","","","678","","0","","","","","","","","","","","","","","","","","","","","","","","","","","","","","","","","","","","","","","","","","","","","","","","","","","","",""
"5/24/2022 9:10 am","1529102512237821952","X","Post","Photo","'@MsAnichini"," ","https://twitter.com/MsAnichini/status/1529102512237821952","So excited to start the day learning from experts 
@UChiConsortium, @latinopolicy, @ChiPubSchools, and in our schools. We're joined by remarkable educators who are doing the real work every day. If you're missing it, stay tuned - video to come! https://t.co/K49jg4B8b0","https://x.com/MsAnichini/status/1529102512237821952/photo/1","","","","","","6,617","","0","","","","","","","","","","","","","","","","","","","","","","","","","","","","","","","","","","","","","","","","","","","","","","","","","","","",""
"5/4/2022 5:09 am","1521794017004081152","X","Post","Photo","'@MsAnichini"," ","https://twitter.com/MsAnichini/status/1521794017004081152","Up early packing up Teacher Appreciation gifts. Be sure to #ThankATeacher in your life this week! https://t.co/l11IHwNIRk","https://x.com/MsAnichini/status/1521794017004081152/photo/1","","","","","","678","","0","","","","","","","","","","","","","","","","","","","","","","","","","","","","","","","","","","","","","","","","","","","","","","","","","","","",""
"5/2/2022 7:44 am","1521108313479462912","X","Post","Text","'@MsAnichini"," ","https://twitter.com/MsAnichini/status/1521108313479462912","On this special day, which marks the end of the holy month of Ramadan, #EidMubarak to all who are celebrating!","","","","","","","678","","0","","","","","","","","","","","","","","","","","","","","","","","","","","","","","","","","","","","","","","","","","","","","","","","","","","","",""
"4/28/2022 4:56 pm","1519797844777000967","X","Post","Link","'@MsAnichini"," ","https://twitter.com/MsAnichini/status/1519797844777000967","Tues, May 24 at 9AM | Join 
@TheFundChicago, @latinopolicy, @UChiConsortium, and @ChiPubSchools for a discussion on best practices for teaching English Language Learners and the latest research from the field. Find out more and register: https://t.co/WznlGibBeH","https://eventbrite.com/e/english-learners-in-chicago-public-schools-tickets-314727768227?aff=ebdsoporgprofile","","","","","","924","","0","","","","","","","","","","","","","","","","","","","","","","","","","","","","","","","","","","","","","","","","","","","","","","","","","","","",""
"4/14/2022 3:52 pm","1514708126678896641","X","Quote","Link","'@MsAnichini"," ","https://twitter.com/MsAnichini/status/1514708126678896641","There is so much exciting work happening at @TheFundChicago and we need a few more awesome people on our team to make it all happen! Take a look at our current job openings and please share with your networks: https://t.co/eB565hR1ZJ ","https://thefundchicago.org/who-we-are/careers/, https://x.com/TheFundChicago/status/1514655660411076621","","","","","","924","","0","","","","","","","","","","","","","","","","","","","","","","","","","","","","","","","","","","","","","","","","","","","","","","","","","","","",""
"4/8/2022 7:45 am","1512411337858633737","X","Post","Photo","'@MsAnichini"," ","https://twitter.com/MsAnichini/status/1512411337858633737","Almost. There. You got this, friends. https://t.co/diARiQtRDi","https://x.com/MsAnichini/status/1512411337858633737/photo/1","","","","","","678","","0","","","","","","","","","","","","","","","","","","","","","","","","","","","","","","","","","","","","","","","","","","","","","","","","","","","",""
"3/31/2022 10:34 am","1509554849670647812","X","'@Reply","Link","'@MsAnichini"," ","https://twitter.com/MsAnichini/status/1509554849670647812","The Vice President, Principal Innovation and System Change, and Director, Educator Support will lead our team in producing world-class programming for more than 300 school leaders every year. 

Interested? Find out more and apply here: https://t.co/eB565hR1ZJ","https://thefundchicago.org/who-we-are/careers/","","","","","","924","","0","","","","","","","","","","","","","","","","","","","","","","","","","","","","","","","","","","","","","","","","","","","","","","","","","","","",""
"3/31/2022 10:34 am","1509554847946788866","X","Quote","Link","'@MsAnichini"," ","https://twitter.com/MsAnichini/status/1509554847946788866","'@TheFundChicago is looking for two new senior team members to help us advance our mission and make Chicago the best city in the world to lead a public school. 

https://t.co/eB565hR1ZJ ","https://thefundchicago.org/who-we-are/careers/, https://x.com/TheFundChicago/status/1509550847012884482","","","","","","238","","0","","","","","","","","","","","","","","","","","","","","","","","","","","","","","","","","","","","","","","","","","","","","","","","","","","","",""
"3/24/2022 3:14 pm","1507088541171560448","X","Quote","Link","'@MsAnichini"," ","https://twitter.com/MsAnichini/status/1507088541171560448","This. Made. My. Week. 👇👇👇👇 ","https://x.com/BronzeClassES/status/1506708133116268545","","","","","","678","","0","","","","","","","","","","","","","","","","","","","","","","","","","","","","","","","","","","","","","","","","","","","","","","","","","","","",""
"3/21/2022 4:30 pm","1506020516385026048","X","Post","Link","'@MsAnichini"," ","https://twitter.com/MsAnichini/status/1506020516385026048","'@TheFundChicago's statement says it as well as words allow. My heart is full of gratitude for @chaulagupta's leadership, partnership, and friendship. Can't wait to see what you do next, friend. https://t.co/lLsL0OyH30","https://thefundchicago.org/media/the-fund-announces-the-transition-of-vice-president-chaula-gupta/","","","","","","","","0","","","","","","","","","","","","","","","","","","","","","","","","","","","","","","","","","","","","","","","","","","","","","","","","","","","",""
"3/21/2022 12:26 pm","1505959155420520455","X","Quote","Link","'@MsAnichini"," ","https://twitter.com/MsAnichini/status/1505959155420520455","'@TheFundChicago is saying goodbye to a true champion of innovation, but I know that @chaulagupta will continue to do incredible things for talented school leaders as Chief Program Officer at @DigitalPromise. Read my full note here: https://t.co/lLsL0OQirA ","https://thefundchicago.org/media/the-fund-announces-the-transition-of-vice-president-chaula-gupta/, https://twitter.com/TheFundChicago/status/1505924438776332289","","","","","","2,755","","0","","","","","","","","","","","","","","","","","","","","","","","","","","","","","","","","","","","","","","","","","","","","","","","","","","","",""
"3/21/2022 10:45 am","1505933668413542401","X","Post","Text","'@MsAnichini"," ","https://twitter.com/MsAnichini/status/1505933668413542401","High of 72 and feels like Spring, after a Chicago winter. Educator friends, I am thinking of you. I know you're using ALL the tricks to keep everyone (yourselves, too!) focused today.","","","","","","","678","","0","","","","","","","","","","","","","","","","","","","","","","","","","","","","","","","","","","","","","","","","","","","","","","","","","","","",""
"3/18/2022 7:41 pm","1504981334963507202","X","'@Reply","Text","'@MsAnichini"," ","https://twitter.com/MsAnichini/status/1504981334963507202","'@LtGovStratton Happy birthday (and Go Bears!)!","","","","","","","","","0","","","","","","","","","","","","","","","","","","","","","","","","","","","","","","","","","","","","","","","","","","","","","","","","","","","",""
"3/15/2022 4:52 am","1503670520235102208","X","Post","Photo","'@MsAnichini"," ","https://twitter.com/MsAnichini/status/1503670520235102208","Daylight savings is messing with educator (and student) clocks. I see you all up late AND early trying to keep things moving. Thank you for ALL you do (no matter when you do it!). https://t.co/QQADKsmUGw","https://x.com/MsAnichini/status/1503670520235102208/photo/1","","","","","","678","","0","","","","","","","","","","","","","","","","","","","","","","","","","","","","","","","","","","","","","","","","","","","","","","","","","","","",""
"2/15/2022 6:54 pm","1493750574214430723","X","Post","Text","'@MsAnichini"," ","https://twitter.com/MsAnichini/status/1493750574214430723","Started my day with students and educators at the fabulous @BronzeClassES and ended my day with an equally fabulous LSC conversation led by my team @TheFundChicago. I was too busy loving every minute to take pics. #SorryNotSorry","","","","","","","678","","0","","","","","","","","","","","","","","","","","","","","","","","","","","","","","","","","","","","","","","","","","","","","","","","","","","","",""
"2/2/2022 5:07 pm","1489012620690608129","X","Post","Text","'@MsAnichini"," ","https://twitter.com/MsAnichini/status/1489012620690608129","A big thank you to all the school-based team members who cleared paths today! The external paths (through this snow) and the internal ones (through hearts and minds), too.","","","","","","","678","","0","","","","","","","","","","","","","","","","","","","","","","","","","","","","","","","","","","","","","","","","","","","","","","","","","","","",""
"1/26/2022 4:17 pm","1486463254088015874","X","Quote","Link","'@MsAnichini"," ","https://twitter.com/MsAnichini/status/1486463254088015874","Need a little joy today?!? Try this.👇👇 Love the @MClarkEagles! ","https://x.com/MClarkEagles/status/1486390136569053187","","","","","","678","","0","","","","","","","","","","","","","","","","","","","","","","","","","","","","","","","","","","","","","","","","","","","","","","","","","","","",""
"1/25/2022 5:52 pm","1486124907184410628","X","Post","Text","'@MsAnichini"," ","https://twitter.com/MsAnichini/status/1486124907184410628","I appreciate all that I’ve learned from @docswin over the years - and it’s been many years. I thank him for his dedication to making Chicago a stronger, more equitable place for young people and the educators who support them. I look forward to your next chapter!","","","","","","","3,520","","0","","","","","","","","","","","","","","","","","","","","","","","","","","","","","","","","","","","","","","","","","","","","","","","","","","","",""
"1/18/2022 5:58 am","1483408481780703235","X","Post","Photo","'@MsAnichini"," ","https://twitter.com/MsAnichini/status/1483408481780703235","I see you up early making it happen, friends. Short week; we got this! https://t.co/CaJCMtavaz","https://x.com/MsAnichini/status/1483408481780703235/photo/1","","","","","","678","","0","","","","","","","","","","","","","","","","","","","","","","","","","","","","","","","","","","","","","","","","","","","","","","","","","","","",""
"1/12/2022 3:05 pm","1481371883715112962","X","Quote","Link","'@MsAnichini"," ","https://twitter.com/MsAnichini/status/1481371883715112962","Listening (and learning) live... Hearing from @LizDozier, @docswin, and @PedroCPSCEO with @Chicago_Beyond. ","https://x.com/Chicago_Beyond/status/1481370286587006984","","","","","","678","","0","","","","","","","","","","","","","","","","","","","","","","","","","","","","","","","","","","","","","","","","","","","","","","","","","","","",""
"1/5/2022 1:32 pm","1478811693526433792","X","Post","Link","'@MsAnichini"," ","https://twitter.com/MsAnichini/status/1478811693526433792","Grateful to all my educator and caregiver friends doing all the things today, and to @FemiSkanes for this reminder. https://t.co/gSFgjn7W85","https://www.ascd.org/blogs/but-who-cares-for-the-leader","","","","","","678","","0","","","","","","","","","","","","","","","","","","","","","","","","","","","","","","","","","","","","","","","","","","","","","","","","","","","",""
